{
  "a": -0.29518145076845403,
  "b": 0.2568286720365452
}