{
  "a": -0.37938296699002677,
  "b": -0.018574537373792607
}