{
  "a": -0.39120228720079975,
  "b": -0.01616169174949237
}