{
  "position_id": 1001,
  "market_id": "btc-updown-5m-1776352500",
  "question": "Bitcoin Up or Down - April 16, 11:15AM-11:20AM ET",
  "side": "Up",
  "signal_score": 0.2658297683162746,
  "correct": false,
  "entry_price": 0.15,
  "exit_price": 0.0,
  "log_return": -10.0,
  "size": 18.0,
  "pnl": -18.0,
  "fees": 0.27539999999999976,
  "gain_pct": -1.0,
  "weight_version": "weights_v001",
  "category": "crypto-5min",
  "indicator_snapshot": {
    "rsi": {
      "rsi": 44.59,
      "score": 0.0812,
      "norm_score": 1.653240562950416
    },
    "macd": {
      "macd": 39.1698,
      "signal": 57.4859,
      "histogram": -18.3161,
      "score": -0.299,
      "norm_score": -1.5245069851196915
    },
    "stochastic": {
      "k": 0.0,
      "d": 21.19,
      "score": 1.0,
      "norm_score": 1.2353257736820942
    },
    "ema": {
      "trend": "chop",
      "fast_ema": 74262.94037671809,
      "slow_ema": 74262.10511828742
    },
    "obv": {
      "obv_slope": -0.02,
      "price_slope": -5.99,
      "score": -0.0157,
      "norm_score": -3.0
    },
    "vwap": {
      "vwap": 74267.07,
      "deviation": -0.0479,
      "score": 0.0144,
      "norm_score": 2.321273730333793
    },
    "atr": {
      "atr": 57.72,
      "passes": true,
      "reason": "ok"
    },
    "weights": {
      "rsi": 0.2,
      "macd": 0.25,
      "stochastic": 0.2,
      "obv": 0.15,
      "vwap": 0.2,
      "entry_threshold": 0.6
    },
    "trade_context": {
      "btc_price": 74251.28,
      "strike_price": 74315.7294327662,
      "seconds_remaining": 94.871337,
      "market_price_up": 0.15,
      "market_price_down": 0.85,
      "model_probability_raw": 0.2658297683162746,
      "model_probability": 0.2658297683162746,
      "edge": 0.11582976831627459,
      "momentum_score": 0.21084126711333795,
      "atr": 57.72,
      "size": 18.0,
      "flow_score": -0.2565,
      "flow_book_imbalance": -0.3064,
      "flow_trade_count": 200,
      "spot_flow_signal": -0.7960438029493844,
      "wall_pressure": 0.0,
      "iv_ratio": 0.7912020728807165,
      "prev_resolution_margin": -23.298912078185822,
      "bybit_perp_price": 74197.4,
      "funding_rate": -9.744e-05,
      "depth_usd_top20": 523793.45724820014,
      "entry_phase": "late",
      "flip_count": 1,
      "is_flip": true,
      "cvd_120s": -0.048,
      "taker_ratio_60s": 0.0,
      "volume_surge": true,
      "liquidation_pressure": 0.23210121584823495,
      "gex_signal": 1.0,
      "gex_regime": "stabilizing",
      "cvd_acceleration": -0.0032,
      "clob_velocity_up": -0.06820355047180107,
      "clob_velocity_down": 0.06820355047180096,
      "coinbase_btc": 74251.28,
      "regime_state": "neutral",
      "regime_kelly_mult": 1.0,
      "sprt_confidence": 0.0,
      "sprt_status": "SKIP",
      "signal_consensus": 0.6,
      "adverse_selection_30s": 0.5,
      "alpha_decay_rate": 0.000351003409052253,
      "garch_vol_ratio": 2.0,
      "crowd_bias": {
        "flb": -0.021,
        "recency_fade": 0.0,
        "round_number_dampening": 1.0,
        "composite_logit_adjustment": -0.021
      },
      "oracle_divergence": 17.815666688460624,
      "edge_realization_ratio": 1.0
    }
  },
  "exit_reason": "resolution",
  "timestamp": "2026-04-16T15:23:08.408547+00:00"
}