{
  "position_id": 1006,
  "market_id": "btc-updown-5m-1776353700",
  "question": "Bitcoin Up or Down - April 16, 11:35AM-11:40AM ET",
  "side": "Up",
  "signal_score": 0.660307348833055,
  "correct": true,
  "entry_price": 0.55,
  "exit_price": 1.0,
  "log_return": 0.5978370007556204,
  "size": 18.0,
  "pnl": 14.462181818181818,
  "fees": 0.14579999999999949,
  "gain_pct": 0.803455,
  "weight_version": "weights_v001",
  "category": "crypto-5min",
  "indicator_snapshot": {
    "rsi": {
      "rsi": 74.79,
      "score": -0.4117,
      "norm_score": -2.491080290389584
    },
    "macd": {
      "macd": -1.5477,
      "signal": -16.3375,
      "histogram": 14.7898,
      "score": 0.3367,
      "norm_score": 3.0
    },
    "stochastic": {
      "k": 100.0,
      "d": 71.58,
      "score": -1.0,
      "norm_score": -3.0
    },
    "ema": {
      "trend": "bullish",
      "fast_ema": 74279.59041332388,
      "slow_ema": 74261.40265658138
    },
    "obv": {
      "obv_slope": 0.02,
      "price_slope": 43.9567,
      "score": 0.0159,
      "norm_score": 3.0
    },
    "vwap": {
      "vwap": 74269.05,
      "deviation": 0.1775,
      "score": -0.0533,
      "norm_score": -3.0
    },
    "atr": {
      "atr": 55.12,
      "passes": true,
      "reason": "ok"
    },
    "weights": {
      "rsi": 0.2,
      "macd": 0.25,
      "stochastic": 0.2,
      "obv": 0.15,
      "vwap": 0.2,
      "entry_threshold": 0.6
    },
    "trade_context": {
      "btc_price": 74335.06,
      "strike_price": 74214.84976918185,
      "seconds_remaining": 189.750983,
      "market_price_up": 0.55,
      "market_price_down": 0.44,
      "model_probability_raw": 0.660307348833055,
      "model_probability": 0.660307348833055,
      "edge": 0.11030734883305493,
      "momentum_score": -0.4982160580779171,
      "atr": 55.12,
      "size": 18.0,
      "flow_score": 0.1754,
      "flow_book_imbalance": 0.4041,
      "flow_trade_count": 200,
      "spot_flow_signal": -0.8196742243223026,
      "wall_pressure": 0.0,
      "iv_ratio": 0.829457773241523,
      "prev_resolution_margin": -23.298912078185822,
      "bybit_perp_price": 74277.8,
      "funding_rate": -9.227e-05,
      "depth_usd_top20": 387857.3642556001,
      "entry_phase": "normal",
      "flip_count": 1,
      "is_flip": true,
      "cvd_120s": -0.01599,
      "taker_ratio_60s": 0.2888986978591922,
      "volume_surge": true,
      "liquidation_pressure": 0.0,
      "gex_signal": 1.0,
      "gex_regime": "stabilizing",
      "cvd_acceleration": -0.0012753333333333336,
      "clob_velocity_up": 0.0,
      "clob_velocity_down": 0.0,
      "coinbase_btc": 74335.06,
      "regime_state": "neutral",
      "regime_kelly_mult": 1.0,
      "sprt_confidence": 0.0,
      "sprt_status": "SKIP",
      "signal_consensus": 0.8,
      "adverse_selection_30s": 0.5,
      "alpha_decay_rate": 0.001649215926270776,
      "garch_vol_ratio": 2.0,
      "crowd_bias": {
        "flb": 0.0,
        "recency_fade": 0.0,
        "round_number_dampening": 1.0,
        "composite_logit_adjustment": 0.0
      },
      "oracle_divergence": 13.542339391933638,
      "edge_realization_ratio": 1.0
    }
  },
  "exit_reason": "resolution",
  "timestamp": "2026-04-16T15:42:36.175886+00:00"
}