{
  "position_id": 101,
  "market_id": "btc-updown-5m-1776136800",
  "question": "Bitcoin Up or Down - April 13, 11:20PM-11:25PM ET",
  "side": "Down",
  "signal_score": 0.7308606758573827,
  "correct": true,
  "entry_price": 0.63,
  "exit_price": 1.0,
  "log_return": 0.4620354595965586,
  "size": 4.61,
  "pnl": 2.658725396825397,
  "fees": 0.030703000000000102,
  "gain_pct": 0.57673,
  "weight_version": "weights_v001",
  "category": "crypto-5min",
  "indicator_snapshot": {
    "rsi": {
      "rsi": 42.72,
      "score": 0.1093,
      "norm_score": -0.786424986458625
    },
    "macd": {
      "macd": -12.2898,
      "signal": -11.958,
      "histogram": -0.3318,
      "score": -0.0167,
      "norm_score": 0.7728904753645137
    },
    "stochastic": {
      "k": 74.57,
      "d": 37.28,
      "score": -0.2457,
      "norm_score": -0.7864401662167056
    },
    "ema": {
      "trend": "bearish",
      "fast_ema": 74339.92335802768,
      "slow_ema": 74347.79868139877
    },
    "obv": {
      "obv_slope": 0.0,
      "price_slope": 12.99,
      "score": 0.0,
      "norm_score": 0.16312651646814164
    },
    "vwap": {
      "vwap": 74294.19,
      "deviation": 0.9397,
      "score": -0.2819,
      "norm_score": -0.7860464135008475
    },
    "atr": {
      "atr": 16.95,
      "passes": true,
      "reason": "ok"
    },
    "weights": {
      "rsi": 0.2,
      "macd": 0.25,
      "stochastic": 0.2,
      "obv": 0.15,
      "vwap": 0.2,
      "entry_threshold": 0.6
    },
    "trade_context": {
      "btc_price": 74376.51,
      "strike_price": 74391.96214,
      "seconds_remaining": 269.511103,
      "market_price_up": 0.36,
      "market_price_down": 0.63,
      "model_probability_raw": 0.7308606758573827,
      "model_probability": 0.7308606758573827,
      "edge": 0.10086067585738268,
      "momentum_score": -0.254090716923886,
      "atr": 16.95,
      "size": 4.61,
      "flow_score": 0.187,
      "flow_book_imbalance": -0.0368,
      "flow_trade_count": 200,
      "spot_flow_signal": 0.23808539165997825,
      "wall_pressure": 0.0,
      "iv_ratio": 2.7254634487371403,
      "prev_resolution_margin": 92.87457765777071,
      "bybit_perp_price": 74301.0,
      "funding_rate": 6.328e-05,
      "depth_usd_top20": 303618.67454320006,
      "entry_phase": "normal",
      "flip_count": 1,
      "is_flip": true,
      "cvd_120s": -3e-05,
      "taker_ratio_60s": 0.0,
      "volume_surge": false,
      "liquidation_pressure": 0.0,
      "gex_signal": 1.0,
      "gex_regime": "stabilizing",
      "cvd_acceleration": 6.666666666666667e-07,
      "clob_velocity_up": 0.03104601345969939,
      "clob_velocity_down": -0.03104601345969939,
      "coinbase_btc": 74376.51,
      "regime_state": "neutral",
      "regime_kelly_mult": 1.0,
      "sprt_confidence": 0.16223923427843945,
      "sprt_status": "ACCUMULATING",
      "signal_consensus": 0.6,
      "adverse_selection_30s": 0.5,
      "alpha_decay_rate": -0.0032902935436177633,
      "garch_vol_ratio": 2.0,
      "crowd_bias": {
        "flb": 0.0,
        "recency_fade": 0.0,
        "round_number_dampening": 1.0,
        "composite_logit_adjustment": 0.0
      },
      "oracle_divergence": 12.679999999993015,
      "edge_realization_ratio": 1.9477856156589997
    }
  },
  "exit_reason": "resolution",
  "timestamp": "2026-04-14T03:28:21.734229+00:00"
}