{
  "position_id": 1024,
  "market_id": "btc-updown-5m-1776357900",
  "question": "Bitcoin Up or Down - April 16, 12:45PM-12:50PM ET",
  "side": "Down",
  "signal_score": 0.6141119563077658,
  "correct": true,
  "entry_price": 0.54,
  "exit_price": 1.0,
  "log_return": 0.6161861394238168,
  "size": 15.89,
  "pnl": 13.292279629629626,
  "fees": 0.1315690000000008,
  "gain_pct": 0.836519,
  "weight_version": "weights_v001",
  "category": "crypto-5min",
  "indicator_snapshot": {
    "rsi": {
      "rsi": 0.0,
      "score": 1.0,
      "norm_score": 1.2012980515652416
    },
    "macd": {
      "macd": -35.2235,
      "signal": -41.206,
      "histogram": 5.9824,
      "score": 0.1456,
      "norm_score": 0.8114568074810402
    },
    "stochastic": {
      "k": 82.55,
      "d": 54.12,
      "score": -0.3894,
      "norm_score": -3.0
    },
    "ema": {
      "trend": "bearish",
      "fast_ema": 74377.76788569175,
      "slow_ema": 74391.02940028175
    },
    "obv": {
      "obv_slope": -0.0,
      "price_slope": -1.81,
      "score": -0.0,
      "norm_score": 0.005753258952671614
    },
    "vwap": {
      "vwap": 74371.36,
      "deviation": 0.011,
      "score": -0.0033,
      "norm_score": 0.21814595957658234
    },
    "atr": {
      "atr": 53.29,
      "passes": true,
      "reason": "ok"
    },
    "weights": {
      "rsi": 0.2,
      "macd": 0.25,
      "stochastic": 0.2,
      "obv": 0.15,
      "vwap": 0.2,
      "entry_threshold": 0.6
    },
    "trade_context": {
      "btc_price": 74319.23,
      "strike_price": 74348.359,
      "seconds_remaining": 236.898997,
      "market_price_up": 0.48,
      "market_price_down": 0.54,
      "model_probability_raw": 0.6141119563077658,
      "model_probability": 0.6141119563077658,
      "edge": 0.07411195630776579,
      "momentum_score": -0.11238400705847451,
      "atr": 53.29,
      "size": 15.89,
      "flow_score": -0.1798,
      "flow_book_imbalance": -0.1415,
      "flow_trade_count": 200,
      "spot_flow_signal": -0.04599378017731913,
      "wall_pressure": 0.0,
      "iv_ratio": 0.8981557959677691,
      "prev_resolution_margin": 102.10844786338566,
      "bybit_perp_price": 74254.8,
      "funding_rate": -1.637e-05,
      "depth_usd_top20": 468350.6573882,
      "entry_phase": "normal",
      "flip_count": 0,
      "is_flip": false,
      "cvd_120s": 0.0,
      "taker_ratio_60s": 0.5,
      "volume_surge": false,
      "liquidation_pressure": 0.0,
      "gex_signal": 1.0,
      "gex_regime": "stabilizing",
      "cvd_acceleration": 0.0,
      "clob_velocity_up": -0.038780371441075524,
      "clob_velocity_down": 0.038780371441075524,
      "coinbase_btc": 74319.23,
      "regime_state": "neutral",
      "regime_kelly_mult": 1.0,
      "sprt_confidence": 0.0,
      "sprt_status": "SKIP",
      "signal_consensus": 1.3,
      "adverse_selection_30s": 0.5,
      "alpha_decay_rate": 0.0009617948174635042,
      "garch_vol_ratio": 2.0,
      "crowd_bias": {
        "flb": 0.0,
        "recency_fade": 0.0,
        "round_number_dampening": 1.0,
        "composite_logit_adjustment": 0.0
      },
      "oracle_divergence": 20.150703107123263,
      "edge_realization_ratio": 1.0
    }
  },
  "exit_reason": "resolution",
  "timestamp": "2026-04-16T16:52:52.318365+00:00"
}