{
  "position_id": 1030,
  "market_id": "btc-updown-5m-1776359100",
  "question": "Bitcoin Up or Down - April 16, 1:05PM-1:10PM ET",
  "side": "Down",
  "signal_score": 0.5829974072369419,
  "correct": true,
  "entry_price": 0.53,
  "exit_price": 0.92,
  "log_return": 0.5514966634969185,
  "size": 18.0,
  "pnl": 12.936334924528307,
  "fees": 0.19689299999999932,
  "gain_pct": 0.718685,
  "weight_version": "weights_v001",
  "category": "crypto-5min",
  "indicator_snapshot": {
    "rsi": {
      "rsi": 52.42,
      "score": -0.0363,
      "norm_score": -1.0626777932796314
    },
    "macd": {
      "macd": -30.5648,
      "signal": -38.7242,
      "histogram": 8.1595,
      "score": 0.2101,
      "norm_score": 0.9727822187859755
    },
    "stochastic": {
      "k": 71.3,
      "d": 59.97,
      "score": -0.213,
      "norm_score": -0.727802040295614
    },
    "ema": {
      "trend": "bearish",
      "fast_ema": 74146.26314920225,
      "slow_ema": 74154.20052681537
    },
    "obv": {
      "obv_slope": -0.0,
      "price_slope": 0.7533,
      "score": -0.0,
      "norm_score": -0.5658744137205046
    },
    "vwap": {
      "vwap": 74329.69,
      "deviation": -0.4667,
      "score": 0.14,
      "norm_score": -0.9010139830843403
    },
    "atr": {
      "atr": 65.07,
      "passes": true,
      "reason": "ok"
    },
    "weights": {
      "rsi": 0.2,
      "macd": 0.25,
      "stochastic": 0.2,
      "obv": 0.15,
      "vwap": 0.2,
      "entry_threshold": 0.6
    },
    "trade_context": {
      "btc_price": 74146.01,
      "strike_price": 74156.95,
      "seconds_remaining": 232.027661,
      "market_price_up": 0.46,
      "market_price_down": 0.53,
      "model_probability_raw": 0.5829974072369419,
      "model_probability": 0.5829974072369419,
      "edge": 0.05299740723694191,
      "momentum_score": -0.379984370693499,
      "atr": 65.07,
      "size": 18.0,
      "flow_score": 0.0174,
      "flow_book_imbalance": -0.0601,
      "flow_trade_count": 200,
      "spot_flow_signal": -0.41870023432702885,
      "wall_pressure": 0.0,
      "iv_ratio": 0.6995792099931846,
      "prev_resolution_margin": 20.418822894906043,
      "bybit_perp_price": 74094.6,
      "funding_rate": -1.273e-05,
      "depth_usd_top20": 472251.27535290003,
      "entry_phase": "normal",
      "flip_count": 0,
      "is_flip": false,
      "cvd_120s": -0.00025,
      "taker_ratio_60s": 0.27777777777777773,
      "volume_surge": false,
      "liquidation_pressure": -0.06805937851329935,
      "gex_signal": 1.0,
      "gex_regime": "stabilizing",
      "cvd_acceleration": 1.8666666666666665e-05,
      "clob_velocity_up": -0.016712252133506647,
      "clob_velocity_down": 0.016712252133506647,
      "coinbase_btc": 74143.17,
      "regime_state": "neutral",
      "regime_kelly_mult": 1.0,
      "sprt_confidence": 0.0,
      "sprt_status": "SKIP",
      "signal_consensus": 1.3,
      "adverse_selection_30s": 0.5,
      "alpha_decay_rate": 0.0007681713495231083,
      "garch_vol_ratio": 2.0,
      "crowd_bias": {
        "flb": 0.0,
        "recency_fade": 0.0,
        "round_number_dampening": 1.0,
        "composite_logit_adjustment": 0.0
      },
      "oracle_divergence": 10.707977599464357,
      "edge_realization_ratio": 6.696246854129607
    }
  },
  "exit_reason": "scalp",
  "timestamp": "2026-04-16T17:07:26.500626+00:00"
}