{
  "position_id": 1032,
  "market_id": "btc-updown-5m-1776359400",
  "question": "Bitcoin Up or Down - April 16, 1:10PM-1:15PM ET",
  "side": "Up",
  "signal_score": 0.29616933289743164,
  "correct": false,
  "entry_price": 0.17,
  "exit_price": 0.0,
  "log_return": -10.0,
  "size": 18.0,
  "pnl": -18.0,
  "fees": 0.2689200000000004,
  "gain_pct": -1.0,
  "weight_version": "weights_v001",
  "category": "crypto-5min",
  "indicator_snapshot": {
    "rsi": {
      "rsi": 100.0,
      "score": -1.0,
      "norm_score": -0.44250012826128504
    },
    "macd": {
      "macd": 2.6675,
      "signal": -9.6553,
      "histogram": 12.3228,
      "score": 0.3883,
      "norm_score": -0.44547897864496216
    },
    "stochastic": {
      "k": 71.22,
      "d": 78.26,
      "score": -0.2122,
      "norm_score": 0.8644831644009112
    },
    "ema": {
      "trend": "bullish",
      "fast_ema": 74141.94235605157,
      "slow_ema": 74123.59970713861
    },
    "obv": {
      "obv_slope": 0.0,
      "price_slope": 7.02,
      "score": 0.0001,
      "norm_score": -0.023975983166950498
    },
    "vwap": {
      "vwap": 74382.25,
      "deviation": -0.6471,
      "score": 0.1941,
      "norm_score": 1.0630518346658429
    },
    "atr": {
      "atr": 59.06,
      "passes": true,
      "reason": "ok"
    },
    "weights": {
      "rsi": 0.2,
      "macd": 0.25,
      "stochastic": 0.2,
      "obv": 0.15,
      "vwap": 0.2,
      "entry_threshold": 0.6
    },
    "trade_context": {
      "btc_price": 74039.09,
      "strike_price": 74074.7,
      "seconds_remaining": 38.969733,
      "market_price_up": 0.17,
      "market_price_down": 0.81,
      "model_probability_raw": 0.29616933289743164,
      "model_probability": 0.29616933289743164,
      "edge": 0.12616933289743162,
      "momentum_score": 0.1820408320248107,
      "atr": 59.06,
      "size": 18.0,
      "flow_score": -0.3223,
      "flow_book_imbalance": -0.2112,
      "flow_trade_count": 200,
      "spot_flow_signal": 0.06536291257770188,
      "wall_pressure": 0.0,
      "iv_ratio": 0.7696575707239978,
      "prev_resolution_margin": 20.418822894906043,
      "bybit_perp_price": 74000.0,
      "funding_rate": -1.89e-06,
      "depth_usd_top20": 452341.68647159997,
      "entry_phase": "late",
      "flip_count": 0,
      "is_flip": false,
      "cvd_120s": 7e-05,
      "taker_ratio_60s": 1.0,
      "volume_surge": false,
      "liquidation_pressure": -0.11148727124228058,
      "gex_signal": 1.0,
      "gex_regime": "stabilizing",
      "cvd_acceleration": -1.5555555555555554e-06,
      "clob_velocity_up": -0.08462383055477656,
      "clob_velocity_down": 0.08462383055477661,
      "coinbase_btc": 74039.1,
      "regime_state": "neutral",
      "regime_kelly_mult": 1.0,
      "sprt_confidence": 0.0,
      "sprt_status": "SKIP",
      "signal_consensus": 0.8,
      "adverse_selection_30s": 0.5,
      "alpha_decay_rate": -0.0013335246607083788,
      "garch_vol_ratio": 2.0,
      "crowd_bias": {
        "flb": -0.0198,
        "recency_fade": 0.0,
        "round_number_dampening": 0.96,
        "composite_logit_adjustment": -0.0198
      },
      "oracle_divergence": 27.33840395064908,
      "edge_realization_ratio": 6.755887900910635
    }
  },
  "exit_reason": "resolution",
  "timestamp": "2026-04-16T17:18:28.153740+00:00"
}