{
  "position_id": 1038,
  "market_id": "btc-updown-5m-1776361500",
  "question": "Bitcoin Up or Down - April 16, 1:45PM-1:50PM ET",
  "side": "Down",
  "signal_score": 0.41454315281941956,
  "correct": false,
  "entry_price": 0.34,
  "exit_price": 0.0,
  "log_return": -10.0,
  "size": 16.47,
  "pnl": -16.47,
  "fees": 0.19566400000000103,
  "gain_pct": -1.0,
  "weight_version": "weights_v001",
  "category": "crypto-5min",
  "indicator_snapshot": {
    "rsi": {
      "rsi": 0.0,
      "score": 1.0,
      "norm_score": 2.4735379934510195
    },
    "macd": {
      "macd": 59.1681,
      "signal": 60.6676,
      "histogram": -1.4995,
      "score": -0.029,
      "norm_score": -1.2355398918970035
    },
    "stochastic": {
      "k": 99.16,
      "d": 99.3,
      "score": -0.9706,
      "norm_score": -0.14672872176338675
    },
    "ema": {
      "trend": "bullish",
      "fast_ema": 74394.16145107924,
      "slow_ema": 74358.39658192276
    },
    "obv": {
      "obv_slope": 0.0,
      "price_slope": 0.0,
      "score": 0.0,
      "norm_score": 0.32527446225251644
    },
    "vwap": {
      "vwap": 74472.73,
      "deviation": -0.3028,
      "score": 0.0909,
      "norm_score": -0.16240936609394574
    },
    "atr": {
      "atr": 34.59,
      "passes": true,
      "reason": "ok"
    },
    "weights": {
      "rsi": 0.2,
      "macd": 0.25,
      "stochastic": 0.2,
      "obv": 0.15,
      "vwap": 0.2,
      "entry_threshold": 0.6
    },
    "trade_context": {
      "btc_price": 74419.47,
      "strike_price": 74395.09594,
      "seconds_remaining": 52.783232,
      "market_price_up": 0.65,
      "market_price_down": 0.34,
      "model_probability_raw": 0.41454315281941956,
      "model_probability": 0.41454315281941956,
      "edge": 0.07454315281941953,
      "momentum_score": 0.17278617748236402,
      "atr": 34.59,
      "size": 16.47,
      "flow_score": 0.1261,
      "flow_book_imbalance": 0.2056,
      "flow_trade_count": 200,
      "spot_flow_signal": -0.011180634918033025,
      "wall_pressure": 0.0,
      "iv_ratio": 1.3838013434739591,
      "prev_resolution_margin": 0.0,
      "bybit_perp_price": 74362.3,
      "funding_rate": -5.28e-06,
      "depth_usd_top20": 430932.0308487001,
      "entry_phase": "late",
      "flip_count": 1,
      "is_flip": true,
      "cvd_120s": 0.0,
      "taker_ratio_60s": 0.5,
      "volume_surge": false,
      "liquidation_pressure": 0.0,
      "gex_signal": 1.0,
      "gex_regime": "stabilizing",
      "cvd_acceleration": 0.0,
      "clob_velocity_up": 0.0,
      "clob_velocity_down": 0.0,
      "coinbase_btc": 74419.47,
      "regime_state": "volatile",
      "regime_kelly_mult": 0.7,
      "sprt_confidence": 0.05182337518208805,
      "sprt_status": "SKIP",
      "signal_consensus": 0.6,
      "adverse_selection_30s": 0.5,
      "alpha_decay_rate": 9.47456790839523e-05,
      "garch_vol_ratio": 2.0,
      "crowd_bias": {
        "flb": 0.009,
        "recency_fade": 0.0,
        "round_number_dampening": 1.0,
        "composite_logit_adjustment": 0.009
      },
      "oracle_divergence": 13.840602172655053,
      "edge_realization_ratio": 1.0
    }
  },
  "exit_reason": "resolution",
  "timestamp": "2026-04-16T17:54:25.182729+00:00"
}