{
  "position_id": 1043,
  "market_id": "btc-updown-5m-1776362700",
  "question": "Bitcoin Up or Down - April 16, 2:05PM-2:10PM ET",
  "side": "Down",
  "signal_score": 0.6313210638653518,
  "correct": true,
  "entry_price": 0.47,
  "exit_price": 0.8999,
  "log_return": 0.6495509513357987,
  "size": 18.0,
  "pnl": 16.073961323404262,
  "fees": 0.23322499999999896,
  "gain_pct": 0.892998,
  "weight_version": "weights_v001",
  "category": "crypto-5min",
  "indicator_snapshot": {
    "rsi": {
      "rsi": 21.47,
      "score": 0.499,
      "norm_score": 1.1941413975265254
    },
    "macd": {
      "macd": 11.0607,
      "signal": 21.0461,
      "histogram": -9.9853,
      "score": -0.1586,
      "norm_score": -1.803838986272393
    },
    "stochastic": {
      "k": 0.0,
      "d": 0.0,
      "score": 1.0,
      "norm_score": 1.5940719696878642
    },
    "ema": {
      "trend": "chop",
      "fast_ema": 74379.92710273067,
      "slow_ema": 74385.6767696063
    },
    "obv": {
      "obv_slope": -0.0,
      "price_slope": -19.93,
      "score": -0.0,
      "norm_score": -0.302339030633192
    },
    "vwap": {
      "vwap": 74495.01,
      "deviation": -0.5766,
      "score": 0.173,
      "norm_score": 1.7005911174554178
    },
    "atr": {
      "atr": 52.98,
      "passes": true,
      "reason": "ok"
    },
    "weights": {
      "rsi": 0.2,
      "macd": 0.25,
      "stochastic": 0.2,
      "obv": 0.15,
      "vwap": 0.2,
      "entry_threshold": 0.6
    },
    "trade_context": {
      "btc_price": 74345.68,
      "strike_price": 74371.36806337099,
      "seconds_remaining": 118.589224,
      "market_price_up": 0.54,
      "market_price_down": 0.47,
      "model_probability_raw": 0.6313210638653518,
      "model_probability": 0.6313210638653518,
      "edge": 0.16132106386535183,
      "momentum_score": 0.4014502957708845,
      "atr": 52.98,
      "size": 18.0,
      "flow_score": -0.1489,
      "flow_book_imbalance": -0.1072,
      "flow_trade_count": 200,
      "spot_flow_signal": 0.1951120865603994,
      "wall_pressure": 0.0,
      "iv_ratio": 0.9023777430961579,
      "prev_resolution_margin": 0.0,
      "bybit_perp_price": 74289.7,
      "funding_rate": -1.029e-05,
      "depth_usd_top20": 451759.1696835999,
      "entry_phase": "late",
      "flip_count": 0,
      "is_flip": false,
      "cvd_120s": 0.00161,
      "taker_ratio_60s": 1.0,
      "volume_surge": false,
      "liquidation_pressure": 0.0,
      "gex_signal": 1.0,
      "gex_regime": "stabilizing",
      "cvd_acceleration": 4.666666666666666e-06,
      "clob_velocity_up": 0.009826808608541356,
      "clob_velocity_down": -0.009826808608541356,
      "coinbase_btc": 74340.36,
      "regime_state": "neutral",
      "regime_kelly_mult": 1.0,
      "sprt_confidence": 0.0,
      "sprt_status": "SKIP",
      "signal_consensus": 0.8,
      "adverse_selection_30s": 0.5,
      "alpha_decay_rate": 0.0004294385389626036,
      "garch_vol_ratio": 2.0,
      "crowd_bias": {
        "flb": 0.0,
        "recency_fade": 0.0,
        "round_number_dampening": 1.0,
        "composite_logit_adjustment": 0.0
      },
      "oracle_divergence": 5.41036814902327,
      "edge_realization_ratio": 1.0
    }
  },
  "exit_reason": "scalp",
  "timestamp": "2026-04-16T18:08:28.203148+00:00"
}