{
  "position_id": 1059,
  "market_id": "btc-updown-5m-1776369600",
  "question": "Bitcoin Up or Down - April 16, 4:00PM-4:05PM ET",
  "side": "Down",
  "signal_score": 0.32623002190438566,
  "correct": true,
  "entry_price": 0.16,
  "exit_price": 0.92,
  "log_return": 1.7348619654759097,
  "size": 3.57,
  "pnl": 16.32592775,
  "fees": 0.08737400000000017,
  "gain_pct": 4.573089,
  "weight_version": "weights_v001",
  "category": "crypto-5min",
  "indicator_snapshot": {
    "rsi": {
      "rsi": 100.0,
      "score": -1.0,
      "norm_score": -1.8380837446870975
    },
    "macd": {
      "macd": 60.8556,
      "signal": 49.9,
      "histogram": 10.9556,
      "score": 0.2185,
      "norm_score": 2.0069610948996304
    },
    "stochastic": {
      "k": 94.05,
      "d": 95.77,
      "score": -0.7918,
      "norm_score": -0.20197639425004907
    },
    "ema": {
      "trend": "bullish",
      "fast_ema": 75416.16152302097,
      "slow_ema": 75363.28648389815
    },
    "obv": {
      "obv_slope": 0.11,
      "price_slope": 28.2267,
      "score": 0.102,
      "norm_score": 0.6396681652396146
    },
    "vwap": {
      "vwap": 75059.29,
      "deviation": 0.8931,
      "score": -0.2679,
      "norm_score": -1.8129603302623876
    },
    "atr": {
      "atr": 55.43,
      "passes": true,
      "reason": "ok"
    },
    "weights": {
      "rsi": 0.2,
      "macd": 0.25,
      "stochastic": 0.2,
      "obv": 0.15,
      "vwap": 0.2,
      "entry_threshold": 0.6
    },
    "trade_context": {
      "btc_price": 75513.96,
      "strike_price": 75362.4428435443,
      "seconds_remaining": 276.682895,
      "market_price_up": 0.83,
      "market_price_down": 0.16,
      "model_probability_raw": 0.32623002190438566,
      "model_probability": 0.32623002190438566,
      "edge": 0.16623002190438566,
      "momentum_score": -0.1729135953290571,
      "atr": 55.43,
      "size": 3.57,
      "flow_score": 0.0691,
      "flow_book_imbalance": 0.1649,
      "flow_trade_count": 200,
      "spot_flow_signal": -0.3708811660495341,
      "wall_pressure": 0.0,
      "iv_ratio": 0.7281592913728253,
      "prev_resolution_margin": 47.106870000003255,
      "bybit_perp_price": 75467.1,
      "funding_rate": 1.468e-05,
      "depth_usd_top20": 381013.4993804,
      "entry_phase": "normal",
      "flip_count": 0,
      "is_flip": false,
      "cvd_120s": -0.04719999999999999,
      "taker_ratio_60s": 0.4307227147302296,
      "volume_surge": true,
      "liquidation_pressure": 0.02326692317446117,
      "gex_signal": 1.0,
      "gex_regime": "stabilizing",
      "cvd_acceleration": -0.01171911111111111,
      "clob_velocity_up": 0.0,
      "clob_velocity_down": 0.0,
      "coinbase_btc": 75513.96,
      "regime_state": "neutral",
      "regime_kelly_mult": 1.0,
      "sprt_confidence": 0.0,
      "sprt_status": "ACCUMULATING",
      "signal_consensus": 0.8,
      "adverse_selection_30s": 0.5384615384615384,
      "alpha_decay_rate": 0.00962646642427032,
      "garch_vol_ratio": 2.0,
      "crowd_bias": {
        "flb": 0.0198,
        "recency_fade": -1.0,
        "round_number_dampening": 1.0,
        "composite_logit_adjustment": -0.0002
      },
      "oracle_divergence": 7.3571146110625705,
      "edge_realization_ratio": 1.0
    }
  },
  "exit_reason": "scalp",
  "timestamp": "2026-04-16T20:04:05.231469+00:00"
}