{
  "position_id": 105,
  "market_id": "btc-updown-5m-1776137700",
  "question": "Bitcoin Up or Down - April 13, 11:35PM-11:40PM ET",
  "side": "Down",
  "signal_score": 0.6741412563673688,
  "correct": true,
  "entry_price": 0.61,
  "exit_price": 0.66,
  "log_return": 0.07878087785311438,
  "size": 2.79,
  "pnl": 0.18915211475409865,
  "fees": 0.03793099999999987,
  "gain_pct": 0.067796,
  "weight_version": "weights_v001",
  "category": "crypto-5min",
  "indicator_snapshot": {
    "rsi": {
      "rsi": 67.19,
      "score": -0.2579,
      "norm_score": 0.5219330417740334
    },
    "macd": {
      "macd": 8.461,
      "signal": 1.4466,
      "histogram": 7.0144,
      "score": 0.3544,
      "norm_score": -0.39435188063696824
    },
    "stochastic": {
      "k": 51.18,
      "d": 68.1,
      "score": -0.0118,
      "norm_score": 0.3523510327816323
    },
    "ema": {
      "trend": "bullish",
      "fast_ema": 74335.36424051996,
      "slow_ema": 74321.16981753756
    },
    "obv": {
      "obv_slope": -0.0,
      "price_slope": -16.1067,
      "score": -0.0003,
      "norm_score": -0.4574801513885381
    },
    "vwap": {
      "vwap": 74335.9,
      "deviation": -0.0761,
      "score": 0.0228,
      "norm_score": 0.4425254155558908
    },
    "atr": {
      "atr": 21.94,
      "passes": true,
      "reason": "ok"
    },
    "weights": {
      "rsi": 0.2,
      "macd": 0.25,
      "stochastic": 0.2,
      "obv": 0.15,
      "vwap": 0.2,
      "entry_threshold": 0.6
    },
    "trade_context": {
      "btc_price": 74367.06,
      "strike_price": 74380.00604792387,
      "seconds_remaining": 251.453071,
      "market_price_up": 0.38,
      "market_price_down": 0.61,
      "model_probability_raw": 0.6741412563673688,
      "model_probability": 0.6741412563673688,
      "edge": 0.06414125636736878,
      "momentum_score": 0.09615190515478854,
      "atr": 21.94,
      "size": 2.79,
      "flow_score": 0.1641,
      "flow_book_imbalance": -0.0322,
      "flow_trade_count": 200,
      "spot_flow_signal": -0.3631255568440355,
      "wall_pressure": 0.0,
      "iv_ratio": 1.5718605712119518,
      "prev_resolution_margin": 92.87457765777071,
      "bybit_perp_price": 74299.9,
      "funding_rate": 6.425e-05,
      "depth_usd_top20": 326841.69135439995,
      "entry_phase": "normal",
      "flip_count": 1,
      "is_flip": true,
      "cvd_120s": 0.00092,
      "taker_ratio_60s": 1.0,
      "volume_surge": false,
      "liquidation_pressure": 0.0,
      "gex_signal": 1.0,
      "gex_regime": "stabilizing",
      "cvd_acceleration": -1.7555555555555556e-05,
      "clob_velocity_up": 0.0,
      "clob_velocity_down": 0.0,
      "coinbase_btc": 74367.06,
      "regime_state": "neutral",
      "regime_kelly_mult": 1.0,
      "sprt_confidence": 0.1088767034118383,
      "sprt_status": "SKIP",
      "signal_consensus": 0.8,
      "adverse_selection_30s": 0.5,
      "alpha_decay_rate": 0.0005110457601830398,
      "garch_vol_ratio": 2.0,
      "crowd_bias": {
        "flb": 0.0,
        "recency_fade": 0.0,
        "round_number_dampening": 1.0,
        "composite_logit_adjustment": 0.0
      },
      "oracle_divergence": 7.349999999991269,
      "edge_realization_ratio": 1.6716539630590306
    }
  },
  "exit_reason": "scalp",
  "timestamp": "2026-04-14T03:37:34.597656+00:00"
}