{
  "position_id": 1077,
  "market_id": "btc-updown-5m-1776380700",
  "question": "Bitcoin Up or Down - April 16, 7:05PM-7:10PM ET",
  "side": "Down",
  "signal_score": 0.4192473096149182,
  "correct": false,
  "entry_price": 0.34,
  "exit_price": 0.0,
  "log_return": -10.0,
  "size": 2.26,
  "pnl": -2.26,
  "fees": 0.026849000000000116,
  "gain_pct": -1.0,
  "weight_version": "weights_v001",
  "category": "crypto-5min",
  "indicator_snapshot": {
    "rsi": {
      "rsi": 66.31,
      "score": -0.2446,
      "norm_score": -1.172699460789259
    },
    "macd": {
      "macd": 7.3843,
      "signal": -0.6017,
      "histogram": 7.986,
      "score": 0.436,
      "norm_score": 0.1567311934398504
    },
    "stochastic": {
      "k": 100.0,
      "d": 100.0,
      "score": -1.0,
      "norm_score": -0.13169352779139656
    },
    "ema": {
      "trend": "bullish",
      "fast_ema": 74913.59804992244,
      "slow_ema": 74898.38402423405
    },
    "obv": {
      "obv_slope": 0.0,
      "price_slope": 3.6533,
      "score": 0.0044,
      "norm_score": 0.5350297783575947
    },
    "vwap": {
      "vwap": 75207.19,
      "deviation": -1.5605,
      "score": 0.4681,
      "norm_score": -0.4392368972799263
    },
    "atr": {
      "atr": 26.23,
      "passes": true,
      "reason": "ok"
    },
    "weights": {
      "rsi": 0.2,
      "macd": 0.25,
      "stochastic": 0.2,
      "obv": 0.15,
      "vwap": 0.2,
      "entry_threshold": 0.6
    },
    "trade_context": {
      "btc_price": 75006.82,
      "strike_price": 74968.55935634427,
      "seconds_remaining": 279.944036,
      "market_price_up": 0.65,
      "market_price_down": 0.34,
      "model_probability_raw": 0.4192473096149182,
      "model_probability": 0.4192473096149182,
      "edge": 0.07924730961491816,
      "momentum_score": -0.2292887120585146,
      "atr": 26.23,
      "size": 2.26,
      "flow_score": -0.0718,
      "flow_book_imbalance": 0.0674,
      "flow_trade_count": 200,
      "spot_flow_signal": 0.7326722164836721,
      "wall_pressure": 0.0,
      "iv_ratio": 1.6305918107909185,
      "prev_resolution_margin": 3.323542711455957,
      "bybit_perp_price": 74953.8,
      "funding_rate": 2.486e-05,
      "depth_usd_top20": 398310.65083240013,
      "entry_phase": "normal",
      "flip_count": 0,
      "is_flip": false,
      "cvd_120s": 0.0132,
      "taker_ratio_60s": 1.0,
      "volume_surge": false,
      "liquidation_pressure": 0.012827433178660742,
      "gex_signal": 1.0,
      "gex_regime": "stabilizing",
      "cvd_acceleration": -0.0002971111111111111,
      "clob_velocity_up": 0.0,
      "clob_velocity_down": 0.0,
      "coinbase_btc": 75006.82,
      "regime_state": "volatile",
      "regime_kelly_mult": 0.7,
      "sprt_confidence": 0.0,
      "sprt_status": "ACCUMULATING",
      "signal_consensus": 0.8,
      "adverse_selection_30s": 0.5,
      "alpha_decay_rate": 0.0025421640660121514,
      "garch_vol_ratio": 2.0,
      "crowd_bias": {
        "flb": 0.009,
        "recency_fade": 0.0,
        "round_number_dampening": 0.92,
        "composite_logit_adjustment": 0.009
      },
      "oracle_divergence": 7.729219299420947,
      "edge_realization_ratio": 1.0
    }
  },
  "exit_reason": "resolution",
  "timestamp": "2026-04-16T23:12:35.967423+00:00"
}