{
  "position_id": 1087,
  "market_id": "btc-updown-5m-1776384000",
  "question": "Bitcoin Up or Down - April 16, 8:00PM-8:05PM ET",
  "side": "Up",
  "signal_score": 0.6231088644894448,
  "correct": false,
  "entry_price": 0.55,
  "exit_price": 0.0,
  "log_return": -10.0,
  "size": 2.45,
  "pnl": -2.45,
  "fees": 0.019845000000000203,
  "gain_pct": -1.0,
  "weight_version": "weights_v001",
  "category": "crypto-5min",
  "indicator_snapshot": {
    "rsi": {
      "rsi": 100.0,
      "score": -1.0,
      "norm_score": -0.02403912957355581
    },
    "macd": {
      "macd": 12.3731,
      "signal": 7.1989,
      "histogram": 5.1742,
      "score": 0.3893,
      "norm_score": 1.4374204477662398
    },
    "stochastic": {
      "k": 100.0,
      "d": 86.59,
      "score": -1.0,
      "norm_score": -2.2726149467931953
    },
    "ema": {
      "trend": "bullish",
      "fast_ema": 75131.82527572285,
      "slow_ema": 75117.06545987618
    },
    "obv": {
      "obv_slope": 0.0,
      "price_slope": 11.7433,
      "score": 0.0007,
      "norm_score": 0.12144764307724826
    },
    "vwap": {
      "vwap": 74965.89,
      "deviation": 2.0572,
      "score": -0.6172,
      "norm_score": -2.4769643729254223
    },
    "atr": {
      "atr": 11.34,
      "passes": true,
      "reason": "ok"
    },
    "weights": {
      "rsi": 0.2,
      "macd": 0.25,
      "stochastic": 0.2,
      "obv": 0.15,
      "vwap": 0.2,
      "entry_threshold": 0.6
    },
    "trade_context": {
      "btc_price": 75179.84,
      "strike_price": 75165.414,
      "seconds_remaining": 104.827791,
      "market_price_up": 0.54,
      "market_price_down": 0.45,
      "model_probability_raw": 0.6231088644894448,
      "model_probability": 0.6231088644894448,
      "edge": 0.08310886448944477,
      "momentum_score": -0.5771514314552876,
      "atr": 11.34,
      "size": 2.45,
      "flow_score": 0.172,
      "flow_book_imbalance": 0.1061,
      "flow_trade_count": 200,
      "spot_flow_signal": 0.243300727610748,
      "wall_pressure": 0.0,
      "iv_ratio": 3.0,
      "prev_resolution_margin": -12.75612506181642,
      "bybit_perp_price": 75116.8,
      "funding_rate": -2.518e-05,
      "depth_usd_top20": 426064.92582099995,
      "entry_phase": "late",
      "flip_count": 0,
      "is_flip": false,
      "cvd_120s": 0.0017499999999999998,
      "taker_ratio_60s": 0.9186602870813397,
      "volume_surge": false,
      "liquidation_pressure": -0.01734234105344917,
      "gex_signal": 1.0,
      "gex_regime": "stabilizing",
      "cvd_acceleration": 0.00013177777777777778,
      "clob_velocity_up": 0.011504172634560824,
      "clob_velocity_down": -0.01150417263456076,
      "coinbase_btc": 75179.84,
      "regime_state": "trending_up",
      "regime_kelly_mult": 1.2,
      "sprt_confidence": 0.0,
      "sprt_status": "SKIP",
      "signal_consensus": 1.3,
      "adverse_selection_30s": 0.5625,
      "alpha_decay_rate": 0.0006317695035003444,
      "garch_vol_ratio": 2.0,
      "crowd_bias": {
        "flb": 0.0,
        "recency_fade": 0.0,
        "round_number_dampening": 1.0,
        "composite_logit_adjustment": 0.0
      },
      "oracle_divergence": 11.157649999993737,
      "edge_realization_ratio": 1.0
    }
  },
  "exit_reason": "resolution",
  "timestamp": "2026-04-17T00:11:05.183950+00:00"
}