{
  "position_id": 1088,
  "market_id": "btc-updown-5m-1776384300",
  "question": "Bitcoin Up or Down - April 16, 8:05PM-8:10PM ET",
  "side": "Down",
  "signal_score": 0.6524292502482008,
  "correct": true,
  "entry_price": 0.62,
  "exit_price": 1.0,
  "log_return": 0.4780358009429999,
  "size": 1.78,
  "pnl": 1.0713306451612905,
  "fees": 0.012174999999999941,
  "gain_pct": 0.601871,
  "weight_version": "weights_v001",
  "category": "crypto-5min",
  "indicator_snapshot": {
    "rsi": {
      "rsi": 24.37,
      "score": 0.4315,
      "norm_score": 2.603410437978613
    },
    "macd": {
      "macd": -4.0812,
      "signal": 4.7107,
      "histogram": -8.7919,
      "score": -0.402,
      "norm_score": -2.5368204746808987
    },
    "stochastic": {
      "k": 0.0,
      "d": 50.0,
      "score": 1.0,
      "norm_score": 2.295889562377823
    },
    "ema": {
      "trend": "bearish",
      "fast_ema": 75090.85131893071,
      "slow_ema": 75105.81392017202
    },
    "obv": {
      "obv_slope": -0.0,
      "price_slope": -36.4533,
      "score": -0.0008,
      "norm_score": -2.146519458728117
    },
    "vwap": {
      "vwap": 74964.8,
      "deviation": 0.8498,
      "score": -0.2549,
      "norm_score": 3.0
    },
    "atr": {
      "atr": 23.96,
      "passes": true,
      "reason": "ok"
    },
    "weights": {
      "rsi": 0.2,
      "macd": 0.25,
      "stochastic": 0.2,
      "obv": 0.15,
      "vwap": 0.2,
      "entry_threshold": 0.6
    },
    "trade_context": {
      "btc_price": 75072.87,
      "strike_price": 75095.89477393402,
      "seconds_remaining": 283.976673,
      "market_price_up": 0.38,
      "market_price_down": 0.61,
      "model_probability_raw": 0.6524292502482008,
      "model_probability": 0.6524292502482008,
      "edge": 0.04242925024820077,
      "momentum_score": 0.6236769625918452,
      "atr": 23.96,
      "size": 1.78,
      "flow_score": 0.0882,
      "flow_book_imbalance": -0.014,
      "flow_trade_count": 158,
      "spot_flow_signal": -0.12610485785558825,
      "wall_pressure": 0.0,
      "iv_ratio": 1.4326894399277847,
      "prev_resolution_margin": -12.75612506181642,
      "bybit_perp_price": 75007.6,
      "funding_rate": -7.114e-05,
      "depth_usd_top20": 386273.0444906,
      "entry_phase": "normal",
      "flip_count": 0,
      "is_flip": false,
      "cvd_120s": 0.0010999999999999998,
      "taker_ratio_60s": 0.6950354609929079,
      "volume_surge": false,
      "liquidation_pressure": -0.01734234105344917,
      "gex_signal": 1.0,
      "gex_regime": "stabilizing",
      "cvd_acceleration": 7.333333333333332e-05,
      "clob_velocity_up": 0.0,
      "clob_velocity_down": 0.0,
      "coinbase_btc": 75072.87,
      "regime_state": "neutral",
      "regime_kelly_mult": 1.0,
      "sprt_confidence": 0.0,
      "sprt_status": "ACCUMULATING",
      "signal_consensus": 0.8,
      "adverse_selection_30s": 0.5882352941176471,
      "alpha_decay_rate": 0.010878535724954657,
      "garch_vol_ratio": 2.0,
      "crowd_bias": {
        "flb": 0.0,
        "recency_fade": 0.0,
        "round_number_dampening": 0.96,
        "composite_logit_adjustment": 0.0
      },
      "oracle_divergence": 0.6916678822599351,
      "edge_realization_ratio": 1.0
    }
  },
  "exit_reason": "resolution",
  "timestamp": "2026-04-17T00:12:13.208315+00:00"
}