{
  "position_id": 10912,
  "market_id": "btc-updown-5m-1779807600",
  "question": "Bitcoin Up or Down - May 26, 11:00AM-11:05AM ET",
  "side": "Down",
  "signal_score": 0.9800788653303729,
  "correct": true,
  "entry_price": 0.81,
  "exit_price": 1.0,
  "log_return": 0.21072103131565253,
  "size": 4.07,
  "pnl": 0.9375074074074075,
  "fees": 0.01391899999999982,
  "gain_pct": 0.230346,
  "realized_edge": 0.1701,
  "fill_slippage": 0.0,
  "indicator_snapshot": {
    "rsi": {
      "rsi": 28.97,
      "score": 0.3241,
      "norm_score": 0.0
    },
    "macd": {
      "macd": -54.9044,
      "signal": -39.1833,
      "histogram": -15.7211,
      "score": -0.2428,
      "norm_score": 0.0
    },
    "stochastic": {
      "k": 0.0,
      "d": 14.17,
      "score": 1.0,
      "norm_score": 0.0
    },
    "ema": {
      "trend": "bearish",
      "fast_ema": 76886.05272042015,
      "slow_ema": 76941.1520215061
    },
    "obv": {
      "obv_slope": -4.86,
      "price_slope": -61.82,
      "score": -0.8294,
      "norm_score": 0.0
    },
    "vwap": {
      "vwap": 77270.78,
      "deviation": -1.1644,
      "score": 0.3493,
      "norm_score": 0.0
    },
    "atr": {
      "atr": 86.63,
      "passes": true,
      "reason": "ok"
    },
    "weights": {
      "rsi": 0.2,
      "macd": 0.3,
      "stochastic": 0.15,
      "obv": 0.15,
      "vwap": 0.2
    },
    "trade_context": {
      "btc_price": 76705.99,
      "strike_price": 76908.01,
      "seconds_remaining": 158.626108,
      "market_price_up": 0.2,
      "market_price_down": 0.81,
      "closes_tail": [
        76932.46,
        76819.39
      ],
      "model_probability": 0.9800788653303729,
      "model_probability_raw": 0.9800788653303729,
      "edge": 0.17007886533037286,
      "atr": 86.63,
      "size": 4.07,
      "prev_resolution_margin": -631.2202624125493,
      "flow_score": -0.1984,
      "spot_flow_signal": -0.8209712347807355,
      "liquidation_pressure": 0.0,
      "regime_state": "neutral",
      "regime_autocorr": 0.2069,
      "regime_direction": -1.0,
      "entry_phase": "late",
      "flip_count": 0,
      "is_flip": false,
      "depth_usd_top20": 653118.1088866,
      "sprt_confidence": 1.0,
      "sprt_status": "ENTER",
      "adverse_rate_at_30s": 0.45454545454545453,
      "calibrator_hash": "identity",
      "token_id_up": "81141294339479106928794445475256022622318134401808831003505796037880793071358",
      "token_id_down": "13389594181472789694072419618442390125706360693725186585080421091578737677955"
    }
  },
  "exit_reason": "resolution",
  "seconds_remaining_at_exit": 0.0,
  "edge_decay": null,
  "exit_timestamp": "2026-05-26T15:06:54.713484+00:00",
  "timestamp": "2026-05-26T15:06:54.713484+00:00"
}