{
  "position_id": 10918,
  "market_id": "btc-updown-5m-1779808200",
  "question": "Bitcoin Up or Down - May 26, 11:10AM-11:15AM ET",
  "side": "Down",
  "signal_score": 0.6592202040974822,
  "correct": false,
  "entry_price": 0.55,
  "exit_price": 0.5066491973366781,
  "log_return": -0.08209943258948345,
  "size": 3.24,
  "pnl": -0.32491301272727346,
  "fees": 0.07325241400000015,
  "gain_pct": -0.100282,
  "realized_edge": 0.1092,
  "fill_slippage": 0.0,
  "indicator_snapshot": {
    "rsi": {
      "rsi": 45.43,
      "score": 0.0685,
      "norm_score": 0.0
    },
    "macd": {
      "macd": -23.6702,
      "signal": -33.5924,
      "histogram": 9.9222,
      "score": 0.2289,
      "norm_score": 0.0
    },
    "stochastic": {
      "k": 83.22,
      "d": 78.67,
      "score": -0.4128,
      "norm_score": 0.0
    },
    "ema": {
      "trend": "chop",
      "fast_ema": 76873.1044051579,
      "slow_ema": 76874.93378920176
    },
    "obv": {
      "obv_slope": -0.98,
      "price_slope": -1.1433,
      "score": -0.4938,
      "norm_score": 0.0
    },
    "vwap": {
      "vwap": 77244.43,
      "deviation": -0.9368,
      "score": 0.281,
      "norm_score": 0.0
    },
    "atr": {
      "atr": 70.15,
      "passes": true,
      "reason": "ok"
    },
    "weights": {
      "rsi": 0.2,
      "macd": 0.3,
      "stochastic": 0.15,
      "obv": 0.15,
      "vwap": 0.2
    },
    "trade_context": {
      "btc_price": 76761.51,
      "strike_price": 76781.49221075782,
      "seconds_remaining": 286.597326,
      "market_price_up": 0.46,
      "market_price_down": 0.55,
      "closes_tail": [
        76877.03,
        76878.56
      ],
      "model_probability": 0.6592202040974822,
      "model_probability_raw": 0.6592202040974822,
      "edge": 0.10922020409748212,
      "atr": 70.15,
      "size": 3.24,
      "prev_resolution_margin": 0.0,
      "flow_score": -0.1215,
      "spot_flow_signal": -0.8829119311525412,
      "liquidation_pressure": 0.0006285377325879853,
      "regime_state": "neutral",
      "regime_autocorr": 0.1843,
      "regime_direction": 1.0,
      "entry_phase": "normal",
      "flip_count": 0,
      "is_flip": false,
      "depth_usd_top20": 549299.5204686,
      "sprt_confidence": 0.0,
      "sprt_status": "ACCUMULATING",
      "adverse_rate_at_30s": 0.4,
      "calibrator_hash": "identity",
      "token_id_up": "6743387442546493556196270115258019281282510328147905786625369997825711282458",
      "token_id_down": "44909888595825775475165333902728565728283244882666278214712763302567243802138"
    }
  },
  "exit_reason": "scalp",
  "seconds_remaining_at_exit": 281.713162,
  "edge_decay": {
    "midprice_at_fill": 0.505,
    "deltas": {
      "5s": null,
      "10s": null,
      "15s": null,
      "30s": null,
      "60s": null
    },
    "resolved_windows": 0
  },
  "exit_timestamp": "2026-05-26T15:10:18.930819+00:00",
  "timestamp": "2026-05-26T15:10:18.930819+00:00"
}