{
  "position_id": 10921,
  "market_id": "btc-updown-5m-1779808500",
  "question": "Bitcoin Up or Down - May 26, 11:15AM-11:20AM ET",
  "side": "Up",
  "signal_score": 0.6158651742138647,
  "correct": false,
  "entry_price": 0.55,
  "exit_price": 0.49,
  "log_return": -0.11551288712184435,
  "size": 1.89,
  "pnl": -0.24590991060909095,
  "fees": 0.042727491500000006,
  "gain_pct": -0.130111,
  "realized_edge": 0.0659,
  "fill_slippage": 0.0,
  "indicator_snapshot": {
    "rsi": {
      "rsi": 79.82,
      "score": -0.5292,
      "norm_score": -0.5755211294682253
    },
    "macd": {
      "macd": 18.6071,
      "signal": 6.164,
      "histogram": 12.4431,
      "score": 0.3427,
      "norm_score": 0.20062750371319907
    },
    "stochastic": {
      "k": 95.65,
      "d": 85.09,
      "score": -0.8477,
      "norm_score": -1.389768315110854
    },
    "ema": {
      "trend": "bullish",
      "fast_ema": 76954.82590032236,
      "slow_ema": 76926.15926418501
    },
    "obv": {
      "obv_slope": 0.86,
      "price_slope": 1.29,
      "score": 0.4623,
      "norm_score": 0.7892806504093233
    },
    "vwap": {
      "vwap": 77240.63,
      "deviation": -0.6943,
      "score": 0.2083,
      "norm_score": -0.159678570537689
    },
    "atr": {
      "atr": 64.38,
      "passes": true,
      "reason": "ok"
    },
    "weights": {
      "rsi": 0.2,
      "macd": 0.3,
      "stochastic": 0.15,
      "obv": 0.15,
      "vwap": 0.2
    },
    "trade_context": {
      "btc_price": 76874.54,
      "strike_price": 76871.28705675823,
      "seconds_remaining": 297.691928,
      "market_price_up": 0.55,
      "market_price_down": 0.46,
      "closes_tail": [
        76945.43,
        76969.64
      ],
      "model_probability": 0.6158651742138647,
      "model_probability_raw": 0.6158651742138647,
      "edge": 0.06586517421386462,
      "atr": 64.38,
      "size": 1.89,
      "prev_resolution_margin": 0.0,
      "flow_score": 0.6046,
      "spot_flow_signal": 0.5681562553793711,
      "liquidation_pressure": 0.0,
      "regime_state": "neutral",
      "regime_autocorr": 0.1415,
      "regime_direction": 1.0,
      "entry_phase": "normal",
      "flip_count": 0,
      "is_flip": false,
      "depth_usd_top20": 949499.1436821002,
      "sprt_confidence": 0.0,
      "sprt_status": "ACCUMULATING",
      "adverse_rate_at_30s": 0.3333333333333333,
      "calibrator_hash": "identity",
      "token_id_up": "46593457408262842317044542080825459687526111943173589607252246087203870159876",
      "token_id_down": "110166062025750485088089592297176238227025195120948546087373099568720688732369"
    }
  },
  "exit_reason": "scalp",
  "seconds_remaining_at_exit": 295.295716,
  "edge_decay": {
    "midprice_at_fill": 0.505,
    "deltas": {
      "5s": null,
      "10s": null,
      "15s": null,
      "30s": null,
      "60s": null
    },
    "resolved_windows": 0
  },
  "exit_timestamp": "2026-05-26T15:15:06.048587+00:00",
  "timestamp": "2026-05-26T15:15:06.048587+00:00"
}