{
  "position_id": 1092,
  "market_id": "btc-updown-5m-1776385200",
  "question": "Bitcoin Up or Down - April 16, 8:20PM-8:25PM ET",
  "side": "Down",
  "signal_score": 0.5955358095685069,
  "correct": true,
  "entry_price": 0.49,
  "exit_price": 0.54,
  "log_return": 0.09716374845364788,
  "size": 3.28,
  "pnl": 0.27185642857142867,
  "fees": 0.059764999999999874,
  "gain_pct": 0.082883,
  "weight_version": "weights_v001",
  "category": "crypto-5min",
  "indicator_snapshot": {
    "rsi": {
      "rsi": 100.0,
      "score": -1.0,
      "norm_score": -0.22006208757523205
    },
    "macd": {
      "macd": -10.3785,
      "signal": -13.3509,
      "histogram": 2.9724,
      "score": 0.1946,
      "norm_score": -1.2538442373506788
    },
    "stochastic": {
      "k": 50.0,
      "d": 50.0,
      "score": -0.0,
      "norm_score": 0.4043525565067143
    },
    "ema": {
      "trend": "chop",
      "fast_ema": 74991.27048999997,
      "slow_ema": 74993.65994134327
    },
    "obv": {
      "obv_slope": 0.0,
      "price_slope": 0.0,
      "score": 0.0,
      "norm_score": 0.011884139957228326
    },
    "vwap": {
      "vwap": 74961.04,
      "deviation": 0.357,
      "score": -0.1071,
      "norm_score": -0.15400248272719466
    },
    "atr": {
      "atr": 12.44,
      "passes": true,
      "reason": "ok"
    },
    "weights": {
      "rsi": 0.2,
      "macd": 0.25,
      "stochastic": 0.2,
      "obv": 0.15,
      "vwap": 0.2,
      "entry_threshold": 0.6
    },
    "trade_context": {
      "btc_price": 75004.44,
      "strike_price": 75007.41,
      "seconds_remaining": 281.026053,
      "market_price_up": 0.5,
      "market_price_down": 0.49,
      "model_probability_raw": 0.5955358095685069,
      "model_probability": 0.5955358095685069,
      "edge": 0.10553580956850694,
      "momentum_score": -0.30562084110322796,
      "atr": 12.44,
      "size": 3.28,
      "flow_score": -0.3199,
      "flow_book_imbalance": -0.0026,
      "flow_trade_count": 131,
      "spot_flow_signal": -0.11894716983888601,
      "wall_pressure": 0.0,
      "iv_ratio": 2.75358251324939,
      "prev_resolution_margin": -67.69798855783301,
      "bybit_perp_price": 74945.0,
      "funding_rate": 1.82e-06,
      "depth_usd_top20": 368027.49282159994,
      "entry_phase": "normal",
      "flip_count": 0,
      "is_flip": false,
      "cvd_120s": 0.0,
      "taker_ratio_60s": 0.5,
      "volume_surge": false,
      "liquidation_pressure": 0.0,
      "gex_signal": 1.0,
      "gex_regime": "stabilizing",
      "cvd_acceleration": 0.0,
      "clob_velocity_up": 0.0,
      "clob_velocity_down": 0.0,
      "coinbase_btc": 75004.44,
      "regime_state": "neutral",
      "regime_kelly_mult": 1.0,
      "sprt_confidence": 0.1840823571150454,
      "sprt_status": "ACCUMULATING",
      "signal_consensus": 1.3,
      "adverse_selection_30s": 0.5714285714285714,
      "alpha_decay_rate": 0.002762744421877677,
      "garch_vol_ratio": 2.0,
      "crowd_bias": {
        "flb": 0.0,
        "recency_fade": 0.6,
        "round_number_dampening": 0.92,
        "composite_logit_adjustment": 0.012
      },
      "oracle_divergence": 17.946613359075855,
      "edge_realization_ratio": 1.0
    }
  },
  "exit_reason": "scalp",
  "timestamp": "2026-04-17T00:21:12.944187+00:00"
}