{
  "position_id": 10938,
  "market_id": "btc-updown-5m-1779810300",
  "question": "Bitcoin Up or Down - May 26, 11:45AM-11:50AM ET",
  "side": "Down",
  "signal_score": 0.7252472928530884,
  "correct": true,
  "entry_price": 0.66,
  "exit_price": 0.8031298498971774,
  "log_return": 0.1962765718273576,
  "size": 2.52,
  "pnl": 0.49718908242424265,
  "fees": 0.042431756999999765,
  "gain_pct": 0.197297,
  "realized_edge": 0.0652,
  "fill_slippage": 0.0,
  "indicator_snapshot": {
    "rsi": {
      "rsi": 69.47,
      "score": -0.2921,
      "norm_score": -0.08156862912157892
    },
    "macd": {
      "macd": 1.4453,
      "signal": -6.4737,
      "histogram": 7.919,
      "score": 0.1862,
      "norm_score": -1.7851745597586446
    },
    "stochastic": {
      "k": 54.3,
      "d": 61.62,
      "score": -0.043,
      "norm_score": 1.217443545060102
    },
    "ema": {
      "trend": "bullish",
      "fast_ema": 76518.22243317631,
      "slow_ema": 76506.25272567477
    },
    "obv": {
      "obv_slope": -5.94,
      "price_slope": -31.1467,
      "score": -0.8558,
      "norm_score": -2.6434770151989
    },
    "vwap": {
      "vwap": 77127.83,
      "deviation": -1.3666,
      "score": 0.41,
      "norm_score": 0.5531799618622226
    },
    "atr": {
      "atr": 76.66,
      "passes": true,
      "reason": "ok"
    },
    "weights": {
      "rsi": 0.2,
      "macd": 0.3,
      "stochastic": 0.15,
      "obv": 0.15,
      "vwap": 0.2
    },
    "trade_context": {
      "btc_price": 76379.7,
      "strike_price": 76430.93396841195,
      "seconds_remaining": 292.105756,
      "market_price_up": 0.35,
      "market_price_down": 0.66,
      "closes_tail": [
        76527.0,
        76500.12
      ],
      "model_probability": 0.7252472928530884,
      "model_probability_raw": 0.7252472928530884,
      "edge": 0.06524729285308839,
      "atr": 76.66,
      "size": 2.52,
      "prev_resolution_margin": 0.0,
      "flow_score": -0.0039,
      "spot_flow_signal": -0.4209226204223973,
      "liquidation_pressure": 8.002165001434119e-05,
      "regime_state": "neutral",
      "regime_autocorr": -0.0547,
      "regime_direction": -1.0,
      "entry_phase": "normal",
      "flip_count": 0,
      "is_flip": false,
      "depth_usd_top20": 390339.92847110005,
      "sprt_confidence": 0.09801068121669265,
      "sprt_status": "ACCUMULATING",
      "adverse_rate_at_30s": 0.6,
      "calibrator_hash": "identity",
      "token_id_up": "85683968044137333134266747459969122310942873606391570426340844454129374586830",
      "token_id_down": "5713714574332462550042246423294176396408220576749758515440357672719593911513"
    }
  },
  "exit_reason": "scalp",
  "seconds_remaining_at_exit": 202.602274,
  "edge_decay": {
    "midprice_at_fill": 0.505,
    "deltas": {
      "5s": -0.11,
      "10s": -0.13,
      "15s": -0.12,
      "30s": -0.09,
      "60s": -0.35
    },
    "resolved_windows": 5
  },
  "exit_timestamp": "2026-05-26T15:46:38.190126+00:00",
  "timestamp": "2026-05-26T15:46:38.190126+00:00"
}