{
  "position_id": 1095,
  "market_id": "btc-updown-5m-1776385800",
  "question": "Bitcoin Up or Down - April 16, 8:30PM-8:35PM ET",
  "side": "Down",
  "signal_score": 0.3956782906832992,
  "correct": false,
  "entry_price": 0.28,
  "exit_price": 0.0,
  "log_return": -10.0,
  "size": 2.33,
  "pnl": -2.33,
  "fees": 0.03019700000000022,
  "gain_pct": -1.0,
  "weight_version": "weights_v001",
  "category": "crypto-5min",
  "indicator_snapshot": {
    "rsi": {
      "rsi": 81.69,
      "score": -0.5729,
      "norm_score": -0.5235689316857638
    },
    "macd": {
      "macd": 6.5261,
      "signal": -5.0315,
      "histogram": 11.5576,
      "score": 0.4323,
      "norm_score": 1.155256358623541
    },
    "stochastic": {
      "k": 100.0,
      "d": 100.0,
      "score": -1.0,
      "norm_score": -0.20275473457599266
    },
    "ema": {
      "trend": "bullish",
      "fast_ema": 74990.78084032226,
      "slow_ema": 74971.06116092921
    },
    "obv": {
      "obv_slope": 0.03,
      "price_slope": 17.6533,
      "score": 0.0261,
      "norm_score": 1.8502008511184338
    },
    "vwap": {
      "vwap": 74958.62,
      "deviation": 0.794,
      "score": -0.2382,
      "norm_score": -1.7773595342137845
    },
    "atr": {
      "atr": 39.08,
      "passes": true,
      "reason": "ok"
    },
    "weights": {
      "rsi": 0.2,
      "macd": 0.25,
      "stochastic": 0.2,
      "obv": 0.15,
      "vwap": 0.2,
      "entry_threshold": 0.6
    },
    "trade_context": {
      "btc_price": 75094.32,
      "strike_price": 75014.01,
      "seconds_remaining": 282.351962,
      "market_price_up": 0.69,
      "market_price_down": 0.3,
      "model_probability_raw": 0.3956782906832992,
      "model_probability": 0.3956782906832992,
      "edge": 0.0956782906832992,
      "momentum_score": 0.0656075772285421,
      "atr": 39.08,
      "size": 2.33,
      "flow_score": 0.0589,
      "flow_book_imbalance": -0.0188,
      "flow_trade_count": 200,
      "spot_flow_signal": -0.8859665766837701,
      "wall_pressure": 0.0,
      "iv_ratio": 0.8836706916421744,
      "prev_resolution_margin": -67.69798855783301,
      "bybit_perp_price": 75033.4,
      "funding_rate": 7.42e-06,
      "depth_usd_top20": 376789.4555007,
      "entry_phase": "normal",
      "flip_count": 0,
      "is_flip": false,
      "cvd_120s": -0.08026,
      "taker_ratio_60s": 0.0,
      "volume_surge": false,
      "liquidation_pressure": -0.03663907444762675,
      "gex_signal": 1.0,
      "gex_regime": "stabilizing",
      "cvd_acceleration": 0.0017684444444444444,
      "clob_velocity_up": 0.0,
      "clob_velocity_down": 0.0,
      "coinbase_btc": 75094.33,
      "regime_state": "neutral",
      "regime_kelly_mult": 1.0,
      "sprt_confidence": 0.0,
      "sprt_status": "ACCUMULATING",
      "signal_consensus": 0.8,
      "adverse_selection_30s": 0.5833333333333334,
      "alpha_decay_rate": 0.0034083953134408694,
      "garch_vol_ratio": 2.0,
      "crowd_bias": {
        "flb": 0.0114,
        "recency_fade": 0.0,
        "round_number_dampening": 0.92,
        "composite_logit_adjustment": 0.0114
      },
      "oracle_divergence": 31.845099622107227,
      "edge_realization_ratio": 1.0
    }
  },
  "exit_reason": "resolution",
  "timestamp": "2026-04-17T00:40:21.346904+00:00"
}