{
  "position_id": 1099,
  "market_id": "btc-updown-5m-1776387300",
  "question": "Bitcoin Up or Down - April 16, 8:55PM-9:00PM ET",
  "side": "Up",
  "signal_score": 0.6051587532147439,
  "correct": false,
  "entry_price": 0.51,
  "exit_price": 0.0,
  "log_return": -10.0,
  "size": 2.94,
  "pnl": -2.94,
  "fees": 0.02593099999999999,
  "gain_pct": -1.0,
  "weight_version": "weights_v001",
  "category": "crypto-5min",
  "indicator_snapshot": {
    "rsi": {
      "rsi": 62.67,
      "score": -0.1901,
      "norm_score": -1.7307193120242406
    },
    "macd": {
      "macd": -2.0378,
      "signal": -2.8277,
      "histogram": 0.7899,
      "score": 0.0495,
      "norm_score": -1.7518192275602662
    },
    "stochastic": {
      "k": 53.56,
      "d": 53.56,
      "score": -0.0356,
      "norm_score": 0.5848229398634324
    },
    "ema": {
      "trend": "chop",
      "fast_ema": 74967.55790947372,
      "slow_ema": 74967.60089683304
    },
    "obv": {
      "obv_slope": -0.0,
      "price_slope": -5.6567,
      "score": -0.0002,
      "norm_score": 0.42657541834853246
    },
    "vwap": {
      "vwap": 74962.14,
      "deviation": 0.0356,
      "score": -0.0107,
      "norm_score": 0.6408113229409328
    },
    "atr": {
      "atr": 28.68,
      "passes": true,
      "reason": "ok"
    },
    "weights": {
      "rsi": 0.2,
      "macd": 0.25,
      "stochastic": 0.2,
      "obv": 0.15,
      "vwap": 0.2,
      "entry_threshold": 0.6
    },
    "trade_context": {
      "btc_price": 74998.4,
      "strike_price": 74968.43,
      "seconds_remaining": 111.735204,
      "market_price_up": 0.5,
      "market_price_down": 0.49,
      "model_probability_raw": 0.6051587532147439,
      "model_probability": 0.6051587532147439,
      "edge": 0.10515875321474388,
      "momentum_score": -0.47498550398176176,
      "atr": 28.68,
      "size": 2.94,
      "flow_score": -0.1794,
      "flow_book_imbalance": -0.062,
      "flow_trade_count": 200,
      "spot_flow_signal": 0.8937404429210365,
      "wall_pressure": 0.0,
      "iv_ratio": 1.4860806834037308,
      "prev_resolution_margin": 87.77000110108929,
      "bybit_perp_price": 74934.1,
      "funding_rate": 3.44e-06,
      "depth_usd_top20": 369956.56753269996,
      "entry_phase": "late",
      "flip_count": 0,
      "is_flip": false,
      "cvd_120s": 0.00084,
      "taker_ratio_60s": 1.0,
      "volume_surge": false,
      "liquidation_pressure": 0.0,
      "gex_signal": 1.0,
      "gex_regime": "stabilizing",
      "cvd_acceleration": -1.3111111111111111e-05,
      "clob_velocity_up": 0.0,
      "clob_velocity_down": 0.0,
      "coinbase_btc": 74998.4,
      "regime_state": "mean_reverting",
      "regime_kelly_mult": 0.8,
      "sprt_confidence": 0.0,
      "sprt_status": "SKIP",
      "signal_consensus": 0.8,
      "adverse_selection_30s": 0.6071428571428571,
      "alpha_decay_rate": 0.0014806875052856736,
      "garch_vol_ratio": 2.0,
      "crowd_bias": {
        "flb": 0.0,
        "recency_fade": 0.0,
        "round_number_dampening": 0.92,
        "composite_logit_adjustment": 0.0
      },
      "oracle_divergence": 13.354979999989155,
      "edge_realization_ratio": 1.0
    }
  },
  "exit_reason": "resolution",
  "timestamp": "2026-04-17T01:04:54.620047+00:00"
}