{
  "position_id": 1103,
  "market_id": "btc-updown-5m-1776388500",
  "question": "Bitcoin Up or Down - April 16, 9:15PM-9:20PM ET",
  "side": "Down",
  "signal_score": 0.39465114966691284,
  "correct": false,
  "entry_price": 0.29,
  "exit_price": 0.26,
  "log_return": -0.03509131981126994,
  "size": 2.01,
  "pnl": -0.11894255172413759,
  "fees": 0.05051799999999993,
  "gain_pct": -0.059175,
  "weight_version": "weights_v001",
  "category": "crypto-5min",
  "indicator_snapshot": {
    "rsi": {
      "rsi": 40.29,
      "score": 0.1457,
      "norm_score": -0.2819840973056342
    },
    "macd": {
      "macd": -20.1897,
      "signal": -20.3568,
      "histogram": 0.1671,
      "score": 0.0061,
      "norm_score": 1.450229933459423
    },
    "stochastic": {
      "k": 66.51,
      "d": 66.51,
      "score": -0.1651,
      "norm_score": -1.1099900495896577
    },
    "ema": {
      "trend": "bearish",
      "fast_ema": 74905.45543168622,
      "slow_ema": 74918.07794376124
    },
    "obv": {
      "obv_slope": 0.0,
      "price_slope": 7.9033,
      "score": 0.0022,
      "norm_score": 1.5897989050198393
    },
    "vwap": {
      "vwap": 74958.89,
      "deviation": -0.713,
      "score": 0.2139,
      "norm_score": -0.8366403008980372
    },
    "atr": {
      "atr": 28.21,
      "passes": true,
      "reason": "ok"
    },
    "weights": {
      "rsi": 0.2,
      "macd": 0.25,
      "stochastic": 0.2,
      "obv": 0.15,
      "vwap": 0.2,
      "entry_threshold": 0.6
    },
    "trade_context": {
      "btc_price": 74947.15,
      "strike_price": 74910.49205,
      "seconds_remaining": 163.788021,
      "market_price_up": 0.69,
      "market_price_down": 0.3,
      "model_probability_raw": 0.39465114966691284,
      "model_probability": 0.39465114966691284,
      "edge": 0.09465114966691285,
      "momentum_score": 0.1553044295591658,
      "atr": 28.21,
      "size": 2.01,
      "flow_score": 0.0032,
      "flow_book_imbalance": 0.0886,
      "flow_trade_count": 200,
      "spot_flow_signal": 0.8553836931519336,
      "wall_pressure": 0.0,
      "iv_ratio": 1.5281303920030362,
      "prev_resolution_margin": 87.77000110108929,
      "bybit_perp_price": 74887.0,
      "funding_rate": 3.94e-06,
      "depth_usd_top20": 457354.79248660005,
      "entry_phase": "late",
      "flip_count": 0,
      "is_flip": false,
      "cvd_120s": 0.00541,
      "taker_ratio_60s": 1.0,
      "volume_surge": false,
      "liquidation_pressure": 0.011701291379046946,
      "gex_signal": 1.0,
      "gex_regime": "stabilizing",
      "cvd_acceleration": -0.00014755555555555556,
      "clob_velocity_up": 0.0,
      "clob_velocity_down": 0.0,
      "coinbase_btc": 74947.14,
      "regime_state": "neutral",
      "regime_kelly_mult": 1.0,
      "sprt_confidence": 0.0,
      "sprt_status": "SKIP",
      "signal_consensus": 0.6,
      "adverse_selection_30s": 0.625,
      "alpha_decay_rate": 0.001270090673244303,
      "garch_vol_ratio": 2.0,
      "crowd_bias": {
        "flb": 0.0114,
        "recency_fade": 0.0,
        "round_number_dampening": 0.96,
        "composite_logit_adjustment": 0.0114
      },
      "oracle_divergence": 15.483088912966195,
      "edge_realization_ratio": 1.0
    }
  },
  "exit_reason": "scalp",
  "timestamp": "2026-04-17T01:19:57.164820+00:00"
}