{
  "position_id": 1109,
  "market_id": "btc-updown-5m-1776390600",
  "question": "Bitcoin Up or Down - April 16, 9:50PM-9:55PM ET",
  "side": "Down",
  "signal_score": 0.6011822975280099,
  "correct": false,
  "entry_price": 0.4134808853118712,
  "exit_price": 0.34,
  "log_return": -0.13850725537164196,
  "size": 4.11,
  "pnl": -0.6101666750364965,
  "fees": 0.08417899999999995,
  "gain_pct": -0.148459,
  "weight_version": "weights_v001",
  "category": "crypto-5min",
  "indicator_snapshot": {
    "rsi": {
      "rsi": 22.64,
      "score": 0.4718,
      "norm_score": 1.6789449140992942
    },
    "macd": {
      "macd": -43.8377,
      "signal": -31.1571,
      "histogram": -12.6806,
      "score": -0.347,
      "norm_score": -2.8411834749357197
    },
    "stochastic": {
      "k": 0.0,
      "d": 0.0,
      "score": 1.0,
      "norm_score": 2.6420807226940393
    },
    "ema": {
      "trend": "bearish",
      "fast_ema": 74638.2415403648,
      "slow_ema": 74683.05755545938
    },
    "obv": {
      "obv_slope": -0.0,
      "price_slope": -40.4767,
      "score": -0.0001,
      "norm_score": -0.5765032243708242
    },
    "vwap": {
      "vwap": 74933.2,
      "deviation": -3.7963,
      "score": 1.0,
      "norm_score": 2.9739348546572795
    },
    "atr": {
      "atr": 34.96,
      "passes": true,
      "reason": "ok"
    },
    "weights": {
      "rsi": 0.2,
      "macd": 0.25,
      "stochastic": 0.2,
      "obv": 0.15,
      "vwap": 0.2,
      "entry_threshold": 0.6
    },
    "trade_context": {
      "btc_price": 74612.03,
      "strike_price": 74619.72299827146,
      "seconds_remaining": 294.909718,
      "market_price_up": 0.53,
      "market_price_down": 0.46,
      "model_probability_raw": 0.6011822975280099,
      "model_probability": 0.6011822975280099,
      "edge": 0.14118229752800987,
      "momentum_score": 0.6622207459005691,
      "atr": 34.96,
      "size": 4.11,
      "flow_score": -0.1932,
      "flow_book_imbalance": 0.1319,
      "flow_trade_count": 49,
      "spot_flow_signal": -0.7204623255062315,
      "wall_pressure": 0.0,
      "iv_ratio": 1.240521470287288,
      "prev_resolution_margin": -215.46360095332784,
      "bybit_perp_price": 74541.4,
      "funding_rate": -1.557e-05,
      "depth_usd_top20": 380150.01643599995,
      "entry_phase": "normal",
      "flip_count": 0,
      "is_flip": false,
      "cvd_120s": -0.00021999999999999998,
      "taker_ratio_60s": 0.0,
      "volume_surge": false,
      "liquidation_pressure": 0.0396809723808909,
      "gex_signal": 1.0,
      "gex_regime": "stabilizing",
      "cvd_acceleration": -1.4666666666666665e-05,
      "clob_velocity_up": -0.00815077015697355,
      "clob_velocity_down": 0.008150770156973505,
      "coinbase_btc": 74612.03,
      "regime_state": "neutral",
      "regime_kelly_mult": 1.0,
      "sprt_confidence": 0.060710452304220446,
      "sprt_status": "ACCUMULATING",
      "signal_consensus": 1.3,
      "adverse_selection_30s": 0.6052631578947368,
      "alpha_decay_rate": 0.0,
      "garch_vol_ratio": 2.0,
      "crowd_bias": {
        "flb": 0.0,
        "recency_fade": 0.0,
        "round_number_dampening": 1.0,
        "composite_logit_adjustment": 0.0
      },
      "oracle_divergence": 3.2803178718459094,
      "edge_realization_ratio": 1.0
    }
  },
  "exit_reason": "scalp",
  "timestamp": "2026-04-17T01:54:53.946406+00:00"
}