{
  "position_id": 1114,
  "market_id": "btc-updown-5m-1776392100",
  "question": "Bitcoin Up or Down - April 16, 10:15PM-10:20PM ET",
  "side": "Up",
  "signal_score": 0.39302091376773973,
  "correct": false,
  "entry_price": 0.27,
  "exit_price": 0.0,
  "log_return": -10.0,
  "size": 2.4,
  "pnl": -2.4,
  "fees": 0.031535999999999884,
  "gain_pct": -1.0,
  "weight_version": "weights_v001",
  "category": "crypto-5min",
  "indicator_snapshot": {
    "rsi": {
      "rsi": 74.63,
      "score": -0.408,
      "norm_score": -1.0482371972624271
    },
    "macd": {
      "macd": -0.1366,
      "signal": -2.1557,
      "histogram": 2.0191,
      "score": 0.1064,
      "norm_score": 1.0545376120178027
    },
    "stochastic": {
      "k": 100.0,
      "d": 100.0,
      "score": -1.0,
      "norm_score": -1.278662609911816
    },
    "ema": {
      "trend": "chop",
      "fast_ema": 74731.40956288176,
      "slow_ema": 74729.17083607892
    },
    "obv": {
      "obv_slope": 0.0,
      "price_slope": 3.0133,
      "score": 0.0003,
      "norm_score": 1.744115698805323
    },
    "vwap": {
      "vwap": 74921.49,
      "deviation": -1.4362,
      "score": 0.4309,
      "norm_score": -0.863358422167177
    },
    "atr": {
      "atr": 30.28,
      "passes": true,
      "reason": "ok"
    },
    "weights": {
      "rsi": 0.2,
      "macd": 0.25,
      "stochastic": 0.2,
      "obv": 0.15,
      "vwap": 0.2,
      "entry_threshold": 0.6
    },
    "trade_context": {
      "btc_price": 74715.12,
      "strike_price": 74729.0,
      "seconds_remaining": 236.130166,
      "market_price_up": 0.28,
      "market_price_down": 0.71,
      "model_probability_raw": 0.39302091376773973,
      "model_probability": 0.39302091376773973,
      "edge": 0.1130209137677397,
      "momentum_score": -0.11279988804303487,
      "atr": 30.28,
      "size": 2.4,
      "flow_score": -0.1284,
      "flow_book_imbalance": -0.0932,
      "flow_trade_count": 200,
      "spot_flow_signal": 0.7973619972440352,
      "wall_pressure": 0.0,
      "iv_ratio": 1.4342322391037625,
      "prev_resolution_margin": -125.41841995442519,
      "bybit_perp_price": 74641.1,
      "funding_rate": -2.388e-05,
      "depth_usd_top20": 363254.2176005,
      "entry_phase": "normal",
      "flip_count": 0,
      "is_flip": false,
      "cvd_120s": 0.00091,
      "taker_ratio_60s": 0.9610389610389609,
      "volume_surge": false,
      "liquidation_pressure": -0.005753690479550811,
      "gex_signal": 1.0,
      "gex_regime": "stabilizing",
      "cvd_acceleration": -1.577777777777778e-05,
      "clob_velocity_up": -0.030107226789900694,
      "clob_velocity_down": 0.030107226789900694,
      "coinbase_btc": 74715.12,
      "regime_state": "neutral",
      "regime_kelly_mult": 1.0,
      "sprt_confidence": 0.0,
      "sprt_status": "SKIP",
      "signal_consensus": 0.8,
      "adverse_selection_30s": 0.5581395348837209,
      "alpha_decay_rate": 0.0012049096767302269,
      "garch_vol_ratio": 2.0,
      "crowd_bias": {
        "flb": -0.0132,
        "recency_fade": 0.0,
        "round_number_dampening": 1.0,
        "composite_logit_adjustment": -0.0132
      },
      "oracle_divergence": 0.3040000000037253,
      "edge_realization_ratio": 1.0
    }
  },
  "exit_reason": "resolution",
  "timestamp": "2026-04-17T02:22:08.577788+00:00"
}