{
  "position_id": 11196,
  "market_id": "btc-updown-5m-1779889800",
  "question": "Bitcoin Up or Down - May 27, 9:50AM-9:55AM ET",
  "side": "Down",
  "signal_score": 0.5820215291028176,
  "correct": false,
  "entry_price": 0.47,
  "exit_price": 0.0,
  "log_return": -10.0,
  "size": 1.33,
  "pnl": -1.33,
  "fees": 0.01268800000000001,
  "gain_pct": -1.0,
  "realized_edge": 0.112,
  "fill_slippage": 0.0,
  "indicator_snapshot": {
    "rsi": {
      "rsi": 50.07,
      "score": -0.0011,
      "norm_score": 0.30143964042576815
    },
    "macd": {
      "macd": -42.2731,
      "signal": -54.9946,
      "histogram": 12.7215,
      "score": 0.2728,
      "norm_score": 0.161670356619708
    },
    "stochastic": {
      "k": 49.11,
      "d": 71.03,
      "score": 0.0089,
      "norm_score": 0.5756657217616287
    },
    "ema": {
      "trend": "bearish",
      "fast_ema": 74940.8812576394,
      "slow_ema": 74950.59443746683
    },
    "obv": {
      "obv_slope": -13.3,
      "price_slope": 2.7867,
      "score": -0.465,
      "norm_score": -0.8444929490988474
    },
    "vwap": {
      "vwap": 75432.36,
      "deviation": -1.2508,
      "score": 0.3752,
      "norm_score": -0.031391312163531505
    },
    "atr": {
      "atr": 84.86,
      "passes": true,
      "reason": "ok"
    },
    "weights": {
      "rsi": 0.2,
      "macd": 0.3,
      "stochastic": 0.15,
      "obv": 0.15,
      "vwap": 0.2
    },
    "trade_context": {
      "btc_price": 74765.55,
      "strike_price": 74790.90688661039,
      "seconds_remaining": 299.928923,
      "market_price_up": 0.54,
      "market_price_down": 0.47,
      "closes_tail": [
        74984.95,
        74928.93
      ],
      "model_probability": 0.5820215291028176,
      "model_probability_raw": 0.5820215291028176,
      "edge": 0.1120215291028176,
      "atr": 84.86,
      "size": 1.33,
      "prev_resolution_margin": -292.3076699936355,
      "flow_score": -0.1541,
      "spot_flow_signal": 0.24569530939183873,
      "liquidation_pressure": 0.0,
      "regime_state": "neutral",
      "regime_autocorr": -0.1104,
      "regime_direction": -1.0,
      "entry_phase": "normal",
      "flip_count": 0,
      "is_flip": false,
      "depth_usd_top20": 951422.4980993002,
      "sprt_confidence": 0.05255356505463349,
      "sprt_status": "ACCUMULATING",
      "adverse_rate_at_30s": 0.5294117647058824,
      "calibrator_hash": "identity",
      "token_id_up": "67025362190981801380406113906464417736943222481504097881303379112688285363793",
      "token_id_down": "96052667207079290385483579811739918072639005641258415095600131485553028936493"
    }
  },
  "exit_reason": "resolution",
  "seconds_remaining_at_exit": 0.0,
  "edge_decay": {
    "midprice_at_fill": 0.505,
    "deltas": {
      "5s": null,
      "10s": null,
      "15s": null,
      "30s": null,
      "60s": null
    },
    "resolved_windows": 0
  },
  "exit_timestamp": "2026-05-27T14:01:09.523050+00:00",
  "timestamp": "2026-05-27T14:01:09.523050+00:00"
}