{
  "position_id": 11202,
  "market_id": "btc-updown-5m-1779891900",
  "question": "Bitcoin Up or Down - May 27, 10:25AM-10:30AM ET",
  "side": "Down",
  "signal_score": 0.6536717811750803,
  "correct": false,
  "entry_price": 0.45999999999999996,
  "exit_price": 0.36,
  "log_return": -0.24512245803298496,
  "size": 4.12,
  "pnl": -0.984291070347826,
  "fees": 0.10310970099999966,
  "gain_pct": -0.238906,
  "realized_edge": 0.1937,
  "fill_slippage": -0.0,
  "indicator_snapshot": {
    "rsi": {
      "rsi": 4.72,
      "score": 0.8898,
      "norm_score": 0.6374111121558619
    },
    "macd": {
      "macd": -56.8231,
      "signal": -44.5659,
      "histogram": -12.2572,
      "score": -0.2143,
      "norm_score": 0.33777013072675616
    },
    "stochastic": {
      "k": 4.83,
      "d": 2.42,
      "score": 0.8309,
      "norm_score": 0.2988883835081643
    },
    "ema": {
      "trend": "bearish",
      "fast_ema": 74900.09662467251,
      "slow_ema": 74951.81176207591
    },
    "obv": {
      "obv_slope": -4.42,
      "price_slope": -13.2633,
      "score": -0.8156,
      "norm_score": 0.07390995191062574
    },
    "vwap": {
      "vwap": 75276.73,
      "deviation": -1.0866,
      "score": 0.326,
      "norm_score": 0.6901134198520263
    },
    "atr": {
      "atr": 59.83,
      "passes": true,
      "reason": "ok"
    },
    "weights": {
      "rsi": 0.2,
      "macd": 0.3,
      "stochastic": 0.15,
      "obv": 0.15,
      "vwap": 0.2
    },
    "trade_context": {
      "btc_price": 74738.03,
      "strike_price": 74755.06389782055,
      "seconds_remaining": 297.385068,
      "market_price_up": 0.55,
      "market_price_down": 0.46,
      "closes_tail": [
        74880.0,
        74885.75
      ],
      "model_probability": 0.6536717811750803,
      "model_probability_raw": 0.6536717811750803,
      "edge": 0.19367178117508027,
      "atr": 59.83,
      "size": 4.12,
      "prev_resolution_margin": -201.89141773428128,
      "flow_score": 0.2939,
      "spot_flow_signal": -0.754916556734423,
      "liquidation_pressure": 0.006585237967421316,
      "regime_state": "neutral",
      "regime_autocorr": 0.0465,
      "regime_direction": 1.0,
      "entry_phase": "normal",
      "flip_count": 0,
      "is_flip": false,
      "depth_usd_top20": 408766.76575950015,
      "sprt_confidence": 0.11408815294115371,
      "sprt_status": "ACCUMULATING",
      "adverse_rate_at_30s": 0.6,
      "calibrator_hash": "identity",
      "token_id_up": "92098400592612127696621506934107698549945459950341847889034787330176431999613",
      "token_id_down": "85995656575755232719296615700877465881740062381798559745972967691791724233627"
    }
  },
  "exit_reason": "scalp",
  "seconds_remaining_at_exit": 231.609705,
  "edge_decay": {
    "midprice_at_fill": 0.505,
    "deltas": {
      "5s": 0.09,
      "10s": 0.08,
      "15s": 0.1,
      "30s": 0.17,
      "60s": 0.1
    },
    "resolved_windows": 5
  },
  "exit_timestamp": "2026-05-27T14:26:09.298416+00:00",
  "timestamp": "2026-05-27T14:26:09.298416+00:00"
}