{
  "position_id": 11223,
  "market_id": "btc-updown-5m-1779895200",
  "question": "Bitcoin Up or Down - May 27, 11:20AM-11:25AM ET",
  "side": "Up",
  "signal_score": 0.8700201519086063,
  "correct": false,
  "entry_price": 0.77,
  "exit_price": 0.7746564911827013,
  "log_return": 0.006029179063369995,
  "size": 5.31,
  "pnl": -0.046023264909090145,
  "fees": 0.0777941104999995,
  "gain_pct": -0.008667,
  "realized_edge": 0.1,
  "fill_slippage": 0.0,
  "indicator_snapshot": {
    "rsi": {
      "rsi": 93.28,
      "score": -0.8432,
      "norm_score": -1.0437942018401616
    },
    "macd": {
      "macd": 56.3149,
      "signal": 46.3118,
      "histogram": 10.0031,
      "score": 0.2223,
      "norm_score": 0.6308860942383513
    },
    "stochastic": {
      "k": 95.86,
      "d": 90.55,
      "score": -0.8552,
      "norm_score": -0.6583885947451686
    },
    "ema": {
      "trend": "bullish",
      "fast_ema": 75246.21319840828,
      "slow_ema": 75197.05593598488
    },
    "obv": {
      "obv_slope": -1.32,
      "price_slope": 15.65,
      "score": -0.2849,
      "norm_score": -1.2372521313435654
    },
    "vwap": {
      "vwap": 75171.79,
      "deviation": 0.3568,
      "score": -0.107,
      "norm_score": -1.6662719139095883
    },
    "atr": {
      "atr": 44.98,
      "passes": true,
      "reason": "ok"
    },
    "weights": {
      "rsi": 0.2,
      "macd": 0.3,
      "stochastic": 0.15,
      "obv": 0.15,
      "vwap": 0.2
    },
    "trade_context": {
      "btc_price": 75145.8,
      "strike_price": 75080.2550342832,
      "seconds_remaining": 272.222332,
      "market_price_up": 0.77,
      "market_price_down": 0.24,
      "closes_tail": [
        75221.08,
        75280.96
      ],
      "model_probability": 0.8700201519086063,
      "model_probability_raw": 0.8700201519086063,
      "edge": 0.10002015190860625,
      "atr": 44.98,
      "size": 5.31,
      "prev_resolution_margin": 98.5516837601026,
      "flow_score": -0.2799,
      "spot_flow_signal": 0.745975795715227,
      "liquidation_pressure": 0.016534328047780218,
      "regime_state": "neutral",
      "regime_autocorr": -0.212,
      "regime_direction": 1.0,
      "entry_phase": "normal",
      "flip_count": 0,
      "is_flip": false,
      "depth_usd_top20": 703850.0780983,
      "sprt_confidence": 0.18196094293589185,
      "sprt_status": "ACCUMULATING",
      "adverse_rate_at_30s": 0.5263157894736842,
      "calibrator_hash": "identity",
      "token_id_up": "68892834348729472944181435392362307947057847199861628694041544741778932865927",
      "token_id_down": "114693423871454063849667976653150034322988505280850534165020932092737693383423"
    }
  },
  "exit_reason": "scalp",
  "seconds_remaining_at_exit": 261.755547,
  "edge_decay": {
    "midprice_at_fill": 0.505,
    "deltas": {
      "5s": 0.26,
      "10s": null,
      "15s": null,
      "30s": null,
      "60s": null
    },
    "resolved_windows": 1
  },
  "exit_timestamp": "2026-05-27T15:20:38.868578+00:00",
  "timestamp": "2026-05-27T15:20:38.868578+00:00"
}