{
  "position_id": 11231,
  "market_id": "btc-updown-5m-1779895500",
  "question": "Bitcoin Up or Down - May 27, 11:25AM-11:30AM ET",
  "side": "Up",
  "signal_score": 0.6243341468891492,
  "correct": true,
  "entry_price": 0.51,
  "exit_price": 0.55,
  "log_return": 0.0755075525081453,
  "size": 3.09,
  "pnl": 0.16491212362745156,
  "fees": 0.07374184899999986,
  "gain_pct": 0.05337,
  "realized_edge": 0.1143,
  "fill_slippage": 0.0,
  "indicator_snapshot": {
    "rsi": {
      "rsi": 33.85,
      "score": 0.2422,
      "norm_score": 2.0523745838419876
    },
    "macd": {
      "macd": 43.3622,
      "signal": 50.2065,
      "histogram": -6.8443,
      "score": -0.161,
      "norm_score": -0.41521574856367
    },
    "stochastic": {
      "k": 51.56,
      "d": 50.11,
      "score": -0.0156,
      "norm_score": 0.26136913981554183
    },
    "ema": {
      "trend": "bullish",
      "fast_ema": 75339.20734023127,
      "slow_ema": 75320.52683903908
    },
    "obv": {
      "obv_slope": 1.89,
      "price_slope": 16.84,
      "score": 0.654,
      "norm_score": 1.5856767408870176
    },
    "vwap": {
      "vwap": 75169.8,
      "deviation": 0.6052,
      "score": -0.1816,
      "norm_score": -0.7834457263007347
    },
    "atr": {
      "atr": 54.88,
      "passes": true,
      "reason": "ok"
    },
    "weights": {
      "rsi": 0.2,
      "macd": 0.3,
      "stochastic": 0.15,
      "obv": 0.15,
      "vwap": 0.2
    },
    "trade_context": {
      "btc_price": 75223.39,
      "strike_price": 75218.89476366348,
      "seconds_remaining": 45.485366,
      "market_price_up": 0.51,
      "market_price_down": 0.5,
      "closes_tail": [
        75325.84,
        75350.53
      ],
      "model_probability": 0.6243341468891492,
      "model_probability_raw": 0.6243341468891492,
      "edge": 0.11433414688914922,
      "atr": 54.88,
      "size": 3.09,
      "prev_resolution_margin": 98.5516837601026,
      "flow_score": 0.017,
      "spot_flow_signal": 0.3469044579717316,
      "liquidation_pressure": 0.0,
      "regime_state": "neutral",
      "regime_autocorr": -0.2287,
      "regime_direction": 1.0,
      "entry_phase": "late",
      "flip_count": 5,
      "is_flip": true,
      "depth_usd_top20": 572999.8754179,
      "sprt_confidence": 0.520869060931191,
      "sprt_status": "ACCUMULATING",
      "adverse_rate_at_30s": 0.5384615384615384,
      "calibrator_hash": "identity",
      "token_id_up": "69642280935266782620036899315924877565922742726155043706404458961523737778460",
      "token_id_down": "21205253183834786153811899883354059474390506740563317525155991396193749460490"
    }
  },
  "exit_reason": "scalp",
  "seconds_remaining_at_exit": 41.466586,
  "edge_decay": {
    "midprice_at_fill": 0.505,
    "deltas": {
      "5s": null,
      "10s": null,
      "15s": null,
      "30s": null,
      "60s": null
    },
    "resolved_windows": 0
  },
  "exit_timestamp": "2026-05-27T15:29:20.100898+00:00",
  "timestamp": "2026-05-27T15:29:20.100898+00:00"
}