{
  "position_id": 11238,
  "market_id": "btc-updown-5m-1779896700",
  "question": "Bitcoin Up or Down - May 27, 11:45AM-11:50AM ET",
  "side": "Up",
  "signal_score": 0.7465760307238519,
  "correct": true,
  "entry_price": 0.69,
  "exit_price": 0.74,
  "log_return": 0.06995858860691047,
  "size": 2.18,
  "pnl": 0.11900354904347843,
  "fees": 0.03706493399999978,
  "gain_pct": 0.054589,
  "realized_edge": 0.0566,
  "fill_slippage": 0.0,
  "indicator_snapshot": {
    "rsi": {
      "rsi": 20.28,
      "score": 0.5268,
      "norm_score": -0.12680961037551144
    },
    "macd": {
      "macd": -52.6582,
      "signal": -36.918,
      "histogram": -15.7401,
      "score": -0.2976,
      "norm_score": 1.250536664182463
    },
    "stochastic": {
      "k": 35.48,
      "d": 24.14,
      "score": 0.1452,
      "norm_score": -1.1103267693653298
    },
    "ema": {
      "trend": "bearish",
      "fast_ema": 75257.68278621428,
      "slow_ema": 75312.07312598065
    },
    "obv": {
      "obv_slope": 2.59,
      "price_slope": -0.6667,
      "score": 0.3607,
      "norm_score": 1.4290983408711697
    },
    "vwap": {
      "vwap": 75130.46,
      "deviation": 0.5329,
      "score": -0.1599,
      "norm_score": 0.04038601379009508
    },
    "atr": {
      "atr": 63.88,
      "passes": true,
      "reason": "ok"
    },
    "weights": {
      "rsi": 0.2,
      "macd": 0.3,
      "stochastic": 0.15,
      "obv": 0.15,
      "vwap": 0.2
    },
    "trade_context": {
      "btc_price": 75112.23,
      "strike_price": 75071.38960043648,
      "seconds_remaining": 265.049195,
      "market_price_up": 0.69,
      "market_price_down": 0.32,
      "closes_tail": [
        75202.01,
        75260.01
      ],
      "model_probability": 0.7465760307238519,
      "model_probability_raw": 0.7465760307238519,
      "edge": 0.05657603072385198,
      "atr": 63.88,
      "size": 2.18,
      "prev_resolution_margin": 98.5516837601026,
      "flow_score": -0.104,
      "spot_flow_signal": 0.5861672279108526,
      "liquidation_pressure": 0.0,
      "regime_state": "volatile",
      "regime_autocorr": -0.1597,
      "regime_direction": 1.0,
      "entry_phase": "normal",
      "flip_count": 2,
      "is_flip": true,
      "depth_usd_top20": 485774.4865121,
      "sprt_confidence": 0.13010634100692794,
      "sprt_status": "ACCUMULATING",
      "adverse_rate_at_30s": 0.4583333333333333,
      "calibrator_hash": "identity",
      "token_id_up": "39436748544559935639474630782571230626116968028118448801644751029574210595535",
      "token_id_down": "46640492690998677715587189254157714633979578741356562655909642115061672183825"
    }
  },
  "exit_reason": "scalp",
  "seconds_remaining_at_exit": 239.826505,
  "edge_decay": {
    "midprice_at_fill": 0.505,
    "deltas": {
      "5s": 0.19,
      "10s": 0.19,
      "15s": 0.21,
      "30s": null,
      "60s": null
    },
    "resolved_windows": 3
  },
  "exit_timestamp": "2026-05-27T15:46:01.062683+00:00",
  "timestamp": "2026-05-27T15:46:01.062683+00:00"
}