{
  "position_id": 11242,
  "market_id": "btc-updown-5m-1779897000",
  "question": "Bitcoin Up or Down - May 27, 11:50AM-11:55AM ET",
  "side": "Up",
  "signal_score": 0.7465664637408429,
  "correct": false,
  "entry_price": 0.67,
  "exit_price": 0.68,
  "log_return": 0.014815085785140682,
  "size": 3.67,
  "pnl": -0.012605483582089239,
  "fees": 0.06670229999999948,
  "gain_pct": -0.003435,
  "realized_edge": 0.0766,
  "fill_slippage": 0.0,
  "indicator_snapshot": {
    "rsi": {
      "rsi": 100.0,
      "score": -1.0,
      "norm_score": -1.0077729270388256
    },
    "macd": {
      "macd": -0.1718,
      "signal": -14.5362,
      "histogram": 14.3644,
      "score": 0.315,
      "norm_score": 1.2545473077514968
    },
    "stochastic": {
      "k": 100.0,
      "d": 94.77,
      "score": -1.0,
      "norm_score": -0.9355156398072936
    },
    "ema": {
      "trend": "bullish",
      "fast_ema": 75347.1728995692,
      "slow_ema": 75329.19531472959
    },
    "obv": {
      "obv_slope": 9.69,
      "price_slope": 19.1333,
      "score": 0.9065,
      "norm_score": 0.6304476817518964
    },
    "vwap": {
      "vwap": 75123.48,
      "deviation": 1.1017,
      "score": -0.3305,
      "norm_score": -1.8661888136083136
    },
    "atr": {
      "atr": 54.01,
      "passes": true,
      "reason": "ok"
    },
    "weights": {
      "rsi": 0.2,
      "macd": 0.3,
      "stochastic": 0.15,
      "obv": 0.15,
      "vwap": 0.2
    },
    "trade_context": {
      "btc_price": 75245.0,
      "strike_price": 75210.8250945206,
      "seconds_remaining": 282.56401,
      "market_price_up": 0.67,
      "market_price_down": 0.34,
      "closes_tail": [
        75338.0,
        75373.4
      ],
      "model_probability": 0.7465664637408429,
      "model_probability_raw": 0.7465664637408429,
      "edge": 0.07656646374084286,
      "atr": 54.01,
      "size": 3.67,
      "prev_resolution_margin": 98.5516837601026,
      "flow_score": 0.2948,
      "spot_flow_signal": 0.7424504922247044,
      "liquidation_pressure": 0.0012546321279602263,
      "regime_state": "neutral",
      "regime_autocorr": -0.1373,
      "regime_direction": 1.0,
      "entry_phase": "normal",
      "flip_count": 1,
      "is_flip": true,
      "depth_usd_top20": 454454.7831903,
      "sprt_confidence": 0.06645926271765831,
      "sprt_status": "ACCUMULATING",
      "adverse_rate_at_30s": 0.39285714285714285,
      "calibrator_hash": "identity",
      "token_id_up": "68344145980528115093686640043534392658192041100866476461692514105801052424408",
      "token_id_down": "12763006303299288733071264692261735337518937680439543780390480804073846403625"
    }
  },
  "exit_reason": "scalp",
  "seconds_remaining_at_exit": 277.948705,
  "edge_decay": {
    "midprice_at_fill": 0.505,
    "deltas": {
      "5s": null,
      "10s": null,
      "15s": null,
      "30s": null,
      "60s": null
    },
    "resolved_windows": 0
  },
  "exit_timestamp": "2026-05-27T15:50:22.789030+00:00",
  "timestamp": "2026-05-27T15:50:22.789030+00:00"
}