{
  "position_id": 11259,
  "market_id": "btc-updown-5m-1779901500",
  "question": "Bitcoin Up or Down - May 27, 1:05PM-1:10PM ET",
  "side": "Down",
  "signal_score": 0.6136351812877854,
  "correct": true,
  "entry_price": 0.55,
  "exit_price": 0.57,
  "log_return": 0.03571808260207903,
  "size": 1.63,
  "pnl": 0.02181328566363616,
  "fees": 0.03659718049999995,
  "gain_pct": 0.013382,
  "realized_edge": 0.0636,
  "fill_slippage": 0.0,
  "indicator_snapshot": {
    "rsi": {
      "rsi": 56.12,
      "score": -0.0918,
      "norm_score": -0.40148779242787996
    },
    "macd": {
      "macd": 25.2628,
      "signal": 21.6204,
      "histogram": 3.6424,
      "score": 0.1404,
      "norm_score": 0.8827336194196287
    },
    "stochastic": {
      "k": 93.43,
      "d": 92.65,
      "score": -0.7699,
      "norm_score": -0.7671415966224147
    },
    "ema": {
      "trend": "bullish",
      "fast_ema": 75310.18108579188,
      "slow_ema": 75289.42444502715
    },
    "obv": {
      "obv_slope": 12.74,
      "price_slope": 25.7733,
      "score": 0.9272,
      "norm_score": 0.6469348687346969
    },
    "vwap": {
      "vwap": 75087.55,
      "deviation": 1.6442,
      "score": -0.4933,
      "norm_score": -0.7362141797759958
    },
    "atr": {
      "atr": 47.83,
      "passes": true,
      "reason": "ok"
    },
    "weights": {
      "rsi": 0.2,
      "macd": 0.3,
      "stochastic": 0.15,
      "obv": 0.15,
      "vwap": 0.2
    },
    "trade_context": {
      "btc_price": 75183.17,
      "strike_price": 75201.12170592812,
      "seconds_remaining": 297.592005,
      "market_price_up": 0.46,
      "market_price_down": 0.55,
      "closes_tail": [
        75319.33,
        75333.32
      ],
      "model_probability": 0.6136351812877854,
      "model_probability_raw": 0.6136351812877854,
      "edge": 0.06363518128778534,
      "atr": 47.83,
      "size": 1.63,
      "prev_resolution_margin": 98.5516837601026,
      "flow_score": -0.33,
      "spot_flow_signal": -0.18728208159955512,
      "liquidation_pressure": -0.004053834471386854,
      "regime_state": "neutral",
      "regime_autocorr": -0.0117,
      "regime_direction": 1.0,
      "entry_phase": "normal",
      "flip_count": 0,
      "is_flip": false,
      "depth_usd_top20": 1060229.0022751,
      "sprt_confidence": 0.0,
      "sprt_status": "ACCUMULATING",
      "adverse_rate_at_30s": 0.4666666666666667,
      "calibrator_hash": "identity",
      "token_id_up": "51114050803256156784300270097942824095120053432837817321496028398238187718313",
      "token_id_down": "37723855144021126083249919424677134616484160199241205716342149987039736113859"
    }
  },
  "exit_reason": "scalp",
  "seconds_remaining_at_exit": 278.858133,
  "edge_decay": {
    "midprice_at_fill": 0.505,
    "deltas": {
      "5s": -0.06,
      "10s": -0.0,
      "15s": -0.03,
      "30s": null,
      "60s": null
    },
    "resolved_windows": 3
  },
  "exit_timestamp": "2026-05-27T17:05:21.888410+00:00",
  "timestamp": "2026-05-27T17:05:21.888410+00:00"
}