{
  "position_id": 11265,
  "market_id": "btc-updown-5m-1779902100",
  "question": "Bitcoin Up or Down - May 27, 1:15PM-1:20PM ET",
  "side": "Down",
  "signal_score": 0.7121950617473431,
  "correct": true,
  "entry_price": 0.65,
  "exit_price": 0.68,
  "log_return": 0.04512043528046964,
  "size": 1.21,
  "pnl": 0.03249715947692322,
  "fees": 0.022636450499999936,
  "gain_pct": 0.026857,
  "realized_edge": 0.0622,
  "fill_slippage": 0.0,
  "indicator_snapshot": {
    "rsi": {
      "rsi": 0.0,
      "score": 1.0,
      "norm_score": 1.2557408237859935
    },
    "macd": {
      "macd": -93.8973,
      "signal": -83.9141,
      "histogram": -9.9832,
      "score": -0.1274,
      "norm_score": 0.8867117253977826
    },
    "stochastic": {
      "k": 3.05,
      "d": 3.5,
      "score": 0.8931,
      "norm_score": 0.3659839734356327
    },
    "ema": {
      "trend": "bearish",
      "fast_ema": 74967.38498588174,
      "slow_ema": 75040.86745109451
    },
    "obv": {
      "obv_slope": -7.33,
      "price_slope": -14.21,
      "score": -0.88,
      "norm_score": -0.1987717664175818
    },
    "vwap": {
      "vwap": 75107.83,
      "deviation": -1.1046,
      "score": 0.3314,
      "norm_score": 0.8580524813020631
    },
    "atr": {
      "atr": 49.49,
      "passes": true,
      "reason": "ok"
    },
    "weights": {
      "rsi": 0.2,
      "macd": 0.3,
      "stochastic": 0.15,
      "obv": 0.15,
      "vwap": 0.2
    },
    "trade_context": {
      "btc_price": 74790.22,
      "strike_price": 74838.36051205333,
      "seconds_remaining": 268.945532,
      "market_price_up": 0.36,
      "market_price_down": 0.65,
      "closes_tail": [
        74968.25,
        74941.6
      ],
      "model_probability": 0.7121950617473431,
      "model_probability_raw": 0.7121950617473431,
      "edge": 0.06219506174734313,
      "atr": 49.49,
      "size": 1.21,
      "prev_resolution_margin": 98.5516837601026,
      "flow_score": 0.1426,
      "spot_flow_signal": 0.4648648370818151,
      "liquidation_pressure": 0.0,
      "regime_state": "neutral",
      "regime_autocorr": 0.1454,
      "regime_direction": -1.0,
      "entry_phase": "normal",
      "flip_count": 0,
      "is_flip": false,
      "depth_usd_top20": 865667.6786104998,
      "sprt_confidence": 0.10736624724168624,
      "sprt_status": "ACCUMULATING",
      "adverse_rate_at_30s": 0.5294117647058824,
      "calibrator_hash": "identity",
      "token_id_up": "102165642634446331945026316686513441113592157785361535100897373263848961001231",
      "token_id_down": "109515776072583386145506637598988076366140743772054004354200512178384585746721"
    }
  },
  "exit_reason": "scalp",
  "seconds_remaining_at_exit": 263.006546,
  "edge_decay": {
    "midprice_at_fill": 0.505,
    "deltas": {
      "5s": null,
      "10s": null,
      "15s": null,
      "30s": null,
      "60s": null
    },
    "resolved_windows": 0
  },
  "exit_timestamp": "2026-05-27T17:15:38.375680+00:00",
  "timestamp": "2026-05-27T17:15:38.375680+00:00"
}