{
  "position_id": 11279,
  "market_id": "btc-updown-5m-1779904200",
  "question": "Bitcoin Up or Down - May 27, 1:50PM-1:55PM ET",
  "side": "Down",
  "signal_score": 0.6201118211869766,
  "correct": false,
  "entry_price": 0.53,
  "exit_price": 0.3,
  "log_return": -0.5690945318899665,
  "size": 2.74,
  "pnl": -1.2314242056603772,
  "fees": 0.06009032999999961,
  "gain_pct": -0.449425,
  "realized_edge": 0.0901,
  "fill_slippage": -0.01,
  "indicator_snapshot": {
    "rsi": {
      "rsi": 36.18,
      "score": 0.2073,
      "norm_score": 1.3182123913201218
    },
    "macd": {
      "macd": -6.2781,
      "signal": -9.5918,
      "histogram": 3.3137,
      "score": 0.127,
      "norm_score": 0.6280145598650538
    },
    "stochastic": {
      "k": 65.96,
      "d": 65.9,
      "score": -0.1596,
      "norm_score": -0.29804756015944045
    },
    "ema": {
      "trend": "chop",
      "fast_ema": 74933.00108992777,
      "slow_ema": 74932.57500641147
    },
    "obv": {
      "obv_slope": -1.56,
      "price_slope": -0.0033,
      "score": -0.6099,
      "norm_score": -1.6064044765622838
    },
    "vwap": {
      "vwap": 75107.83,
      "deviation": -1.1376,
      "score": 0.3413,
      "norm_score": -0.24070303806362783
    },
    "atr": {
      "atr": 37.61,
      "passes": true,
      "reason": "ok"
    },
    "weights": {
      "rsi": 0.2,
      "macd": 0.3,
      "stochastic": 0.15,
      "obv": 0.15,
      "vwap": 0.2
    },
    "trade_context": {
      "btc_price": 74790.94,
      "strike_price": 74803.93036753131,
      "seconds_remaining": 223.794348,
      "market_price_up": 0.47,
      "market_price_down": 0.54,
      "closes_tail": [
        74934.0,
        74934.0
      ],
      "model_probability": 0.6201118211869766,
      "model_probability_raw": 0.6201118211869766,
      "edge": 0.08011182118697657,
      "atr": 37.61,
      "size": 2.74,
      "prev_resolution_margin": 98.5516837601026,
      "flow_score": -0.1662,
      "spot_flow_signal": -0.2691321120592775,
      "liquidation_pressure": 0.0,
      "regime_state": "neutral",
      "regime_autocorr": 0.04,
      "regime_direction": 0.0,
      "entry_phase": "normal",
      "flip_count": 1,
      "is_flip": true,
      "depth_usd_top20": 406601.1619791998,
      "sprt_confidence": 0.16039408902777355,
      "sprt_status": "ACCUMULATING",
      "adverse_rate_at_30s": 0.5625,
      "calibrator_hash": "identity",
      "token_id_up": "50902141371345889809513737022827265126555587973512096804502960153450635034331",
      "token_id_down": "7927195777970301961021026654309960012879925507078502567069833275940541264232"
    }
  },
  "exit_reason": "scalp",
  "seconds_remaining_at_exit": 164.283174,
  "edge_decay": {
    "midprice_at_fill": 0.505,
    "deltas": {
      "5s": -0.08,
      "10s": -0.18,
      "15s": -0.16,
      "30s": 0.05,
      "60s": null
    },
    "resolved_windows": 4
  },
  "exit_timestamp": "2026-05-27T17:52:16.822888+00:00",
  "timestamp": "2026-05-27T17:52:16.822888+00:00"
}