{
  "position_id": 11280,
  "market_id": "btc-updown-5m-1779904200",
  "question": "Bitcoin Up or Down - May 27, 1:50PM-1:55PM ET",
  "side": "Down",
  "signal_score": 0.6544852603499551,
  "correct": true,
  "entry_price": 0.53,
  "exit_price": 1.0,
  "log_return": 0.6348782724359694,
  "size": 2.66,
  "pnl": 2.3164075471698116,
  "fees": 0.022503999999999913,
  "gain_pct": 0.87083,
  "realized_edge": 0.1245,
  "fill_slippage": -0.01,
  "indicator_snapshot": {
    "rsi": {
      "rsi": 49.85,
      "score": 0.0022,
      "norm_score": 0.8610120388859107
    },
    "macd": {
      "macd": -2.3332,
      "signal": -3.6914,
      "histogram": 1.3582,
      "score": 0.0768,
      "norm_score": -1.0693353537955927
    },
    "stochastic": {
      "k": 31.88,
      "d": 53.93,
      "score": 0.1812,
      "norm_score": 1.2153458948285085
    },
    "ema": {
      "trend": "chop",
      "fast_ema": 74938.08402248195,
      "slow_ema": 74937.80224667689
    },
    "obv": {
      "obv_slope": -5.13,
      "price_slope": -8.58,
      "score": -0.8368,
      "norm_score": -1.1138361312704885
    },
    "vwap": {
      "vwap": 75117.45,
      "deviation": -1.2746,
      "score": 0.3824,
      "norm_score": 1.5897584802298599
    },
    "atr": {
      "atr": 41.83,
      "passes": true,
      "reason": "ok"
    },
    "weights": {
      "rsi": 0.2,
      "macd": 0.3,
      "stochastic": 0.15,
      "obv": 0.15,
      "vwap": 0.2
    },
    "trade_context": {
      "btc_price": 74787.81,
      "strike_price": 74803.93036753131,
      "seconds_remaining": 69.695389,
      "market_price_up": 0.47,
      "market_price_down": 0.54,
      "closes_tail": [
        74952.79,
        74928.27
      ],
      "model_probability": 0.6544852603499551,
      "model_probability_raw": 0.6544852603499551,
      "edge": 0.1144852603499551,
      "atr": 41.83,
      "size": 2.66,
      "prev_resolution_margin": 98.5516837601026,
      "flow_score": -0.087,
      "spot_flow_signal": 0.42070316647429445,
      "liquidation_pressure": 0.0,
      "regime_state": "neutral",
      "regime_autocorr": -0.0251,
      "regime_direction": -1.0,
      "entry_phase": "late",
      "flip_count": 2,
      "is_flip": true,
      "depth_usd_top20": 481606.1995920001,
      "sprt_confidence": 0.27433275853728795,
      "sprt_status": "ACCUMULATING",
      "adverse_rate_at_30s": 0.5294117647058824,
      "calibrator_hash": "identity",
      "token_id_up": "50902141371345889809513737022827265126555587973512096804502960153450635034331",
      "token_id_down": "7927195777970301961021026654309960012879925507078502567069833275940541264232"
    }
  },
  "exit_reason": "resolution",
  "seconds_remaining_at_exit": 0.0,
  "edge_decay": {
    "midprice_at_fill": 0.505,
    "deltas": {
      "5s": -0.17,
      "10s": -0.21,
      "15s": -0.2,
      "30s": -0.34,
      "60s": -0.49
    },
    "resolved_windows": 5
  },
  "exit_timestamp": "2026-05-27T17:58:06.666013+00:00",
  "timestamp": "2026-05-27T17:58:06.666013+00:00"
}