{
  "position_id": 11284,
  "market_id": "btc-updown-5m-1779904500",
  "question": "Bitcoin Up or Down - May 27, 1:55PM-2:00PM ET",
  "side": "Down",
  "signal_score": 0.9041391795428564,
  "correct": true,
  "entry_price": 0.75,
  "exit_price": 1.0,
  "log_return": 0.28768207245178085,
  "size": 4.52,
  "pnl": 1.4795466666666668,
  "fees": 0.020340000000000025,
  "gain_pct": 0.327333,
  "realized_edge": 0.1541,
  "fill_slippage": 0.0,
  "indicator_snapshot": {
    "rsi": {
      "rsi": 45.06,
      "score": 0.0742,
      "norm_score": -0.798313248980896
    },
    "macd": {
      "macd": -22.4091,
      "signal": -26.3416,
      "histogram": 3.9325,
      "score": 0.1305,
      "norm_score": 1.1339861463959515
    },
    "stochastic": {
      "k": 87.22,
      "d": 88.08,
      "score": -0.5528,
      "norm_score": -1.0874602451300388
    },
    "ema": {
      "trend": "bearish",
      "fast_ema": 74868.69310972627,
      "slow_ema": 74877.29603741391
    },
    "obv": {
      "obv_slope": 0.17,
      "price_slope": 24.8867,
      "score": 0.1446,
      "norm_score": 0.6926457066073609
    },
    "vwap": {
      "vwap": 75110.07,
      "deviation": -1.4601,
      "score": 0.438,
      "norm_score": -0.7130594411932233
    },
    "atr": {
      "atr": 63.74,
      "passes": true,
      "reason": "ok"
    },
    "weights": {
      "rsi": 0.2,
      "macd": 0.3,
      "stochastic": 0.15,
      "obv": 0.15,
      "vwap": 0.2
    },
    "trade_context": {
      "btc_price": 74735.95,
      "strike_price": 74769.6355428395,
      "seconds_remaining": 17.001475,
      "market_price_up": 0.26,
      "market_price_down": 0.75,
      "closes_tail": [
        74890.31,
        74878.0
      ],
      "model_probability": 0.9041391795428564,
      "model_probability_raw": 0.9041391795428564,
      "edge": 0.15413917954285639,
      "atr": 63.74,
      "size": 4.52,
      "prev_resolution_margin": 98.5516837601026,
      "flow_score": 0.1715,
      "spot_flow_signal": 0.2874344259878207,
      "liquidation_pressure": 0.0,
      "regime_state": "neutral",
      "regime_autocorr": -0.0702,
      "regime_direction": -1.0,
      "entry_phase": "final",
      "flip_count": 3,
      "is_flip": true,
      "depth_usd_top20": 393820.3650049,
      "sprt_confidence": 1.0,
      "sprt_status": "ENTER",
      "adverse_rate_at_30s": 0.6190476190476191,
      "calibrator_hash": "identity",
      "token_id_up": "8953233709147910571506542649813646251333863877066236815325993166011423913638",
      "token_id_down": "55691484311900442043096111208663432955249651105274658971249361332127101940299"
    }
  },
  "exit_reason": "resolution",
  "seconds_remaining_at_exit": 0.0,
  "edge_decay": {
    "midprice_at_fill": 0.505,
    "deltas": {
      "5s": -0.33,
      "10s": -0.46,
      "15s": -0.49,
      "30s": null,
      "60s": null
    },
    "resolved_windows": 3
  },
  "exit_timestamp": "2026-05-27T18:03:08.987638+00:00",
  "timestamp": "2026-05-27T18:03:08.987638+00:00"
}