{
  "position_id": 11289,
  "market_id": "btc-updown-5m-1779905400",
  "question": "Bitcoin Up or Down - May 27, 2:10PM-2:15PM ET",
  "side": "Down",
  "signal_score": 0.5952377623363982,
  "correct": false,
  "entry_price": 0.5,
  "exit_price": 0.29,
  "log_return": -0.5447271754416722,
  "size": 2.34,
  "pnl": -1.0208342037999998,
  "fees": 0.05321010999999974,
  "gain_pct": -0.436254,
  "realized_edge": 0.0952,
  "fill_slippage": 0.0,
  "indicator_snapshot": {
    "rsi": {
      "rsi": 30.5,
      "score": 0.2925,
      "norm_score": 0.9212248354341015
    },
    "macd": {
      "macd": -19.3218,
      "signal": -10.7438,
      "histogram": -8.578,
      "score": -0.3013,
      "norm_score": -2.0975838888243885
    },
    "stochastic": {
      "k": 0.01,
      "d": 39.58,
      "score": 0.9997,
      "norm_score": 1.7837638378373695
    },
    "ema": {
      "trend": "bearish",
      "fast_ema": 74834.06735655246,
      "slow_ema": 74857.89451969857
    },
    "obv": {
      "obv_slope": -0.83,
      "price_slope": -22.1133,
      "score": -0.4526,
      "norm_score": -1.3331324567404104
    },
    "vwap": {
      "vwap": 75102.91,
      "deviation": -1.9184,
      "score": 0.5755,
      "norm_score": 2.3022448136657307
    },
    "atr": {
      "atr": 65.05,
      "passes": true,
      "reason": "ok"
    },
    "weights": {
      "rsi": 0.2,
      "macd": 0.3,
      "stochastic": 0.15,
      "obv": 0.15,
      "vwap": 0.2
    },
    "trade_context": {
      "btc_price": 74641.04,
      "strike_price": 74657.30754965366,
      "seconds_remaining": 299.795048,
      "market_price_up": 0.51,
      "market_price_down": 0.5,
      "closes_tail": [
        74906.0,
        74783.66
      ],
      "model_probability": 0.5952377623363982,
      "model_probability_raw": 0.5952377623363982,
      "edge": 0.09523776233639825,
      "atr": 65.05,
      "size": 2.34,
      "prev_resolution_margin": 98.5516837601026,
      "flow_score": 0.1126,
      "spot_flow_signal": -0.8185488139714117,
      "liquidation_pressure": -6.3546467456761235e-06,
      "regime_state": "neutral",
      "regime_autocorr": -0.2387,
      "regime_direction": -1.0,
      "entry_phase": "normal",
      "flip_count": 0,
      "is_flip": false,
      "depth_usd_top20": 295797.2928130999,
      "sprt_confidence": 0.060321938654935466,
      "sprt_status": "ACCUMULATING",
      "adverse_rate_at_30s": 0.5217391304347826,
      "calibrator_hash": "identity",
      "token_id_up": "96097324939598989611961988429363769098766816958067287567669189934355326042325",
      "token_id_down": "34548718848801066484361808745581710432334234121106092659556360266419732007770"
    }
  },
  "exit_reason": "scalp",
  "seconds_remaining_at_exit": 227.166016,
  "edge_decay": {
    "midprice_at_fill": 0.505,
    "deltas": {
      "5s": 0.07,
      "10s": 0.12,
      "15s": 0.11,
      "30s": 0.22,
      "60s": 0.2
    },
    "resolved_windows": 5
  },
  "exit_timestamp": "2026-05-27T18:11:14.499583+00:00",
  "timestamp": "2026-05-27T18:11:14.499583+00:00"
}