{
  "position_id": 11282,
  "market_id": "btc-updown-5m-1779904500",
  "question": "Bitcoin Up or Down - May 27, 1:55PM-2:00PM ET",
  "side": "Down",
  "signal_score": 0.6508925714376976,
  "correct": true,
  "entry_price": 0.48,
  "exit_price": 0.8899999999999999,
  "log_return": 0.6174353588242488,
  "size": 2.26,
  "pnl": 1.8560448664374993,
  "fees": 0.043872499000000065,
  "gain_pct": 0.821259,
  "realized_edge": 0.1709,
  "fill_slippage": -0.11,
  "indicator_snapshot": {
    "rsi": {
      "rsi": 0.0,
      "score": 1.0,
      "norm_score": 1.491428931097172
    },
    "macd": {
      "macd": -16.9945,
      "signal": -13.0728,
      "histogram": -3.9217,
      "score": -0.3126,
      "norm_score": -0.5108287434949285
    },
    "stochastic": {
      "k": 15.84,
      "d": 15.84,
      "score": 0.4456,
      "norm_score": 0.3031546152453069
    },
    "ema": {
      "trend": "bearish",
      "fast_ema": 74897.07487781024,
      "slow_ema": 74912.64209960242
    },
    "obv": {
      "obv_slope": -4.94,
      "price_slope": -1.9367,
      "score": -0.8318,
      "norm_score": -0.34019535101090476
    },
    "vwap": {
      "vwap": 75119.11,
      "deviation": -1.5208,
      "score": 0.4562,
      "norm_score": 0.5945643930832731
    },
    "atr": {
      "atr": 36.97,
      "passes": true,
      "reason": "ok"
    },
    "weights": {
      "rsi": 0.2,
      "macd": 0.3,
      "stochastic": 0.15,
      "obv": 0.15,
      "vwap": 0.2
    },
    "trade_context": {
      "btc_price": 74755.2,
      "strike_price": 74769.6355428395,
      "seconds_remaining": 226.941207,
      "market_price_up": 0.43,
      "market_price_down": 0.59,
      "closes_tail": [
        74891.28,
        74891.28
      ],
      "model_probability": 0.6508925714376976,
      "model_probability_raw": 0.6508925714376976,
      "edge": 0.06089257143769766,
      "atr": 36.97,
      "size": 2.26,
      "prev_resolution_margin": 98.5516837601026,
      "flow_score": -0.1882,
      "spot_flow_signal": -0.5307990121926035,
      "liquidation_pressure": 0.0,
      "regime_state": "neutral",
      "regime_autocorr": -0.0783,
      "regime_direction": 0.0,
      "entry_phase": "normal",
      "flip_count": 1,
      "is_flip": true,
      "depth_usd_top20": 316658.39977159986,
      "sprt_confidence": 0.16404392795005357,
      "sprt_status": "ACCUMULATING",
      "adverse_rate_at_30s": 0.5789473684210527,
      "calibrator_hash": "identity",
      "token_id_up": "8953233709147910571506542649813646251333863877066236815325993166011423913638",
      "token_id_down": "55691484311900442043096111208663432955249651105274658971249361332127101940299"
    }
  },
  "exit_reason": "scalp",
  "seconds_remaining_at_exit": 205.328954,
  "edge_decay": {
    "midprice_at_fill": 0.51,
    "deltas": {
      "5s": -0.035,
      "10s": -0.37,
      "15s": -0.455,
      "30s": null,
      "60s": null
    },
    "resolved_windows": 3
  },
  "exit_timestamp": "2026-05-27T17:56:35.880167+00:00",
  "timestamp": "2026-05-27T17:56:35.880167+00:00"
}