{
  "position_id": 11301,
  "market_id": "btc-updown-5m-1779909000",
  "question": "Bitcoin Up or Down - May 27, 3:10PM-3:15PM ET",
  "side": "Down",
  "signal_score": 0.9317863952347378,
  "correct": false,
  "entry_price": 0.78,
  "exit_price": 0.43,
  "log_return": -0.5955087109960294,
  "size": 4.34,
  "pnl": -1.9966923142692306,
  "fees": 0.06957629099999972,
  "gain_pct": -0.460067,
  "realized_edge": 0.1518,
  "fill_slippage": 0.0,
  "indicator_snapshot": {
    "rsi": {
      "rsi": 20.21,
      "score": 0.5284,
      "norm_score": 0.496325601348588
    },
    "macd": {
      "macd": -10.1355,
      "signal": -2.7709,
      "histogram": -7.3647,
      "score": -0.4204,
      "norm_score": -0.20007848255642788
    },
    "stochastic": {
      "k": 0.01,
      "d": 19.32,
      "score": 0.9996,
      "norm_score": 0.8723416006651166
    },
    "ema": {
      "trend": "bearish",
      "fast_ema": 74989.49682735141,
      "slow_ema": 75005.83080562182
    },
    "obv": {
      "obv_slope": -1.73,
      "price_slope": -3.2933,
      "score": -0.6334,
      "norm_score": -0.5906998838307302
    },
    "vwap": {
      "vwap": 75024.31,
      "deviation": -0.3399,
      "score": 0.102,
      "norm_score": 1.145838090926717
    },
    "atr": {
      "atr": 27.01,
      "passes": true,
      "reason": "ok"
    },
    "weights": {
      "rsi": 0.2,
      "macd": 0.3,
      "stochastic": 0.15,
      "obv": 0.15,
      "vwap": 0.2
    },
    "trade_context": {
      "btc_price": 74807.98,
      "strike_price": 74872.46179504917,
      "seconds_remaining": 239.863389,
      "market_price_up": 0.23,
      "market_price_down": 0.78,
      "closes_tail": [
        75012.01,
        74972.41
      ],
      "model_probability": 0.9317863952347378,
      "model_probability_raw": 0.9317863952347378,
      "edge": 0.1517863952347378,
      "atr": 27.01,
      "size": 4.34,
      "prev_resolution_margin": 98.5516837601026,
      "flow_score": 0.3617,
      "spot_flow_signal": 0.19863793993521422,
      "liquidation_pressure": -0.005318244501511919,
      "regime_state": "neutral",
      "regime_autocorr": -0.1693,
      "regime_direction": -1.0,
      "entry_phase": "normal",
      "flip_count": 1,
      "is_flip": true,
      "depth_usd_top20": 662319.6758705999,
      "sprt_confidence": 0.4271910899718496,
      "sprt_status": "ACCUMULATING",
      "adverse_rate_at_30s": 0.4666666666666667,
      "calibrator_hash": "identity",
      "token_id_up": "25246363237558708759340492470622171834471215626406186462097974754375835213247",
      "token_id_down": "97761061379913355414266817031078086287373865537274039371737989176628210141149"
    }
  },
  "exit_reason": "scalp",
  "seconds_remaining_at_exit": 107.568695,
  "edge_decay": {
    "midprice_at_fill": 0.505,
    "deltas": {
      "5s": -0.22,
      "10s": -0.24,
      "15s": -0.2,
      "30s": -0.13,
      "60s": -0.15
    },
    "resolved_windows": 5
  },
  "exit_timestamp": "2026-05-27T19:13:13.451631+00:00",
  "timestamp": "2026-05-27T19:13:13.451631+00:00"
}