{
  "position_id": 11302,
  "market_id": "btc-updown-5m-1779909000",
  "question": "Bitcoin Up or Down - May 27, 3:10PM-3:15PM ET",
  "side": "Up",
  "signal_score": 0.9820137900379085,
  "correct": true,
  "entry_price": 0.8499999999999999,
  "exit_price": 0.87,
  "log_return": 0.023256862164267398,
  "size": 7.0,
  "pnl": 0.08230532882353003,
  "fees": 0.08088814999999992,
  "gain_pct": 0.011758,
  "realized_edge": 0.132,
  "fill_slippage": -0.0,
  "indicator_snapshot": {
    "rsi": {
      "rsi": 59.18,
      "score": -0.1376,
      "norm_score": -0.3166604846700901
    },
    "macd": {
      "macd": 7.0523,
      "signal": 1.219,
      "histogram": 5.8333,
      "score": 0.333,
      "norm_score": 0.8504290893319096
    },
    "stochastic": {
      "k": 69.03,
      "d": 76.11,
      "score": -0.1903,
      "norm_score": -0.19599847334785023
    },
    "ema": {
      "trend": "bullish",
      "fast_ema": 75029.46980170946,
      "slow_ema": 75017.70075968573
    },
    "obv": {
      "obv_slope": 2.06,
      "price_slope": 7.3633,
      "score": 0.6733,
      "norm_score": 0.4641940911235447
    },
    "vwap": {
      "vwap": 75016.84,
      "deviation": 0.1284,
      "score": -0.0385,
      "norm_score": -0.6546770160177776
    },
    "atr": {
      "atr": 27.19,
      "passes": true,
      "reason": "ok"
    },
    "weights": {
      "rsi": 0.2,
      "macd": 0.3,
      "stochastic": 0.15,
      "obv": 0.15,
      "vwap": 0.2
    },
    "trade_context": {
      "btc_price": 75033.12,
      "strike_price": 74872.46179504917,
      "seconds_remaining": 47.49026,
      "market_price_up": 0.85,
      "market_price_down": 0.16,
      "closes_tail": [
        75048.61,
        75035.64
      ],
      "model_probability": 0.9820137900379085,
      "model_probability_raw": 0.9820137900379085,
      "edge": 0.13201379003790847,
      "atr": 27.19,
      "size": 7.0,
      "prev_resolution_margin": 98.5516837601026,
      "flow_score": 0.2779,
      "spot_flow_signal": -0.718278347726917,
      "liquidation_pressure": 0.0,
      "regime_state": "neutral",
      "regime_autocorr": -0.0881,
      "regime_direction": -1.0,
      "entry_phase": "late",
      "flip_count": 2,
      "is_flip": true,
      "depth_usd_top20": 849879.2947187,
      "sprt_confidence": 0.4923445568341832,
      "sprt_status": "ACCUMULATING",
      "adverse_rate_at_30s": 0.5,
      "calibrator_hash": "identity",
      "token_id_up": "25246363237558708759340492470622171834471215626406186462097974754375835213247",
      "token_id_down": "97761061379913355414266817031078086287373865537274039371737989176628210141149"
    }
  },
  "exit_reason": "scalp",
  "seconds_remaining_at_exit": 42.53751,
  "edge_decay": {
    "midprice_at_fill": 0.505,
    "deltas": {
      "5s": null,
      "10s": null,
      "15s": null,
      "30s": null,
      "60s": null
    },
    "resolved_windows": 0
  },
  "exit_timestamp": "2026-05-27T19:14:19.629694+00:00",
  "timestamp": "2026-05-27T19:14:19.629694+00:00"
}