{
  "position_id": 11306,
  "market_id": "btc-updown-5m-1779909300",
  "question": "Bitcoin Up or Down - May 27, 3:15PM-3:20PM ET",
  "side": "Up",
  "signal_score": 0.5962798880955246,
  "correct": true,
  "entry_price": 0.4600000000000001,
  "exit_price": 0.52,
  "log_return": 0.12260232209233228,
  "size": 1.85,
  "pnl": 0.18973851991304347,
  "fees": 0.04766711699999984,
  "gain_pct": 0.102561,
  "realized_edge": 0.1363,
  "fill_slippage": -0.05,
  "indicator_snapshot": {
    "rsi": {
      "rsi": 55.61,
      "score": -0.0841,
      "norm_score": 0.5553487437251297
    },
    "macd": {
      "macd": 12.765,
      "signal": 11.4787,
      "histogram": 1.2863,
      "score": 0.0721,
      "norm_score": -0.27836320649989316
    },
    "stochastic": {
      "k": 65.97,
      "d": 52.78,
      "score": -0.1597,
      "norm_score": -0.25102030618317295
    },
    "ema": {
      "trend": "bullish",
      "fast_ema": 75048.43405010685,
      "slow_ema": 75038.68352073785
    },
    "obv": {
      "obv_slope": 0.47,
      "price_slope": 2.7033,
      "score": 0.318,
      "norm_score": 0.6846744641030201
    },
    "vwap": {
      "vwap": 75014.63,
      "deviation": 0.2832,
      "score": -0.085,
      "norm_score": -0.9767140013598304
    },
    "atr": {
      "atr": 24.54,
      "passes": true,
      "reason": "ok"
    },
    "weights": {
      "rsi": 0.2,
      "macd": 0.3,
      "stochastic": 0.15,
      "obv": 0.15,
      "vwap": 0.2
    },
    "trade_context": {
      "btc_price": 74903.99,
      "strike_price": 74904.48607605965,
      "seconds_remaining": 86.141422,
      "market_price_up": 0.51,
      "market_price_down": 0.5,
      "closes_tail": [
        75035.06,
        75055.33
      ],
      "model_probability": 0.5962798880955246,
      "model_probability_raw": 0.5962798880955246,
      "edge": 0.08627988809552456,
      "atr": 24.54,
      "size": 1.85,
      "prev_resolution_margin": 98.5516837601026,
      "flow_score": -0.1681,
      "spot_flow_signal": 0.9385177398121005,
      "liquidation_pressure": 0.00015049862969403614,
      "regime_state": "neutral",
      "regime_autocorr": -0.0378,
      "regime_direction": 1.0,
      "entry_phase": "late",
      "flip_count": 3,
      "is_flip": true,
      "depth_usd_top20": 681294.7001189002,
      "sprt_confidence": 0.5314281374377933,
      "sprt_status": "ACCUMULATING",
      "adverse_rate_at_30s": 0.45,
      "calibrator_hash": "identity",
      "token_id_up": "109424787905992509318199420999225823494575034093167758850720617571714489048731",
      "token_id_down": "92466064018048634351319065065755279967359581693592490787199098903588814327896"
    }
  },
  "exit_reason": "scalp",
  "seconds_remaining_at_exit": 80.625164,
  "edge_decay": {
    "midprice_at_fill": 0.505,
    "deltas": {
      "5s": null,
      "10s": null,
      "15s": null,
      "30s": null,
      "60s": null
    },
    "resolved_windows": 0
  },
  "exit_timestamp": "2026-05-27T19:18:40.727417+00:00",
  "timestamp": "2026-05-27T19:18:40.727417+00:00"
}