{
  "position_id": 11326,
  "market_id": "btc-updown-5m-1779911400",
  "question": "Bitcoin Up or Down - May 27, 3:50PM-3:55PM ET",
  "side": "Down",
  "signal_score": 0.6912807273265851,
  "correct": false,
  "entry_price": 0.53,
  "exit_price": 0.38,
  "log_return": -0.33270575382573614,
  "size": 4.63,
  "pnl": -1.3963515096226415,
  "fees": 0.1055053949999997,
  "gain_pct": -0.301588,
  "realized_edge": 0.1613,
  "fill_slippage": 0.0,
  "indicator_snapshot": {
    "rsi": {
      "rsi": 35.02,
      "score": 0.2248,
      "norm_score": 0.6824410472620898
    },
    "macd": {
      "macd": -20.6222,
      "signal": -15.7142,
      "histogram": -4.908,
      "score": -0.2439,
      "norm_score": -1.794135831967145
    },
    "stochastic": {
      "k": 1.1,
      "d": 0.56,
      "score": 0.9615,
      "norm_score": 1.2499456403214675
    },
    "ema": {
      "trend": "bearish",
      "fast_ema": 74973.44946150765,
      "slow_ema": 74993.40720448577
    },
    "obv": {
      "obv_slope": -3.71,
      "price_slope": -23.4333,
      "score": -0.7877,
      "norm_score": -1.8978909595375055
    },
    "vwap": {
      "vwap": 74999.21,
      "deviation": -0.3957,
      "score": 0.1187,
      "norm_score": 2.1370086177867726
    },
    "atr": {
      "atr": 34.3,
      "passes": true,
      "reason": "ok"
    },
    "weights": {
      "rsi": 0.2,
      "macd": 0.3,
      "stochastic": 0.15,
      "obv": 0.15,
      "vwap": 0.2
    },
    "trade_context": {
      "btc_price": 74810.12,
      "strike_price": 74834.16617497393,
      "seconds_remaining": 296.942985,
      "market_price_up": 0.48,
      "market_price_down": 0.53,
      "closes_tail": [
        74971.21,
        74953.4
      ],
      "model_probability": 0.6912807273265851,
      "model_probability_raw": 0.6912807273265851,
      "edge": 0.16128072732658505,
      "atr": 34.3,
      "size": 4.63,
      "prev_resolution_margin": 98.5516837601026,
      "flow_score": -0.2565,
      "spot_flow_signal": -0.19542313198526579,
      "liquidation_pressure": 0.0,
      "regime_state": "neutral",
      "regime_autocorr": -0.0539,
      "regime_direction": -1.0,
      "entry_phase": "normal",
      "flip_count": 0,
      "is_flip": false,
      "depth_usd_top20": 414410.83439509996,
      "sprt_confidence": 0.0,
      "sprt_status": "ACCUMULATING",
      "adverse_rate_at_30s": 0.42857142857142855,
      "calibrator_hash": "identity",
      "token_id_up": "111531119752550743407762111297558738153944474372607757083728498547124820353112",
      "token_id_down": "51595047762753358624486245604643502060436889685295893040354287124828628749255"
    }
  },
  "exit_reason": "scalp",
  "seconds_remaining_at_exit": 254.257277,
  "edge_decay": {
    "midprice_at_fill": 0.505,
    "deltas": {
      "5s": 0.07,
      "10s": 0.1,
      "15s": 0.13,
      "30s": 0.11,
      "60s": null
    },
    "resolved_windows": 4
  },
  "exit_timestamp": "2026-05-27T19:50:48.277538+00:00",
  "timestamp": "2026-05-27T19:50:48.277538+00:00"
}