{
  "position_id": 11324,
  "market_id": "btc-updown-5m-1779911100",
  "question": "Bitcoin Up or Down - May 27, 3:45PM-3:50PM ET",
  "side": "Up",
  "signal_score": 0.6564088270147692,
  "correct": false,
  "entry_price": 0.54,
  "exit_price": 0.5,
  "log_return": -0.07696104113612844,
  "size": 1.18,
  "pnl": -0.11318575462962954,
  "fees": 0.027065494999999874,
  "gain_pct": -0.09592,
  "realized_edge": 0.1164,
  "fill_slippage": -0.04,
  "indicator_snapshot": {
    "rsi": {
      "rsi": 69.71,
      "score": -0.2956,
      "norm_score": -0.9600711502528191
    },
    "macd": {
      "macd": -11.7786,
      "signal": -14.4187,
      "histogram": 2.6401,
      "score": 0.1581,
      "norm_score": 0.7926035892570524
    },
    "stochastic": {
      "k": 65.48,
      "d": 47.09,
      "score": -0.1548,
      "norm_score": -0.13384066898907682
    },
    "ema": {
      "trend": "chop",
      "fast_ema": 75007.87069206122,
      "slow_ema": 75011.79950392974
    },
    "obv": {
      "obv_slope": 6.46,
      "price_slope": 11.7567,
      "score": 0.8659,
      "norm_score": 0.985549876145746
    },
    "vwap": {
      "vwap": 74999.86,
      "deviation": 0.1829,
      "score": -0.0549,
      "norm_score": -0.5211763923505665
    },
    "atr": {
      "atr": 36.79,
      "passes": true,
      "reason": "ok"
    },
    "weights": {
      "rsi": 0.2,
      "macd": 0.3,
      "stochastic": 0.15,
      "obv": 0.15,
      "vwap": 0.2
    },
    "trade_context": {
      "btc_price": 74872.0,
      "strike_price": 74857.91312893695,
      "seconds_remaining": 119.154691,
      "market_price_up": 0.58,
      "market_price_down": 0.43,
      "closes_tail": [
        74992.01,
        75021.09
      ],
      "model_probability": 0.6564088270147692,
      "model_probability_raw": 0.6564088270147692,
      "edge": 0.07640882701476925,
      "atr": 36.79,
      "size": 1.18,
      "prev_resolution_margin": 98.5516837601026,
      "flow_score": 0.0619,
      "spot_flow_signal": -0.31049724571241116,
      "liquidation_pressure": 0.0,
      "regime_state": "neutral",
      "regime_autocorr": -0.0972,
      "regime_direction": 1.0,
      "entry_phase": "late",
      "flip_count": 7,
      "is_flip": true,
      "depth_usd_top20": 592156.7926430001,
      "sprt_confidence": 0.822580490910222,
      "sprt_status": "ACCUMULATING",
      "adverse_rate_at_30s": 0.5185185185185185,
      "calibrator_hash": "identity",
      "token_id_up": "50905875665771460950622008591525346346003833852095150614930897411852052274170",
      "token_id_down": "38740056891815055514360401935211086051695943314875071821543717463376716274516"
    }
  },
  "exit_reason": "scalp",
  "seconds_remaining_at_exit": 117.671096,
  "edge_decay": {
    "midprice_at_fill": 0.505,
    "deltas": {
      "5s": null,
      "10s": null,
      "15s": null,
      "30s": null,
      "60s": null
    },
    "resolved_windows": 0
  },
  "exit_timestamp": "2026-05-27T19:48:03.588465+00:00",
  "timestamp": "2026-05-27T19:48:03.588465+00:00"
}