{
  "position_id": 11333,
  "market_id": "btc-updown-5m-1779912000",
  "question": "Bitcoin Up or Down - May 27, 4:00PM-4:05PM ET",
  "side": "Up",
  "signal_score": 0.7526006132840265,
  "correct": false,
  "entry_price": 0.68,
  "exit_price": 0.57,
  "log_return": -0.17645643734155667,
  "size": 1.24,
  "pnl": -0.2212391748382352,
  "fees": 0.02310257699999995,
  "gain_pct": -0.178419,
  "realized_edge": 0.0726,
  "fill_slippage": 0.0,
  "indicator_snapshot": {
    "rsi": {
      "rsi": 90.2,
      "score": -0.7712,
      "norm_score": -0.6583474447603461
    },
    "macd": {
      "macd": 17.5229,
      "signal": 15.0935,
      "histogram": 2.4294,
      "score": 0.1027,
      "norm_score": 0.3602668963451711
    },
    "stochastic": {
      "k": 92.2,
      "d": 78.96,
      "score": -0.7268,
      "norm_score": -0.9370998669436936
    },
    "ema": {
      "trend": "bullish",
      "fast_ema": 75076.27491158349,
      "slow_ema": 75061.5058853351
    },
    "obv": {
      "obv_slope": 4.81,
      "price_slope": 9.8467,
      "score": 0.828,
      "norm_score": 1.0482600557492339
    },
    "vwap": {
      "vwap": 74997.14,
      "deviation": 0.7927,
      "score": -0.2378,
      "norm_score": -1.7933533820134744
    },
    "atr": {
      "atr": 21.28,
      "passes": true,
      "reason": "ok"
    },
    "weights": {
      "rsi": 0.2,
      "macd": 0.3,
      "stochastic": 0.15,
      "obv": 0.15,
      "vwap": 0.2
    },
    "trade_context": {
      "btc_price": 74944.33,
      "strike_price": 74924.42935728199,
      "seconds_remaining": 266.53031,
      "market_price_up": 0.68,
      "market_price_down": 0.34,
      "closes_tail": [
        75066.08,
        75089.54
      ],
      "model_probability": 0.7526006132840265,
      "model_probability_raw": 0.7526006132840265,
      "edge": 0.07260061328402645,
      "atr": 21.28,
      "size": 1.24,
      "prev_resolution_margin": 98.5516837601026,
      "flow_score": 0.2353,
      "spot_flow_signal": -0.13445148392958656,
      "liquidation_pressure": -0.011222913886364774,
      "regime_state": "neutral",
      "regime_autocorr": -0.1177,
      "regime_direction": 1.0,
      "entry_phase": "normal",
      "flip_count": 0,
      "is_flip": false,
      "depth_usd_top20": 714605.2642397999,
      "sprt_confidence": 0.12433110913718427,
      "sprt_status": "ACCUMULATING",
      "adverse_rate_at_30s": 0.375,
      "calibrator_hash": "identity",
      "token_id_up": "9337654168945977440896021291497566449267203488638688218372915219057534814464",
      "token_id_down": "69003616340310163068540662211694966606707278300635686444485923313343337100568"
    }
  },
  "exit_reason": "scalp",
  "seconds_remaining_at_exit": 252.4423,
  "edge_decay": {
    "midprice_at_fill": 0.51,
    "deltas": {
      "5s": 0.115,
      "10s": 0.115,
      "15s": null,
      "30s": null,
      "60s": null
    },
    "resolved_windows": 2
  },
  "exit_timestamp": "2026-05-27T20:00:48.831251+00:00",
  "timestamp": "2026-05-27T20:00:48.831251+00:00"
}