{
  "position_id": 11334,
  "market_id": "btc-updown-5m-1779912000",
  "question": "Bitcoin Up or Down - May 27, 4:00PM-4:05PM ET",
  "side": "Up",
  "signal_score": 0.7541623416875867,
  "correct": false,
  "entry_price": 0.64,
  "exit_price": 0.57,
  "log_return": -0.11583181552512183,
  "size": 2.73,
  "pnl": -0.348626638359375,
  "fees": 0.05389601499999978,
  "gain_pct": -0.127702,
  "realized_edge": 0.1142,
  "fill_slippage": 0.0,
  "indicator_snapshot": {
    "rsi": {
      "rsi": 87.62,
      "score": -0.7111,
      "norm_score": -0.4355052984440758
    },
    "macd": {
      "macd": 16.0829,
      "signal": 14.5175,
      "histogram": 1.5654,
      "score": 0.0707,
      "norm_score": 0.019486055652671155
    },
    "stochastic": {
      "k": 74.69,
      "d": 70.2,
      "score": -0.2469,
      "norm_score": 0.15335482480787083
    },
    "ema": {
      "trend": "bullish",
      "fast_ema": 75072.49491158349,
      "slow_ema": 75059.82588533509
    },
    "obv": {
      "obv_slope": 6.23,
      "price_slope": 7.3267,
      "score": 0.8617,
      "norm_score": 0.9236561410547325
    },
    "vwap": {
      "vwap": 74997.26,
      "deviation": 0.7271,
      "score": -0.2181,
      "norm_score": -0.8529078413436768
    },
    "atr": {
      "atr": 21.28,
      "passes": true,
      "reason": "ok"
    },
    "weights": {
      "rsi": 0.2,
      "macd": 0.3,
      "stochastic": 0.15,
      "obv": 0.15,
      "vwap": 0.2
    },
    "trade_context": {
      "btc_price": 74940.9,
      "strike_price": 74924.42935728199,
      "seconds_remaining": 247.296202,
      "market_price_up": 0.64,
      "market_price_down": 0.37,
      "closes_tail": [
        75066.08,
        75081.98
      ],
      "model_probability": 0.7541623416875867,
      "model_probability_raw": 0.7541623416875867,
      "edge": 0.11416234168758665,
      "atr": 21.28,
      "size": 2.73,
      "prev_resolution_margin": 98.5516837601026,
      "flow_score": 0.2299,
      "spot_flow_signal": 0.15684103757101284,
      "liquidation_pressure": -0.001118373241246369,
      "regime_state": "neutral",
      "regime_autocorr": -0.1195,
      "regime_direction": 1.0,
      "entry_phase": "normal",
      "flip_count": 1,
      "is_flip": true,
      "depth_usd_top20": 474472.92225789983,
      "sprt_confidence": 0.12433110913718427,
      "sprt_status": "ACCUMULATING",
      "adverse_rate_at_30s": 0.375,
      "calibrator_hash": "identity",
      "token_id_up": "9337654168945977440896021291497566449267203488638688218372915219057534814464",
      "token_id_down": "69003616340310163068540662211694966606707278300635686444485923313343337100568"
    }
  },
  "exit_reason": "scalp",
  "seconds_remaining_at_exit": 236.976422,
  "edge_decay": {
    "midprice_at_fill": 0.505,
    "deltas": {
      "5s": 0.15,
      "10s": null,
      "15s": null,
      "30s": null,
      "60s": null
    },
    "resolved_windows": 1
  },
  "exit_timestamp": "2026-05-27T20:01:05.503473+00:00",
  "timestamp": "2026-05-27T20:01:05.503473+00:00"
}