{
  "position_id": 1149,
  "market_id": "btc-updown-5m-1776402300",
  "question": "Bitcoin Up or Down - April 17, 1:05AM-1:10AM ET",
  "side": "Up",
  "signal_score": 0.4116896727940596,
  "correct": false,
  "entry_price": 0.27,
  "exit_price": 0.0,
  "log_return": -10.0,
  "size": 2.22,
  "pnl": -2.22,
  "fees": 0.02917099999999998,
  "gain_pct": -1.0,
  "weight_version": "weights_v001",
  "category": "crypto-5min",
  "indicator_snapshot": {
    "rsi": {
      "rsi": 16.56,
      "score": 0.6135,
      "norm_score": 0.12405905866684844
    },
    "macd": {
      "macd": -31.8508,
      "signal": -27.9838,
      "histogram": -3.867,
      "score": -0.1431,
      "norm_score": 1.0991883110875282
    },
    "stochastic": {
      "k": 19.85,
      "d": 19.85,
      "score": 0.3052,
      "norm_score": -0.46716150396633416
    },
    "ema": {
      "trend": "bearish",
      "fast_ema": 74703.01797590705,
      "slow_ema": 74727.99221360908
    },
    "obv": {
      "obv_slope": 0.0,
      "price_slope": 8.9433,
      "score": 0.0001,
      "norm_score": 0.5559656103974858
    },
    "vwap": {
      "vwap": 74705.37,
      "deviation": -0.0554,
      "score": 0.0166,
      "norm_score": -0.19097796576043433
    },
    "atr": {
      "atr": 26.17,
      "passes": true,
      "reason": "ok"
    },
    "weights": {
      "rsi": 0.2,
      "macd": 0.25,
      "stochastic": 0.2,
      "obv": 0.15,
      "vwap": 0.2,
      "entry_threshold": 0.6
    },
    "trade_context": {
      "btc_price": 74674.84,
      "strike_price": 74677.3967671652,
      "seconds_remaining": 167.295127,
      "market_price_up": 0.31,
      "market_price_down": 0.68,
      "model_probability_raw": 0.4116896727940596,
      "model_probability": 0.4116896727940596,
      "edge": 0.1016896727940596,
      "momentum_score": 0.25137583711952094,
      "atr": 26.17,
      "size": 2.22,
      "flow_score": -0.1417,
      "flow_book_imbalance": -0.114,
      "flow_trade_count": 200,
      "spot_flow_signal": -0.4332476170124392,
      "wall_pressure": 0.0,
      "iv_ratio": 1.6239480178281618,
      "prev_resolution_margin": -46.74692542757839,
      "bybit_perp_price": 74613.0,
      "funding_rate": -4.507e-05,
      "depth_usd_top20": 334186.0977191,
      "entry_phase": "late",
      "flip_count": 0,
      "is_flip": false,
      "cvd_120s": 0.00027,
      "taker_ratio_60s": 0.5,
      "volume_surge": false,
      "liquidation_pressure": -0.008919312289308886,
      "gex_signal": 1.0,
      "gex_regime": "stabilizing",
      "cvd_acceleration": 0.0,
      "clob_velocity_up": 0.0,
      "clob_velocity_down": 0.0,
      "coinbase_btc": 74674.84,
      "regime_state": "neutral",
      "regime_kelly_mult": 1.0,
      "sprt_confidence": 0.0,
      "sprt_status": "SKIP",
      "signal_consensus": 0.6,
      "adverse_selection_30s": 0.35714285714285715,
      "alpha_decay_rate": 0.0006929002377554931,
      "garch_vol_ratio": 2.0,
      "crowd_bias": {
        "flb": -0.0114,
        "recency_fade": 0.0,
        "round_number_dampening": 1.0,
        "composite_logit_adjustment": -0.0114
      },
      "oracle_divergence": 3.2357504434039583,
      "edge_realization_ratio": 1.0
    }
  },
  "exit_reason": "resolution",
  "timestamp": "2026-04-17T05:16:11.952537+00:00"
}