{
  "position_id": 1157,
  "market_id": "btc-updown-5m-1776404700",
  "question": "Bitcoin Up or Down - April 17, 1:45AM-1:50AM ET",
  "side": "Up",
  "signal_score": 0.5969701626564138,
  "correct": true,
  "entry_price": 0.46,
  "exit_price": 1.0,
  "log_return": 0.7765287894989963,
  "size": 3.58,
  "pnl": 4.126960869565218,
  "fees": 0.03479799999999985,
  "gain_pct": 1.152782,
  "weight_version": "weights_v001",
  "category": "crypto-5min",
  "indicator_snapshot": {
    "rsi": {
      "rsi": 24.39,
      "score": 0.4309,
      "norm_score": 1.3614544098547172
    },
    "macd": {
      "macd": -9.4026,
      "signal": -7.9793,
      "histogram": -1.4233,
      "score": -0.2727,
      "norm_score": -0.9737670936121882
    },
    "stochastic": {
      "k": 32.26,
      "d": 16.13,
      "score": 0.1774,
      "norm_score": 1.3563943572165151
    },
    "ema": {
      "trend": "bearish",
      "fast_ema": 74638.23605189261,
      "slow_ema": 74646.02430398903
    },
    "obv": {
      "obv_slope": -0.01,
      "price_slope": -5.8933,
      "score": -0.0111,
      "norm_score": -1.402970356583495
    },
    "vwap": {
      "vwap": 74679.53,
      "deviation": -0.8174,
      "score": 0.2452,
      "norm_score": 1.3736631431446678
    },
    "atr": {
      "atr": 7.22,
      "passes": true,
      "reason": "ok"
    },
    "weights": {
      "rsi": 0.2,
      "macd": 0.25,
      "stochastic": 0.2,
      "obv": 0.15,
      "vwap": 0.2,
      "entry_threshold": 0.6
    },
    "trade_context": {
      "btc_price": 74671.99,
      "strike_price": 74658.30455060302,
      "seconds_remaining": 273.042455,
      "market_price_up": 0.47,
      "market_price_down": 0.52,
      "model_probability_raw": 0.5969701626564138,
      "model_probability": 0.5969701626564138,
      "edge": 0.1269701626564138,
      "momentum_score": 0.36441505515260875,
      "atr": 7.22,
      "size": 3.58,
      "flow_score": 0.0949,
      "flow_book_imbalance": 0.0101,
      "flow_trade_count": 200,
      "spot_flow_signal": -0.7233688800028027,
      "wall_pressure": 0.0,
      "iv_ratio": 3.0,
      "prev_resolution_margin": 20.6472155318188,
      "bybit_perp_price": 74607.1,
      "funding_rate": -5.12e-05,
      "depth_usd_top20": 384143.0036981999,
      "entry_phase": "normal",
      "flip_count": 1,
      "is_flip": true,
      "cvd_120s": -0.03348000000000001,
      "taker_ratio_60s": 0.005026611472501478,
      "volume_surge": false,
      "liquidation_pressure": 0.0020928422503051322,
      "gex_signal": 1.0,
      "gex_regime": "stabilizing",
      "cvd_acceleration": 0.0007440000000000002,
      "clob_velocity_up": 0.0,
      "clob_velocity_down": 0.0,
      "coinbase_btc": 74671.99,
      "regime_state": "neutral",
      "regime_kelly_mult": 1.0,
      "sprt_confidence": 0.0,
      "sprt_status": "ACCUMULATING",
      "signal_consensus": 0.8,
      "adverse_selection_30s": 0.38095238095238093,
      "alpha_decay_rate": 0.0007541118039607407,
      "garch_vol_ratio": 2.0,
      "crowd_bias": {
        "flb": 0.0,
        "recency_fade": 0.0,
        "round_number_dampening": 1.0,
        "composite_logit_adjustment": 0.0
      },
      "oracle_divergence": 17.928099386350368,
      "edge_realization_ratio": 1.0
    }
  },
  "exit_reason": "resolution",
  "timestamp": "2026-04-17T05:56:40.542029+00:00"
}