{
  "position_id": 116,
  "market_id": "btc-updown-5m-1775893500",
  "question": "Bitcoin Up or Down - April 11, 3:45AM-3:50AM ET",
  "side": "Down",
  "signal_score": 0.998036700038475,
  "correct": true,
  "entry_price": 0.86,
  "exit_price": 1.0,
  "log_return": 0.1508228897345837,
  "size": 4.31,
  "pnl": 0.6889988372093026,
  "fees": 0.01086100000000016,
  "gain_pct": 0.159861,
  "weight_version": "weights_v001",
  "category": "crypto-5min",
  "indicator_snapshot": {
    "rsi": {
      "rsi": 0.0,
      "score": 1.0,
      "norm_score": 1.0980105713542798e-07
    },
    "macd": {
      "macd": -14.201,
      "signal": -10.0009,
      "histogram": -4.2001,
      "score": -0.3908,
      "norm_score": -0.5664633351893215
    },
    "stochastic": {
      "k": 0.0,
      "d": 0.0,
      "score": 1.0,
      "norm_score": 6.661338147750939e-08
    },
    "ema": {
      "trend": "bearish",
      "fast_ema": 72745.26691717046,
      "slow_ema": 72759.98641681888
    },
    "obv": {
      "obv_slope": -0.0,
      "price_slope": -11.29,
      "score": -0.0002,
      "norm_score": 0.001498268892187594
    },
    "vwap": {
      "vwap": 72749.24,
      "deviation": -0.2839,
      "score": 0.0852,
      "norm_score": 0.5761739405836229
    },
    "atr": {
      "atr": 5.8,
      "passes": true,
      "reason": "ok"
    },
    "weights": {
      "rsi": 0.2,
      "macd": 0.25,
      "stochastic": 0.2,
      "obv": 0.15,
      "vwap": 0.2,
      "entry_threshold": 0.6
    },
    "trade_context": {
      "btc_price": 72736.67,
      "strike_price": 72770.54,
      "seconds_remaining": 70.382353,
      "market_price_up": 0.12,
      "market_price_down": 0.86,
      "model_probability_raw": 0.998036700038475,
      "model_probability": 0.998036700038475,
      "edge": 0.138036700038475,
      "momentum_score": -0.026156270063889916,
      "atr": 5.8,
      "size": 4.31,
      "flow_score": -0.0268,
      "flow_book_imbalance": -0.3652,
      "flow_trade_count": 200,
      "spot_flow_signal": 0.40146399709465014,
      "wall_pressure": 0.851474502002742,
      "perp_lead": -0.33609100465567243,
      "iv_ratio": 2.0,
      "prev_resolution_margin": 0.0,
      "bybit_perp_price": 72664.0,
      "funding_rate": -3.47e-05,
      "depth_usd_top20": 355776.42908599996,
      "entry_phase": "late",
      "cvd_120s": 0.0012200000000000002,
      "taker_ratio_60s": 1.0,
      "volume_surge": false,
      "liquidation_pressure": 0.0,
      "gex_signal": 1.0,
      "gex_regime": "stabilizing",
      "cvd_acceleration": 1.7333333333333332e-05,
      "regime_state": "volatile",
      "regime_kelly_mult": 0.7,
      "sprt_confidence": 0.1593141362759603,
      "sprt_status": "ACCUMULATING",
      "signal_consensus": 1.0,
      "alpha_decay_rate": -4.3186421475903945e-05
    }
  },
  "exit_reason": "resolution",
  "timestamp": "2026-04-11T07:53:16.054263+00:00"
}