{
  "position_id": 1202,
  "market_id": "btc-updown-5m-1776415800",
  "question": "Bitcoin Up or Down - April 17, 4:50AM-4:55AM ET",
  "side": "Down",
  "signal_score": 0.3892786104933702,
  "correct": true,
  "entry_price": 0.19,
  "exit_price": 0.45,
  "log_return": 0.947381318944186,
  "size": 3.16,
  "pnl": 4.796932842105263,
  "fees": 0.11979399999999973,
  "gain_pct": 1.518017,
  "weight_version": "weights_v001",
  "category": "crypto-5min",
  "indicator_snapshot": {
    "rsi": {
      "rsi": 32.93,
      "score": 0.256,
      "norm_score": 2.291392202541348
    },
    "macd": {
      "macd": 67.761,
      "signal": 71.196,
      "histogram": -3.435,
      "score": -0.0471,
      "norm_score": 0.4970359192966999
    },
    "stochastic": {
      "k": 49.1,
      "d": 61.87,
      "score": 0.009,
      "norm_score": 0.6503940799097688
    },
    "ema": {
      "trend": "bullish",
      "fast_ema": 75545.26355622851,
      "slow_ema": 75506.682526099
    },
    "obv": {
      "obv_slope": 0.01,
      "price_slope": 27.2433,
      "score": 0.0099,
      "norm_score": 1.992332300885705
    },
    "vwap": {
      "vwap": 75166.33,
      "deviation": 1.2678,
      "score": -0.3804,
      "norm_score": -0.33517469362105984
    },
    "atr": {
      "atr": 75.37,
      "passes": true,
      "reason": "ok"
    },
    "weights": {
      "rsi": 0.2,
      "macd": 0.25,
      "stochastic": 0.2,
      "obv": 0.15,
      "vwap": 0.2,
      "entry_threshold": 0.6
    },
    "trade_context": {
      "btc_price": 75639.68,
      "strike_price": 75554.81676358197,
      "seconds_remaining": 105.955071,
      "market_price_up": 0.8,
      "market_price_down": 0.19,
      "model_probability_raw": 0.3892786104933702,
      "model_probability": 0.3892786104933702,
      "edge": 0.1992786104933702,
      "momentum_score": 0.9444311427230423,
      "atr": 75.37,
      "size": 3.16,
      "flow_score": 0.118,
      "flow_book_imbalance": 0.3332,
      "flow_trade_count": 200,
      "spot_flow_signal": 0.6552024796518192,
      "wall_pressure": 0.0,
      "iv_ratio": 0.5,
      "prev_resolution_margin": 33.79087166575482,
      "bybit_perp_price": 75580.8,
      "funding_rate": 2.099e-05,
      "depth_usd_top20": 262146.06772150006,
      "entry_phase": "late",
      "flip_count": 0,
      "is_flip": false,
      "cvd_120s": 0.02765,
      "taker_ratio_60s": 1.0,
      "volume_surge": false,
      "liquidation_pressure": 0.0,
      "gex_signal": 1.0,
      "gex_regime": "stabilizing",
      "cvd_acceleration": -0.0006633333333333333,
      "clob_velocity_up": 0.0,
      "clob_velocity_down": 0.0,
      "coinbase_btc": 75639.68,
      "regime_state": "volatile",
      "regime_kelly_mult": 0.7,
      "sprt_confidence": 0.0,
      "sprt_status": "SKIP",
      "signal_consensus": 0.6,
      "adverse_selection_30s": 0.5373134328358209,
      "alpha_decay_rate": 0.0009198867757868318,
      "garch_vol_ratio": 2.0,
      "crowd_bias": {
        "flb": 0.018,
        "recency_fade": -0.6,
        "round_number_dampening": 1.0,
        "composite_logit_adjustment": 0.006
      },
      "oracle_divergence": 16.716651083363104,
      "edge_realization_ratio": 3.831854053879593
    }
  },
  "exit_reason": "scalp",
  "timestamp": "2026-04-17T08:53:51.258940+00:00"
}