{
  "position_id": 1216,
  "market_id": "btc-updown-5m-1776419400",
  "question": "Bitcoin Up or Down - April 17, 5:50AM-5:55AM ET",
  "side": "Down",
  "signal_score": 0.2712319705803107,
  "correct": false,
  "entry_price": 0.16,
  "exit_price": 0.0,
  "log_return": -10.0,
  "size": 1.83,
  "pnl": -1.83,
  "fees": 0.02766999999999996,
  "gain_pct": -1.0,
  "weight_version": "weights_v001",
  "category": "crypto-5min",
  "indicator_snapshot": {
    "rsi": {
      "rsi": 45.41,
      "score": 0.0689,
      "norm_score": 1.6652035413911739
    },
    "macd": {
      "macd": 18.9365,
      "signal": 19.5378,
      "histogram": -0.6013,
      "score": -0.0214,
      "norm_score": -1.7057188300758637
    },
    "stochastic": {
      "k": 50.34,
      "d": 70.53,
      "score": -0.0034,
      "norm_score": 1.9185018459873286
    },
    "ema": {
      "trend": "bullish",
      "fast_ema": 75779.61571464504,
      "slow_ema": 75767.52098477536
    },
    "obv": {
      "obv_slope": -0.0,
      "price_slope": -9.6367,
      "score": -0.001,
      "norm_score": -0.9132485892283578
    },
    "vwap": {
      "vwap": 75689.41,
      "deviation": 0.2502,
      "score": -0.0751,
      "norm_score": 1.9245061447890353
    },
    "atr": {
      "atr": 41.26,
      "passes": true,
      "reason": "ok"
    },
    "weights": {
      "rsi": 0.2,
      "macd": 0.25,
      "stochastic": 0.2,
      "obv": 0.15,
      "vwap": 0.2,
      "entry_threshold": 0.6
    },
    "trade_context": {
      "btc_price": 75836.25,
      "strike_price": 75756.02483273485,
      "seconds_remaining": 83.066756,
      "market_price_up": 0.83,
      "market_price_down": 0.16,
      "model_probability_raw": 0.2712319705803107,
      "model_probability": 0.2712319705803107,
      "edge": 0.11123197058031067,
      "momentum_score": 0.5382253105302881,
      "atr": 41.26,
      "size": 1.83,
      "flow_score": 0.2928,
      "flow_book_imbalance": 0.414,
      "flow_trade_count": 200,
      "spot_flow_signal": 0.6346709738026171,
      "wall_pressure": 0.0,
      "iv_ratio": 1.1806636312924579,
      "prev_resolution_margin": -64.45854277296166,
      "bybit_perp_price": 75773.4,
      "funding_rate": 3.687e-05,
      "depth_usd_top20": 488308.9786724001,
      "entry_phase": "late",
      "flip_count": 1,
      "is_flip": true,
      "cvd_120s": 0.003,
      "taker_ratio_60s": 1.0,
      "volume_surge": false,
      "liquidation_pressure": 0.0,
      "gex_signal": 1.0,
      "gex_regime": "stabilizing",
      "cvd_acceleration": -6.666666666666667e-05,
      "clob_velocity_up": 0.0,
      "clob_velocity_down": 0.0,
      "coinbase_btc": 75836.25,
      "regime_state": "neutral",
      "regime_kelly_mult": 1.0,
      "sprt_confidence": 0.0,
      "sprt_status": "SKIP",
      "signal_consensus": 0.6,
      "adverse_selection_30s": 0.5316455696202531,
      "alpha_decay_rate": 0.003826432651081498,
      "garch_vol_ratio": 2.0,
      "crowd_bias": {
        "flb": 0.0198,
        "recency_fade": 0.0,
        "round_number_dampening": 1.0,
        "composite_logit_adjustment": 0.0198
      },
      "oracle_divergence": 7.928281022133888,
      "edge_realization_ratio": 3.5207468476052504
    }
  },
  "exit_reason": "resolution",
  "timestamp": "2026-04-17T09:57:25.022510+00:00"
}