{
  "position_id": 1230,
  "market_id": "btc-updown-5m-1780378800",
  "question": "Bitcoin Up or Down - June 2, 1:40AM-1:45AM ET",
  "side": "Down",
  "signal_score": 0.5777189445402853,
  "correct": true,
  "entry_price": 0.5,
  "exit_price": 1.0,
  "log_return": 0.6931471805599453,
  "size": 2.73,
  "pnl": 2.6808599999999996,
  "fees": 0.024570000000000203,
  "gain_pct": 0.982,
  "realized_edge": 0.0777,
  "fill_slippage": 0.0,
  "indicator_snapshot": {
    "rsi": {
      "rsi": 5.23,
      "score": 0.8779
    },
    "macd": {
      "macd": -20.0652,
      "signal": -15.5654,
      "histogram": -4.4998,
      "score": -0.1692
    },
    "stochastic": {
      "k": 22.43,
      "d": 22.2,
      "score": 0.2757
    },
    "ema": {
      "trend": "bearish",
      "fast_ema": 70618.72195900518,
      "slow_ema": 70636.87417072049
    },
    "obv": {
      "obv_slope": -10.02,
      "price_slope": -12.985,
      "score": -0.322
    },
    "vwap": {
      "vwap": 70808.53,
      "deviation": -1.2894,
      "score": 0.3868
    },
    "atr": {
      "atr": 41.59,
      "passes": true,
      "reason": "ok"
    },
    "weights": {
      "rsi": 0.2,
      "macd": 0.3,
      "stochastic": 0.15,
      "obv": 0.15,
      "vwap": 0.2
    },
    "trade_context": {
      "btc_price": 70489.73,
      "strike_price": 70496.94925,
      "seconds_remaining": 299.687855,
      "market_price_up": 0.52,
      "market_price_down": 0.5,
      "closes_tail": [
        70610.03,
        70610.03
      ],
      "model_probability": 0.5777189445402853,
      "model_probability_raw": 0.5777189445402853,
      "edge": 0.07771894454028527,
      "atr": 41.59,
      "atr_rolling_20": 47.827,
      "atr_long_term_mean": 44.63575,
      "size": 2.73,
      "prev_resolution_margin": -130.32947961630998,
      "flow_score": 0.1012,
      "spot_flow_signal": -0.02194721375192052,
      "regime_state": "neutral",
      "regime_autocorr": 0.2066,
      "regime_direction": -1.0,
      "entry_phase": "normal",
      "flip_count": 0,
      "is_flip": false,
      "depth_usd_top20": 776880.2390188001,
      "coinbase_cvd_60s": -0.2328,
      "coinbase_taker_60s": 0.4618,
      "coinbase_taker_n": 360,
      "sprt_confidence": 0.049986440835685465,
      "sprt_status": "ACCUMULATING",
      "adverse_rate_at_30s": 0.5714285714285714,
      "adverse_kelly_mult": 0.818,
      "token_id_up": "18200794642943856753927515611873923275317684533203973435510699116465139117448",
      "token_id_down": "103263470364923149705390585414034867228340439767619806158695496872297938707880"
    }
  },
  "exit_reason": "resolution",
  "seconds_remaining_at_exit": 0.0,
  "edge_decay": {
    "midprice_at_fill": 0.51,
    "deltas": {
      "5s": -0.3,
      "10s": -0.405,
      "15s": -0.395,
      "30s": -0.335,
      "60s": -0.335
    },
    "resolved_windows": 5
  },
  "exit_timestamp": "2026-06-02T05:47:48.075071+00:00",
  "timestamp": "2026-06-02T05:47:48.075071+00:00"
}