{
  "position_id": 1246,
  "market_id": "btc-updown-5m-1780407000",
  "question": "Bitcoin Up or Down - June 2, 9:30AM-9:35AM ET",
  "side": "Up",
  "signal_score": 0.6989693663670203,
  "correct": true,
  "entry_price": 0.63,
  "exit_price": 0.7100000000000001,
  "log_return": 0.11954515064978292,
  "size": 7.58,
  "pnl": 0.8064824429285711,
  "fees": 0.14343186049999992,
  "gain_pct": 0.106396,
  "realized_edge": 0.069,
  "fill_slippage": -0.01,
  "indicator_snapshot": {
    "rsi": {
      "rsi": 56.03,
      "score": -0.0904
    },
    "macd": {
      "macd": 3.4144,
      "signal": 3.8069,
      "histogram": -0.3924,
      "score": -0.0189
    },
    "stochastic": {
      "k": 64.17,
      "d": 47.82,
      "score": -0.1417
    },
    "ema": {
      "trend": "chop",
      "fast_ema": 69042.14647444733,
      "slow_ema": 69039.88108713596
    },
    "obv": {
      "obv_slope": -12.19,
      "price_slope": 20.0,
      "score": -0.1927
    },
    "vwap": {
      "vwap": 69263.41,
      "deviation": -0.8986,
      "score": 0.2696
    },
    "atr": {
      "atr": 53.53,
      "passes": true,
      "reason": "ok"
    },
    "weights": {
      "rsi": 0.2,
      "macd": 0.3,
      "stochastic": 0.15,
      "obv": 0.15,
      "vwap": 0.2
    },
    "trade_context": {
      "btc_price": 68950.53,
      "strike_price": 68925.02690456968,
      "seconds_remaining": 199.239534,
      "market_price_up": 0.64,
      "market_price_down": 0.38,
      "closes_tail": [
        69016.12,
        69060.0
      ],
      "model_probability": 0.6989693663670203,
      "model_probability_raw": 0.6989693663670203,
      "edge": 0.058969366367020326,
      "atr": 53.53,
      "atr_rolling_20": 53.53,
      "atr_long_term_mean": 53.53,
      "size": 7.58,
      "prev_resolution_margin": 111.89152406679932,
      "flow_score": 0.0062,
      "spot_flow_signal": 0.21217980519726332,
      "regime_state": "neutral",
      "regime_autocorr": -0.0152,
      "regime_direction": -1.0,
      "entry_phase": "normal",
      "flip_count": 2,
      "is_flip": true,
      "depth_usd_top20": 615452.1841318996,
      "coinbase_cvd_60s": 5.5409,
      "coinbase_taker_60s": 0.6652,
      "coinbase_taker_n": 1178,
      "sprt_confidence": 0.18228938682388623,
      "sprt_status": "ACCUMULATING",
      "adverse_rate_at_30s": 0.5,
      "adverse_kelly_mult": 0.925,
      "token_id_up": "80245324698228294652777159469865043852560542169844621664572760658326409704604",
      "token_id_down": "76689375329696240130180201368112843969185014959127503655769884754082604475541"
    }
  },
  "exit_reason": "scalp",
  "seconds_remaining_at_exit": 172.831982,
  "edge_decay": {
    "midprice_at_fill": 0.51,
    "deltas": {
      "5s": 0.105,
      "10s": 0.095,
      "15s": 0.065,
      "30s": null,
      "60s": null
    },
    "resolved_windows": 3
  },
  "exit_timestamp": "2026-06-02T13:32:08.036577+00:00",
  "timestamp": "2026-06-02T13:32:08.036577+00:00"
}