{
  "position_id": 1248,
  "market_id": "btc-updown-5m-1780407300",
  "question": "Bitcoin Up or Down - June 2, 9:35AM-9:40AM ET",
  "side": "Down",
  "signal_score": 0.6492306264975674,
  "correct": true,
  "entry_price": 0.54,
  "exit_price": 0.59,
  "log_return": 0.08855339734144503,
  "size": 6.88,
  "pnl": 0.47168123075925994,
  "fees": 0.15597472099999893,
  "gain_pct": 0.068558,
  "realized_edge": 0.1092,
  "fill_slippage": 0.0,
  "indicator_snapshot": {
    "rsi": {
      "rsi": 29.2,
      "score": 0.3187
    },
    "macd": {
      "macd": -28.3708,
      "signal": -21.7071,
      "histogram": -6.6637,
      "score": -0.2328
    },
    "stochastic": {
      "k": 16.08,
      "d": 18.01,
      "score": 0.4374
    },
    "ema": {
      "trend": "bearish",
      "fast_ema": 68957.78009215296,
      "slow_ema": 68984.55232183306
    },
    "obv": {
      "obv_slope": 7.16,
      "price_slope": 0.95,
      "score": 0.2343
    },
    "vwap": {
      "vwap": 69250.25,
      "deviation": -1.351,
      "score": 0.4053
    },
    "atr": {
      "atr": 49.58,
      "passes": true,
      "reason": "ok"
    },
    "weights": {
      "rsi": 0.2,
      "macd": 0.3,
      "stochastic": 0.15,
      "obv": 0.15,
      "vwap": 0.2
    },
    "trade_context": {
      "btc_price": 68827.91,
      "strike_price": 68860.36449422214,
      "seconds_remaining": 298.066703,
      "market_price_up": 0.47,
      "market_price_down": 0.54,
      "closes_tail": [
        68957.1,
        68949.9
      ],
      "model_probability": 0.6492306264975674,
      "model_probability_raw": 0.6492306264975674,
      "edge": 0.10923062649756732,
      "atr": 49.58,
      "atr_rolling_20": 56.287,
      "atr_long_term_mean": 56.6047,
      "size": 6.88,
      "prev_resolution_margin": 111.89152406679932,
      "flow_score": -0.0614,
      "spot_flow_signal": 0.19657910313748767,
      "regime_state": "neutral",
      "regime_autocorr": -0.047,
      "regime_direction": -1.0,
      "entry_phase": "normal",
      "flip_count": 0,
      "is_flip": false,
      "depth_usd_top20": 530266.8254009001,
      "coinbase_cvd_60s": 4.8937,
      "coinbase_taker_60s": 0.623,
      "coinbase_taker_n": 1801,
      "sprt_confidence": 0.07950674317529291,
      "sprt_status": "ACCUMULATING",
      "adverse_rate_at_30s": 0.5,
      "adverse_kelly_mult": 0.925,
      "token_id_up": "9412080673152240111857339479337516802501795564545483570826958413531526249568",
      "token_id_down": "56924319507351719990425992390498415932524471164151975320431303872452816682186"
    }
  },
  "exit_reason": "scalp",
  "seconds_remaining_at_exit": 154.72971,
  "edge_decay": {
    "midprice_at_fill": 0.505,
    "deltas": {
      "5s": -0.04,
      "10s": -0.01,
      "15s": -0.065,
      "30s": -0.25,
      "60s": -0.14
    },
    "resolved_windows": 5
  },
  "exit_timestamp": "2026-06-02T13:37:28.265952+00:00",
  "timestamp": "2026-06-02T13:37:28.265952+00:00"
}