{
  "position_id": 1250,
  "market_id": "btc-updown-5m-1780407600",
  "question": "Bitcoin Up or Down - June 2, 9:40AM-9:45AM ET",
  "side": "Down",
  "signal_score": 0.5775254082993498,
  "correct": true,
  "entry_price": 0.5,
  "exit_price": 0.68,
  "log_return": 0.3074846997479607,
  "size": 4.02,
  "pnl": 1.3317732311999997,
  "fees": 0.09307982999999981,
  "gain_pct": 0.331287,
  "realized_edge": 0.0775,
  "fill_slippage": 0.0,
  "indicator_snapshot": {
    "rsi": {
      "rsi": 19.74,
      "score": 0.5394
    },
    "macd": {
      "macd": -48.1041,
      "signal": -44.2753,
      "histogram": -3.8288,
      "score": -0.0875
    },
    "stochastic": {
      "k": 43.63,
      "d": 31.22,
      "score": 0.0637
    },
    "ema": {
      "trend": "bearish",
      "fast_ema": 68880.03719325957,
      "slow_ema": 68915.69086999765
    },
    "obv": {
      "obv_slope": 6.08,
      "price_slope": 4.775,
      "score": 0.2
    },
    "vwap": {
      "vwap": 69226.64,
      "deviation": -1.5075,
      "score": 0.4523
    },
    "atr": {
      "atr": 74.76,
      "passes": true,
      "reason": "ok"
    },
    "weights": {
      "rsi": 0.2,
      "macd": 0.3,
      "stochastic": 0.15,
      "obv": 0.15,
      "vwap": 0.2
    },
    "trade_context": {
      "btc_price": 68760.73,
      "strike_price": 68785.6141426724,
      "seconds_remaining": 298.417807,
      "market_price_up": 0.51,
      "market_price_down": 0.5,
      "closes_tail": [
        68855.79,
        68880.71
      ],
      "model_probability": 0.5775254082993498,
      "model_probability_raw": 0.5775254082993498,
      "edge": 0.07752540829934984,
      "atr": 74.76,
      "atr_rolling_20": 74.76,
      "atr_long_term_mean": 74.76,
      "size": 4.02,
      "prev_resolution_margin": 111.89152406679932,
      "flow_score": -0.226,
      "spot_flow_signal": 0.0795018413122882,
      "regime_state": "neutral",
      "regime_autocorr": -0.041,
      "regime_direction": -1.0,
      "entry_phase": "normal",
      "flip_count": 0,
      "is_flip": false,
      "depth_usd_top20": 471291.5358800999,
      "coinbase_cvd_60s": 0.6024,
      "coinbase_taker_60s": 0.6586,
      "coinbase_taker_n": 147,
      "sprt_confidence": 0.0,
      "sprt_status": "ACCUMULATING",
      "adverse_rate_at_30s": 0.5625,
      "adverse_kelly_mult": 0.831,
      "token_id_up": "69246013209369658981937038033960182705210754091732696777905027772255464725709",
      "token_id_down": "10330687805864241445729540501890647191659587621176238096566430863127908794770"
    }
  },
  "exit_reason": "scalp",
  "seconds_remaining_at_exit": 207.880816,
  "edge_decay": {
    "midprice_at_fill": 0.505,
    "deltas": {
      "5s": -0.035,
      "10s": -0.14,
      "15s": -0.165,
      "30s": -0.24,
      "60s": -0.23
    },
    "resolved_windows": 5
  },
  "exit_timestamp": "2026-06-02T13:41:33.062245+00:00",
  "timestamp": "2026-06-02T13:41:33.062245+00:00"
}