{
  "position_id": 1251,
  "market_id": "btc-updown-5m-1776430500",
  "question": "Bitcoin Up or Down - April 17, 8:55AM-9:00AM ET",
  "side": "Up",
  "signal_score": 0.3698460760497075,
  "correct": true,
  "entry_price": 0.27,
  "exit_price": 0.64,
  "log_return": 0.878550403891308,
  "size": 2.17,
  "pnl": 2.952950259259259,
  "fees": 0.06099299999999999,
  "gain_pct": 1.360807,
  "weight_version": "weights_v001",
  "category": "crypto-5min",
  "indicator_snapshot": {
    "rsi": {
      "rsi": 74.05,
      "score": -0.3946,
      "norm_score": -2.677971610141902
    },
    "macd": {
      "macd": 82.535,
      "signal": 93.2977,
      "histogram": -10.7626,
      "score": -0.1039,
      "norm_score": -1.7664247319888247
    },
    "stochastic": {
      "k": 57.77,
      "d": 57.77,
      "score": -0.0777,
      "norm_score": 0.5129136025512442
    },
    "ema": {
      "trend": "bullish",
      "fast_ema": 76146.24938097179,
      "slow_ema": 76107.68265756912
    },
    "obv": {
      "obv_slope": -0.02,
      "price_slope": -23.5167,
      "score": -0.0165,
      "norm_score": -2.358142961466371
    },
    "vwap": {
      "vwap": 75735.25,
      "deviation": 1.8228,
      "score": -0.5468,
      "norm_score": 1.060884124611501
    },
    "atr": {
      "atr": 106.28,
      "passes": true,
      "reason": "ok"
    },
    "weights": {
      "rsi": 0.2,
      "macd": 0.25,
      "stochastic": 0.2,
      "obv": 0.15,
      "vwap": 0.2,
      "entry_threshold": 0.6
    },
    "trade_context": {
      "btc_price": 76177.51,
      "strike_price": 76248.30861340869,
      "seconds_remaining": 239.486896,
      "market_price_up": 0.27,
      "market_price_down": 0.72,
      "model_probability_raw": 0.3698460760497075,
      "model_probability": 0.3698460760497075,
      "edge": 0.09984607604970747,
      "momentum_score": -1.0,
      "atr": 106.28,
      "size": 2.17,
      "flow_score": -0.0674,
      "flow_book_imbalance": -0.1752,
      "flow_trade_count": 200,
      "spot_flow_signal": -0.6866607436365136,
      "wall_pressure": 0.0,
      "iv_ratio": 0.5,
      "prev_resolution_margin": 97.10490081488388,
      "bybit_perp_price": 76106.4,
      "funding_rate": -1.293e-05,
      "depth_usd_top20": 278378.8489577,
      "entry_phase": "normal",
      "flip_count": 0,
      "is_flip": false,
      "cvd_120s": -0.04530000000000001,
      "taker_ratio_60s": 0.28957298907646467,
      "volume_surge": true,
      "liquidation_pressure": 0.0,
      "gex_signal": 1.0,
      "gex_regime": "stabilizing",
      "cvd_acceleration": -0.0024464444444444447,
      "clob_velocity_up": -0.021400405527170034,
      "clob_velocity_down": 0.021400405527170034,
      "coinbase_btc": 76181.07,
      "regime_state": "trending_up",
      "regime_kelly_mult": 1.2,
      "sprt_confidence": 0.0,
      "sprt_status": "SKIP",
      "signal_consensus": 0.6,
      "adverse_selection_30s": 0.49107142857142855,
      "alpha_decay_rate": 0.00019480940060008034,
      "garch_vol_ratio": 2.0,
      "crowd_bias": {
        "flb": -0.0138,
        "recency_fade": 0.0,
        "round_number_dampening": 1.0,
        "composite_logit_adjustment": -0.0138
      },
      "oracle_divergence": 25.06907730815874,
      "edge_realization_ratio": 4.745677194109909
    }
  },
  "exit_reason": "scalp",
  "timestamp": "2026-04-17T12:59:40.293718+00:00"
}