{
  "position_id": 1253,
  "market_id": "btc-updown-5m-1780407900",
  "question": "Bitcoin Up or Down - June 2, 9:45AM-9:50AM ET",
  "side": "Up",
  "signal_score": 0.7331805379792468,
  "correct": true,
  "entry_price": 0.67,
  "exit_price": 0.69,
  "log_return": 0.02941388520629319,
  "size": 8.7,
  "pnl": 0.09921374004477634,
  "fees": 0.15726709299999958,
  "gain_pct": 0.011404,
  "realized_edge": 0.0632,
  "fill_slippage": 0.0,
  "indicator_snapshot": {
    "rsi": {
      "rsi": 72.56,
      "score": -0.3596
    },
    "macd": {
      "macd": -11.8464,
      "signal": -20.6329,
      "histogram": 8.7865,
      "score": 0.2987
    },
    "stochastic": {
      "k": 81.78,
      "d": 68.75,
      "score": -0.3623
    },
    "ema": {
      "trend": "chop",
      "fast_ema": 68911.1690186447,
      "slow_ema": 68906.92966986806
    },
    "obv": {
      "obv_slope": -6.7,
      "price_slope": 25.51,
      "score": -0.1099
    },
    "vwap": {
      "vwap": 69198.47,
      "deviation": -1.1473,
      "score": 0.3442
    },
    "atr": {
      "atr": 80.16,
      "passes": true,
      "reason": "ok"
    },
    "weights": {
      "rsi": 0.2,
      "macd": 0.3,
      "stochastic": 0.15,
      "obv": 0.15,
      "vwap": 0.2
    },
    "trade_context": {
      "btc_price": 68837.68,
      "strike_price": 68786.43829307033,
      "seconds_remaining": 283.320293,
      "market_price_up": 0.67,
      "market_price_down": 0.34,
      "closes_tail": [
        68879.76,
        68932.02
      ],
      "model_probability": 0.7331805379792468,
      "model_probability_raw": 0.7331805379792468,
      "edge": 0.06318053797924672,
      "atr": 80.16,
      "atr_rolling_20": 80.16,
      "atr_long_term_mean": 82.03915,
      "size": 8.7,
      "prev_resolution_margin": 111.89152406679932,
      "flow_score": 0.0073,
      "spot_flow_signal": 0.2595126171106445,
      "regime_state": "neutral",
      "regime_autocorr": -0.1003,
      "regime_direction": -1.0,
      "entry_phase": "normal",
      "flip_count": 0,
      "is_flip": false,
      "depth_usd_top20": 827763.0808055999,
      "coinbase_cvd_60s": 5.4349,
      "coinbase_taker_60s": 0.7821,
      "coinbase_taker_n": 736,
      "sprt_confidence": 0.09331649337607141,
      "sprt_status": "ACCUMULATING",
      "adverse_rate_at_30s": 0.5263157894736842,
      "adverse_kelly_mult": 0.886,
      "token_id_up": "56774917855561071785886219002613652796218640986279885645823471129975870317094",
      "token_id_down": "2968055429962628020532611119645510801468928415756942670572582796679312019509"
    }
  },
  "exit_reason": "scalp",
  "seconds_remaining_at_exit": 270.173364,
  "edge_decay": {
    "midprice_at_fill": 0.505,
    "deltas": {
      "5s": 0.155,
      "10s": 0.2,
      "15s": null,
      "30s": null,
      "60s": null
    },
    "resolved_windows": 2
  },
  "exit_timestamp": "2026-06-02T13:45:30.428265+00:00",
  "timestamp": "2026-06-02T13:45:30.428265+00:00"
}