{
  "position_id": 1291,
  "market_id": "btc-updown-5m-1776445200",
  "question": "Bitcoin Up or Down - April 17, 1:00PM-1:05PM ET",
  "side": "Up",
  "signal_score": 0.6118554048613323,
  "correct": true,
  "entry_price": 0.57,
  "exit_price": 1.0,
  "log_return": 0.5621189181535413,
  "size": 1.55,
  "pnl": 1.148250877192983,
  "fees": 0.011996999999999976,
  "gain_pct": 0.740807,
  "weight_version": "weights_v001",
  "category": "crypto-5min",
  "indicator_snapshot": {
    "rsi": {
      "rsi": 70.64,
      "score": -0.3148,
      "norm_score": -0.42905759049545944
    },
    "macd": {
      "macd": -10.3282,
      "signal": -30.0215,
      "histogram": 19.6933,
      "score": 0.6142,
      "norm_score": 0.6131475887013779
    },
    "stochastic": {
      "k": 100.0,
      "d": 100.0,
      "score": -1.0,
      "norm_score": -0.44239332781601265
    },
    "ema": {
      "trend": "bullish",
      "fast_ema": 77885.57734856685,
      "slow_ema": 77865.52598652196
    },
    "obv": {
      "obv_slope": 0.0,
      "price_slope": 31.9333,
      "score": 0.0001,
      "norm_score": -0.12454551295400478
    },
    "vwap": {
      "vwap": 77539.51,
      "deviation": 1.0611,
      "score": -0.3183,
      "norm_score": -0.4506123697355843
    },
    "atr": {
      "atr": 30.79,
      "passes": true,
      "reason": "ok"
    },
    "weights": {
      "rsi": 0.2,
      "macd": 0.25,
      "stochastic": 0.2,
      "obv": 0.15,
      "vwap": 0.2,
      "entry_threshold": 0.6
    },
    "trade_context": {
      "btc_price": 77917.5,
      "strike_price": 77893.96187,
      "seconds_remaining": 47.12902,
      "market_price_up": 0.56,
      "market_price_down": 0.43,
      "model_probability_raw": 0.6118554048613323,
      "model_probability": 0.6118554048613323,
      "edge": 0.05185540486133222,
      "momentum_score": -0.12980758737716755,
      "atr": 30.79,
      "size": 1.55,
      "flow_score": 0.0378,
      "flow_book_imbalance": 0.0226,
      "flow_trade_count": 200,
      "spot_flow_signal": 0.4689781046276137,
      "wall_pressure": 0.0,
      "iv_ratio": 1.4569682480149424,
      "prev_resolution_margin": 0.0,
      "bybit_perp_price": 77812.5,
      "funding_rate": -7.794e-05,
      "depth_usd_top20": 397988.28703380004,
      "entry_phase": "late",
      "flip_count": 0,
      "is_flip": false,
      "cvd_120s": 0.0012300000000000002,
      "taker_ratio_60s": 1.0,
      "volume_surge": false,
      "liquidation_pressure": 0.0,
      "gex_signal": 1.0,
      "gex_regime": "stabilizing",
      "cvd_acceleration": -6e-06,
      "clob_velocity_up": 0.0,
      "clob_velocity_down": 0.0,
      "coinbase_btc": 77917.5,
      "regime_state": "volatile",
      "regime_kelly_mult": 0.7,
      "sprt_confidence": 0.0,
      "sprt_status": "SKIP",
      "signal_consensus": 1.3,
      "adverse_selection_30s": 0.5034013605442177,
      "alpha_decay_rate": 0.001322218310868883,
      "garch_vol_ratio": 2.0,
      "crowd_bias": {
        "flb": 0.0,
        "recency_fade": 0.0,
        "round_number_dampening": 1.0,
        "composite_logit_adjustment": 0.0
      },
      "oracle_divergence": 0.27454491988464724,
      "edge_realization_ratio": 1.0
    }
  },
  "exit_reason": "resolution",
  "timestamp": "2026-04-17T17:08:02.634286+00:00"
}