{
  "position_id": 1297,
  "market_id": "btc-updown-5m-1776447300",
  "question": "Bitcoin Up or Down - April 17, 1:35PM-1:40PM ET",
  "side": "Down",
  "signal_score": 0.5825278696967846,
  "correct": true,
  "entry_price": 0.52,
  "exit_price": 0.97,
  "log_return": 0.5485659517488377,
  "size": 2.66,
  "pnl": 1.895854615384616,
  "fees": 0.03119700000000005,
  "gain_pct": 0.712727,
  "weight_version": "weights_v001",
  "category": "crypto-5min",
  "indicator_snapshot": {
    "rsi": {
      "rsi": 47.1,
      "score": 0.0436,
      "norm_score": 0.42261629109771803
    },
    "macd": {
      "macd": 24.2271,
      "signal": 22.3663,
      "histogram": 1.8608,
      "score": 0.031,
      "norm_score": -0.9061689631936672
    },
    "stochastic": {
      "k": 0.0,
      "d": 0.0,
      "score": 1.0,
      "norm_score": 0.4458792520594915
    },
    "ema": {
      "trend": "bullish",
      "fast_ema": 77409.95918625002,
      "slow_ema": 77390.54781418823
    },
    "obv": {
      "obv_slope": -0.01,
      "price_slope": -13.1233,
      "score": -0.0107,
      "norm_score": -0.44288874956267527
    },
    "vwap": {
      "vwap": 77728.3,
      "deviation": -1.3775,
      "score": 0.4132,
      "norm_score": 0.4367913872143306
    },
    "atr": {
      "atr": 64.62,
      "passes": true,
      "reason": "ok"
    },
    "weights": {
      "rsi": 0.2,
      "macd": 0.25,
      "stochastic": 0.2,
      "obv": 0.15,
      "vwap": 0.2,
      "entry_threshold": 0.6
    },
    "trade_context": {
      "btc_price": 77482.57,
      "strike_price": 77489.55881,
      "seconds_remaining": 157.524298,
      "market_price_up": 0.48,
      "market_price_down": 0.51,
      "model_probability_raw": 0.5825278696967846,
      "model_probability": 0.5825278696967846,
      "edge": 0.0725278696967846,
      "momentum_score": -0.03191816715851005,
      "atr": 64.62,
      "size": 2.66,
      "flow_score": 0.1138,
      "flow_book_imbalance": 0.0831,
      "flow_trade_count": 200,
      "spot_flow_signal": -0.10837232229027544,
      "wall_pressure": 0.0,
      "iv_ratio": 0.5135361133388019,
      "prev_resolution_margin": -305.87485999999626,
      "bybit_perp_price": 77385.6,
      "funding_rate": -8.483e-05,
      "depth_usd_top20": 385170.64571500005,
      "entry_phase": "late",
      "flip_count": 0,
      "is_flip": false,
      "cvd_120s": 0.032209999999999996,
      "taker_ratio_60s": 0.0,
      "volume_surge": false,
      "liquidation_pressure": 0.020129169363327745,
      "gex_signal": 1.0,
      "gex_regime": "stabilizing",
      "cvd_acceleration": 1.1111111111111112e-06,
      "clob_velocity_up": 0.0,
      "clob_velocity_down": 0.0,
      "coinbase_btc": 77482.57,
      "regime_state": "neutral",
      "regime_kelly_mult": 1.0,
      "sprt_confidence": 0.0,
      "sprt_status": "SKIP",
      "signal_consensus": 0.8,
      "adverse_selection_30s": 0.5032679738562091,
      "alpha_decay_rate": -0.000501333573729474,
      "garch_vol_ratio": 2.0,
      "crowd_bias": {
        "flb": 0.0,
        "recency_fade": 0.0,
        "round_number_dampening": 1.0,
        "composite_logit_adjustment": 0.0
      },
      "oracle_divergence": 0.28000000001338776,
      "edge_realization_ratio": 1.0
    }
  },
  "exit_reason": "scalp",
  "timestamp": "2026-04-17T17:39:52.456725+00:00"
}