{
  "position_id": 129,
  "market_id": "btc-updown-5m-1775901600",
  "question": "Bitcoin Up or Down - April 11, 6:00AM-6:05AM ET",
  "side": "Down",
  "signal_score": 0.9735147307894583,
  "correct": true,
  "entry_price": 0.81,
  "exit_price": 1.0,
  "log_return": 0.21072103131565253,
  "size": 3.25,
  "pnl": 0.7486234567901233,
  "fees": 0.011115000000000156,
  "gain_pct": 0.230346,
  "weight_version": "weights_v001",
  "category": "crypto-5min",
  "indicator_snapshot": {
    "rsi": {
      "rsi": 20.21,
      "score": 0.5284,
      "norm_score": 3.0
    },
    "macd": {
      "macd": 18.735,
      "signal": 23.14,
      "histogram": -4.405,
      "score": -0.2192,
      "norm_score": -3.0
    },
    "stochastic": {
      "k": 0.0,
      "d": 50.0,
      "score": 1.0,
      "norm_score": 3.0
    },
    "ema": {
      "trend": "chop",
      "fast_ema": 72900.97556493878,
      "slow_ema": 72894.81646590396
    },
    "obv": {
      "obv_slope": -0.0,
      "price_slope": -11.2367,
      "score": -0.001,
      "norm_score": -3.0
    },
    "vwap": {
      "vwap": 72803.83,
      "deviation": 2.0425,
      "score": -0.6127,
      "norm_score": 3.0
    },
    "atr": {
      "atr": 10.62,
      "passes": true,
      "reason": "ok"
    },
    "weights": {
      "rsi": 0.2,
      "macd": 0.25,
      "stochastic": 0.2,
      "obv": 0.15,
      "vwap": 0.2,
      "entry_threshold": 0.6
    },
    "trade_context": {
      "btc_price": 72885.12,
      "strike_price": 72910.29,
      "seconds_remaining": 49.931457,
      "market_price_up": 0.19,
      "market_price_down": 0.81,
      "model_probability_raw": 0.9735147307894583,
      "model_probability": 0.9735147307894583,
      "edge": 0.16351473078945822,
      "momentum_score": 0.6000000000000003,
      "atr": 10.62,
      "size": 3.25,
      "flow_score": -0.0628,
      "flow_book_imbalance": 0.0964,
      "flow_trade_count": 200,
      "spot_flow_signal": -0.41012703817108875,
      "wall_pressure": 0.8454525954525954,
      "perp_lead": -0.14316798503345668,
      "iv_ratio": 2.0,
      "prev_resolution_margin": -13.581808854374685,
      "bybit_perp_price": 72855.0,
      "funding_rate": -2.858e-05,
      "depth_usd_top20": 324198.41718899994,
      "entry_phase": "final",
      "cvd_120s": -0.00844,
      "taker_ratio_60s": 0.0,
      "volume_surge": true,
      "liquidation_pressure": 0.0,
      "gex_signal": 1.0,
      "gex_regime": "stabilizing",
      "cvd_acceleration": -0.000426,
      "regime_state": "volatile",
      "regime_kelly_mult": 0.7,
      "sprt_confidence": 1.0,
      "sprt_status": "ENTER",
      "signal_consensus": 1.3,
      "alpha_decay_rate": 0.0034867462268492015
    }
  },
  "exit_reason": "resolution",
  "timestamp": "2026-04-11T10:10:44.132366+00:00"
}