{
  "position_id": 1309,
  "market_id": "btc-updown-5m-1776453300",
  "question": "Bitcoin Up or Down - April 17, 3:15PM-3:20PM ET",
  "side": "Down",
  "signal_score": 0.4158940518737213,
  "correct": false,
  "entry_price": 0.24000000000000002,
  "exit_price": 0.0,
  "log_return": -10.0,
  "size": 4.81,
  "pnl": -4.81,
  "fees": 0.06580099999999987,
  "gain_pct": -1.0,
  "weight_version": "weights_v001",
  "category": "crypto-5min",
  "indicator_snapshot": {
    "rsi": {
      "rsi": 100.0,
      "score": -1.0,
      "norm_score": -0.7091822554416458
    },
    "macd": {
      "macd": 10.4084,
      "signal": -0.7112,
      "histogram": 11.1196,
      "score": 0.3096,
      "norm_score": 0.6463039993422731
    },
    "stochastic": {
      "k": 100.0,
      "d": 100.0,
      "score": -1.0,
      "norm_score": -0.5543481041820426
    },
    "ema": {
      "trend": "bullish",
      "fast_ema": 77198.61540489597,
      "slow_ema": 77177.35372184962
    },
    "obv": {
      "obv_slope": 0.0,
      "price_slope": 7.52,
      "score": 0.0026,
      "norm_score": -0.10493174373061466
    },
    "vwap": {
      "vwap": 77664.03,
      "deviation": -1.3005,
      "score": 0.3901,
      "norm_score": -0.5829362866866967
    },
    "atr": {
      "atr": 52.63,
      "passes": true,
      "reason": "ok"
    },
    "weights": {
      "rsi": 0.2,
      "macd": 0.25,
      "stochastic": 0.2,
      "obv": 0.15,
      "vwap": 0.2,
      "entry_threshold": 0.6
    },
    "trade_context": {
      "btc_price": 77345.0,
      "strike_price": 77261.24405836918,
      "seconds_remaining": 272.080518,
      "market_price_up": 0.75,
      "market_price_down": 0.24,
      "model_probability_raw": 0.4158940518737213,
      "model_probability": 0.4158940518737213,
      "edge": 0.1758940518737213,
      "momentum_score": -0.22345709098610098,
      "atr": 52.63,
      "size": 4.81,
      "flow_score": -0.0003,
      "flow_book_imbalance": 0.1446,
      "flow_trade_count": 200,
      "spot_flow_signal": 0.3775816044958551,
      "wall_pressure": 0.0,
      "iv_ratio": 0.8700233505363039,
      "prev_resolution_margin": -66.84047881604056,
      "bybit_perp_price": 77268.7,
      "funding_rate": -4.934e-05,
      "depth_usd_top20": 358917.00901880005,
      "entry_phase": "normal",
      "flip_count": 0,
      "is_flip": false,
      "cvd_120s": 0.019299999999999998,
      "taker_ratio_60s": 1.0,
      "volume_surge": false,
      "liquidation_pressure": 0.016202090886192316,
      "gex_signal": 1.0,
      "gex_regime": "stabilizing",
      "cvd_acceleration": -2.8888888888888888e-05,
      "clob_velocity_up": 0.022855610852849217,
      "clob_velocity_down": -0.022855610852849217,
      "coinbase_btc": 77345.0,
      "regime_state": "neutral",
      "regime_kelly_mult": 1.0,
      "sprt_confidence": 0.0,
      "sprt_status": "ACCUMULATING",
      "signal_consensus": 0.6,
      "adverse_selection_30s": 0.509090909090909,
      "alpha_decay_rate": 0.002178895337158483,
      "garch_vol_ratio": 2.0,
      "crowd_bias": {
        "flb": 0.015,
        "recency_fade": 0.0,
        "round_number_dampening": 1.0,
        "composite_logit_adjustment": 0.015
      },
      "oracle_divergence": 18.64951000000292,
      "edge_realization_ratio": 1.0
    }
  },
  "exit_reason": "resolution",
  "timestamp": "2026-04-17T19:22:30.602383+00:00"
}