{
  "position_id": 131,
  "market_id": "btc-updown-5m-1775904300",
  "question": "Bitcoin Up or Down - April 11, 6:45AM-6:50AM ET",
  "side": "Down",
  "signal_score": 0.9904713219521993,
  "correct": false,
  "entry_price": 0.71,
  "exit_price": 0.0,
  "log_return": -10.0,
  "size": 6.08,
  "pnl": -6.08,
  "fees": 0.031738000000000016,
  "gain_pct": -1.0,
  "weight_version": "weights_v001",
  "category": "crypto-5min",
  "indicator_snapshot": {
    "rsi": {
      "rsi": 0.0,
      "score": 1.0,
      "norm_score": 0.5923195374971837
    },
    "macd": {
      "macd": -20.667,
      "signal": -16.2316,
      "histogram": -4.4354,
      "score": -0.2269,
      "norm_score": -0.5830066858008152
    },
    "stochastic": {
      "k": 0.0,
      "d": 25.0,
      "score": 1.0,
      "norm_score": 0.5923195374967236
    },
    "ema": {
      "trend": "bearish",
      "fast_ema": 72801.71552132875,
      "slow_ema": 72821.07383043127
    },
    "obv": {
      "obv_slope": -0.0,
      "price_slope": -15.8267,
      "score": -0.0005,
      "norm_score": -0.6004699195985618
    },
    "vwap": {
      "vwap": 72805.66,
      "deviation": -0.6903,
      "score": 0.2071,
      "norm_score": 0.6004699195929449
    },
    "atr": {
      "atr": 9.59,
      "passes": true,
      "reason": "ok"
    },
    "weights": {
      "rsi": 0.2,
      "macd": 0.25,
      "stochastic": 0.2,
      "obv": 0.15,
      "vwap": 0.2,
      "entry_threshold": 0.6
    },
    "trade_context": {
      "btc_price": 72777.78,
      "strike_price": 72825.26,
      "seconds_remaining": 120.62683,
      "market_price_up": 0.28,
      "market_price_down": 0.71,
      "model_probability_raw": 0.9904713219521993,
      "model_probability": 0.9904713219521993,
      "edge": 0.28047132195219937,
      "momentum_score": 0.12119963952738241,
      "atr": 9.59,
      "size": 6.08,
      "flow_score": 0.0963,
      "flow_book_imbalance": -0.0786,
      "flow_trade_count": 200,
      "spot_flow_signal": -0.40165599579509764,
      "wall_pressure": 0.8353250647018059,
      "perp_lead": -0.23447451276562362,
      "iv_ratio": 2.0,
      "prev_resolution_margin": -27.5390699999989,
      "bybit_perp_price": 72728.1,
      "funding_rate": -4.397e-05,
      "depth_usd_top20": 362014.78371499997,
      "entry_phase": "normal",
      "cvd_120s": -0.00138,
      "taker_ratio_60s": 0.0,
      "volume_surge": false,
      "liquidation_pressure": -0.015894544014061436,
      "gex_signal": 1.0,
      "gex_regime": "stabilizing",
      "cvd_acceleration": 3.066666666666666e-05,
      "regime_state": "volatile",
      "regime_kelly_mult": 0.7,
      "sprt_confidence": 1.0,
      "sprt_status": "ENTER",
      "signal_consensus": 1.0,
      "alpha_decay_rate": -0.000190551488595831
    }
  },
  "exit_reason": "resolution",
  "timestamp": "2026-04-11T10:56:01.990544+00:00"
}