{
  "position_id": 1337,
  "market_id": "btc-updown-5m-1776461700",
  "question": "Bitcoin Up or Down - April 17, 5:35PM-5:40PM ET",
  "side": "Down",
  "signal_score": 0.7298875975113925,
  "correct": true,
  "entry_price": 0.58,
  "exit_price": 1.0,
  "log_return": 0.5447271754416722,
  "size": 5.72,
  "pnl": 4.0675120689655175,
  "fees": 0.04324300000000032,
  "gain_pct": 0.711104,
  "weight_version": "weights_v001",
  "category": "crypto-5min",
  "indicator_snapshot": {
    "rsi": {
      "rsi": 33.81,
      "score": 0.2429,
      "norm_score": -0.6488538995266329
    },
    "macd": {
      "macd": -14.6612,
      "signal": -13.7589,
      "histogram": -0.9023,
      "score": -0.0411,
      "norm_score": 0.654393366562003
    },
    "stochastic": {
      "k": 19.75,
      "d": 16.48,
      "score": 0.3088,
      "norm_score": -0.5454492740424067
    },
    "ema": {
      "trend": "bearish",
      "fast_ema": 77364.9557454076,
      "slow_ema": 77375.76201125167
    },
    "obv": {
      "obv_slope": 0.01,
      "price_slope": 2.17,
      "score": 0.0107,
      "norm_score": 0.6427255200349623
    },
    "vwap": {
      "vwap": 77321.47,
      "deviation": 0.4276,
      "score": -0.1283,
      "norm_score": -0.2005259390343465
    },
    "atr": {
      "atr": 16.98,
      "passes": true,
      "reason": "ok"
    },
    "weights": {
      "rsi": 0.2,
      "macd": 0.25,
      "stochastic": 0.2,
      "obv": 0.15,
      "vwap": 0.2,
      "entry_threshold": 0.6
    },
    "trade_context": {
      "btc_price": 77381.71,
      "strike_price": 77400.129,
      "seconds_remaining": 82.767892,
      "market_price_up": 0.42,
      "market_price_down": 0.57,
      "model_probability_raw": 0.7298875975113925,
      "model_probability": 0.7298875975113925,
      "edge": 0.1598875975113926,
      "momentum_score": -0.018958652874932133,
      "atr": 16.98,
      "size": 5.72,
      "flow_score": -0.0836,
      "flow_book_imbalance": -0.1136,
      "flow_trade_count": 200,
      "spot_flow_signal": -0.28424822369061953,
      "wall_pressure": 0.0,
      "iv_ratio": 1.3319990502287973,
      "prev_resolution_margin": 7.152085499110399,
      "bybit_perp_price": 77306.6,
      "funding_rate": -8.408e-05,
      "depth_usd_top20": 427826.45090709993,
      "entry_phase": "late",
      "flip_count": 1,
      "is_flip": true,
      "cvd_120s": -0.03535,
      "taker_ratio_60s": 0.5,
      "volume_surge": false,
      "liquidation_pressure": -0.008114147169193264,
      "gex_signal": 1.0,
      "gex_regime": "stabilizing",
      "cvd_acceleration": 0.0,
      "clob_velocity_up": 0.0,
      "clob_velocity_down": 0.0,
      "coinbase_btc": 77381.71,
      "regime_state": "neutral",
      "regime_kelly_mult": 1.0,
      "sprt_confidence": 0.06358735354941351,
      "sprt_status": "SKIP",
      "signal_consensus": 1.3,
      "adverse_selection_30s": 0.518324607329843,
      "alpha_decay_rate": -0.003509807214641177,
      "garch_vol_ratio": 2.0,
      "crowd_bias": {
        "flb": 0.0,
        "recency_fade": 0.0,
        "round_number_dampening": 1.0,
        "composite_logit_adjustment": 0.0
      },
      "oracle_divergence": 20.227999999988242,
      "edge_realization_ratio": 1.0
    }
  },
  "exit_reason": "resolution",
  "timestamp": "2026-04-17T21:46:11.647942+00:00"
}