{
  "position_id": 1350,
  "market_id": "btc-updown-5m-1776465600",
  "question": "Bitcoin Up or Down - April 17, 6:40PM-6:45PM ET",
  "side": "Down",
  "signal_score": 0.3723878196673521,
  "correct": false,
  "entry_price": 0.3,
  "exit_price": 0.0,
  "log_return": -10.0,
  "size": 1.78,
  "pnl": -1.78,
  "fees": 0.022428000000000115,
  "gain_pct": -1.0,
  "weight_version": "weights_v001",
  "category": "crypto-5min",
  "indicator_snapshot": {
    "rsi": {
      "rsi": 14.86,
      "score": 0.6532,
      "norm_score": 0.6570367436723905
    },
    "macd": {
      "macd": 1.7937,
      "signal": 5.1313,
      "histogram": -3.3376,
      "score": -0.1748,
      "norm_score": -0.23067791016428238
    },
    "stochastic": {
      "k": 12.41,
      "d": 17.93,
      "score": 0.5656,
      "norm_score": 0.5854653295737067
    },
    "ema": {
      "trend": "chop",
      "fast_ema": 77395.33769729236,
      "slow_ema": 77398.28335825271
    },
    "obv": {
      "obv_slope": 0.0,
      "price_slope": 3.79,
      "score": 0.0033,
      "norm_score": 0.6398482337527535
    },
    "vwap": {
      "vwap": 77360.53,
      "deviation": 0.514,
      "score": -0.1542,
      "norm_score": 0.15145485388465466
    },
    "atr": {
      "atr": 32.55,
      "passes": true,
      "reason": "ok"
    },
    "weights": {
      "rsi": 0.2,
      "macd": 0.25,
      "stochastic": 0.2,
      "obv": 0.15,
      "vwap": 0.2,
      "entry_threshold": 0.6
    },
    "trade_context": {
      "btc_price": 77441.25,
      "strike_price": 77380.32,
      "seconds_remaining": 208.788665,
      "market_price_up": 0.69,
      "market_price_down": 0.3,
      "model_probability_raw": 0.3723878196673521,
      "model_probability": 0.3723878196673521,
      "edge": 0.07238781966735214,
      "momentum_score": 0.3170991429479928,
      "atr": 32.55,
      "size": 1.78,
      "flow_score": 0.1008,
      "flow_book_imbalance": 0.1547,
      "flow_trade_count": 200,
      "spot_flow_signal": -0.6808148492307025,
      "wall_pressure": 0.0,
      "iv_ratio": 0.6333605254736575,
      "prev_resolution_margin": 51.736229999994976,
      "bybit_perp_price": 77369.5,
      "funding_rate": -7.767e-05,
      "depth_usd_top20": 382857.8475210002,
      "entry_phase": "normal",
      "flip_count": 0,
      "is_flip": false,
      "cvd_120s": 0.00635,
      "taker_ratio_60s": 0.5,
      "volume_surge": false,
      "liquidation_pressure": -0.0023721257967096554,
      "gex_signal": 1.0,
      "gex_regime": "stabilizing",
      "cvd_acceleration": 0.0,
      "clob_velocity_up": 0.029055320257308705,
      "clob_velocity_down": -0.029055320257308705,
      "coinbase_btc": 77443.52,
      "regime_state": "neutral",
      "regime_kelly_mult": 1.0,
      "sprt_confidence": 0.0,
      "sprt_status": "SKIP",
      "signal_consensus": 0.8,
      "adverse_selection_30s": 0.5078534031413613,
      "alpha_decay_rate": 0.00015029110139242035,
      "garch_vol_ratio": 2.0,
      "crowd_bias": {
        "flb": 0.0114,
        "recency_fade": 0.0,
        "round_number_dampening": 1.0,
        "composite_logit_adjustment": 0.0114
      },
      "oracle_divergence": 102.62685728211363,
      "edge_realization_ratio": 4.777195808771682
    }
  },
  "exit_reason": "resolution",
  "timestamp": "2026-04-18T03:06:10.245417+00:00"
}