{
  "position_id": 1396,
  "market_id": "btc-updown-5m-1776527700",
  "question": "Bitcoin Up or Down - April 18, 11:55AM-12:00PM ET",
  "side": "Up",
  "signal_score": 0.740525226539402,
  "correct": true,
  "entry_price": 0.57,
  "exit_price": 1.0,
  "log_return": 0.5621189181535413,
  "size": 3.09,
  "pnl": 2.2890929824561406,
  "fees": 0.023917000000000195,
  "gain_pct": 0.740807,
  "weight_version": "weights_v001",
  "category": "crypto-5min",
  "indicator_snapshot": {
    "rsi": {
      "rsi": 21.48,
      "score": 0.4989,
      "norm_score": 0.1524118509425558
    },
    "macd": {
      "macd": -37.0082,
      "signal": -34.8718,
      "histogram": -2.1364,
      "score": -0.0679,
      "norm_score": 2.84823648605373
    },
    "stochastic": {
      "k": 27.35,
      "d": 27.35,
      "score": 0.2265,
      "norm_score": -0.04471321493885936
    },
    "ema": {
      "trend": "bearish",
      "fast_ema": 76062.71124450213,
      "slow_ema": 76088.79061109723
    },
    "obv": {
      "obv_slope": 0.0,
      "price_slope": 0.0,
      "score": 0.0,
      "norm_score": 0.15714143923867552
    },
    "vwap": {
      "vwap": 76019.86,
      "deviation": 0.3312,
      "score": -0.0994,
      "norm_score": -0.02953633192910083
    },
    "atr": {
      "atr": 21.89,
      "passes": true,
      "reason": "ok"
    },
    "weights": {
      "rsi": 0.2,
      "macd": 0.25,
      "stochastic": 0.2,
      "obv": 0.15,
      "vwap": 0.2,
      "entry_threshold": 0.6
    },
    "trade_context": {
      "btc_price": 76147.25,
      "strike_price": 76059.49,
      "seconds_remaining": 297.47156,
      "market_price_up": 0.56,
      "market_price_down": 0.43,
      "model_probability_raw": 0.740525226539402,
      "model_probability": 0.740525226539402,
      "edge": 0.18052522653940195,
      "momentum_score": 0.751262798214153,
      "atr": 21.89,
      "size": 3.09,
      "flow_score": 0.2335,
      "flow_book_imbalance": 0.0332,
      "flow_trade_count": 27,
      "spot_flow_signal": 0.5262052674844364,
      "wall_pressure": 0.0,
      "iv_ratio": 2.0,
      "prev_resolution_margin": -97.85373999999138,
      "bybit_perp_price": 76084.3,
      "funding_rate": -9.198e-05,
      "depth_usd_top20": 384848.31169949984,
      "entry_phase": "normal",
      "flip_count": 0,
      "is_flip": false,
      "cvd_120s": 0.00085,
      "taker_ratio_60s": 0.5,
      "volume_surge": false,
      "liquidation_pressure": -0.0061549525144817705,
      "gex_signal": 1.0,
      "gex_regime": "stabilizing",
      "cvd_acceleration": 0.0,
      "clob_velocity_up": 0.0,
      "clob_velocity_down": 0.0,
      "coinbase_btc": 76147.25,
      "regime_state": "volatile",
      "regime_kelly_mult": 0.7,
      "sprt_confidence": 0.13592460898787742,
      "sprt_status": "ACCUMULATING",
      "signal_consensus": 1.3,
      "adverse_selection_30s": 0.5,
      "alpha_decay_rate": -8.149190597841562e-05,
      "garch_vol_ratio": 2.0,
      "crowd_bias": {
        "flb": 0.0,
        "recency_fade": 0.0,
        "round_number_dampening": 0.96,
        "composite_logit_adjustment": 0.0
      },
      "oracle_divergence": 14.911419671989279,
      "edge_realization_ratio": 1.0
    }
  },
  "exit_reason": "resolution",
  "timestamp": "2026-04-18T16:04:28.467723+00:00"
}