{
  "position_id": 139,
  "market_id": "btc-updown-5m-1775912400",
  "question": "Bitcoin Up or Down - April 11, 9:00AM-9:05AM ET",
  "side": "Down",
  "signal_score": 0.9772147135775495,
  "correct": true,
  "entry_price": 0.8,
  "exit_price": 1.0,
  "log_return": 0.22314355131420976,
  "size": 3.0,
  "pnl": 0.7364999999999999,
  "fees": 0.010800000000000054,
  "gain_pct": 0.2455,
  "weight_version": "weights_v001",
  "category": "crypto-5min",
  "indicator_snapshot": {
    "rsi": {
      "rsi": 0.0,
      "score": 1.0,
      "norm_score": 3.0
    },
    "macd": {
      "macd": -6.7977,
      "signal": -1.9835,
      "histogram": -4.8142,
      "score": -0.5432,
      "norm_score": -0.18915203388681923
    },
    "stochastic": {
      "k": 0.0,
      "d": 25.0,
      "score": 1.0,
      "norm_score": 2.6303748782048197
    },
    "ema": {
      "trend": "bearish",
      "fast_ema": 72899.59003182281,
      "slow_ema": 72910.6161008628
    },
    "obv": {
      "obv_slope": -0.01,
      "price_slope": -12.63,
      "score": -0.0068,
      "norm_score": -3.0
    },
    "vwap": {
      "vwap": 72857.15,
      "deviation": 1.051,
      "score": -0.3153,
      "norm_score": 3.0
    },
    "atr": {
      "atr": 6.34,
      "passes": true,
      "reason": "ok"
    },
    "weights": {
      "rsi": 0.2,
      "macd": 0.25,
      "stochastic": 0.2,
      "obv": 0.15,
      "vwap": 0.2,
      "entry_threshold": 0.6
    },
    "trade_context": {
      "btc_price": 72880.62,
      "strike_price": 72918.51,
      "seconds_remaining": 237.035838,
      "market_price_up": 0.19,
      "market_price_down": 0.8,
      "model_probability_raw": 0.9772147135775495,
      "model_probability": 0.9772147135775495,
      "edge": 0.17721471357754948,
      "momentum_score": 1.0,
      "atr": 6.34,
      "size": 3.0,
      "flow_score": -0.0876,
      "flow_book_imbalance": -0.089,
      "flow_trade_count": 200,
      "spot_flow_signal": 0.4247060225846529,
      "wall_pressure": 0.9705921821981099,
      "perp_lead": -0.2537569330547319,
      "iv_ratio": 2.0,
      "prev_resolution_margin": 14.778220000007423,
      "bybit_perp_price": 72826.6,
      "funding_rate": -3.488e-05,
      "depth_usd_top20": 353164.03366349987,
      "entry_phase": "normal",
      "cvd_120s": 0.0206,
      "taker_ratio_60s": 1.0,
      "volume_surge": true,
      "liquidation_pressure": 0.0,
      "gex_signal": 1.0,
      "gex_regime": "stabilizing",
      "cvd_acceleration": 0.0013733333333333334,
      "regime_state": "volatile",
      "regime_kelly_mult": 0.7,
      "sprt_confidence": 1.0,
      "sprt_status": "ENTER",
      "signal_consensus": 1.0,
      "alpha_decay_rate": 7.244074469500803e-05
    }
  },
  "exit_reason": "resolution",
  "timestamp": "2026-04-11T13:09:56.433422+00:00"
}