{
  "position_id": 1406,
  "market_id": "btc-updown-5m-1776531900",
  "question": "Bitcoin Up or Down - April 18, 1:05PM-1:10PM ET",
  "side": "Down",
  "signal_score": 0.646113876932795,
  "correct": true,
  "entry_price": 0.56,
  "exit_price": 1.0,
  "log_return": 0.579818495252942,
  "size": 1.67,
  "pnl": 1.2885249999999995,
  "fees": 0.013226000000000121,
  "gain_pct": 0.771572,
  "weight_version": "weights_v001",
  "category": "crypto-5min",
  "indicator_snapshot": {
    "rsi": {
      "rsi": 74.44,
      "score": -0.4036,
      "norm_score": 2.092204484247359
    },
    "macd": {
      "macd": -4.8584,
      "signal": -9.2373,
      "histogram": 4.3789,
      "score": 0.5677,
      "norm_score": -1.728558439024571
    },
    "stochastic": {
      "k": 65.67,
      "d": 82.83,
      "score": -0.1567,
      "norm_score": 2.0263557088528827
    },
    "ema": {
      "trend": "chop",
      "fast_ema": 75911.05644262592,
      "slow_ema": 75907.95770299627
    },
    "obv": {
      "obv_slope": -0.0,
      "price_slope": -2.63,
      "score": -0.0,
      "norm_score": -0.7783563414506792
    },
    "vwap": {
      "vwap": 76049.5,
      "deviation": -1.2191,
      "score": 0.3657,
      "norm_score": 1.9438692784228195
    },
    "atr": {
      "atr": 6.69,
      "passes": true,
      "reason": "ok"
    },
    "weights": {
      "rsi": 0.2,
      "macd": 0.25,
      "stochastic": 0.2,
      "obv": 0.15,
      "vwap": 0.2,
      "entry_threshold": 0.6
    },
    "trade_context": {
      "btc_price": 75921.15,
      "strike_price": 75927.5023347935,
      "seconds_remaining": 290.023642,
      "market_price_up": 0.45,
      "market_price_down": 0.55,
      "model_probability_raw": 0.646113876932795,
      "model_probability": 0.646113876932795,
      "edge": 0.09611387693279494,
      "momentum_score": 0.6635928333308676,
      "atr": 6.69,
      "size": 1.67,
      "flow_score": -0.0868,
      "flow_book_imbalance": -0.0129,
      "flow_trade_count": 164,
      "spot_flow_signal": -0.38285280414264183,
      "wall_pressure": 0.0,
      "iv_ratio": 2.0,
      "prev_resolution_margin": -61.28278774538194,
      "bybit_perp_price": 75844.3,
      "funding_rate": -5.702e-05,
      "depth_usd_top20": 288567.38106459996,
      "entry_phase": "normal",
      "flip_count": 0,
      "is_flip": false,
      "cvd_120s": 0.00037,
      "taker_ratio_60s": 1.0,
      "volume_surge": true,
      "liquidation_pressure": -0.009233566081701096,
      "gex_signal": 1.0,
      "gex_regime": "stabilizing",
      "cvd_acceleration": 2.666666666666667e-06,
      "clob_velocity_up": -0.028587443701676162,
      "clob_velocity_down": 0.028587443701676162,
      "coinbase_btc": 75921.15,
      "regime_state": "neutral",
      "regime_kelly_mult": 1.0,
      "sprt_confidence": 0.0,
      "sprt_status": "ACCUMULATING",
      "signal_consensus": 1.3,
      "adverse_selection_30s": 0.5,
      "alpha_decay_rate": 0.013902072556352507,
      "garch_vol_ratio": 2.0,
      "crowd_bias": {
        "flb": 0.0,
        "recency_fade": 0.3,
        "round_number_dampening": 0.96,
        "composite_logit_adjustment": 0.006
      },
      "oracle_divergence": 9.159427289501764,
      "edge_realization_ratio": 1.0
    }
  },
  "exit_reason": "resolution",
  "timestamp": "2026-04-18T17:15:09.948586+00:00"
}