{
  "position_id": 140,
  "market_id": "btc-updown-5m-1775914200",
  "question": "Bitcoin Up or Down - April 11, 9:30AM-9:35AM ET",
  "side": "Down",
  "signal_score": 0.9338391755047553,
  "correct": true,
  "entry_price": 0.64,
  "exit_price": 1.0,
  "log_return": 0.44628710262841953,
  "size": 2.9,
  "pnl": 1.6018874999999997,
  "fees": 0.018792000000000256,
  "gain_pct": 0.552375,
  "weight_version": "weights_v001",
  "category": "crypto-5min",
  "indicator_snapshot": {
    "rsi": {
      "rsi": 0.0,
      "score": 1.0,
      "norm_score": 0.011597881294859221
    },
    "macd": {
      "macd": -10.2048,
      "signal": -10.1331,
      "histogram": -0.0717,
      "score": -0.0076,
      "norm_score": 0.5454698055699059
    },
    "stochastic": {
      "k": 0.0,
      "d": 0.0,
      "score": 1.0,
      "norm_score": 0.009490661867601802
    },
    "ema": {
      "trend": "chop",
      "fast_ema": 72624.54343644831,
      "slow_ema": 72630.59493702257
    },
    "obv": {
      "obv_slope": 0.0,
      "price_slope": 0.0,
      "score": 0.0,
      "norm_score": 0.16643033394423415
    },
    "vwap": {
      "vwap": 72682.46,
      "deviation": -0.5683,
      "score": 0.1705,
      "norm_score": 0.02238101510195099
    },
    "atr": {
      "atr": 7.81,
      "passes": true,
      "reason": "ok"
    },
    "weights": {
      "rsi": 0.2,
      "macd": 0.25,
      "stochastic": 0.2,
      "obv": 0.15,
      "vwap": 0.2,
      "entry_threshold": 0.6
    },
    "trade_context": {
      "btc_price": 72623.44,
      "strike_price": 72640.63,
      "seconds_remaining": 82.415656,
      "market_price_up": 0.35,
      "market_price_down": 0.64,
      "model_probability_raw": 0.9338391755047553,
      "model_probability": 0.9338391755047553,
      "edge": 0.29383917550475525,
      "momentum_score": 0.17002591313699397,
      "atr": 7.81,
      "size": 2.9,
      "flow_score": -0.1346,
      "flow_book_imbalance": -0.278,
      "flow_trade_count": 200,
      "spot_flow_signal": 0.0,
      "wall_pressure": 0.9356745786640782,
      "perp_lead": -0.27487209925198747,
      "iv_ratio": 2.0,
      "prev_resolution_margin": 14.778220000007423,
      "bybit_perp_price": 72564.9,
      "funding_rate": -2.66e-05,
      "depth_usd_top20": 341347.06407,
      "entry_phase": "late",
      "cvd_120s": 0.0,
      "taker_ratio_60s": 0.5,
      "volume_surge": false,
      "liquidation_pressure": 0.0,
      "gex_signal": 1.0,
      "gex_regime": "stabilizing",
      "cvd_acceleration": 0.0,
      "regime_state": "mean_reverting",
      "regime_kelly_mult": 0.8,
      "sprt_confidence": 1.0,
      "sprt_status": "ENTER",
      "signal_consensus": 1.3,
      "alpha_decay_rate": 0.002874011652430732
    }
  },
  "exit_reason": "resolution",
  "timestamp": "2026-04-11T13:41:12.640835+00:00"
}