{
  "position_id": 1414,
  "market_id": "btc-updown-5m-1776533400",
  "question": "Bitcoin Up or Down - April 18, 1:30PM-1:35PM ET",
  "side": "Down",
  "signal_score": 0.6145306768505074,
  "correct": false,
  "entry_price": 0.51,
  "exit_price": 0.36,
  "log_return": -0.37647757123491227,
  "size": 3.97,
  "pnl": -1.3011160980392162,
  "fees": 0.06661100000000014,
  "gain_pct": -0.327737,
  "weight_version": "weights_v001",
  "category": "crypto-5min",
  "indicator_snapshot": {
    "rsi": {
      "rsi": 74.8,
      "score": -0.412,
      "norm_score": 0.25440337653107065
    },
    "macd": {
      "macd": -3.544,
      "signal": -4.9891,
      "histogram": 1.4451,
      "score": 0.1353,
      "norm_score": -1.036421357864339
    },
    "stochastic": {
      "k": 66.31,
      "d": 66.31,
      "score": -0.1631,
      "norm_score": 0.8688673292447202
    },
    "ema": {
      "trend": "chop",
      "fast_ema": 75859.39160685439,
      "slow_ema": 75859.858676946
    },
    "obv": {
      "obv_slope": -0.0,
      "price_slope": -4.3167,
      "score": -0.0001,
      "norm_score": -0.5743250907081164
    },
    "vwap": {
      "vwap": 76021.26,
      "deviation": -1.3413,
      "score": 0.4024,
      "norm_score": 0.8960747187748305
    },
    "atr": {
      "atr": 11.3,
      "passes": true,
      "reason": "ok"
    },
    "weights": {
      "rsi": 0.2,
      "macd": 0.25,
      "stochastic": 0.2,
      "obv": 0.15,
      "vwap": 0.2,
      "entry_threshold": 0.6
    },
    "trade_context": {
      "btc_price": 75882.57,
      "strike_price": 75888.04963523561,
      "seconds_remaining": 281.858414,
      "market_price_up": 0.49,
      "market_price_down": 0.5,
      "model_probability_raw": 0.6145306768505074,
      "model_probability": 0.6145306768505074,
      "edge": 0.11453067685050744,
      "momentum_score": 0.05861498183782203,
      "atr": 11.3,
      "size": 3.97,
      "flow_score": -0.0873,
      "flow_book_imbalance": -0.0482,
      "flow_trade_count": 200,
      "spot_flow_signal": 0.006272632415625501,
      "wall_pressure": 0.0,
      "iv_ratio": 2.0,
      "prev_resolution_margin": -32.47640010996838,
      "bybit_perp_price": 75805.4,
      "funding_rate": -4.901e-05,
      "depth_usd_top20": 299627.2152214,
      "entry_phase": "normal",
      "flip_count": 1,
      "is_flip": true,
      "cvd_120s": 0.00037,
      "taker_ratio_60s": 1.0,
      "volume_surge": false,
      "liquidation_pressure": -0.016265174406712594,
      "gex_signal": 1.0,
      "gex_regime": "stabilizing",
      "cvd_acceleration": -8.222222222222222e-06,
      "clob_velocity_up": 0.0,
      "clob_velocity_down": 0.0,
      "coinbase_btc": 75882.57,
      "regime_state": "neutral",
      "regime_kelly_mult": 1.0,
      "sprt_confidence": 0.0,
      "sprt_status": "ACCUMULATING",
      "signal_consensus": 1.3,
      "adverse_selection_30s": 0.49019607843137253,
      "alpha_decay_rate": 0.000634302215192678,
      "garch_vol_ratio": 2.0,
      "crowd_bias": {
        "flb": 0.0,
        "recency_fade": 1.0,
        "round_number_dampening": 1.0,
        "composite_logit_adjustment": 0.02
      },
      "oracle_divergence": 9.193227953204769,
      "edge_realization_ratio": 4.334934885645965
    }
  },
  "exit_reason": "scalp",
  "timestamp": "2026-04-18T17:32:28.314303+00:00"
}