{
  "position_id": 1421,
  "market_id": "btc-updown-5m-1776536100",
  "question": "Bitcoin Up or Down - April 18, 2:15PM-2:20PM ET",
  "side": "Up",
  "signal_score": 0.2843708198583075,
  "correct": false,
  "entry_price": 0.19,
  "exit_price": 0.0,
  "log_return": -10.0,
  "size": 1.73,
  "pnl": -1.73,
  "fees": 0.025222999999999995,
  "gain_pct": -1.0,
  "weight_version": "weights_v001",
  "category": "crypto-5min",
  "indicator_snapshot": {
    "rsi": {
      "rsi": 27.43,
      "score": 0.36,
      "norm_score": -0.28099933896438567
    },
    "macd": {
      "macd": 1.8397,
      "signal": 0.4243,
      "histogram": 1.4154,
      "score": 0.0637,
      "norm_score": 0.18762493225145332
    },
    "stochastic": {
      "k": 48.52,
      "d": 40.88,
      "score": 0.0148,
      "norm_score": -0.4138608524062164
    },
    "ema": {
      "trend": "chop",
      "fast_ema": 75813.92245713188,
      "slow_ema": 75810.33881386713
    },
    "obv": {
      "obv_slope": 0.02,
      "price_slope": 1.5867,
      "score": 0.0155,
      "norm_score": 0.42640333868777724
    },
    "vwap": {
      "vwap": 75979.97,
      "deviation": -1.2766,
      "score": 0.383,
      "norm_score": -0.3500314725747701
    },
    "atr": {
      "atr": 23.99,
      "passes": true,
      "reason": "ok"
    },
    "weights": {
      "rsi": 0.2,
      "macd": 0.25,
      "stochastic": 0.2,
      "obv": 0.15,
      "vwap": 0.2,
      "entry_threshold": 0.6
    },
    "trade_context": {
      "btc_price": 75782.29,
      "strike_price": 75825.09845,
      "seconds_remaining": 249.949632,
      "market_price_up": 0.2,
      "market_price_down": 0.79,
      "model_probability_raw": 0.2843708198583075,
      "model_probability": 0.2843708198583075,
      "edge": 0.08437081985830747,
      "momentum_score": -0.09811159892304454,
      "atr": 23.99,
      "size": 1.73,
      "flow_score": -0.05,
      "flow_book_imbalance": -0.2264,
      "flow_trade_count": 200,
      "spot_flow_signal": 0.36387644700314037,
      "wall_pressure": 0.0,
      "iv_ratio": 2.0,
      "prev_resolution_margin": 11.090500000005704,
      "bybit_perp_price": 75712.7,
      "funding_rate": -4.46e-05,
      "depth_usd_top20": 369319.31591720006,
      "entry_phase": "normal",
      "flip_count": 0,
      "is_flip": false,
      "cvd_120s": 0.047360000000000006,
      "taker_ratio_60s": 1.0,
      "volume_surge": false,
      "liquidation_pressure": 0.0,
      "gex_signal": 1.0,
      "gex_regime": "stabilizing",
      "cvd_acceleration": -1.4666666666666666e-05,
      "clob_velocity_up": -0.08030134754427605,
      "clob_velocity_down": 0.0803013475442756,
      "coinbase_btc": 75782.29,
      "regime_state": "volatile",
      "regime_kelly_mult": 0.7,
      "sprt_confidence": 0.0,
      "sprt_status": "SKIP",
      "signal_consensus": 0.8,
      "adverse_selection_30s": 0.5254237288135594,
      "alpha_decay_rate": 0.0028030283151290157,
      "garch_vol_ratio": 2.0,
      "crowd_bias": {
        "flb": -0.018,
        "recency_fade": 0.0,
        "round_number_dampening": 1.0,
        "composite_logit_adjustment": -0.018
      },
      "oracle_divergence": 1.6997100000007777,
      "edge_realization_ratio": 4.238499002714436
    }
  },
  "exit_reason": "resolution",
  "timestamp": "2026-04-18T18:25:38.315538+00:00"
}