{
  "position_id": 1429,
  "market_id": "btc-updown-5m-1776538200",
  "question": "Bitcoin Up or Down - April 18, 2:50PM-2:55PM ET",
  "side": "Down",
  "signal_score": 0.6325605469898428,
  "correct": true,
  "entry_price": 0.48999999999999994,
  "exit_price": 0.59,
  "log_return": 0.162135179356097,
  "size": 4.02,
  "pnl": 0.6284683877551016,
  "fees": 0.0726330000000004,
  "gain_pct": 0.156335,
  "weight_version": "weights_v001",
  "category": "crypto-5min",
  "indicator_snapshot": {
    "rsi": {
      "rsi": 95.78,
      "score": -0.9016,
      "norm_score": 0.6705535707719704
    },
    "macd": {
      "macd": 45.2648,
      "signal": 29.7031,
      "histogram": 15.5616,
      "score": 0.2926,
      "norm_score": -1.9659861337976232
    },
    "stochastic": {
      "k": 94.62,
      "d": 94.94,
      "score": -0.8118,
      "norm_score": 0.6872006676316782
    },
    "ema": {
      "trend": "bullish",
      "fast_ema": 75705.95084845035,
      "slow_ema": 75656.75991779637
    },
    "obv": {
      "obv_slope": 0.0,
      "price_slope": 0.0,
      "score": 0.0,
      "norm_score": -0.31309050345001854
    },
    "vwap": {
      "vwap": 75795.32,
      "deviation": -0.4638,
      "score": 0.1391,
      "norm_score": 0.12166085816225407
    },
    "atr": {
      "atr": 35.06,
      "passes": true,
      "reason": "ok"
    },
    "weights": {
      "rsi": 0.2,
      "macd": 0.25,
      "stochastic": 0.2,
      "obv": 0.15,
      "vwap": 0.2,
      "entry_threshold": 0.6
    },
    "trade_context": {
      "btc_price": 75672.44,
      "strike_price": 75695.83117,
      "seconds_remaining": 294.934437,
      "market_price_up": 0.48,
      "market_price_down": 0.51,
      "model_probability_raw": 0.6325605469898428,
      "model_probability": 0.6325605469898428,
      "edge": 0.12256054698984276,
      "momentum_score": -0.24257708965372798,
      "atr": 35.06,
      "size": 4.02,
      "flow_score": 0.2171,
      "flow_book_imbalance": 0.012,
      "flow_trade_count": 46,
      "spot_flow_signal": -0.7486672701346369,
      "wall_pressure": 0.0,
      "iv_ratio": 1.25813614787075,
      "prev_resolution_margin": -66.93637345034222,
      "bybit_perp_price": 75585.0,
      "funding_rate": -3.871e-05,
      "depth_usd_top20": 432244.45620519994,
      "entry_phase": "normal",
      "flip_count": 0,
      "is_flip": false,
      "cvd_120s": 0.00118,
      "taker_ratio_60s": 0.5,
      "volume_surge": false,
      "liquidation_pressure": 0.046379144499118063,
      "gex_signal": 1.0,
      "gex_regime": "stabilizing",
      "cvd_acceleration": 0.0,
      "clob_velocity_up": 0.09329930846955745,
      "clob_velocity_down": -0.09329930846955745,
      "coinbase_btc": 75665.98,
      "regime_state": "volatile",
      "regime_kelly_mult": 0.7,
      "sprt_confidence": 0.0,
      "sprt_status": "ACCUMULATING",
      "signal_consensus": 0.8,
      "adverse_selection_30s": 0.5223880597014925,
      "alpha_decay_rate": 0.004507282387198097,
      "garch_vol_ratio": 2.0,
      "crowd_bias": {
        "flb": 0.0,
        "recency_fade": 0.0,
        "round_number_dampening": 1.0,
        "composite_logit_adjustment": 0.0
      },
      "oracle_divergence": 16.42605999999796,
      "edge_realization_ratio": 4.141233314593662
    }
  },
  "exit_reason": "scalp",
  "timestamp": "2026-04-18T18:50:21.338984+00:00"
}