{
  "position_id": 1434,
  "market_id": "btc-updown-5m-1776539400",
  "question": "Bitcoin Up or Down - April 18, 3:10PM-3:15PM ET",
  "side": "Up",
  "signal_score": 0.7527128030417708,
  "correct": true,
  "entry_price": 0.68,
  "exit_price": 1.0,
  "log_return": 0.38566248081198456,
  "size": 3.68,
  "pnl": 1.7005926470588224,
  "fees": 0.021197000000000268,
  "gain_pct": 0.462118,
  "weight_version": "weights_v001",
  "category": "crypto-5min",
  "indicator_snapshot": {
    "rsi": {
      "rsi": 96.68,
      "score": -0.9226,
      "norm_score": 0.3962408452205257
    },
    "macd": {
      "macd": 38.347,
      "signal": 32.6128,
      "histogram": 5.7342,
      "score": 0.2065,
      "norm_score": -0.34566250221769035
    },
    "stochastic": {
      "k": 96.57,
      "d": 98.28,
      "score": -0.8799,
      "norm_score": 0.3955195695208116
    },
    "ema": {
      "trend": "bullish",
      "fast_ema": 75751.14998292009,
      "slow_ema": 75719.37241214165
    },
    "obv": {
      "obv_slope": 0.0,
      "price_slope": 6.0633,
      "score": 0.0001,
      "norm_score": 0.07509283727236854
    },
    "vwap": {
      "vwap": 75785.27,
      "deviation": -0.1645,
      "score": 0.0494,
      "norm_score": -0.11895208755309249
    },
    "atr": {
      "atr": 15.06,
      "passes": true,
      "reason": "ok"
    },
    "weights": {
      "rsi": 0.2,
      "macd": 0.25,
      "stochastic": 0.2,
      "obv": 0.15,
      "vwap": 0.2,
      "entry_threshold": 0.6
    },
    "trade_context": {
      "btc_price": 75810.55,
      "strike_price": 75761.87721017166,
      "seconds_remaining": 188.220334,
      "market_price_up": 0.67,
      "market_price_down": 0.32,
      "model_probability_raw": 0.7527128030417708,
      "model_probability": 0.7527128030417708,
      "edge": 0.08271280304177075,
      "momentum_score": 0.05940996547408166,
      "atr": 15.06,
      "size": 3.68,
      "flow_score": -0.1012,
      "flow_book_imbalance": 0.0658,
      "flow_trade_count": 200,
      "spot_flow_signal": 0.2359766788672166,
      "wall_pressure": 0.0,
      "iv_ratio": 2.0,
      "prev_resolution_margin": 105.59221674558648,
      "bybit_perp_price": 75723.5,
      "funding_rate": -3.689e-05,
      "depth_usd_top20": 413988.27342479996,
      "entry_phase": "normal",
      "flip_count": 0,
      "is_flip": false,
      "cvd_120s": 0.00047,
      "taker_ratio_60s": 1.0,
      "volume_surge": false,
      "liquidation_pressure": 0.0,
      "gex_signal": 1.0,
      "gex_regime": "stabilizing",
      "cvd_acceleration": -1.777777777777778e-06,
      "clob_velocity_up": 0.0,
      "clob_velocity_down": 0.0,
      "coinbase_btc": 75822.26,
      "regime_state": "neutral",
      "regime_kelly_mult": 1.0,
      "sprt_confidence": 0.0,
      "sprt_status": "SKIP",
      "signal_consensus": 0.8,
      "adverse_selection_30s": 0.5555555555555556,
      "alpha_decay_rate": 0.0018292404374662204,
      "garch_vol_ratio": 2.0,
      "crowd_bias": {
        "flb": 0.0102,
        "recency_fade": 0.0,
        "round_number_dampening": 1.0,
        "composite_logit_adjustment": 0.0102
      },
      "oracle_divergence": 25.99835000000894,
      "edge_realization_ratio": 4.121362583285563
    }
  },
  "exit_reason": "resolution",
  "timestamp": "2026-04-18T19:19:01.715645+00:00"
}