{
  "position_id": 1448,
  "market_id": "btc-updown-5m-1776544200",
  "question": "Bitcoin Up or Down - April 18, 4:30PM-4:35PM ET",
  "side": "Up",
  "signal_score": 0.6551364749553462,
  "correct": true,
  "entry_price": 0.61,
  "exit_price": 1.0,
  "log_return": 0.49429632181478017,
  "size": 2.35,
  "pnl": 1.4754147540983604,
  "fees": 0.016497000000000123,
  "gain_pct": 0.627836,
  "weight_version": "weights_v001",
  "category": "crypto-5min",
  "indicator_snapshot": {
    "rsi": {
      "rsi": 100.0,
      "score": -1.0,
      "norm_score": -2.6645352591003757e-09
    },
    "macd": {
      "macd": 7.4446,
      "signal": 7.4862,
      "histogram": -0.0416,
      "score": -0.0159,
      "norm_score": -2.6710881578373145
    },
    "stochastic": {
      "k": 100.0,
      "d": 100.0,
      "score": -1.0,
      "norm_score": -0.016061630566057954
    },
    "ema": {
      "trend": "chop",
      "fast_ema": 75729.84342468402,
      "slow_ema": 75725.40396887537
    },
    "obv": {
      "obv_slope": 0.0,
      "price_slope": 0.0,
      "score": 0.0,
      "norm_score": -3.6715575295342105e-15
    },
    "vwap": {
      "vwap": 75705.05,
      "deviation": 0.2666,
      "score": -0.08,
      "norm_score": -0.3395144997570209
    },
    "atr": {
      "atr": 2.73,
      "passes": true,
      "reason": "ok"
    },
    "weights": {
      "rsi": 0.2,
      "macd": 0.25,
      "stochastic": 0.2,
      "obv": 0.15,
      "vwap": 0.2,
      "entry_threshold": 0.6
    },
    "trade_context": {
      "btc_price": 75757.51,
      "strike_price": 75735.96821,
      "seconds_remaining": 296.082364,
      "market_price_up": 0.61,
      "market_price_down": 0.39,
      "model_probability_raw": 0.6551364749553462,
      "model_probability": 0.6551364749553462,
      "edge": 0.04513647495534623,
      "momentum_score": -0.738887266056852,
      "atr": 2.73,
      "size": 2.35,
      "flow_score": 0.212,
      "flow_book_imbalance": 0.0378,
      "flow_trade_count": 36,
      "spot_flow_signal": -0.6906428966012044,
      "wall_pressure": 0.0,
      "iv_ratio": 2.0,
      "prev_resolution_margin": -22.824010000011185,
      "bybit_perp_price": 75678.0,
      "funding_rate": -4.118e-05,
      "depth_usd_top20": 357468.26798829995,
      "entry_phase": "normal",
      "flip_count": 0,
      "is_flip": false,
      "cvd_120s": 0.0,
      "taker_ratio_60s": 0.5,
      "volume_surge": false,
      "liquidation_pressure": -0.057670347097648046,
      "gex_signal": 1.0,
      "gex_regime": "stabilizing",
      "cvd_acceleration": 0.0,
      "clob_velocity_up": -0.05597420622210839,
      "clob_velocity_down": 0.05597420622210839,
      "coinbase_btc": 75757.51,
      "regime_state": "neutral",
      "regime_kelly_mult": 1.0,
      "sprt_confidence": 0.0,
      "sprt_status": "ACCUMULATING",
      "signal_consensus": 0.8,
      "adverse_selection_30s": 0.5232558139534884,
      "alpha_decay_rate": 0.030296053986503292,
      "garch_vol_ratio": 2.0,
      "crowd_bias": {
        "flb": 0.0,
        "recency_fade": 0.0,
        "round_number_dampening": 1.0,
        "composite_logit_adjustment": 0.0
      },
      "oracle_divergence": 21.529149999987567,
      "edge_realization_ratio": 4.518252241006719
    }
  },
  "exit_reason": "resolution",
  "timestamp": "2026-04-18T20:41:12.840670+00:00"
}