{
  "position_id": 1470,
  "market_id": "btc-updown-5m-1776549000",
  "question": "Bitcoin Up or Down - April 18, 5:50PM-5:55PM ET",
  "side": "Up",
  "signal_score": 0.5863442945057485,
  "correct": true,
  "entry_price": 0.53,
  "exit_price": 0.69,
  "log_return": 0.24921579162398483,
  "size": 3.55,
  "pnl": 0.9401710754716985,
  "fees": 0.05604599999999997,
  "gain_pct": 0.264837,
  "weight_version": "weights_v001",
  "category": "crypto-5min",
  "indicator_snapshot": {
    "rsi": {
      "rsi": 100.0,
      "score": -1.0,
      "norm_score": -0.00020652665176254555
    },
    "macd": {
      "macd": 22.5746,
      "signal": 22.9868,
      "histogram": -0.4122,
      "score": -0.0232,
      "norm_score": -0.6682146568735269
    },
    "stochastic": {
      "k": 50.0,
      "d": 50.0,
      "score": -0.0,
      "norm_score": 0.11473549213202953
    },
    "ema": {
      "trend": "bullish",
      "fast_ema": 75785.87773468126,
      "slow_ema": 75771.81559058529
    },
    "obv": {
      "obv_slope": 0.0,
      "price_slope": 0.0,
      "score": 0.0,
      "norm_score": -0.0003497131677243644
    },
    "vwap": {
      "vwap": 75676.96,
      "deviation": 2.0312,
      "score": -0.6094,
      "norm_score": -0.00020664026737911493
    },
    "atr": {
      "atr": 5.48,
      "passes": true,
      "reason": "ok"
    },
    "weights": {
      "rsi": 0.2,
      "macd": 0.25,
      "stochastic": 0.2,
      "obv": 0.15,
      "vwap": 0.2,
      "entry_threshold": 0.6
    },
    "trade_context": {
      "btc_price": 75811.32,
      "strike_price": 75800.44879,
      "seconds_remaining": 213.369692,
      "market_price_up": 0.52,
      "market_price_down": 0.47,
      "model_probability_raw": 0.5863442945057485,
      "model_probability": 0.5863442945057485,
      "edge": 0.06634429450574852,
      "momentum_score": -0.1442416561509628,
      "atr": 5.48,
      "size": 3.55,
      "flow_score": 0.1625,
      "flow_book_imbalance": 0.0219,
      "flow_trade_count": 200,
      "spot_flow_signal": -0.04898632709405965,
      "wall_pressure": 0.0,
      "iv_ratio": 2.0,
      "prev_resolution_margin": 84.87519000000611,
      "bybit_perp_price": 75738.0,
      "funding_rate": -3.666e-05,
      "depth_usd_top20": 372957.62261950003,
      "entry_phase": "normal",
      "flip_count": 1,
      "is_flip": true,
      "cvd_120s": 0.0,
      "taker_ratio_60s": 0.5,
      "volume_surge": false,
      "liquidation_pressure": 0.0,
      "gex_signal": 1.0,
      "gex_regime": "stabilizing",
      "cvd_acceleration": 0.0,
      "clob_velocity_up": 0.0,
      "clob_velocity_down": 0.0,
      "coinbase_btc": 75811.32,
      "regime_state": "volatile",
      "regime_kelly_mult": 0.7,
      "sprt_confidence": 0.16774743445827392,
      "sprt_status": "SKIP",
      "signal_consensus": 1.3,
      "adverse_selection_30s": 0.49074074074074076,
      "alpha_decay_rate": 0.0020612957979066746,
      "garch_vol_ratio": 2.0,
      "crowd_bias": {
        "flb": 0.0,
        "recency_fade": -0.3,
        "round_number_dampening": 1.0,
        "composite_logit_adjustment": -0.006
      },
      "oracle_divergence": 14.64444000000367,
      "edge_realization_ratio": 3.8977871404984237
    }
  },
  "exit_reason": "scalp",
  "timestamp": "2026-04-18T21:53:42.598523+00:00"
}