{
  "position_id": 1479,
  "market_id": "btc-updown-5m-1776551100",
  "question": "Bitcoin Up or Down - April 18, 6:25PM-6:30PM ET",
  "side": "Up",
  "signal_score": 0.666650160175627,
  "correct": false,
  "entry_price": 0.54,
  "exit_price": 0.55,
  "log_return": -0.01869213301215252,
  "size": 7.39,
  "pnl": -0.2577617222222228,
  "fees": 0.12204300000000015,
  "gain_pct": -0.03488,
  "weight_version": "weights_v001",
  "category": "crypto-5min",
  "indicator_snapshot": {
    "rsi": {
      "rsi": 100.0,
      "score": -1.0,
      "norm_score": -9.973606973902535e-06
    },
    "macd": {
      "macd": 14.0292,
      "signal": 7.7736,
      "histogram": 6.2557,
      "score": 0.505,
      "norm_score": -0.8028326095644515
    },
    "stochastic": {
      "k": 100.0,
      "d": 100.0,
      "score": -1.0,
      "norm_score": -0.02067765100865853
    },
    "ema": {
      "trend": "bullish",
      "fast_ema": 75681.73114308012,
      "slow_ema": 75664.37110004909
    },
    "obv": {
      "obv_slope": 0.0,
      "price_slope": 0.0,
      "score": 0.0,
      "norm_score": -0.09517163286372561
    },
    "vwap": {
      "vwap": 75729.26,
      "deviation": -0.9748,
      "score": 0.2925,
      "norm_score": 0.03343140574392455
    },
    "atr": {
      "atr": 8.68,
      "passes": true,
      "reason": "ok"
    },
    "weights": {
      "rsi": 0.2,
      "macd": 0.25,
      "stochastic": 0.2,
      "obv": 0.15,
      "vwap": 0.2,
      "entry_threshold": 0.6
    },
    "trade_context": {
      "btc_price": 75740.1,
      "strike_price": 75723.40298646381,
      "seconds_remaining": 164.765864,
      "market_price_up": 0.53,
      "market_price_down": 0.46,
      "model_probability_raw": 0.666650160175627,
      "model_probability": 0.666650160175627,
      "edge": 0.13665016017562692,
      "momentum_score": -0.2124351410950133,
      "atr": 8.68,
      "size": 7.39,
      "flow_score": -0.0543,
      "flow_book_imbalance": -0.0009,
      "flow_trade_count": 200,
      "spot_flow_signal": 0.5158532660759366,
      "wall_pressure": 0.0,
      "iv_ratio": 2.0,
      "prev_resolution_margin": 84.87519000000611,
      "bybit_perp_price": 75666.0,
      "funding_rate": -3.294e-05,
      "depth_usd_top20": 337018.5892558,
      "entry_phase": "late",
      "flip_count": 1,
      "is_flip": true,
      "cvd_120s": 0.0,
      "taker_ratio_60s": 0.5,
      "volume_surge": false,
      "liquidation_pressure": 0.003022763146356549,
      "gex_signal": 1.0,
      "gex_regime": "stabilizing",
      "cvd_acceleration": 0.0,
      "clob_velocity_up": 0.0,
      "clob_velocity_down": 0.0,
      "coinbase_btc": 75740.1,
      "regime_state": "neutral",
      "regime_kelly_mult": 1.0,
      "sprt_confidence": 0.0,
      "sprt_status": "SKIP",
      "signal_consensus": 0.8,
      "adverse_selection_30s": 0.48717948717948717,
      "alpha_decay_rate": 0.0013457994825159742,
      "garch_vol_ratio": 2.0,
      "crowd_bias": {
        "flb": 0.0,
        "recency_fade": -0.9,
        "round_number_dampening": 1.0,
        "composite_logit_adjustment": -0.018
      },
      "oracle_divergence": 14.040701795733185,
      "edge_realization_ratio": 3.9971191393343224
    }
  },
  "exit_reason": "scalp",
  "timestamp": "2026-04-18T22:27:28.866067+00:00"
}