{
  "position_id": 147,
  "market_id": "btc-updown-5m-1775918400",
  "question": "Bitcoin Up or Down - April 11, 10:40AM-10:45AM ET",
  "side": "Down",
  "signal_score": 0.9018394263379239,
  "correct": false,
  "entry_price": 0.61,
  "exit_price": 0.26,
  "log_return": -0.8527773261518291,
  "size": 1.5,
  "pnl": -0.8735999344262295,
  "fees": 0.018986000000000124,
  "gain_pct": -0.5824,
  "weight_version": "weights_v001",
  "category": "crypto-5min",
  "indicator_snapshot": {
    "rsi": {
      "rsi": 0.0,
      "score": 1.0,
      "norm_score": 0.0006721018112612414
    },
    "macd": {
      "macd": -22.1504,
      "signal": -19.9006,
      "histogram": -2.2498,
      "score": -0.1667,
      "norm_score": 1.2876129688309645
    },
    "stochastic": {
      "k": 0.0,
      "d": 0.0,
      "score": 1.0,
      "norm_score": 0.0006721018113421831
    },
    "ema": {
      "trend": "bearish",
      "fast_ema": 72639.23759216862,
      "slow_ema": 72656.30399749112
    },
    "obv": {
      "obv_slope": -0.0,
      "price_slope": -4.46,
      "score": -0.0,
      "norm_score": 0.17790538263133318
    },
    "vwap": {
      "vwap": 72665.16,
      "deviation": -0.3477,
      "score": 0.1043,
      "norm_score": 1.0516705990377628
    },
    "atr": {
      "atr": 5.83,
      "passes": true,
      "reason": "ok"
    },
    "weights": {
      "rsi": 0.2,
      "macd": 0.25,
      "stochastic": 0.2,
      "obv": 0.15,
      "vwap": 0.2,
      "entry_threshold": 0.6
    },
    "trade_context": {
      "btc_price": 72634.77,
      "strike_price": 72648.15,
      "seconds_remaining": 118.224839,
      "market_price_up": 0.38,
      "market_price_down": 0.61,
      "model_probability_raw": 0.9018394263379239,
      "model_probability": 0.9018394263379239,
      "edge": 0.2918394263379239,
      "momentum_score": 0.5591920101345145,
      "atr": 5.83,
      "size": 1.5,
      "flow_score": -0.3197,
      "flow_book_imbalance": -0.0385,
      "flow_trade_count": 200,
      "spot_flow_signal": 0.4000479999998976,
      "wall_pressure": 0.8781235361038614,
      "perp_lead": -0.20414735910373477,
      "iv_ratio": 2.0,
      "prev_resolution_margin": 48.448790223366814,
      "bybit_perp_price": 72591.8,
      "funding_rate": -1.237e-05,
      "depth_usd_top20": 331239.6732263001,
      "entry_phase": "late",
      "cvd_120s": 4e-05,
      "taker_ratio_60s": 1.0,
      "volume_surge": false,
      "liquidation_pressure": -0.004082061006122557,
      "gex_signal": 1.0,
      "gex_regime": "stabilizing",
      "cvd_acceleration": -8.88888888888889e-07,
      "regime_state": "trending_up",
      "regime_kelly_mult": 1.2,
      "sprt_confidence": 1.0,
      "sprt_status": "ENTER",
      "signal_consensus": 1.0,
      "alpha_decay_rate": -0.00020937233731748754
    }
  },
  "exit_reason": "scalp",
  "timestamp": "2026-04-11T14:44:25.130020+00:00"
}