{
  "position_id": 1481,
  "market_id": "btc-updown-5m-1776551700",
  "question": "Bitcoin Up or Down - April 18, 6:35PM-6:40PM ET",
  "side": "Up",
  "signal_score": 0.604864703863392,
  "correct": false,
  "entry_price": 0.56,
  "exit_price": 0.26,
  "log_return": -1.252762968495368,
  "size": 3.09,
  "pnl": -2.227378142857143,
  "fees": 0.0377160000000002,
  "gain_pct": -0.720834,
  "weight_version": "weights_v001",
  "category": "crypto-5min",
  "indicator_snapshot": {
    "rsi": {
      "rsi": 100.0,
      "score": -1.0,
      "norm_score": -2.6645352591003757e-09
    },
    "macd": {
      "macd": 41.1449,
      "signal": 40.3765,
      "histogram": 0.7684,
      "score": 0.0325,
      "norm_score": -0.5166593793364038
    },
    "stochastic": {
      "k": 100.0,
      "d": 100.0,
      "score": -1.0,
      "norm_score": -2.6645352591003757e-09
    },
    "ema": {
      "trend": "bullish",
      "fast_ema": 75800.59665262321,
      "slow_ema": 75773.30873783694
    },
    "obv": {
      "obv_slope": 0.0,
      "price_slope": 0.0,
      "score": 0.0,
      "norm_score": -0.16104868194742442
    },
    "vwap": {
      "vwap": 75729.41,
      "deviation": 1.6641,
      "score": -0.4992,
      "norm_score": -0.022599936717005803
    },
    "atr": {
      "atr": 11.57,
      "passes": true,
      "reason": "ok"
    },
    "weights": {
      "rsi": 0.2,
      "macd": 0.25,
      "stochastic": 0.2,
      "obv": 0.15,
      "vwap": 0.2,
      "entry_threshold": 0.6
    },
    "trade_context": {
      "btc_price": 75837.16,
      "strike_price": 75819.168,
      "seconds_remaining": 204.003622,
      "market_price_up": 0.55,
      "market_price_down": 0.44,
      "model_probability_raw": 0.604864703863392,
      "model_probability": 0.604864703863392,
      "edge": 0.05486470386339193,
      "momentum_score": -0.1578421355354299,
      "atr": 11.57,
      "size": 3.09,
      "flow_score": -0.0205,
      "flow_book_imbalance": 0.0226,
      "flow_trade_count": 200,
      "spot_flow_signal": -0.24461834201863045,
      "wall_pressure": 0.0,
      "iv_ratio": 2.0,
      "prev_resolution_margin": 84.87519000000611,
      "bybit_perp_price": 75770.3,
      "funding_rate": -3.067e-05,
      "depth_usd_top20": 365548.9734335999,
      "entry_phase": "normal",
      "flip_count": 0,
      "is_flip": false,
      "cvd_120s": 0.0,
      "taker_ratio_60s": 0.5,
      "volume_surge": false,
      "liquidation_pressure": 0.02161645823997862,
      "gex_signal": 1.0,
      "gex_regime": "stabilizing",
      "cvd_acceleration": 0.0,
      "clob_velocity_up": 0.0,
      "clob_velocity_down": 0.0,
      "coinbase_btc": 75837.16,
      "regime_state": "neutral",
      "regime_kelly_mult": 1.0,
      "sprt_confidence": 0.0,
      "sprt_status": "SKIP",
      "signal_consensus": 0.6,
      "adverse_selection_30s": 0.48739495798319327,
      "alpha_decay_rate": -0.0007051554914093753,
      "garch_vol_ratio": 2.0,
      "crowd_bias": {
        "flb": 0.0,
        "recency_fade": -0.9,
        "round_number_dampening": 1.0,
        "composite_logit_adjustment": -0.018
      },
      "oracle_divergence": 21.09902000000875,
      "edge_realization_ratio": 3.9704537830308393
    }
  },
  "exit_reason": "scalp",
  "timestamp": "2026-04-18T22:39:57.148033+00:00"
}