{
  "position_id": 1489,
  "market_id": "btc-updown-5m-1776553500",
  "question": "Bitcoin Up or Down - April 18, 7:05PM-7:10PM ET",
  "side": "Up",
  "signal_score": 0.6127876230915418,
  "correct": false,
  "entry_price": 0.54,
  "exit_price": 0.6,
  "log_return": -0.16034265007517937,
  "size": 4.7,
  "pnl": -0.7680409629629623,
  "fees": 0.0775099999999998,
  "gain_pct": -0.163413,
  "weight_version": "weights_v001",
  "category": "crypto-5min",
  "indicator_snapshot": {
    "rsi": {
      "rsi": 100.0,
      "score": -1.0,
      "norm_score": -0.9565517512406475
    },
    "macd": {
      "macd": 11.3391,
      "signal": 8.9456,
      "histogram": 2.3935,
      "score": 0.2679,
      "norm_score": -0.31689432009016455
    },
    "stochastic": {
      "k": 100.0,
      "d": 100.0,
      "score": -1.0,
      "norm_score": -0.0014901462044791577
    },
    "ema": {
      "trend": "bullish",
      "fast_ema": 75855.37380499192,
      "slow_ema": 75845.25122788217
    },
    "obv": {
      "obv_slope": 0.0,
      "price_slope": 2.8767,
      "score": 0.0,
      "norm_score": -0.06354543122169307
    },
    "vwap": {
      "vwap": 75777.8,
      "deviation": 1.3703,
      "score": -0.4111,
      "norm_score": -1.1645969281195567
    },
    "atr": {
      "atr": 6.84,
      "passes": true,
      "reason": "ok"
    },
    "weights": {
      "rsi": 0.2,
      "macd": 0.25,
      "stochastic": 0.2,
      "obv": 0.15,
      "vwap": 0.2,
      "entry_threshold": 0.6
    },
    "trade_context": {
      "btc_price": 75893.79,
      "strike_price": 75883.01494,
      "seconds_remaining": 160.605587,
      "market_price_up": 0.53,
      "market_price_down": 0.46,
      "model_probability_raw": 0.6127876230915418,
      "model_probability": 0.6127876230915418,
      "edge": 0.08278762309154175,
      "momentum_score": -0.5132831598187317,
      "atr": 6.84,
      "size": 4.7,
      "flow_score": 0.071,
      "flow_book_imbalance": 0.072,
      "flow_trade_count": 200,
      "spot_flow_signal": 0.6036271248355243,
      "wall_pressure": 0.0,
      "iv_ratio": 2.0,
      "prev_resolution_margin": 48.67857919084781,
      "bybit_perp_price": 75821.0,
      "funding_rate": -2.661e-05,
      "depth_usd_top20": 384263.3239176999,
      "entry_phase": "late",
      "flip_count": 0,
      "is_flip": false,
      "cvd_120s": 0.00014,
      "taker_ratio_60s": 1.0,
      "volume_surge": false,
      "liquidation_pressure": 0.0,
      "gex_signal": 1.0,
      "gex_regime": "stabilizing",
      "cvd_acceleration": 4.666666666666666e-06,
      "clob_velocity_up": 0.0,
      "clob_velocity_down": 0.0,
      "coinbase_btc": 75893.79,
      "regime_state": "trending_up",
      "regime_kelly_mult": 1.2,
      "sprt_confidence": 0.0,
      "sprt_status": "SKIP",
      "signal_consensus": 1.3,
      "adverse_selection_30s": 0.48031496062992124,
      "alpha_decay_rate": -0.00010166680750549415,
      "garch_vol_ratio": 2.0,
      "crowd_bias": {
        "flb": 0.0,
        "recency_fade": -1.0,
        "round_number_dampening": 1.0,
        "composite_logit_adjustment": -0.02
      },
      "oracle_divergence": 15.139759999990929,
      "edge_realization_ratio": 4.077074794096821
    }
  },
  "exit_reason": "scalp",
  "timestamp": "2026-04-18T23:08:02.647458+00:00"
}