{
  "position_id": 1508,
  "market_id": "btc-updown-5m-1776558300",
  "question": "Bitcoin Up or Down - April 18, 8:25PM-8:30PM ET",
  "side": "Up",
  "signal_score": 0.6799367488621486,
  "correct": false,
  "entry_price": 0.63,
  "exit_price": 0.59,
  "log_return": -0.25131442828090605,
  "size": 4.93,
  "pnl": -1.156059111111111,
  "fees": 0.06780000000000015,
  "gain_pct": -0.234495,
  "weight_version": "weights_v001",
  "category": "crypto-5min",
  "indicator_snapshot": {
    "rsi": {
      "rsi": 100.0,
      "score": -1.0,
      "norm_score": -0.001257079680018645
    },
    "macd": {
      "macd": -6.6215,
      "signal": -9.1872,
      "histogram": 2.5657,
      "score": 0.1736,
      "norm_score": 0.2855469970381411
    },
    "stochastic": {
      "k": 50.0,
      "d": 75.0,
      "score": -0.0,
      "norm_score": 0.2856492387642913
    },
    "ema": {
      "trend": "chop",
      "fast_ema": 75740.4659771214,
      "slow_ema": 75741.63784208853
    },
    "obv": {
      "obv_slope": 0.0,
      "price_slope": 0.0,
      "score": 0.0,
      "norm_score": -0.0001610386174306736
    },
    "vwap": {
      "vwap": 75793.76,
      "deviation": -0.8954,
      "score": 0.2686,
      "norm_score": -0.03823988033052792
    },
    "atr": {
      "atr": 7.26,
      "passes": true,
      "reason": "ok"
    },
    "weights": {
      "rsi": 0.2,
      "macd": 0.25,
      "stochastic": 0.2,
      "obv": 0.15,
      "vwap": 0.2,
      "entry_threshold": 0.6
    },
    "trade_context": {
      "btc_price": 75649.83,
      "strike_price": 75627.99,
      "seconds_remaining": 239.986427,
      "market_price_up": 0.62,
      "market_price_down": 0.37,
      "model_probability_raw": 0.6799367488621486,
      "model_probability": 0.6799367488621486,
      "edge": 0.059936748862148614,
      "momentum_score": 0.12059304921766963,
      "atr": 7.26,
      "size": 4.93,
      "flow_score": -0.1052,
      "flow_book_imbalance": 0.1577,
      "flow_trade_count": 200,
      "spot_flow_signal": -0.0342841175760145,
      "wall_pressure": 0.0,
      "iv_ratio": 2.0,
      "prev_resolution_margin": -57.227230000004056,
      "bybit_perp_price": 75574.5,
      "funding_rate": -2.378e-05,
      "depth_usd_top20": 356192.6057941,
      "entry_phase": "normal",
      "flip_count": 1,
      "is_flip": true,
      "cvd_120s": 0.0,
      "taker_ratio_60s": 0.5,
      "volume_surge": false,
      "liquidation_pressure": -0.03377234249692837,
      "gex_signal": 1.0,
      "gex_regime": "stabilizing",
      "cvd_acceleration": 0.0,
      "clob_velocity_up": 0.0,
      "clob_velocity_down": 0.0,
      "coinbase_btc": 75649.83,
      "regime_state": "neutral",
      "regime_kelly_mult": 1.0,
      "sprt_confidence": 0.39717227519863424,
      "sprt_status": "ACCUMULATING",
      "signal_consensus": 0.6,
      "adverse_selection_30s": 0.4794520547945205,
      "alpha_decay_rate": -0.0026347302031356,
      "garch_vol_ratio": 2.0,
      "crowd_bias": {
        "flb": 0.0,
        "recency_fade": 0.0,
        "round_number_dampening": 1.0,
        "composite_logit_adjustment": 0.0
      },
      "oracle_divergence": 11.745609999998123,
      "edge_realization_ratio": 4.312930985797816
    }
  },
  "exit_reason": "scalp",
  "timestamp": "2026-04-19T00:26:40.932532+00:00"
}