{
  "position_id": 1519,
  "market_id": "btc-updown-5m-1776561600",
  "question": "Bitcoin Up or Down - April 18, 9:20PM-9:25PM ET",
  "side": "Up",
  "signal_score": 0.4181987916071936,
  "correct": true,
  "entry_price": 0.34,
  "exit_price": 0.47,
  "log_return": 0.3022808718729335,
  "size": 3.26,
  "pnl": 1.0558281764705875,
  "fees": 0.08109100000000012,
  "gain_pct": 0.323874,
  "weight_version": "weights_v001",
  "category": "crypto-5min",
  "indicator_snapshot": {
    "rsi": {
      "rsi": 0.0,
      "score": 1.0,
      "norm_score": 0.024034358222443732
    },
    "macd": {
      "macd": -37.2011,
      "signal": -37.0974,
      "histogram": -0.1038,
      "score": -0.0032,
      "norm_score": 0.7769752999672479
    },
    "stochastic": {
      "k": 0.0,
      "d": 0.0,
      "score": 1.0,
      "norm_score": 0.024021903816491566
    },
    "ema": {
      "trend": "bearish",
      "fast_ema": 75601.15737973631,
      "slow_ema": 75625.34481931126
    },
    "obv": {
      "obv_slope": 0.0,
      "price_slope": 0.0,
      "score": 0.0,
      "norm_score": 0.15973581415828786
    },
    "vwap": {
      "vwap": 75780.86,
      "deviation": -2.5632,
      "score": 0.769,
      "norm_score": 0.051447791850820004
    },
    "atr": {
      "atr": 15.44,
      "passes": true,
      "reason": "ok"
    },
    "weights": {
      "rsi": 0.2,
      "macd": 0.25,
      "stochastic": 0.2,
      "obv": 0.15,
      "vwap": 0.2,
      "entry_threshold": 0.6
    },
    "trade_context": {
      "btc_price": 75638.83,
      "strike_price": 75642.38,
      "seconds_remaining": 153.998459,
      "market_price_up": 0.34,
      "market_price_down": 0.66,
      "model_probability_raw": 0.4181987916071936,
      "model_probability": 0.4181987916071936,
      "edge": 0.07819879160719356,
      "momentum_score": 0.23810500789350625,
      "atr": 15.44,
      "size": 3.26,
      "flow_score": 0.0531,
      "flow_book_imbalance": -0.0874,
      "flow_trade_count": 200,
      "spot_flow_signal": 0.4523054759524521,
      "wall_pressure": 0.0,
      "iv_ratio": 2.0,
      "prev_resolution_margin": 25.941391592103173,
      "bybit_perp_price": 75562.7,
      "funding_rate": -2.461e-05,
      "depth_usd_top20": 317798.80436839996,
      "entry_phase": "late",
      "flip_count": 0,
      "is_flip": false,
      "cvd_120s": 0.0,
      "taker_ratio_60s": 0.5,
      "volume_surge": false,
      "liquidation_pressure": -0.006555965642998945,
      "gex_signal": 1.0,
      "gex_regime": "stabilizing",
      "cvd_acceleration": 0.0,
      "clob_velocity_up": 0.0,
      "clob_velocity_down": 0.0,
      "coinbase_btc": 75638.83,
      "regime_state": "neutral",
      "regime_kelly_mult": 1.0,
      "sprt_confidence": 0.0,
      "sprt_status": "SKIP",
      "signal_consensus": 1.3,
      "adverse_selection_30s": 0.4840764331210191,
      "alpha_decay_rate": 0.0007877017857218883,
      "garch_vol_ratio": 2.0,
      "crowd_bias": {
        "flb": -0.0096,
        "recency_fade": 0.0,
        "round_number_dampening": 1.0,
        "composite_logit_adjustment": -0.0096
      },
      "oracle_divergence": 8.308329999999842,
      "edge_realization_ratio": 3.4422686786447
    }
  },
  "exit_reason": "scalp",
  "timestamp": "2026-04-19T01:22:59.881593+00:00"
}