{
  "position_id": 1523,
  "market_id": "btc-updown-5m-1776562200",
  "question": "Bitcoin Up or Down - April 18, 9:30PM-9:35PM ET",
  "side": "Down",
  "signal_score": 0.7165376701504139,
  "correct": true,
  "entry_price": 0.65,
  "exit_price": 0.8,
  "log_return": 0.15634607039069404,
  "size": 5.56,
  "pnl": 0.8720602615384614,
  "fees": 0.06293500000000024,
  "gain_pct": 0.156845,
  "weight_version": "weights_v001",
  "category": "crypto-5min",
  "indicator_snapshot": {
    "rsi": {
      "rsi": 0.0,
      "score": 1.0,
      "norm_score": 1.139077019437788
    },
    "macd": {
      "macd": -27.132,
      "signal": -26.3002,
      "histogram": -0.8318,
      "score": -0.053,
      "norm_score": -0.37354588097882485
    },
    "stochastic": {
      "k": 0.0,
      "d": 0.0,
      "score": 1.0,
      "norm_score": 0.005447511410768217
    },
    "ema": {
      "trend": "bearish",
      "fast_ema": 75566.16821242085,
      "slow_ema": 75584.20417139427
    },
    "obv": {
      "obv_slope": -0.0,
      "price_slope": -3.6433,
      "score": -0.0001,
      "norm_score": 0.026322285715374826
    },
    "vwap": {
      "vwap": 75789.74,
      "deviation": -3.2304,
      "score": 0.9691,
      "norm_score": 0.7548656970078539
    },
    "atr": {
      "atr": 10.97,
      "passes": true,
      "reason": "ok"
    },
    "weights": {
      "rsi": 0.2,
      "macd": 0.25,
      "stochastic": 0.2,
      "obv": 0.15,
      "vwap": 0.2,
      "entry_threshold": 0.6
    },
    "trade_context": {
      "btc_price": 75553.0,
      "strike_price": 75573.15916,
      "seconds_remaining": 283.705631,
      "market_price_up": 0.35,
      "market_price_down": 0.64,
      "model_probability_raw": 0.7165376701504139,
      "model_probability": 0.7165376701504139,
      "edge": 0.0765376701504139,
      "momentum_score": 0.29043991818388204,
      "atr": 10.97,
      "size": 5.56,
      "flow_score": -0.0084,
      "flow_book_imbalance": -0.0423,
      "flow_trade_count": 200,
      "spot_flow_signal": -0.40965725125405367,
      "wall_pressure": 0.0,
      "iv_ratio": 2.0,
      "prev_resolution_margin": 25.941391592103173,
      "bybit_perp_price": 75487.1,
      "funding_rate": -2.822e-05,
      "depth_usd_top20": 294016.2370989,
      "entry_phase": "normal",
      "flip_count": 0,
      "is_flip": false,
      "cvd_120s": -0.00027,
      "taker_ratio_60s": 0.25925925925925924,
      "volume_surge": true,
      "liquidation_pressure": -0.007965258587973615,
      "gex_signal": 1.0,
      "gex_regime": "stabilizing",
      "cvd_acceleration": -1.4888888888888888e-05,
      "clob_velocity_up": 0.0,
      "clob_velocity_down": 0.0,
      "coinbase_btc": 75553.0,
      "regime_state": "neutral",
      "regime_kelly_mult": 1.0,
      "sprt_confidence": 0.0,
      "sprt_status": "ACCUMULATING",
      "signal_consensus": 1.3,
      "adverse_selection_30s": 0.4968944099378882,
      "alpha_decay_rate": 0.016603471279572263,
      "garch_vol_ratio": 2.0,
      "crowd_bias": {
        "flb": -0.009,
        "recency_fade": 0.0,
        "round_number_dampening": 1.0,
        "composite_logit_adjustment": -0.009
      },
      "oracle_divergence": 6.461030000005849,
      "edge_realization_ratio": 3.4780773868782613
    }
  },
  "exit_reason": "scalp",
  "timestamp": "2026-04-19T01:32:59.571089+00:00"
}