{
  "position_id": 1535,
  "market_id": "btc-updown-5m-1776564600",
  "question": "Bitcoin Up or Down - April 18, 10:10PM-10:15PM ET",
  "side": "Up",
  "signal_score": 0.6042514112503307,
  "correct": true,
  "entry_price": 0.52,
  "exit_price": 1.0,
  "log_return": 0.6539264674066639,
  "size": 2.71,
  "pnl": 2.4565115384615384,
  "fees": 0.023414000000000143,
  "gain_pct": 0.906462,
  "weight_version": "weights_v001",
  "category": "crypto-5min",
  "indicator_snapshot": {
    "rsi": {
      "rsi": 0.0,
      "score": 1.0,
      "norm_score": 3.0
    },
    "macd": {
      "macd": -1.2751,
      "signal": -0.4582,
      "histogram": -0.8169,
      "score": -0.1131,
      "norm_score": 3.0
    },
    "stochastic": {
      "k": 0.0,
      "d": 0.0,
      "score": 1.0,
      "norm_score": 0.027703071135423838
    },
    "ema": {
      "trend": "chop",
      "fast_ema": 75600.3305405777,
      "slow_ema": 75602.46392862652
    },
    "obv": {
      "obv_slope": 0.0,
      "price_slope": 0.0,
      "score": 0.0,
      "norm_score": 0.02982286172757219
    },
    "vwap": {
      "vwap": 75733.77,
      "deviation": -1.2199,
      "score": 0.366,
      "norm_score": -0.1679731289328347
    },
    "atr": {
      "atr": 6.53,
      "passes": true,
      "reason": "ok"
    },
    "weights": {
      "rsi": 0.2,
      "macd": 0.25,
      "stochastic": 0.2,
      "obv": 0.15,
      "vwap": 0.2,
      "entry_threshold": 0.6
    },
    "trade_context": {
      "btc_price": 75645.25,
      "strike_price": 75630.33429,
      "seconds_remaining": 299.236813,
      "market_price_up": 0.51,
      "market_price_down": 0.48,
      "model_probability_raw": 0.6042514112503307,
      "model_probability": 0.6042514112503307,
      "edge": 0.09425141125033065,
      "momentum_score": 1.0,
      "atr": 6.53,
      "size": 2.71,
      "flow_score": 0.4006,
      "flow_book_imbalance": 0.001,
      "flow_trade_count": 2,
      "spot_flow_signal": -0.27860003139724293,
      "wall_pressure": 0.0,
      "iv_ratio": 2.0,
      "prev_resolution_margin": 49.8446100000001,
      "bybit_perp_price": 75572.9,
      "funding_rate": -2.074e-05,
      "depth_usd_top20": 209990.21314689997,
      "entry_phase": "normal",
      "flip_count": 0,
      "is_flip": false,
      "cvd_120s": 0.0,
      "taker_ratio_60s": 0.5,
      "volume_surge": false,
      "liquidation_pressure": 0.0,
      "gex_signal": 1.0,
      "gex_regime": "stabilizing",
      "cvd_acceleration": 0.0,
      "clob_velocity_up": 0.0,
      "clob_velocity_down": 0.0,
      "coinbase_btc": 75645.26,
      "regime_state": "neutral",
      "regime_kelly_mult": 1.0,
      "sprt_confidence": 0.0655217641750669,
      "sprt_status": "ACCUMULATING",
      "signal_consensus": 0.8,
      "adverse_selection_30s": 0.5028901734104047,
      "alpha_decay_rate": 0.0,
      "garch_vol_ratio": 2.0,
      "crowd_bias": {
        "flb": 0.0,
        "recency_fade": 0.0,
        "round_number_dampening": 1.0,
        "composite_logit_adjustment": 0.0
      },
      "oracle_divergence": 14.388869999995222,
      "edge_realization_ratio": 3.5369832869261755
    }
  },
  "exit_reason": "resolution",
  "timestamp": "2026-04-19T02:20:26.084091+00:00"
}