{
  "position_id": 1549,
  "market_id": "btc-updown-5m-1776568800",
  "question": "Bitcoin Up or Down - April 18, 11:20PM-11:25PM ET",
  "side": "Up",
  "signal_score": 0.7623266510527054,
  "correct": false,
  "entry_price": 0.69,
  "exit_price": 0.0,
  "log_return": -10.0,
  "size": 7.52,
  "pnl": -7.52,
  "fees": 0.04196200000000013,
  "gain_pct": -1.0,
  "weight_version": "weights_v001",
  "category": "crypto-5min",
  "indicator_snapshot": {
    "rsi": {
      "rsi": 100.0,
      "score": -1.0,
      "norm_score": -0.012971324877075458
    },
    "macd": {
      "macd": 12.8037,
      "signal": 14.5095,
      "histogram": -1.7058,
      "score": -0.0825,
      "norm_score": -1.4862929889854388
    },
    "stochastic": {
      "k": 50.0,
      "d": 50.0,
      "score": -0.0,
      "norm_score": -0.011857171702555047
    },
    "ema": {
      "trend": "chop",
      "fast_ema": 75535.75799259098,
      "slow_ema": 75529.20340674673
    },
    "obv": {
      "obv_slope": 0.0,
      "price_slope": 0.0,
      "score": 0.0,
      "norm_score": 9.77561479718046e-05
    },
    "vwap": {
      "vwap": 75595.71,
      "deviation": -0.6564,
      "score": 0.1969,
      "norm_score": -1.806023377189426
    },
    "atr": {
      "atr": 8.02,
      "passes": true,
      "reason": "ok"
    },
    "weights": {
      "rsi": 0.2,
      "macd": 0.25,
      "stochastic": 0.2,
      "obv": 0.15,
      "vwap": 0.2,
      "entry_threshold": 0.6
    },
    "trade_context": {
      "btc_price": 75543.22,
      "strike_price": 75517.2706,
      "seconds_remaining": 171.968119,
      "market_price_up": 0.68,
      "market_price_down": 0.31,
      "model_probability_raw": 0.7623266510527054,
      "model_probability": 0.7623266510527054,
      "edge": 0.08232665105270531,
      "momentum_score": -0.7377289585779754,
      "atr": 8.02,
      "size": 7.52,
      "flow_score": 0.1151,
      "flow_book_imbalance": 0.1421,
      "flow_trade_count": 200,
      "spot_flow_signal": -0.0008370257881319203,
      "wall_pressure": 0.0,
      "iv_ratio": 2.0,
      "prev_resolution_margin": 23.958310000016354,
      "bybit_perp_price": 75466.1,
      "funding_rate": -2.074e-05,
      "depth_usd_top20": 363939.2920224,
      "entry_phase": "late",
      "flip_count": 1,
      "is_flip": true,
      "cvd_120s": 0.0,
      "taker_ratio_60s": 0.5,
      "volume_surge": false,
      "liquidation_pressure": -0.015613967037124888,
      "gex_signal": 1.0,
      "gex_regime": "stabilizing",
      "cvd_acceleration": 0.0,
      "clob_velocity_up": 0.0,
      "clob_velocity_down": 0.0,
      "coinbase_btc": 75543.22,
      "regime_state": "neutral",
      "regime_kelly_mult": 1.0,
      "sprt_confidence": 0.0,
      "sprt_status": "SKIP",
      "signal_consensus": 1.3,
      "adverse_selection_30s": 0.49732620320855614,
      "alpha_decay_rate": 0.0001950469334778176,
      "garch_vol_ratio": 2.0,
      "crowd_bias": {
        "flb": 0.0108,
        "recency_fade": 0.0,
        "round_number_dampening": 1.0,
        "composite_logit_adjustment": 0.0108
      },
      "oracle_divergence": 24.542660000006435,
      "edge_realization_ratio": 3.9049034941338876
    }
  },
  "exit_reason": "resolution",
  "timestamp": "2026-04-19T03:29:42.681063+00:00"
}