{
  "position_id": 1555,
  "market_id": "btc-updown-5m-1776570600",
  "question": "Bitcoin Up or Down - April 18, 11:50PM-11:55PM ET",
  "side": "Up",
  "signal_score": 0.6203993086398127,
  "correct": false,
  "entry_price": 0.58,
  "exit_price": 0.0,
  "log_return": -10.0,
  "size": 3.28,
  "pnl": -3.28,
  "fees": 0.024796999999999975,
  "gain_pct": -1.0,
  "weight_version": "weights_v001",
  "category": "crypto-5min",
  "indicator_snapshot": {
    "rsi": {
      "rsi": 100.0,
      "score": -1.0,
      "norm_score": -0.0010847175924037509
    },
    "macd": {
      "macd": 21.6667,
      "signal": 22.6873,
      "histogram": -1.0206,
      "score": -0.1129,
      "norm_score": -0.3922030312166695
    },
    "stochastic": {
      "k": 100.0,
      "d": 100.0,
      "score": -1.0,
      "norm_score": -0.00021502752229890325
    },
    "ema": {
      "trend": "bullish",
      "fast_ema": 75623.9906298181,
      "slow_ema": 75611.7235549564
    },
    "obv": {
      "obv_slope": 0.0,
      "price_slope": 0.0,
      "score": 0.0,
      "norm_score": -0.39568332907527315
    },
    "vwap": {
      "vwap": 75584.59,
      "deviation": 0.5073,
      "score": -0.1522,
      "norm_score": -0.012698100651187203
    },
    "atr": {
      "atr": 5.41,
      "passes": true,
      "reason": "ok"
    },
    "weights": {
      "rsi": 0.2,
      "macd": 0.25,
      "stochastic": 0.2,
      "obv": 0.15,
      "vwap": 0.2,
      "entry_threshold": 0.6
    },
    "trade_context": {
      "btc_price": 75667.99,
      "strike_price": 75652.63477,
      "seconds_remaining": 250.48625,
      "market_price_up": 0.57,
      "market_price_down": 0.42,
      "model_probability_raw": 0.6203993086398127,
      "model_probability": 0.6203993086398127,
      "edge": 0.05039930863981279,
      "momentum_score": -0.16020282631863633,
      "atr": 5.41,
      "size": 3.28,
      "flow_score": -0.1228,
      "flow_book_imbalance": 0.0312,
      "flow_trade_count": 200,
      "spot_flow_signal": -0.2667053363956395,
      "wall_pressure": 0.0,
      "iv_ratio": 2.0,
      "prev_resolution_margin": 23.958310000016354,
      "bybit_perp_price": 75596.8,
      "funding_rate": -1.064e-05,
      "depth_usd_top20": 280530.33279490005,
      "entry_phase": "normal",
      "flip_count": 0,
      "is_flip": false,
      "cvd_120s": 0.0,
      "taker_ratio_60s": 0.5,
      "volume_surge": false,
      "liquidation_pressure": 0.0,
      "gex_signal": 1.0,
      "gex_regime": "stabilizing",
      "cvd_acceleration": 0.0,
      "clob_velocity_up": 0.0,
      "clob_velocity_down": 0.0,
      "coinbase_btc": 75667.99,
      "regime_state": "neutral",
      "regime_kelly_mult": 1.0,
      "sprt_confidence": 0.0,
      "sprt_status": "SKIP",
      "signal_consensus": 0.6,
      "adverse_selection_30s": 0.48186528497409326,
      "alpha_decay_rate": 0.0017490195286028916,
      "garch_vol_ratio": 2.0,
      "crowd_bias": {
        "flb": 0.0,
        "recency_fade": -0.3,
        "round_number_dampening": 1.0,
        "composite_logit_adjustment": -0.006
      },
      "oracle_divergence": 8.305789999998524,
      "edge_realization_ratio": 3.927141923065851
    }
  },
  "exit_reason": "resolution",
  "timestamp": "2026-04-19T04:00:40.771257+00:00"
}