{
  "position_id": 1556,
  "market_id": "btc-updown-5m-1776570900",
  "question": "Bitcoin Up or Down - April 18, 11:55PM-12:00AM ET",
  "side": "Down",
  "signal_score": 0.7593434445403148,
  "correct": true,
  "entry_price": 0.7099999999999999,
  "exit_price": 1.0,
  "log_return": 0.3424903089467762,
  "size": 6.0,
  "pnl": 2.4065915492957757,
  "fees": 0.0313200000000001,
  "gain_pct": 0.401099,
  "weight_version": "weights_v001",
  "category": "crypto-5min",
  "indicator_snapshot": {
    "rsi": {
      "rsi": 0.0,
      "score": 1.0,
      "norm_score": 0.010402005531488097
    },
    "macd": {
      "macd": 1.654,
      "signal": 5.9122,
      "histogram": -4.2583,
      "score": -0.4708,
      "norm_score": 3.0
    },
    "stochastic": {
      "k": 0.0,
      "d": 0.0,
      "score": 1.0,
      "norm_score": 0.0102571812577303
    },
    "ema": {
      "trend": "chop",
      "fast_ema": 75601.58985359091,
      "slow_ema": 75606.32008662686
    },
    "obv": {
      "obv_slope": 0.0,
      "price_slope": 0.0,
      "score": 0.0,
      "norm_score": 0.41520889127370464
    },
    "vwap": {
      "vwap": 75584.62,
      "deviation": 0.19,
      "score": -0.057,
      "norm_score": 0.010402005497230018
    },
    "atr": {
      "atr": 4.46,
      "passes": true,
      "reason": "ok"
    },
    "weights": {
      "rsi": 0.2,
      "macd": 0.25,
      "stochastic": 0.2,
      "obv": 0.15,
      "vwap": 0.2,
      "entry_threshold": 0.6
    },
    "trade_context": {
      "btc_price": 75624.0,
      "strike_price": 75642.37507,
      "seconds_remaining": 239.692278,
      "market_price_up": 0.29,
      "market_price_down": 0.7,
      "model_probability_raw": 0.7593434445403148,
      "model_probability": 0.7593434445403148,
      "edge": 0.059343444540314816,
      "momentum_score": 0.8184935721483453,
      "atr": 4.46,
      "size": 6.0,
      "flow_score": 0.0664,
      "flow_book_imbalance": -0.1019,
      "flow_trade_count": 200,
      "spot_flow_signal": -0.3163438485968193,
      "wall_pressure": 0.0,
      "iv_ratio": 2.0,
      "prev_resolution_margin": 23.373810000019148,
      "bybit_perp_price": 75556.2,
      "funding_rate": -9.55e-06,
      "depth_usd_top20": 283849.1488584,
      "entry_phase": "normal",
      "flip_count": 0,
      "is_flip": false,
      "cvd_120s": 0.0,
      "taker_ratio_60s": 0.5,
      "volume_surge": false,
      "liquidation_pressure": -0.022124713836423986,
      "gex_signal": 1.0,
      "gex_regime": "stabilizing",
      "cvd_acceleration": 0.0,
      "clob_velocity_up": 0.0,
      "clob_velocity_down": 0.0,
      "coinbase_btc": 75624.0,
      "regime_state": "neutral",
      "regime_kelly_mult": 1.0,
      "sprt_confidence": 0.0,
      "sprt_status": "SKIP",
      "signal_consensus": 0.8,
      "adverse_selection_30s": 0.4845360824742268,
      "alpha_decay_rate": 0.004582992436646293,
      "garch_vol_ratio": 2.0,
      "crowd_bias": {
        "flb": -0.0126,
        "recency_fade": -0.6,
        "round_number_dampening": 1.0,
        "composite_logit_adjustment": -0.0246
      },
      "oracle_divergence": 0.1190000000060536,
      "edge_realization_ratio": 4.069142993995511
    }
  },
  "exit_reason": "resolution",
  "timestamp": "2026-04-19T04:02:25.277666+00:00"
}