{
  "position_id": 167,
  "market_id": "btc-updown-5m-1775929500",
  "question": "Bitcoin Up or Down - April 11, 1:45PM-1:50PM ET",
  "side": "Down",
  "signal_score": 0.833551056218582,
  "correct": true,
  "entry_price": 0.73,
  "exit_price": 0.88,
  "log_return": 0.1868773733298153,
  "size": 1.9,
  "pnl": 0.3743565616438356,
  "fees": 0.01415700000000004,
  "gain_pct": 0.19703,
  "weight_version": "weights_v001",
  "category": "crypto-5min",
  "indicator_snapshot": {
    "rsi": {
      "rsi": 49.56,
      "score": 0.0066,
      "norm_score": 2.4287809555125452
    },
    "macd": {
      "macd": 8.6356,
      "signal": 12.8544,
      "histogram": -4.2188,
      "score": -0.3898,
      "norm_score": -2.926865639965567
    },
    "stochastic": {
      "k": 0.0,
      "d": 50.0,
      "score": 1.0,
      "norm_score": 3.0
    },
    "ema": {
      "trend": "chop",
      "fast_ema": 73146.5175011633,
      "slow_ema": 73147.49077890019
    },
    "obv": {
      "obv_slope": -0.0,
      "price_slope": -16.1067,
      "score": -0.0,
      "norm_score": 1.0726681814992087e-10
    },
    "vwap": {
      "vwap": 72913.84,
      "deviation": 1.3375,
      "score": -0.4013,
      "norm_score": 2.98832183513686
    },
    "atr": {
      "atr": 23.44,
      "passes": true,
      "reason": "ok"
    },
    "weights": {
      "rsi": 0.2,
      "macd": 0.25,
      "stochastic": 0.2,
      "obv": 0.15,
      "vwap": 0.2,
      "entry_threshold": 0.6
    },
    "trade_context": {
      "btc_price": 73126.57,
      "strike_price": 73174.89,
      "seconds_remaining": 216.565813,
      "market_price_up": 0.26,
      "market_price_down": 0.73,
      "model_probability_raw": 0.833551056218582,
      "model_probability": 0.833551056218582,
      "edge": 0.10355105621858207,
      "momentum_score": 0.9517041481545794,
      "atr": 23.44,
      "size": 1.9,
      "flow_score": -0.2309,
      "flow_book_imbalance": -0.2557,
      "flow_trade_count": 200,
      "spot_flow_signal": -0.4000479999998976,
      "wall_pressure": 0.7505515285219038,
      "perp_lead": -0.14246728027438144,
      "iv_ratio": 1.9510636310577336,
      "prev_resolution_margin": 8.035029999999097,
      "bybit_perp_price": 73096.6,
      "funding_rate": 3.993e-05,
      "depth_usd_top20": 324292.1155878,
      "entry_phase": "normal",
      "cvd_120s": -4e-05,
      "taker_ratio_60s": 0.0,
      "volume_surge": true,
      "liquidation_pressure": 0.0,
      "gex_signal": 1.0,
      "gex_regime": "stabilizing",
      "cvd_acceleration": -2.666666666666667e-06,
      "regime_state": "neutral",
      "regime_kelly_mult": 1.0,
      "sprt_confidence": 0.19661270702575798,
      "sprt_status": "ACCUMULATING",
      "signal_consensus": 1.3,
      "alpha_decay_rate": 1.843483547427326e-05
    }
  },
  "exit_reason": "scalp",
  "timestamp": "2026-04-11T17:47:45.858800+00:00"
}