{
  "position_id": 16,
  "market_id": "btc-updown-5m-1776109500",
  "question": "Bitcoin Up or Down - April 13, 3:45PM-3:50PM ET",
  "side": "Up",
  "signal_score": 0.7438502528310141,
  "correct": true,
  "entry_price": 0.57,
  "exit_price": 1.0,
  "log_return": 0.5621189181535413,
  "size": 3.08,
  "pnl": 2.281685964912281,
  "fees": 0.023839000000000162,
  "gain_pct": 0.740807,
  "weight_version": "weights_v001",
  "category": "crypto-5min",
  "indicator_snapshot": {
    "rsi": {
      "rsi": 0.0,
      "score": 1.0,
      "norm_score": 0.9731470336846267
    },
    "macd": {
      "macd": 31.0198,
      "signal": 45.4442,
      "histogram": -14.4244,
      "score": -0.4224,
      "norm_score": 1.046110752998206
    },
    "stochastic": {
      "k": 0.0,
      "d": 0.0,
      "score": 1.0,
      "norm_score": 0.9134338458678612
    },
    "ema": {
      "trend": "chop",
      "fast_ema": 73068.78124065953,
      "slow_ema": 73069.25401493773
    },
    "obv": {
      "obv_slope": 0.0,
      "price_slope": 0.0,
      "score": 0.0,
      "norm_score": 0.27369038860510125
    },
    "vwap": {
      "vwap": 72437.34,
      "deviation": 4.0284,
      "score": -1.0,
      "norm_score": 0.0
    },
    "atr": {
      "atr": 49.51,
      "passes": true,
      "reason": "ok"
    },
    "weights": {
      "rsi": 0.2,
      "macd": 0.25,
      "stochastic": 0.2,
      "obv": 0.15,
      "vwap": 0.2,
      "entry_threshold": 0.6
    },
    "trade_context": {
      "btc_price": 73079.71,
      "strike_price": 73040.49016605753,
      "seconds_remaining": 296.512124,
      "market_price_up": 0.57,
      "market_price_down": 0.42,
      "model_probability_raw": 0.7438502528310141,
      "model_probability": 0.7438502528310141,
      "edge": 0.17385025283101418,
      "momentum_score": 0.6798974224508143,
      "atr": 49.51,
      "size": 3.08,
      "flow_score": 0.3066,
      "flow_book_imbalance": 0.0243,
      "flow_trade_count": 71,
      "spot_flow_signal": 0.1049857161239052,
      "wall_pressure": 0.0,
      "iv_ratio": 0.8832136213899108,
      "prev_resolution_margin": 239.41614856456,
      "bybit_perp_price": 72989.0,
      "funding_rate": -9.605e-05,
      "depth_usd_top20": 271701.5082682001,
      "entry_phase": "normal",
      "flip_count": 0,
      "is_flip": false,
      "cvd_120s": 0.0,
      "taker_ratio_60s": 0.5,
      "volume_surge": false,
      "liquidation_pressure": 0.0,
      "gex_signal": 1.0,
      "gex_regime": "stabilizing",
      "cvd_acceleration": 0.0,
      "clob_velocity_up": 0.0,
      "clob_velocity_down": 0.0,
      "coinbase_btc": 73079.71,
      "regime_state": "neutral",
      "regime_kelly_mult": 1.0,
      "sprt_confidence": 0.08562644445924372,
      "sprt_status": "ACCUMULATING",
      "signal_consensus": 1.3,
      "adverse_selection_30s": 0.5,
      "alpha_decay_rate": 0.05235831093972606,
      "garch_vol_ratio": 2.0,
      "crowd_bias": {
        "flb": 0.0,
        "recency_fade": 0.0,
        "round_number_dampening": 0.92,
        "composite_logit_adjustment": 0.0
      },
      "oracle_divergence": 40.036666074214736,
      "edge_realization_ratio": 1.0
    }
  },
  "exit_reason": "resolution",
  "timestamp": "2026-04-13T19:53:24.435632+00:00"
}