{
  "position_id": 172,
  "market_id": "btc-updown-5m-1775931900",
  "question": "Bitcoin Up or Down - April 11, 2:25PM-2:30PM ET",
  "side": "Up",
  "signal_score": 0.729980397257343,
  "correct": true,
  "entry_price": 0.49,
  "exit_price": 0.73,
  "log_return": 0.3986391430377646,
  "size": 1.05,
  "pnl": 0.49239257142857107,
  "fees": 0.017172000000000104,
  "gain_pct": 0.468945,
  "weight_version": "weights_v001",
  "category": "crypto-5min",
  "indicator_snapshot": {
    "rsi": {
      "rsi": 81.09,
      "score": -0.5587,
      "norm_score": -0.8641061203585404
    },
    "macd": {
      "macd": 29.6415,
      "signal": 30.767,
      "histogram": -1.1255,
      "score": -0.0559,
      "norm_score": -0.7272053854839277
    },
    "stochastic": {
      "k": 63.71,
      "d": 52.59,
      "score": -0.1371,
      "norm_score": -1.6117618962568476
    },
    "ema": {
      "trend": "bullish",
      "fast_ema": 73208.85810543006,
      "slow_ema": 73191.25524117873
    },
    "obv": {
      "obv_slope": 0.0,
      "price_slope": 4.2833,
      "score": 0.0002,
      "norm_score": 1.473336960354739
    },
    "vwap": {
      "vwap": 72950.44,
      "deviation": 1.6945,
      "score": -0.5084,
      "norm_score": -1.2660423267735312
    },
    "atr": {
      "atr": 16.95,
      "passes": true,
      "reason": "ok"
    },
    "weights": {
      "rsi": 0.2,
      "macd": 0.25,
      "stochastic": 0.2,
      "obv": 0.15,
      "vwap": 0.2,
      "entry_threshold": 0.6
    },
    "trade_context": {
      "btc_price": 73214.32,
      "strike_price": 73190.3,
      "seconds_remaining": 233.244478,
      "market_price_up": 0.49,
      "market_price_down": 0.5,
      "model_probability_raw": 0.729980397257343,
      "model_probability": 0.729980397257343,
      "edge": 0.239980397257343,
      "momentum_score": -0.709182870995555,
      "atr": 16.95,
      "size": 1.05,
      "flow_score": 0.0887,
      "flow_book_imbalance": -0.0183,
      "flow_trade_count": 200,
      "spot_flow_signal": 0.4021839903543423,
      "wall_pressure": -0.011385324119776304,
      "perp_lead": -0.20875677494927572,
      "iv_ratio": 2.0,
      "prev_resolution_margin": 8.035029999999097,
      "bybit_perp_price": 73170.0,
      "funding_rate": 4.499e-05,
      "depth_usd_top20": 262986.27297999995,
      "entry_phase": "normal",
      "cvd_120s": 0.00182,
      "taker_ratio_60s": 1.0,
      "volume_surge": true,
      "liquidation_pressure": -0.01759583275816837,
      "gex_signal": 1.0,
      "gex_regime": "stabilizing",
      "cvd_acceleration": 3.2444444444444446e-05,
      "regime_state": "trending_up",
      "regime_kelly_mult": 1.2,
      "sprt_confidence": 1.0,
      "sprt_status": "ENTER",
      "signal_consensus": 1.0,
      "alpha_decay_rate": 0.0018797114370433642
    }
  },
  "exit_reason": "scalp",
  "timestamp": "2026-04-11T18:27:53.720372+00:00"
}