{
  "position_id": 175,
  "market_id": "btc-updown-5m-1775933100",
  "question": "Bitcoin Up or Down - April 11, 2:45PM-2:50PM ET",
  "side": "Down",
  "signal_score": 0.854062487695519,
  "correct": false,
  "entry_price": 0.71,
  "exit_price": 0.37,
  "log_return": -0.651761964397091,
  "size": 1.01,
  "pnl": -0.4923473521126761,
  "fees": 0.01121000000000006,
  "gain_pct": -0.487473,
  "weight_version": "weights_v001",
  "category": "crypto-5min",
  "indicator_snapshot": {
    "rsi": {
      "rsi": 21.76,
      "score": 0.4922,
      "norm_score": -0.8334796831765419
    },
    "macd": {
      "macd": 7.7812,
      "signal": 23.7816,
      "histogram": -16.0005,
      "score": -0.3695,
      "norm_score": -2.713903837621374
    },
    "stochastic": {
      "k": 0.0,
      "d": 8.61,
      "score": 1.0,
      "norm_score": 2.3999615435503046
    },
    "ema": {
      "trend": "bearish",
      "fast_ema": 73448.67934971242,
      "slow_ema": 73465.51746802975
    },
    "obv": {
      "obv_slope": 0.0,
      "price_slope": -2.1467,
      "score": 0.0009,
      "norm_score": 1.3193954197011015
    },
    "vwap": {
      "vwap": 73391.68,
      "deviation": 0.1744,
      "score": -0.0523,
      "norm_score": 1.6504282506371433
    },
    "atr": {
      "atr": 59.48,
      "passes": true,
      "reason": "ok"
    },
    "weights": {
      "rsi": 0.2,
      "macd": 0.25,
      "stochastic": 0.2,
      "obv": 0.15,
      "vwap": 0.2,
      "entry_threshold": 0.6
    },
    "trade_context": {
      "btc_price": 73436.6,
      "strike_price": 73475.09,
      "seconds_remaining": 174.801883,
      "market_price_up": 0.27,
      "market_price_down": 0.71,
      "model_probability_raw": 0.854062487695519,
      "model_probability": 0.854062487695519,
      "edge": 0.144062487695519,
      "momentum_score": 0.16281537575200294,
      "atr": 59.48,
      "size": 1.01,
      "flow_score": -0.1493,
      "flow_book_imbalance": -0.2098,
      "flow_trade_count": 200,
      "spot_flow_signal": -0.4005519998442625,
      "wall_pressure": 0.7369813257530894,
      "perp_lead": -0.17407502813328968,
      "iv_ratio": 0.6597410992722501,
      "prev_resolution_margin": 8.035029999999097,
      "bybit_perp_price": 73399.7,
      "funding_rate": 4.145e-05,
      "depth_usd_top20": 419060.4217861999,
      "entry_phase": "normal",
      "cvd_120s": -0.00045999999999999974,
      "taker_ratio_60s": 0.0,
      "volume_surge": true,
      "liquidation_pressure": 0.0,
      "gex_signal": 1.0,
      "gex_regime": "stabilizing",
      "cvd_acceleration": -4e-06,
      "regime_state": "volatile",
      "regime_kelly_mult": 0.7,
      "sprt_confidence": 1.0,
      "sprt_status": "ENTER",
      "signal_consensus": 1.3,
      "alpha_decay_rate": 0.00043204468767065656
    }
  },
  "exit_reason": "scalp",
  "timestamp": "2026-04-11T18:48:23.004166+00:00"
}