{
  "position_id": 179,
  "market_id": "btc-updown-5m-1775934300",
  "question": "Bitcoin Up or Down - April 11, 3:05PM-3:10PM ET",
  "side": "Up",
  "signal_score": 0.9924793856064702,
  "correct": true,
  "entry_price": 0.82,
  "exit_price": 1.0,
  "log_return": 0.19845093872383823,
  "size": 4.83,
  "pnl": 1.041159756097561,
  "fees": 0.015649000000000246,
  "gain_pct": 0.215561,
  "weight_version": "weights_v001",
  "category": "crypto-5min",
  "indicator_snapshot": {
    "rsi": {
      "rsi": 64.72,
      "score": -0.2207,
      "norm_score": -0.8892324875234977
    },
    "macd": {
      "macd": 29.493,
      "signal": 15.5478,
      "histogram": 13.9452,
      "score": 0.3745,
      "norm_score": 1.0693203986736697
    },
    "stochastic": {
      "k": 70.12,
      "d": 35.06,
      "score": -0.2012,
      "norm_score": -0.7085831643769036
    },
    "ema": {
      "trend": "bullish",
      "fast_ema": 73603.8850786375,
      "slow_ema": 73565.77155138942
    },
    "obv": {
      "obv_slope": 0.03,
      "price_slope": 61.5067,
      "score": 0.0277,
      "norm_score": 1.33873427600664
    },
    "vwap": {
      "vwap": 73437.31,
      "deviation": 1.0621,
      "score": -0.3186,
      "norm_score": -0.9858623595181043
    },
    "atr": {
      "atr": 60.96,
      "passes": true,
      "reason": "ok"
    },
    "weights": {
      "rsi": 0.2,
      "macd": 0.25,
      "stochastic": 0.2,
      "obv": 0.15,
      "vwap": 0.2,
      "entry_threshold": 0.6
    },
    "trade_context": {
      "btc_price": 73691.06,
      "strike_price": 73506.54,
      "seconds_remaining": 239.848787,
      "market_price_up": 0.82,
      "market_price_down": 0.17,
      "model_probability_raw": 0.9924793856064702,
      "model_probability": 0.9924793856064702,
      "edge": 0.17247938560647025,
      "momentum_score": -0.0485953612142877,
      "atr": 60.96,
      "size": 4.83,
      "flow_score": 0.1261,
      "flow_book_imbalance": 0.2625,
      "flow_trade_count": 200,
      "spot_flow_signal": 0.1034504627659624,
      "wall_pressure": -1.0,
      "perp_lead": -0.4081960766058881,
      "iv_ratio": 0.7928530264227394,
      "prev_resolution_margin": 8.035029999999097,
      "bybit_perp_price": 73619.8,
      "funding_rate": 5.072e-05,
      "depth_usd_top20": 369845.9970821999,
      "entry_phase": "normal",
      "cvd_120s": 0.017599999999999998,
      "taker_ratio_60s": 0.602923976608187,
      "volume_surge": false,
      "liquidation_pressure": 0.0,
      "gex_signal": 1.0,
      "gex_regime": "stabilizing",
      "cvd_acceleration": 0.0038302222222222223,
      "regime_state": "neutral",
      "regime_kelly_mult": 1.0,
      "sprt_confidence": 1.0,
      "sprt_status": "ENTER",
      "signal_consensus": 1.0,
      "alpha_decay_rate": 0.00983584099408154
    }
  },
  "exit_reason": "resolution",
  "timestamp": "2026-04-11T19:15:42.082889+00:00"
}