{
  "position_id": 17,
  "market_id": "btc-updown-5m-1776109800",
  "question": "Bitcoin Up or Down - April 13, 3:50PM-3:55PM ET",
  "side": "Up",
  "signal_score": 0.6632983698871094,
  "correct": true,
  "entry_price": 0.56,
  "exit_price": 1.0,
  "log_return": 0.579818495252942,
  "size": 0.86,
  "pnl": 0.6635517857142855,
  "fees": 0.006811000000000044,
  "gain_pct": 0.771572,
  "weight_version": "weights_v001",
  "category": "crypto-5min",
  "indicator_snapshot": {
    "rsi": {
      "rsi": 83.88,
      "score": -0.6238,
      "norm_score": 0.39198844214547207
    },
    "macd": {
      "macd": 84.2461,
      "signal": 77.3783,
      "histogram": 6.8679,
      "score": 0.1356,
      "norm_score": -0.30284381282151296
    },
    "stochastic": {
      "k": 100.0,
      "d": 91.66,
      "score": -1.0,
      "norm_score": -1.8302581084423337
    },
    "ema": {
      "trend": "bullish",
      "fast_ema": 73274.2469137706,
      "slow_ema": 73213.21598770423
    },
    "obv": {
      "obv_slope": 0.0,
      "price_slope": 1.0233,
      "score": 0.0004,
      "norm_score": -1.0614224324182988
    },
    "vwap": {
      "vwap": 72442.23,
      "deviation": 5.1438,
      "score": -1.0,
      "norm_score": 0.0
    },
    "atr": {
      "atr": 62.45,
      "passes": true,
      "reason": "ok"
    },
    "weights": {
      "rsi": 0.2,
      "macd": 0.25,
      "stochastic": 0.2,
      "obv": 0.15,
      "vwap": 0.2,
      "entry_threshold": 0.6
    },
    "trade_context": {
      "btc_price": 73314.23,
      "strike_price": 73292.56384525022,
      "seconds_remaining": 288.210421,
      "market_price_up": 0.56,
      "market_price_down": 0.43,
      "model_probability_raw": 0.6632983698871094,
      "model_probability": 0.6632983698871094,
      "edge": 0.10329836988710939,
      "momentum_score": -0.5225782513274955,
      "atr": 62.45,
      "size": 0.86,
      "flow_score": 0.0187,
      "flow_book_imbalance": 0.0058,
      "flow_trade_count": 200,
      "spot_flow_signal": 0.8935852652999969,
      "wall_pressure": 0.0,
      "iv_ratio": 0.7296579926057267,
      "prev_resolution_margin": 239.41614856456,
      "bybit_perp_price": 73210.7,
      "funding_rate": -9.116e-05,
      "depth_usd_top20": 204656.5692279001,
      "entry_phase": "normal",
      "flip_count": 0,
      "is_flip": false,
      "cvd_120s": -0.0089,
      "taker_ratio_60s": 1.0,
      "volume_surge": true,
      "liquidation_pressure": 0.0,
      "gex_signal": 1.0,
      "gex_regime": "stabilizing",
      "cvd_acceleration": 9.8e-05,
      "clob_velocity_up": -0.015905758574607555,
      "clob_velocity_down": 0.015905758574607555,
      "coinbase_btc": 73314.22,
      "regime_state": "neutral",
      "regime_kelly_mult": 1.0,
      "sprt_confidence": 0.1315155825396133,
      "sprt_status": "ACCUMULATING",
      "signal_consensus": 1.3,
      "adverse_selection_30s": 0.5,
      "alpha_decay_rate": 0.0016733599141360367,
      "garch_vol_ratio": 2.0,
      "crowd_bias": {
        "flb": 0.0,
        "recency_fade": 0.0,
        "round_number_dampening": 1.0,
        "composite_logit_adjustment": 0.0
      },
      "oracle_divergence": 19.035410000011325,
      "edge_realization_ratio": 1.0
    }
  },
  "exit_reason": "resolution",
  "timestamp": "2026-04-13T19:56:55.187922+00:00"
}