{
  "position_id": 1812,
  "market_id": "btc-updown-5m-1776643800",
  "question": "Bitcoin Up or Down - April 19, 8:10PM-8:15PM ET",
  "side": "Down",
  "signal_score": 0.39618655864757946,
  "correct": true,
  "entry_price": 0.23,
  "exit_price": 0.5399,
  "log_return": 0.8157495026522776,
  "size": 12.58,
  "pnl": 15.225205173913041,
  "fees": 0.41669,
  "gain_pct": 1.210271,
  "realized_edge": 0.1662,
  "fill_slippage": 0.0,
  "weight_version": "weights_v001",
  "category": "crypto-5min",
  "indicator_snapshot": {
    "rsi": {
      "rsi": 86.76,
      "score": -0.6911,
      "norm_score": -0.6566556543464566
    },
    "macd": {
      "macd": 68.2077,
      "signal": 64.0599,
      "histogram": 4.1478,
      "score": 0.0528,
      "norm_score": 0.9981905341493649
    },
    "stochastic": {
      "k": 100.0,
      "d": 100.0,
      "score": -1.0,
      "norm_score": -0.43854255182523905
    },
    "ema": {
      "trend": "bullish",
      "fast_ema": 74112.23927898228,
      "slow_ema": 74062.84374022759
    },
    "obv": {
      "obv_slope": 0.0,
      "price_slope": 23.68,
      "score": 0.0001,
      "norm_score": -0.1911238046932362
    },
    "vwap": {
      "vwap": 74057.98,
      "deviation": 0.3013,
      "score": -0.0904,
      "norm_score": -1.055516669094219
    },
    "atr": {
      "atr": 56.89,
      "passes": true,
      "reason": "ok"
    },
    "weights": {
      "rsi": 0.2,
      "macd": 0.25,
      "stochastic": 0.2,
      "obv": 0.15,
      "vwap": 0.2,
      "entry_threshold": 0.6
    },
    "trade_context": {
      "btc_price": 74160.81,
      "strike_price": 74077.8,
      "seconds_remaining": 158.232955,
      "market_price_up": 0.76,
      "market_price_down": 0.23,
      "model_probability_raw": 0.39618655864757946,
      "model_probability": 0.39618655864757946,
      "edge": 0.16618655864757945,
      "momentum_score": -0.20926391221982718,
      "atr": 56.89,
      "size": 12.58,
      "flow_score": -0.0905,
      "flow_book_imbalance": 0.1182,
      "flow_trade_count": 200,
      "spot_flow_signal": -0.1697189544178347,
      "wall_pressure": 0.0,
      "iv_ratio": 0.8400665393276026,
      "prev_resolution_margin": -94.95578374498291,
      "bybit_perp_price": 74099.1,
      "funding_rate": 2.591e-05,
      "depth_usd_top20": 379623.3609964,
      "entry_phase": "late",
      "flip_count": 0,
      "is_flip": false,
      "cvd_120s": 0.00015999999999999999,
      "taker_ratio_60s": 1.0,
      "volume_surge": false,
      "liquidation_pressure": 0.0,
      "gex_signal": 1.0,
      "gex_regime": "stabilizing",
      "cvd_acceleration": 2.666666666666666e-06,
      "clob_velocity_up": 0.0,
      "clob_velocity_down": 0.0,
      "coinbase_btc": 74160.81,
      "regime_state": "neutral",
      "regime_kelly_mult": 1.0,
      "regime_autocorr": -0.0117,
      "sprt_confidence": 0.0,
      "sprt_status": "SKIP",
      "signal_consensus": 1.3,
      "adverse_selection_30s": 0.5326633165829145,
      "alpha_decay_rate": 0.0005328480935288865,
      "garch_vol_ratio": 2.0,
      "crowd_bias": {
        "flb": 0.0156,
        "recency_fade": 0.0,
        "round_number_dampening": 0.96,
        "composite_logit_adjustment": 0.0156
      },
      "oracle_divergence": 238.36379000000306,
      "edge_realization_ratio": 1.0
    }
  },
  "exit_reason": "scalp",
  "seconds_remaining_at_exit": 96.462772,
  "exit_timestamp": "2026-04-20T00:13:24.650632+00:00",
  "timestamp": "2026-04-20T00:13:24.650632+00:00"
}