{
  "position_id": 1825,
  "market_id": "btc-updown-5m-1776647400",
  "question": "Bitcoin Up or Down - April 19, 9:10PM-9:15PM ET",
  "side": "Down",
  "signal_score": 0.6271831292499158,
  "correct": false,
  "entry_price": 0.58,
  "exit_price": 0.0,
  "log_return": -10.0,
  "size": 8.27,
  "pnl": -8.27,
  "fees": 0.06252100000000048,
  "gain_pct": -1.0,
  "realized_edge": 0.0472,
  "fill_slippage": 0.01,
  "weight_version": "weights_v001",
  "category": "crypto-5min",
  "indicator_snapshot": {
    "rsi": {
      "rsi": 55.18,
      "score": -0.0777,
      "norm_score": 0.675190960709454
    },
    "macd": {
      "macd": 8.6584,
      "signal": 6.3687,
      "histogram": 2.2897,
      "score": 0.1141,
      "norm_score": -0.7553763505877843
    },
    "stochastic": {
      "k": 79.37,
      "d": 79.37,
      "score": -0.2937,
      "norm_score": 0.7883699240193314
    },
    "ema": {
      "trend": "bullish",
      "fast_ema": 74330.84080111004,
      "slow_ema": 74322.85616223198
    },
    "obv": {
      "obv_slope": -0.0,
      "price_slope": -6.9033,
      "score": -0.0001,
      "norm_score": -1.5640759065186198
    },
    "vwap": {
      "vwap": 74099.19,
      "deviation": 1.3335,
      "score": -0.4001,
      "norm_score": 0.24405194098549562
    },
    "atr": {
      "atr": 41.76,
      "passes": true,
      "reason": "ok"
    },
    "weights": {
      "rsi": 0.2,
      "macd": 0.25,
      "stochastic": 0.2,
      "obv": 0.15,
      "vwap": 0.2,
      "entry_threshold": 0.6
    },
    "trade_context": {
      "btc_price": 74302.21,
      "strike_price": 74335.87203951928,
      "seconds_remaining": 288.04239,
      "market_price_up": 0.42,
      "market_price_down": 0.57,
      "model_probability_raw": 0.6271831292499158,
      "model_probability": 0.6271831292499158,
      "edge": 0.057183129249915865,
      "momentum_score": -0.08193290848188281,
      "atr": 41.76,
      "size": 8.27,
      "flow_score": -0.0242,
      "flow_book_imbalance": -0.0013,
      "flow_trade_count": 200,
      "spot_flow_signal": 0.23312905939032502,
      "wall_pressure": 0.0,
      "iv_ratio": 1.1304139197285037,
      "prev_resolution_margin": 58.07799999999406,
      "bybit_perp_price": 74243.2,
      "funding_rate": 0.0,
      "depth_usd_top20": 338140.4621165,
      "entry_phase": "normal",
      "flip_count": 0,
      "is_flip": false,
      "cvd_120s": 0.0017000000000000001,
      "taker_ratio_60s": 1.0,
      "volume_surge": false,
      "liquidation_pressure": 0.0,
      "gex_signal": 1.0,
      "gex_regime": "stabilizing",
      "cvd_acceleration": -8.444444444444446e-06,
      "clob_velocity_up": 0.06814071429383722,
      "clob_velocity_down": -0.06814071429383735,
      "coinbase_btc": 74302.21,
      "regime_state": "neutral",
      "regime_kelly_mult": 1.0,
      "regime_autocorr": -0.2189,
      "sprt_confidence": 0.15175449340034067,
      "sprt_status": "ACCUMULATING",
      "signal_consensus": 0.6,
      "adverse_selection_30s": 0.507537688442211,
      "alpha_decay_rate": 0.004221134115898732,
      "garch_vol_ratio": 2.0,
      "crowd_bias": {
        "flb": 0.0,
        "recency_fade": 0.0,
        "round_number_dampening": 1.0,
        "composite_logit_adjustment": 0.0
      },
      "oracle_divergence": 16.40008993636002,
      "edge_realization_ratio": 1.0
    }
  },
  "exit_reason": "resolution",
  "seconds_remaining_at_exit": 0.0,
  "exit_timestamp": "2026-04-20T01:19:20.549702+00:00",
  "timestamp": "2026-04-20T01:19:20.549702+00:00"
}