{
  "position_id": 1828,
  "market_id": "btc-updown-5m-1776649500",
  "question": "Bitcoin Up or Down - April 19, 9:45PM-9:50PM ET",
  "side": "Up",
  "signal_score": 0.6241838080869865,
  "correct": true,
  "entry_price": 0.59,
  "exit_price": 1.0,
  "log_return": 0.527632742082372,
  "size": 3.98,
  "pnl": 2.71597966101695,
  "fees": 0.029371999999999916,
  "gain_pct": 0.682407,
  "realized_edge": 0.0342,
  "fill_slippage": 0.01,
  "weight_version": "weights_v001",
  "category": "crypto-5min",
  "indicator_snapshot": {
    "rsi": {
      "rsi": 67.07,
      "score": -0.256,
      "norm_score": 0.0837797230539867
    },
    "macd": {
      "macd": 48.8443,
      "signal": 55.9756,
      "histogram": -7.1313,
      "score": -0.1536,
      "norm_score": -0.6274633012319004
    },
    "stochastic": {
      "k": 50.9,
      "d": 51.03,
      "score": -0.009,
      "norm_score": 0.0846103218719226
    },
    "ema": {
      "trend": "bullish",
      "fast_ema": 74696.04141018927,
      "slow_ema": 74675.1330076187
    },
    "obv": {
      "obv_slope": 0.0,
      "price_slope": 0.0,
      "score": 0.0,
      "norm_score": -0.0011104482576311297
    },
    "vwap": {
      "vwap": 74111.82,
      "deviation": 3.5552,
      "score": -1.0,
      "norm_score": -0.0016532989575898521
    },
    "atr": {
      "atr": 31.26,
      "passes": true,
      "reason": "ok"
    },
    "weights": {
      "rsi": 0.2,
      "macd": 0.25,
      "stochastic": 0.2,
      "obv": 0.15,
      "vwap": 0.2,
      "entry_threshold": 0.6
    },
    "trade_context": {
      "btc_price": 74738.22,
      "strike_price": 74713.5450325249,
      "seconds_remaining": 43.76684,
      "market_price_up": 0.58,
      "market_price_down": 0.41,
      "model_probability_raw": 0.6241838080869865,
      "model_probability": 0.6241838080869865,
      "edge": 0.04418380808698652,
      "momentum_score": -0.12368504335295587,
      "atr": 31.26,
      "size": 3.98,
      "flow_score": 0.1003,
      "flow_book_imbalance": -0.0288,
      "flow_trade_count": 200,
      "spot_flow_signal": 0.09961797278003581,
      "wall_pressure": 0.0,
      "iv_ratio": 1.3847519103582493,
      "prev_resolution_margin": 306.13563501693716,
      "bybit_perp_price": 74661.1,
      "funding_rate": -2.999e-05,
      "depth_usd_top20": 294090.0723778,
      "entry_phase": "late",
      "flip_count": 0,
      "is_flip": false,
      "cvd_120s": 0.00013,
      "taker_ratio_60s": 0.5,
      "volume_surge": false,
      "liquidation_pressure": 0.0,
      "gex_signal": 1.0,
      "gex_regime": "stabilizing",
      "cvd_acceleration": 0.0,
      "clob_velocity_up": 0.0,
      "clob_velocity_down": 0.0,
      "coinbase_btc": 74738.22,
      "regime_state": "volatile",
      "regime_kelly_mult": 0.7,
      "regime_autocorr": 0.101,
      "sprt_confidence": 0.0,
      "sprt_status": "SKIP",
      "signal_consensus": 1.3,
      "adverse_selection_30s": 0.5076142131979695,
      "alpha_decay_rate": 0.0005680649429712335,
      "garch_vol_ratio": 2.0,
      "crowd_bias": {
        "flb": 0.0,
        "recency_fade": 0.0,
        "round_number_dampening": 1.0,
        "composite_logit_adjustment": 0.0
      },
      "oracle_divergence": 10.958039999997709,
      "edge_realization_ratio": 1.0
    }
  },
  "exit_reason": "resolution",
  "seconds_remaining_at_exit": 0.0,
  "exit_timestamp": "2026-04-20T01:52:30.250951+00:00",
  "timestamp": "2026-04-20T01:52:30.250951+00:00"
}