{
  "position_id": 1835,
  "market_id": "btc-updown-5m-1776651900",
  "question": "Bitcoin Up or Down - April 19, 10:25PM-10:30PM ET",
  "side": "Down",
  "signal_score": 0.6249655896995017,
  "correct": false,
  "entry_price": 0.59,
  "exit_price": 0.51,
  "log_return": -0.2933478099874583,
  "size": 6.35,
  "pnl": -1.6967374576271173,
  "fees": 0.09424499999999957,
  "gain_pct": -0.267203,
  "realized_edge": 0.035,
  "fill_slippage": 0.01,
  "weight_version": "weights_v001",
  "category": "crypto-5min",
  "indicator_snapshot": {
    "rsi": {
      "rsi": 100.0,
      "score": -1.0,
      "norm_score": -0.005616880459581545
    },
    "macd": {
      "macd": -30.1466,
      "signal": -35.0548,
      "histogram": 4.9081,
      "score": 0.1201,
      "norm_score": 0.19211056017990621
    },
    "stochastic": {
      "k": 50.0,
      "d": 25.0,
      "score": -0.0,
      "norm_score": -0.1923988081213609
    },
    "ema": {
      "trend": "bearish",
      "fast_ema": 74388.98108695527,
      "slow_ema": 74401.53291651004
    },
    "obv": {
      "obv_slope": 0.0,
      "price_slope": 0.0,
      "score": 0.0,
      "norm_score": 6.517393991279192e-08
    },
    "vwap": {
      "vwap": 74154.62,
      "deviation": 1.1919,
      "score": -0.3576,
      "norm_score": 0.0032223123058727765
    },
    "atr": {
      "atr": 20.69,
      "passes": true,
      "reason": "ok"
    },
    "weights": {
      "rsi": 0.2,
      "macd": 0.25,
      "stochastic": 0.2,
      "obv": 0.15,
      "vwap": 0.2,
      "entry_threshold": 0.6
    },
    "trade_context": {
      "btc_price": 74460.57,
      "strike_price": 74473.49326015625,
      "seconds_remaining": 239.494617,
      "market_price_up": 0.41,
      "market_price_down": 0.58,
      "model_probability_raw": 0.6249655896995017,
      "model_probability": 0.6249655896995017,
      "edge": 0.04496558969950171,
      "momentum_score": 0.009068974566053602,
      "atr": 20.69,
      "size": 6.35,
      "flow_score": 0.266,
      "flow_book_imbalance": 0.0295,
      "flow_trade_count": 200,
      "spot_flow_signal": 0.05732084123864781,
      "wall_pressure": 0.0,
      "iv_ratio": 2.0,
      "prev_resolution_margin": -17.72992065055587,
      "bybit_perp_price": 74389.2,
      "funding_rate": -3.697e-05,
      "depth_usd_top20": 367853.0418318001,
      "entry_phase": "normal",
      "flip_count": 0,
      "is_flip": false,
      "cvd_120s": 0.0,
      "taker_ratio_60s": 0.5,
      "volume_surge": false,
      "liquidation_pressure": 0.0,
      "gex_signal": 1.0,
      "gex_regime": "stabilizing",
      "cvd_acceleration": 0.0,
      "clob_velocity_up": 0.0,
      "clob_velocity_down": 0.0,
      "coinbase_btc": 74460.56,
      "regime_state": "neutral",
      "regime_kelly_mult": 1.0,
      "regime_autocorr": -0.1474,
      "sprt_confidence": 0.0,
      "sprt_status": "SKIP",
      "signal_consensus": 0.6,
      "adverse_selection_30s": 0.5126903553299492,
      "alpha_decay_rate": 0.002335738883579268,
      "garch_vol_ratio": 2.0,
      "crowd_bias": {
        "flb": 0.0,
        "recency_fade": 0.3,
        "round_number_dampening": 1.0,
        "composite_logit_adjustment": 0.006
      },
      "oracle_divergence": 4.710000000006403,
      "edge_realization_ratio": 1.0
    }
  },
  "exit_reason": "scalp",
  "seconds_remaining_at_exit": 125.48974,
  "exit_timestamp": "2026-04-20T02:27:55.415732+00:00",
  "timestamp": "2026-04-20T02:27:55.415732+00:00"
}