{
  "position_id": 1843,
  "market_id": "btc-updown-5m-1776654000",
  "question": "Bitcoin Up or Down - April 19, 11:00PM-11:05PM ET",
  "side": "Down",
  "signal_score": 0.8036687547450382,
  "correct": false,
  "entry_price": 0.71,
  "exit_price": 0.5099,
  "log_return": -0.49140689501627843,
  "size": 11.28,
  "pnl": -4.485205633802816,
  "fees": 0.12877600000000053,
  "gain_pct": -0.397625,
  "realized_edge": 0.0937,
  "fill_slippage": 0.01,
  "weight_version": "weights_v001",
  "category": "crypto-5min",
  "indicator_snapshot": {
    "rsi": {
      "rsi": 0.0,
      "score": 1.0,
      "norm_score": 0.02218245767037216
    },
    "macd": {
      "macd": -18.3973,
      "signal": -16.0116,
      "histogram": -2.3857,
      "score": -0.1826,
      "norm_score": 0.3127909289284235
    },
    "stochastic": {
      "k": 6.24,
      "d": 7.55,
      "score": 0.7817,
      "norm_score": -0.12198722571451226
    },
    "ema": {
      "trend": "bearish",
      "fast_ema": 74428.15112226509,
      "slow_ema": 74443.18617886465
    },
    "obv": {
      "obv_slope": -0.0,
      "price_slope": -4.92,
      "score": -0.0005,
      "norm_score": -0.39784374345871315
    },
    "vwap": {
      "vwap": 74181.58,
      "deviation": 1.1618,
      "score": -0.3485,
      "norm_score": 0.0895293800879921
    },
    "atr": {
      "atr": 9.73,
      "passes": true,
      "reason": "ok"
    },
    "weights": {
      "rsi": 0.2,
      "macd": 0.25,
      "stochastic": 0.2,
      "obv": 0.15,
      "vwap": 0.2,
      "entry_threshold": 0.6
    },
    "trade_context": {
      "btc_price": 74409.51,
      "strike_price": 74437.98256200031,
      "seconds_remaining": 197.104779,
      "market_price_up": 0.29,
      "market_price_down": 0.7,
      "model_probability_raw": 0.8036687547450382,
      "model_probability": 0.8036687547450382,
      "edge": 0.10366875474503823,
      "momentum_score": 0.016466093122069297,
      "atr": 9.73,
      "size": 11.28,
      "flow_score": -0.0598,
      "flow_book_imbalance": -0.1681,
      "flow_trade_count": 200,
      "spot_flow_signal": 0.5497121374975193,
      "wall_pressure": 0.0,
      "iv_ratio": 2.0,
      "prev_resolution_margin": 69.40201000000525,
      "bybit_perp_price": 74341.5,
      "funding_rate": -2.476e-05,
      "depth_usd_top20": 391371.06595879997,
      "entry_phase": "normal",
      "flip_count": 1,
      "is_flip": true,
      "cvd_120s": 0.00163,
      "taker_ratio_60s": 1.0,
      "volume_surge": false,
      "liquidation_pressure": -0.003724517074499695,
      "gex_signal": 1.0,
      "gex_regime": "stabilizing",
      "cvd_acceleration": -3.0888888888888886e-05,
      "clob_velocity_up": 0.0,
      "clob_velocity_down": 0.0,
      "coinbase_btc": 74409.51,
      "regime_state": "neutral",
      "regime_kelly_mult": 1.0,
      "regime_autocorr": -0.2042,
      "sprt_confidence": 0.0,
      "sprt_status": "SKIP",
      "signal_consensus": 0.8,
      "adverse_selection_30s": 0.5153061224489796,
      "alpha_decay_rate": 0.00189531385748318,
      "garch_vol_ratio": 2.0,
      "crowd_bias": {
        "flb": -0.0126,
        "recency_fade": 0.0,
        "round_number_dampening": 1.0,
        "composite_logit_adjustment": -0.0126
      },
      "oracle_divergence": 3.548000000009779,
      "edge_realization_ratio": 1.0
    }
  },
  "exit_reason": "scalp",
  "seconds_remaining_at_exit": 123.746342,
  "exit_timestamp": "2026-04-20T03:02:57.505904+00:00",
  "timestamp": "2026-04-20T03:02:57.505904+00:00"
}