{
  "position_id": 1855,
  "market_id": "btc-updown-5m-1776656700",
  "question": "Bitcoin Up or Down - April 19, 11:45PM-11:50PM ET",
  "side": "Up",
  "signal_score": 0.8540738964352658,
  "correct": true,
  "entry_price": 0.71,
  "exit_price": 1.0,
  "log_return": 0.342490308946776,
  "size": 12.67,
  "pnl": 5.081919718309861,
  "fees": 0.06613699999999952,
  "gain_pct": 0.401099,
  "realized_edge": 0.1441,
  "fill_slippage": -0.03,
  "weight_version": "weights_v001",
  "category": "crypto-5min",
  "indicator_snapshot": {
    "rsi": {
      "rsi": 100.0,
      "score": -1.0,
      "norm_score": -1.5235157316416138e-06
    },
    "macd": {
      "macd": 10.0783,
      "signal": 2.4259,
      "histogram": 7.6524,
      "score": 0.5272,
      "norm_score": 3.0
    },
    "stochastic": {
      "k": 100.0,
      "d": 75.0,
      "score": -1.0,
      "norm_score": -3.0
    },
    "ema": {
      "trend": "bullish",
      "fast_ema": 74553.61299626558,
      "slow_ema": 74536.78568722695
    },
    "obv": {
      "obv_slope": 0.0,
      "price_slope": 20.62,
      "score": 0.0,
      "norm_score": 6.980908355739773e-16
    },
    "vwap": {
      "vwap": 74329.27,
      "deviation": 1.6826,
      "score": -0.5048,
      "norm_score": -3.0
    },
    "atr": {
      "atr": 11.26,
      "passes": true,
      "reason": "ok"
    },
    "weights": {
      "rsi": 0.2,
      "macd": 0.25,
      "stochastic": 0.2,
      "obv": 0.15,
      "vwap": 0.2,
      "entry_threshold": 0.6
    },
    "trade_context": {
      "btc_price": 74623.94,
      "strike_price": 74522.69,
      "seconds_remaining": 160.600506,
      "market_price_up": 0.74,
      "market_price_down": 0.25,
      "model_probability_raw": 0.8540738964352658,
      "model_probability": 0.8540738964352658,
      "edge": 0.11407389643526578,
      "momentum_score": -0.45000030470314645,
      "atr": 11.26,
      "size": 12.67,
      "flow_score": 0.0321,
      "flow_book_imbalance": 0.1812,
      "flow_trade_count": 200,
      "spot_flow_signal": -0.7960438029493844,
      "wall_pressure": 0.0,
      "iv_ratio": 2.0,
      "prev_resolution_margin": 16.10964999999851,
      "bybit_perp_price": 74559.8,
      "funding_rate": -4.59e-06,
      "depth_usd_top20": 354900.46183010004,
      "entry_phase": "late",
      "flip_count": 0,
      "is_flip": false,
      "cvd_120s": -2e-05,
      "taker_ratio_60s": 0.0,
      "volume_surge": true,
      "liquidation_pressure": 0.0,
      "gex_signal": 1.0,
      "gex_regime": "stabilizing",
      "cvd_acceleration": -1.3333333333333334e-06,
      "clob_velocity_up": 0.0,
      "clob_velocity_down": 0.0,
      "coinbase_btc": 74623.94,
      "regime_state": "neutral",
      "regime_kelly_mult": 1.0,
      "regime_autocorr": -0.1494,
      "sprt_confidence": 0.0,
      "sprt_status": "SKIP",
      "signal_consensus": 0.6,
      "adverse_selection_30s": 0.5279187817258884,
      "alpha_decay_rate": 0.00034971355578682816,
      "garch_vol_ratio": 2.0,
      "crowd_bias": {
        "flb": 0.0144,
        "recency_fade": -0.3,
        "round_number_dampening": 1.0,
        "composite_logit_adjustment": 0.0084
      },
      "oracle_divergence": 4.094617791968631,
      "edge_realization_ratio": 1.0
    }
  },
  "exit_reason": "resolution",
  "seconds_remaining_at_exit": 0.0,
  "exit_timestamp": "2026-04-20T03:54:38.924927+00:00",
  "timestamp": "2026-04-20T03:54:38.924927+00:00"
}