{
  "position_id": 186,
  "market_id": "btc-updown-5m-1775938800",
  "question": "Bitcoin Up or Down - April 11, 4:20PM-4:25PM ET",
  "side": "Down",
  "signal_score": 0.9351847120144898,
  "correct": true,
  "entry_price": 0.75,
  "exit_price": 1.0,
  "log_return": 0.28768207245178085,
  "size": 5.86,
  "pnl": 1.9181733333333328,
  "fees": 0.026370000000000227,
  "gain_pct": 0.327333,
  "weight_version": "weights_v001",
  "category": "crypto-5min",
  "indicator_snapshot": {
    "rsi": {
      "rsi": 0.0,
      "score": 1.0,
      "norm_score": 0.028502273185463806
    },
    "macd": {
      "macd": -36.6288,
      "signal": -31.6489,
      "histogram": -4.9799,
      "score": -0.2351,
      "norm_score": 3.0
    },
    "stochastic": {
      "k": 0.0,
      "d": 0.0,
      "score": 1.0,
      "norm_score": 0.028004311310850773
    },
    "ema": {
      "trend": "bearish",
      "fast_ema": 73485.18936296819,
      "slow_ema": 73514.59323583319
    },
    "obv": {
      "obv_slope": 0.0,
      "price_slope": 0.0,
      "score": 0.0,
      "norm_score": 1.0512186961527882e-05
    },
    "vwap": {
      "vwap": 73547.47,
      "deviation": -0.5183,
      "score": 0.1555,
      "norm_score": 0.3136194448758493
    },
    "atr": {
      "atr": 11.91,
      "passes": true,
      "reason": "ok"
    },
    "weights": {
      "rsi": 0.2,
      "macd": 0.25,
      "stochastic": 0.2,
      "obv": 0.15,
      "vwap": 0.2,
      "entry_threshold": 0.6
    },
    "trade_context": {
      "btc_price": 73477.9,
      "strike_price": 73523.56,
      "seconds_remaining": 239.867118,
      "market_price_up": 0.24,
      "market_price_down": 0.75,
      "model_probability_raw": 0.9351847120144898,
      "model_probability": 0.9351847120144898,
      "edge": 0.18518471201448983,
      "momentum_score": 0.8240267827024771,
      "atr": 11.91,
      "size": 5.86,
      "flow_score": -0.1871,
      "flow_book_imbalance": -0.2519,
      "flow_trade_count": 200,
      "spot_flow_signal": 3.59999999568e-05,
      "wall_pressure": 1.0,
      "perp_lead": -0.37719556268630433,
      "iv_ratio": 2.0,
      "prev_resolution_margin": 5.325151128869038,
      "bybit_perp_price": 73394.8,
      "funding_rate": 5.887e-05,
      "depth_usd_top20": 467046.6925742999,
      "entry_phase": "normal",
      "cvd_120s": 3e-05,
      "taker_ratio_60s": 0.5,
      "volume_surge": false,
      "liquidation_pressure": -0.005474054679923911,
      "gex_signal": 1.0,
      "gex_regime": "stabilizing",
      "cvd_acceleration": 0.0,
      "regime_state": "trending_up",
      "regime_kelly_mult": 1.2,
      "sprt_confidence": 1.0,
      "sprt_status": "ENTER",
      "signal_consensus": 1.3,
      "alpha_decay_rate": 0.00012933898152326002
    }
  },
  "exit_reason": "resolution",
  "timestamp": "2026-04-11T20:27:44.925594+00:00"
}