{
  "position_id": 187,
  "market_id": "btc-updown-5m-1775939400",
  "question": "Bitcoin Up or Down - April 11, 4:30PM-4:35PM ET",
  "side": "Down",
  "signal_score": 0.962350602930989,
  "correct": true,
  "entry_price": 0.8,
  "exit_price": 1.0,
  "log_return": 0.22314355131420976,
  "size": 6.54,
  "pnl": 1.6055699999999993,
  "fees": 0.0235439999999997,
  "gain_pct": 0.2455,
  "weight_version": "weights_v001",
  "category": "crypto-5min",
  "indicator_snapshot": {
    "rsi": {
      "rsi": 0.0,
      "score": 1.0,
      "norm_score": 0.04820951686508873
    },
    "macd": {
      "macd": -35.1225,
      "signal": -32.513,
      "histogram": -2.6096,
      "score": -0.0845,
      "norm_score": -1.9197334786517686
    },
    "stochastic": {
      "k": 0.0,
      "d": 0.0,
      "score": 1.0,
      "norm_score": 0.0454842514824205
    },
    "ema": {
      "trend": "bearish",
      "fast_ema": 73401.49122922454,
      "slow_ema": 73427.46632319129
    },
    "obv": {
      "obv_slope": -0.0,
      "price_slope": -21.1967,
      "score": -0.0018,
      "norm_score": -2.0216793823506
    },
    "vwap": {
      "vwap": 73547.68,
      "deviation": -1.3424,
      "score": 0.4027,
      "norm_score": 1.9824016332613918
    },
    "atr": {
      "atr": 14.41,
      "passes": true,
      "reason": "ok"
    },
    "weights": {
      "rsi": 0.2,
      "macd": 0.25,
      "stochastic": 0.2,
      "obv": 0.15,
      "vwap": 0.2,
      "entry_threshold": 0.6
    },
    "trade_context": {
      "btc_price": 73369.22,
      "strike_price": 73432.81,
      "seconds_remaining": 239.800879,
      "market_price_up": 0.19,
      "market_price_down": 0.8,
      "model_probability_raw": 0.962350602930989,
      "model_probability": 0.962350602930989,
      "edge": 0.1623506029309889,
      "momentum_score": -0.36796619669375186,
      "atr": 14.41,
      "size": 6.54,
      "flow_score": -0.1816,
      "flow_book_imbalance": -0.2963,
      "flow_trade_count": 200,
      "spot_flow_signal": -0.4065637381448191,
      "wall_pressure": 1.0,
      "perp_lead": -0.13709111487560868,
      "iv_ratio": 2.0,
      "prev_resolution_margin": 5.325151128869038,
      "bybit_perp_price": 73340.3,
      "funding_rate": 5.77e-05,
      "depth_usd_top20": 400838.6604153999,
      "entry_phase": "normal",
      "cvd_120s": -0.00547,
      "taker_ratio_60s": 0.0,
      "volume_surge": true,
      "liquidation_pressure": 0.0,
      "gex_signal": 1.0,
      "gex_regime": "stabilizing",
      "cvd_acceleration": -0.0003646666666666667,
      "regime_state": "trending_down",
      "regime_kelly_mult": 1.2,
      "sprt_confidence": 1.0,
      "sprt_status": "ENTER",
      "signal_consensus": 1.3,
      "alpha_decay_rate": 0.004622075164464289
    }
  },
  "exit_reason": "resolution",
  "timestamp": "2026-04-11T20:37:44.748579+00:00"
}