{
  "position_id": 192,
  "market_id": "btc-updown-5m-1775941200",
  "question": "Bitcoin Up or Down - April 11, 5:00PM-5:05PM ET",
  "side": "Up",
  "signal_score": 0.9774872638451308,
  "correct": true,
  "entry_price": 0.93,
  "exit_price": 1.0,
  "log_return": 0.07257069283483537,
  "size": 1.42,
  "pnl": 0.10495806451612877,
  "fees": 0.0017890000000000828,
  "gain_pct": 0.073914,
  "weight_version": "weights_v001",
  "category": "crypto-5min",
  "indicator_snapshot": {
    "rsi": {
      "rsi": 75.76,
      "score": -0.4344,
      "norm_score": -1.8279004045169387
    },
    "macd": {
      "macd": -14.6418,
      "signal": -22.2175,
      "histogram": 7.5757,
      "score": 0.2374,
      "norm_score": 2.146019618165363
    },
    "stochastic": {
      "k": 100.0,
      "d": 50.0,
      "score": -1.0,
      "norm_score": -1.5437368538969214
    },
    "ema": {
      "trend": "chop",
      "fast_ema": 73321.19181436975,
      "slow_ema": 73320.561347216
    },
    "obv": {
      "obv_slope": 0.0,
      "price_slope": 21.9967,
      "score": 0.0005,
      "norm_score": 1.5788732037087403
    },
    "vwap": {
      "vwap": 73564.31,
      "deviation": -2.1301,
      "score": 0.639,
      "norm_score": -2.4729575175586525
    },
    "atr": {
      "atr": 23.23,
      "passes": true,
      "reason": "ok"
    },
    "weights": {
      "rsi": 0.2,
      "macd": 0.25,
      "stochastic": 0.2,
      "obv": 0.15,
      "vwap": 0.2,
      "entry_threshold": 0.6
    },
    "trade_context": {
      "btc_price": 73352.46,
      "strike_price": 73296.43,
      "seconds_remaining": 37.227295,
      "market_price_up": 0.93,
      "market_price_down": 0.06,
      "model_probability_raw": 0.9774872638451308,
      "model_probability": 0.9774872638451308,
      "edge": 0.0474872638451308,
      "momentum_score": -0.3955830700968509,
      "atr": 23.23,
      "size": 1.42,
      "flow_score": 0.0636,
      "flow_book_imbalance": 0.31,
      "flow_trade_count": 200,
      "spot_flow_signal": 0.3787268534629185,
      "wall_pressure": 0.6168072993170292,
      "perp_lead": -0.22220783243645995,
      "iv_ratio": 2.0,
      "prev_resolution_margin": 5.325151128869038,
      "bybit_perp_price": 73305.1,
      "funding_rate": 5.441e-05,
      "depth_usd_top20": 482531.1880512999,
      "entry_phase": "final",
      "cvd_120s": 0.00132,
      "taker_ratio_60s": 0.9714285714285713,
      "volume_surge": true,
      "liquidation_pressure": 0.0,
      "gex_signal": 1.0,
      "gex_regime": "stabilizing",
      "cvd_acceleration": 8.8e-05,
      "regime_state": "neutral",
      "regime_kelly_mult": 1.0,
      "sprt_confidence": 1.0,
      "sprt_status": "ENTER",
      "signal_consensus": 0.8,
      "alpha_decay_rate": 0.0044744700089446605
    }
  },
  "exit_reason": "resolution",
  "timestamp": "2026-04-11T21:07:00.127459+00:00"
}