{
  "position_id": 199,
  "market_id": "btc-updown-5m-1775944500",
  "question": "Bitcoin Up or Down - April 11, 5:55PM-6:00PM ET",
  "side": "Down",
  "signal_score": 0.8949812665103458,
  "correct": true,
  "entry_price": 0.67,
  "exit_price": 1.0,
  "log_return": 0.40047756659712525,
  "size": 4.06,
  "pnl": 1.9637074626865667,
  "fees": 0.02411600000000009,
  "gain_pct": 0.483672,
  "weight_version": "weights_v001",
  "category": "crypto-5min",
  "indicator_snapshot": {
    "rsi": {
      "rsi": 30.93,
      "score": 0.286,
      "norm_score": 3.0
    },
    "macd": {
      "macd": 11.9043,
      "signal": 18.2366,
      "histogram": -6.3323,
      "score": -0.4814,
      "norm_score": -3.0
    },
    "stochastic": {
      "k": 0.0,
      "d": 40.97,
      "score": 1.0,
      "norm_score": 3.0
    },
    "ema": {
      "trend": "chop",
      "fast_ema": 73488.97471247098,
      "slow_ema": 73490.50817621581
    },
    "obv": {
      "obv_slope": -0.0,
      "price_slope": -16.9467,
      "score": -0.0,
      "norm_score": -0.100446540955159
    },
    "vwap": {
      "vwap": 73571.48,
      "deviation": -1.0085,
      "score": 0.3025,
      "norm_score": 3.0
    },
    "atr": {
      "atr": 23.08,
      "passes": true,
      "reason": "ok"
    },
    "weights": {
      "rsi": 0.2,
      "macd": 0.25,
      "stochastic": 0.2,
      "obv": 0.15,
      "vwap": 0.2,
      "entry_threshold": 0.6
    },
    "trade_context": {
      "btc_price": 73464.83,
      "strike_price": 73515.67,
      "seconds_remaining": 172.626204,
      "market_price_up": 0.32,
      "market_price_down": 0.67,
      "model_probability_raw": 0.8949812665103458,
      "model_probability": 0.8949812665103458,
      "edge": 0.22498126651034578,
      "momentum_score": 1.0,
      "atr": 23.08,
      "size": 4.06,
      "flow_score": -0.0025,
      "flow_book_imbalance": -0.113,
      "flow_trade_count": 200,
      "spot_flow_signal": -0.4000479999998976,
      "wall_pressure": 0.9595768054371657,
      "perp_lead": -0.11351555010362742,
      "iv_ratio": 1.7065952630307566,
      "prev_resolution_margin": 5.325151128869038,
      "bybit_perp_price": 73440.9,
      "funding_rate": 4.89e-05,
      "depth_usd_top20": 388936.39618429996,
      "entry_phase": "normal",
      "cvd_120s": -4e-05,
      "taker_ratio_60s": 0.0,
      "volume_surge": true,
      "liquidation_pressure": 0.005055010230672841,
      "gex_signal": 1.0,
      "gex_regime": "stabilizing",
      "cvd_acceleration": -2.666666666666667e-06,
      "regime_state": "neutral",
      "regime_kelly_mult": 1.0,
      "sprt_confidence": 0.3035535233719745,
      "sprt_status": "ACCUMULATING",
      "signal_consensus": 1.3,
      "alpha_decay_rate": -1.3301575959715574e-06
    }
  },
  "exit_reason": "resolution",
  "timestamp": "2026-04-11T22:04:13.330306+00:00"
}