{
  "position_id": 203,
  "market_id": "btc-updown-5m-1776157800",
  "question": "Bitcoin Up or Down - April 14, 5:10AM-5:15AM ET",
  "side": "Up",
  "signal_score": 0.687487572366904,
  "correct": true,
  "entry_price": 0.5,
  "exit_price": 1.0,
  "log_return": 0.6931471805599453,
  "size": 3.74,
  "pnl": 3.6726800000000006,
  "fees": 0.0336599999999998,
  "gain_pct": 0.982,
  "weight_version": "weights_v001",
  "category": "crypto-5min",
  "indicator_snapshot": {
    "rsi": {
      "rsi": 74.89,
      "score": -0.4141,
      "norm_score": -0.19941252400614182
    },
    "macd": {
      "macd": 14.0226,
      "signal": 7.8247,
      "histogram": 6.1978,
      "score": 0.2496,
      "norm_score": 0.0611453845068457
    },
    "stochastic": {
      "k": 96.4,
      "d": 96.52,
      "score": -0.874,
      "norm_score": -0.09048560395376645
    },
    "ema": {
      "trend": "bullish",
      "fast_ema": 74752.57046319084,
      "slow_ema": 74735.5631124326
    },
    "obv": {
      "obv_slope": -0.0,
      "price_slope": -1.08,
      "score": -0.0001,
      "norm_score": -1.665535063774272
    },
    "vwap": {
      "vwap": 74718.32,
      "deviation": 0.3954,
      "score": -0.1186,
      "norm_score": -0.06367526348841862
    },
    "atr": {
      "atr": 40.1,
      "passes": true,
      "reason": "ok"
    },
    "weights": {
      "rsi": 0.2,
      "macd": 0.25,
      "stochastic": 0.2,
      "obv": 0.15,
      "vwap": 0.2,
      "entry_threshold": 0.6
    },
    "trade_context": {
      "btc_price": 74791.63,
      "strike_price": 74771.91175552254,
      "seconds_remaining": 297.447548,
      "market_price_up": 0.5,
      "market_price_down": 0.49,
      "model_probability_raw": 0.687487572366904,
      "model_probability": 0.687487572366904,
      "edge": 0.18748757236690405,
      "momentum_score": -0.30525859172909475,
      "atr": 40.1,
      "size": 3.74,
      "flow_score": 0.7792,
      "flow_book_imbalance": 0.7041,
      "flow_trade_count": 17,
      "spot_flow_signal": 0.7111446657896185,
      "wall_pressure": 0.0,
      "iv_ratio": 1.1100990920516274,
      "prev_resolution_margin": -129.14515202952316,
      "bybit_perp_price": 74721.4,
      "funding_rate": 0.0001,
      "depth_usd_top20": 361408.71972939995,
      "entry_phase": "normal",
      "flip_count": 0,
      "is_flip": false,
      "cvd_120s": 0.00051,
      "taker_ratio_60s": 1.0,
      "volume_surge": false,
      "liquidation_pressure": -0.0004501499551014972,
      "gex_signal": 1.0,
      "gex_regime": "stabilizing",
      "cvd_acceleration": -8.444444444444446e-06,
      "clob_velocity_up": 0.0,
      "clob_velocity_down": 0.0,
      "coinbase_btc": 74791.05,
      "regime_state": "neutral",
      "regime_kelly_mult": 1.0,
      "sprt_confidence": 0.1217247120316702,
      "sprt_status": "ACCUMULATING",
      "signal_consensus": 1.3,
      "adverse_selection_30s": 0.5,
      "alpha_decay_rate": 0.0,
      "garch_vol_ratio": 2.0,
      "crowd_bias": {
        "flb": 0.0,
        "recency_fade": 0.0,
        "round_number_dampening": 1.0,
        "composite_logit_adjustment": 0.0
      },
      "oracle_divergence": 12.650236166402465,
      "edge_realization_ratio": 1.6961379960904832
    }
  },
  "exit_reason": "resolution",
  "timestamp": "2026-04-14T09:20:30.173336+00:00"
}