{
  "position_id": 20,
  "market_id": "btc-updown-5m-1776110400",
  "question": "Bitcoin Up or Down - April 13, 4:00PM-4:05PM ET",
  "side": "Down",
  "signal_score": 0.6071603898530102,
  "correct": true,
  "entry_price": 0.52,
  "exit_price": 0.55,
  "log_return": 0.05608946665104358,
  "size": 1.43,
  "pnl": 0.057287211538461724,
  "fees": 0.02449999999999998,
  "gain_pct": 0.040061,
  "weight_version": "weights_v001",
  "category": "crypto-5min",
  "indicator_snapshot": {
    "rsi": {
      "rsi": 15.01,
      "score": 0.6498,
      "norm_score": 2.120653619554005
    },
    "macd": {
      "macd": 23.2121,
      "signal": 40.8487,
      "histogram": -17.6366,
      "score": -0.4187,
      "norm_score": 0.15690331780221212
    },
    "stochastic": {
      "k": 35.0,
      "d": 35.0,
      "score": 0.15,
      "norm_score": -0.1245132893452273
    },
    "ema": {
      "trend": "bearish",
      "fast_ema": 73343.71674503299,
      "slow_ema": 73352.5779929355
    },
    "obv": {
      "obv_slope": 0.0,
      "price_slope": 0.0,
      "score": 0.0,
      "norm_score": 0.8563710902441776
    },
    "vwap": {
      "vwap": 72722.7,
      "deviation": 1.4113,
      "score": -0.4234,
      "norm_score": 0.21271795952287426
    },
    "atr": {
      "atr": 66.03,
      "passes": true,
      "reason": "ok"
    },
    "weights": {
      "rsi": 0.2,
      "macd": 0.25,
      "stochastic": 0.2,
      "obv": 0.15,
      "vwap": 0.2,
      "entry_threshold": 0.6
    },
    "trade_context": {
      "btc_price": 73362.81,
      "strike_price": 73377.70373542226,
      "seconds_remaining": 299.05018,
      "market_price_up": 0.47,
      "market_price_down": 0.52,
      "model_probability_raw": 0.6071603898530102,
      "model_probability": 0.6071603898530102,
      "edge": 0.08716038985301022,
      "momentum_score": 0.6094531509335102,
      "atr": 66.03,
      "size": 1.43,
      "flow_score": -0.3872,
      "flow_book_imbalance": 0.0213,
      "flow_trade_count": 3,
      "spot_flow_signal": -0.7960438029493844,
      "wall_pressure": 0.0,
      "iv_ratio": 0.6911678427923652,
      "prev_resolution_margin": 239.41614856456,
      "bybit_perp_price": 73275.5,
      "funding_rate": -9.337e-05,
      "depth_usd_top20": 392062.02282669995,
      "entry_phase": "normal",
      "flip_count": 0,
      "is_flip": false,
      "cvd_120s": -0.0069,
      "taker_ratio_60s": 0.0,
      "volume_surge": true,
      "liquidation_pressure": 0.0,
      "gex_signal": 1.0,
      "gex_regime": "stabilizing",
      "cvd_acceleration": 0.0,
      "clob_velocity_up": -0.04373693974145559,
      "clob_velocity_down": 0.04373693974145567,
      "coinbase_btc": 73372.28,
      "regime_state": "neutral",
      "regime_kelly_mult": 1.0,
      "sprt_confidence": 0.06718336175908182,
      "sprt_status": "ACCUMULATING",
      "signal_consensus": 1.3,
      "adverse_selection_30s": 0.5,
      "alpha_decay_rate": 0.0,
      "garch_vol_ratio": 2.0,
      "crowd_bias": {
        "flb": 0.0,
        "recency_fade": -0.3,
        "round_number_dampening": 1.0,
        "composite_logit_adjustment": -0.006
      },
      "oracle_divergence": 13.694584671364282,
      "edge_realization_ratio": 1.0
    }
  },
  "exit_reason": "scalp",
  "timestamp": "2026-04-13T20:00:08.289732+00:00"
}