{
  "position_id": 211,
  "market_id": "btc-updown-5m-1775951400",
  "question": "Bitcoin Up or Down - April 11, 7:50PM-7:55PM ET",
  "side": "Down",
  "signal_score": 0.9003550582102273,
  "correct": true,
  "entry_price": 0.7,
  "exit_price": 0.9999,
  "log_return": 0.35657493893839914,
  "size": 10.05,
  "pnl": 4.305681142857145,
  "fees": 2.6e-05,
  "gain_pct": 0.428426,
  "weight_version": "weights_v001",
  "category": "crypto-5min",
  "indicator_snapshot": {
    "rsi": {
      "rsi": 22.34,
      "score": 0.4788,
      "norm_score": 0.5267870256085936
    },
    "macd": {
      "macd": -17.4059,
      "signal": -12.8937,
      "histogram": -4.5122,
      "score": -0.1666,
      "norm_score": -0.6471269007762671
    },
    "stochastic": {
      "k": 0.0,
      "d": 0.0,
      "score": 1.0,
      "norm_score": 0.37767977503640454
    },
    "ema": {
      "trend": "bearish",
      "fast_ema": 73068.07881922805,
      "slow_ema": 73085.3780162331
    },
    "obv": {
      "obv_slope": -0.0,
      "price_slope": -19.1567,
      "score": -0.0037,
      "norm_score": -0.4231274525420793
    },
    "vwap": {
      "vwap": 73113.63,
      "deviation": -0.4338,
      "score": 0.1301,
      "norm_score": 0.7007306321645853
    },
    "atr": {
      "atr": 20.4,
      "passes": true,
      "reason": "ok"
    },
    "weights": {
      "rsi": 0.2,
      "macd": 0.25,
      "stochastic": 0.2,
      "obv": 0.15,
      "vwap": 0.2,
      "entry_threshold": 0.6
    },
    "trade_context": {
      "btc_price": 73045.81,
      "strike_price": 73103.28,
      "seconds_remaining": 239.780347,
      "market_price_up": 0.28,
      "market_price_down": 0.7,
      "model_probability_raw": 0.9003550582102273,
      "model_probability": 0.9003550582102273,
      "edge": 0.20035505821022737,
      "momentum_score": 0.09578864348653804,
      "atr": 20.4,
      "size": 10.05,
      "flow_score": -0.2292,
      "flow_book_imbalance": -0.1477,
      "flow_trade_count": 200,
      "spot_flow_signal": -0.4131978708122098,
      "wall_pressure": 1.0,
      "perp_lead": -0.2504705052772191,
      "iv_ratio": 2.0,
      "prev_resolution_margin": 43.99761070894601,
      "bybit_perp_price": 72992.4,
      "funding_rate": 3.205e-05,
      "depth_usd_top20": 337408.43193549995,
      "entry_phase": "normal",
      "cvd_120s": -0.011,
      "taker_ratio_60s": 0.0,
      "volume_surge": false,
      "liquidation_pressure": 0.0,
      "gex_signal": 1.0,
      "gex_regime": "stabilizing",
      "cvd_acceleration": 1.1111111111111112e-06,
      "regime_state": "neutral",
      "regime_kelly_mult": 1.0,
      "sprt_confidence": 1.0,
      "sprt_status": "ENTER",
      "signal_consensus": 1.3,
      "alpha_decay_rate": 0.0028902111423385678
    }
  },
  "exit_reason": "scalp",
  "timestamp": "2026-04-11T23:54:59.783405+00:00"
}