{
  "position_id": 21,
  "market_id": "btc-updown-5m-1776110400",
  "question": "Bitcoin Up or Down - April 13, 4:00PM-4:05PM ET",
  "side": "Down",
  "signal_score": 0.5944038412211355,
  "correct": true,
  "entry_price": 0.53,
  "exit_price": 0.54,
  "log_return": 0.018692133012152546,
  "size": 1.08,
  "pnl": 0.002033962264150979,
  "fees": 0.01817100000000002,
  "gain_pct": 0.001883,
  "weight_version": "weights_v001",
  "category": "crypto-5min",
  "indicator_snapshot": {
    "rsi": {
      "rsi": 12.63,
      "score": 0.7052,
      "norm_score": 1.4844441389259324
    },
    "macd": {
      "macd": 16.6121,
      "signal": 38.2087,
      "histogram": -21.5966,
      "score": -0.5127,
      "norm_score": -0.9237268573207293
    },
    "stochastic": {
      "k": 17.54,
      "d": 26.27,
      "score": 0.386,
      "norm_score": 1.4250130138620276
    },
    "ema": {
      "trend": "bearish",
      "fast_ema": 73326.39174503298,
      "slow_ema": 73344.87799293551
    },
    "obv": {
      "obv_slope": -0.0,
      "price_slope": -11.55,
      "score": -0.0014,
      "norm_score": 0.7005055819304773
    },
    "vwap": {
      "vwap": 72722.84,
      "deviation": 1.3316,
      "score": -0.3995,
      "norm_score": 0.35041845639171554
    },
    "atr": {
      "atr": 70.98,
      "passes": true,
      "reason": "ok"
    },
    "weights": {
      "rsi": 0.2,
      "macd": 0.25,
      "stochastic": 0.2,
      "obv": 0.15,
      "vwap": 0.2,
      "entry_threshold": 0.6
    },
    "trade_context": {
      "btc_price": 73361.01,
      "strike_price": 73377.70373542226,
      "seconds_remaining": 290.199246,
      "market_price_up": 0.46,
      "market_price_down": 0.53,
      "model_probability_raw": 0.5944038412211355,
      "model_probability": 0.5944038412211355,
      "edge": 0.06440384122113552,
      "momentum_score": 0.5261192447953243,
      "atr": 70.98,
      "size": 1.08,
      "flow_score": 0.0647,
      "flow_book_imbalance": 0.0022,
      "flow_trade_count": 200,
      "spot_flow_signal": -0.971926724674405,
      "wall_pressure": 0.0,
      "iv_ratio": 0.6429514357398224,
      "prev_resolution_margin": 239.41614856456,
      "bybit_perp_price": 73278.6,
      "funding_rate": -9.565e-05,
      "depth_usd_top20": 431993.10755639995,
      "entry_phase": "normal",
      "flip_count": 1,
      "is_flip": true,
      "cvd_120s": -0.0069,
      "taker_ratio_60s": 0.0,
      "volume_surge": true,
      "liquidation_pressure": 0.0,
      "gex_signal": 1.0,
      "gex_regime": "stabilizing",
      "cvd_acceleration": -0.00027866666666666665,
      "clob_velocity_up": 0.0,
      "clob_velocity_down": 0.0,
      "coinbase_btc": 73361.01,
      "regime_state": "neutral",
      "regime_kelly_mult": 1.0,
      "sprt_confidence": 0.06718336175908182,
      "sprt_status": "ACCUMULATING",
      "signal_consensus": 0.8,
      "adverse_selection_30s": 0.5,
      "alpha_decay_rate": -0.005282447062071023,
      "garch_vol_ratio": 2.0,
      "crowd_bias": {
        "flb": 0.0,
        "recency_fade": -0.3,
        "round_number_dampening": 1.0,
        "composite_logit_adjustment": -0.006
      },
      "oracle_divergence": 2.483954974828521,
      "edge_realization_ratio": 1.0
    }
  },
  "exit_reason": "scalp",
  "timestamp": "2026-04-13T20:00:19.930365+00:00"
}