{
  "position_id": 225,
  "market_id": "btc-updown-5m-1775955900",
  "question": "Bitcoin Up or Down - April 11, 9:05PM-9:10PM ET",
  "side": "Down",
  "signal_score": 0.9509441055923286,
  "correct": true,
  "entry_price": 0.88,
  "exit_price": 0.9099,
  "log_return": 0.03341279589039292,
  "size": 9.25,
  "pnl": 0.2987787727272728,
  "fees": 0.015511,
  "gain_pct": 0.0323,
  "weight_version": "weights_v001",
  "category": "crypto-5min",
  "indicator_snapshot": {
    "rsi": {
      "rsi": 9.32,
      "score": 0.7824,
      "norm_score": 1.0272215969180016
    },
    "macd": {
      "macd": -14.625,
      "signal": 0.0075,
      "histogram": -14.6324,
      "score": -0.5261,
      "norm_score": -1.585157514040115
    },
    "stochastic": {
      "k": 0.0,
      "d": 6.68,
      "score": 1.0,
      "norm_score": 2.0882902153690486
    },
    "ema": {
      "trend": "bearish",
      "fast_ema": 73036.36199667308,
      "slow_ema": 73065.0582507574
    },
    "obv": {
      "obv_slope": -0.0,
      "price_slope": -18.74,
      "score": -0.0005,
      "norm_score": -1.1688325182963921
    },
    "vwap": {
      "vwap": 73077.91,
      "deviation": -0.5587,
      "score": 0.1676,
      "norm_score": 2.1555215214173873
    },
    "atr": {
      "atr": 38.02,
      "passes": true,
      "reason": "ok"
    },
    "weights": {
      "rsi": 0.2,
      "macd": 0.25,
      "stochastic": 0.2,
      "obv": 0.15,
      "vwap": 0.2,
      "entry_threshold": 0.6
    },
    "trade_context": {
      "btc_price": 72999.63,
      "strike_price": 73055.85,
      "seconds_remaining": 204.056951,
      "market_price_up": 0.11,
      "market_price_down": 0.88,
      "model_probability_raw": 0.9509441055923286,
      "model_probability": 0.9509441055923286,
      "edge": 0.07094410559232855,
      "momentum_score": 0.4825924104863999,
      "atr": 38.02,
      "size": 9.25,
      "flow_score": -0.1053,
      "flow_book_imbalance": -0.3183,
      "flow_trade_count": 200,
      "spot_flow_signal": 0.40207599171569247,
      "wall_pressure": 1.0,
      "perp_lead": -0.2480142574707481,
      "iv_ratio": 0.7521409046851445,
      "prev_resolution_margin": -3.9557720397569938,
      "bybit_perp_price": 72946.8,
      "funding_rate": 2.784e-05,
      "depth_usd_top20": 349072.702105,
      "entry_phase": "normal",
      "cvd_120s": 0.00173,
      "taker_ratio_60s": 1.0,
      "volume_surge": true,
      "liquidation_pressure": 0.0,
      "gex_signal": 1.0,
      "gex_regime": "stabilizing",
      "cvd_acceleration": 0.0001,
      "regime_state": "volatile",
      "regime_kelly_mult": 0.7,
      "sprt_confidence": 0.31209182276846253,
      "sprt_status": "ACCUMULATING",
      "signal_consensus": 1.0,
      "alpha_decay_rate": -3.4577015241683544e-05
    }
  },
  "exit_reason": "scalp",
  "timestamp": "2026-04-12T01:09:26.575883+00:00"
}