{
  "position_id": 230,
  "market_id": "btc-updown-5m-1776163800",
  "question": "Bitcoin Up or Down - April 14, 6:50AM-6:55AM ET",
  "side": "Up",
  "signal_score": 0.7150002790258789,
  "correct": false,
  "entry_price": 0.53,
  "exit_price": 0.0,
  "log_return": -10.0,
  "size": 9.45,
  "pnl": -9.45,
  "fees": 0.07994699999999917,
  "gain_pct": -1.0,
  "weight_version": "weights_v001",
  "category": "crypto-5min",
  "indicator_snapshot": {
    "rsi": {
      "rsi": 100.0,
      "score": -1.0,
      "norm_score": -0.36511857999968655
    },
    "macd": {
      "macd": -32.5627,
      "signal": -38.4256,
      "histogram": 5.863,
      "score": 0.2017,
      "norm_score": 1.3796980339609095
    },
    "stochastic": {
      "k": 50.0,
      "d": 51.58,
      "score": -0.0,
      "norm_score": -0.08226937263483144
    },
    "ema": {
      "trend": "bearish",
      "fast_ema": 74365.72731848923,
      "slow_ema": 74378.74922312496
    },
    "obv": {
      "obv_slope": 0.0,
      "price_slope": 0.0,
      "score": 0.0,
      "norm_score": 0.0056038345171166015
    },
    "vwap": {
      "vwap": 74581.99,
      "deviation": -1.5515,
      "score": 0.4655,
      "norm_score": -0.12263381832914526
    },
    "atr": {
      "atr": 11.35,
      "passes": true,
      "reason": "ok"
    },
    "weights": {
      "rsi": 0.2,
      "macd": 0.25,
      "stochastic": 0.2,
      "obv": 0.15,
      "vwap": 0.2,
      "entry_threshold": 0.6
    },
    "trade_context": {
      "btc_price": 74425.4,
      "strike_price": 74416.33496,
      "seconds_remaining": 287.821576,
      "market_price_up": 0.53,
      "market_price_down": 0.46,
      "model_probability_raw": 0.7150002790258789,
      "model_probability": 0.7150002790258789,
      "edge": 0.1850002790258789,
      "momentum_score": 0.2317607294750622,
      "atr": 11.35,
      "size": 9.45,
      "flow_score": 0.1229,
      "flow_book_imbalance": 0.0775,
      "flow_trade_count": 111,
      "spot_flow_signal": 0.009142104589349642,
      "wall_pressure": 0.0,
      "iv_ratio": 3.0,
      "prev_resolution_margin": -183.06265779555542,
      "bybit_perp_price": 74360.4,
      "funding_rate": 7.651e-05,
      "depth_usd_top20": 291334.0119957,
      "entry_phase": "normal",
      "flip_count": 0,
      "is_flip": false,
      "cvd_120s": 0.0,
      "taker_ratio_60s": 0.5,
      "volume_surge": false,
      "liquidation_pressure": 0.0,
      "gex_signal": 1.0,
      "gex_regime": "stabilizing",
      "cvd_acceleration": 0.0,
      "clob_velocity_up": -0.08770446948810365,
      "clob_velocity_down": 0.08770446948810365,
      "coinbase_btc": 74425.4,
      "regime_state": "neutral",
      "regime_kelly_mult": 1.0,
      "sprt_confidence": 0.33536951328435816,
      "sprt_status": "ACCUMULATING",
      "signal_consensus": 1.3,
      "adverse_selection_30s": 0.5,
      "alpha_decay_rate": 0.007258501206099739,
      "garch_vol_ratio": 2.0,
      "crowd_bias": {
        "flb": 0.0,
        "recency_fade": 0.0,
        "round_number_dampening": 1.0,
        "composite_logit_adjustment": 0.0
      },
      "oracle_divergence": 9.095719999997527,
      "edge_realization_ratio": 1.8499780244322799
    }
  },
  "exit_reason": "resolution",
  "timestamp": "2026-04-14T10:57:52.889939+00:00"
}