{
  "position_id": 238,
  "market_id": "btc-updown-5m-1776165900",
  "question": "Bitcoin Up or Down - April 14, 7:25AM-7:30AM ET",
  "side": "Up",
  "signal_score": 0.9680361469205514,
  "correct": false,
  "entry_price": 0.77,
  "exit_price": 0.26,
  "log_return": -1.0857088838322018,
  "size": 8.26,
  "pnl": -5.519452792207792,
  "fees": 0.0711929999999998,
  "gain_pct": -0.668215,
  "weight_version": "weights_v001",
  "category": "crypto-5min",
  "indicator_snapshot": {
    "rsi": {
      "rsi": 33.4,
      "score": 0.2489,
      "norm_score": -0.21329219869460958
    },
    "macd": {
      "macd": -0.2286,
      "signal": 0.6886,
      "histogram": -0.9171,
      "score": -0.1115,
      "norm_score": 0.46350600812437703
    },
    "stochastic": {
      "k": 50.16,
      "d": 50.16,
      "score": -0.0016,
      "norm_score": -0.2599034247489233
    },
    "ema": {
      "trend": "chop",
      "fast_ema": 74418.69673366533,
      "slow_ema": 74420.03456173353
    },
    "obv": {
      "obv_slope": 0.0,
      "price_slope": 6.7933,
      "score": 0.0001,
      "norm_score": 0.24756799871305432
    },
    "vwap": {
      "vwap": 74579.7,
      "deviation": -1.0882,
      "score": 0.3265,
      "norm_score": -0.25977727684722185
    },
    "atr": {
      "atr": 18.76,
      "passes": true,
      "reason": "ok"
    },
    "weights": {
      "rsi": 0.2,
      "macd": 0.25,
      "stochastic": 0.2,
      "obv": 0.15,
      "vwap": 0.2,
      "entry_threshold": 0.6
    },
    "trade_context": {
      "btc_price": 74467.43,
      "strike_price": 74416.55398,
      "seconds_remaining": 251.483395,
      "market_price_up": 0.77,
      "market_price_down": 0.22,
      "model_probability_raw": 0.9680361469205514,
      "model_probability": 0.9680361469205514,
      "edge": 0.19803614692055138,
      "momentum_score": 0.006417121779901447,
      "atr": 18.76,
      "size": 8.26,
      "flow_score": -0.017,
      "flow_book_imbalance": 0.2023,
      "flow_trade_count": 200,
      "spot_flow_signal": 0.32631473901204794,
      "wall_pressure": 0.0,
      "iv_ratio": 2.335751866914028,
      "prev_resolution_margin": -183.06265779555542,
      "bybit_perp_price": 74399.9,
      "funding_rate": 7.431e-05,
      "depth_usd_top20": 354014.25536189997,
      "entry_phase": "normal",
      "flip_count": 0,
      "is_flip": false,
      "cvd_120s": 0.00021,
      "taker_ratio_60s": 0.5,
      "volume_surge": false,
      "liquidation_pressure": 0.004395516903618421,
      "gex_signal": 1.0,
      "gex_regime": "stabilizing",
      "cvd_acceleration": 0.0,
      "clob_velocity_up": 0.0,
      "clob_velocity_down": 0.0,
      "coinbase_btc": 74467.42,
      "regime_state": "neutral",
      "regime_kelly_mult": 1.0,
      "sprt_confidence": 0.9035988387628299,
      "sprt_status": "ACCUMULATING",
      "signal_consensus": 1.3,
      "adverse_selection_30s": 0.5,
      "alpha_decay_rate": 0.00343277781103728,
      "garch_vol_ratio": 2.0,
      "crowd_bias": {
        "flb": 0.0162,
        "recency_fade": 0.0,
        "round_number_dampening": 1.0,
        "composite_logit_adjustment": 0.0162
      },
      "oracle_divergence": 16.221139999994193,
      "edge_realization_ratio": 1.9955720720846408
    }
  },
  "exit_reason": "scalp",
  "timestamp": "2026-04-14T11:29:10.193528+00:00"
}