{
  "position_id": 243,
  "market_id": "btc-updown-5m-1776167100",
  "question": "Bitcoin Up or Down - April 14, 7:45AM-7:50AM ET",
  "side": "Up",
  "signal_score": 0.6885967534052863,
  "correct": false,
  "entry_price": 0.51,
  "exit_price": 0.5,
  "log_return": -0.019802627296179754,
  "size": 3.06,
  "pnl": -0.11322180392156866,
  "fees": 0.053750999999999806,
  "gain_pct": -0.037001,
  "weight_version": "weights_v001",
  "category": "crypto-5min",
  "indicator_snapshot": {
    "rsi": {
      "rsi": 0.0,
      "score": 1.0,
      "norm_score": 0.38261504105268135
    },
    "macd": {
      "macd": -24.5575,
      "signal": -14.1334,
      "histogram": -10.4241,
      "score": -0.6277,
      "norm_score": -0.5986405811799527
    },
    "stochastic": {
      "k": 0.0,
      "d": 0.0,
      "score": 1.0,
      "norm_score": 0.38054188039925335
    },
    "ema": {
      "trend": "bearish",
      "fast_ema": 74342.9946984546,
      "slow_ema": 74372.38361289736
    },
    "obv": {
      "obv_slope": -0.0,
      "price_slope": -27.68,
      "score": -0.0005,
      "norm_score": -0.7866055033817969
    },
    "vwap": {
      "vwap": 74580.74,
      "deviation": -1.7345,
      "score": 0.5203,
      "norm_score": 1.357108112772737
    },
    "atr": {
      "atr": 18.43,
      "passes": true,
      "reason": "ok"
    },
    "weights": {
      "rsi": 0.2,
      "macd": 0.25,
      "stochastic": 0.2,
      "obv": 0.15,
      "vwap": 0.2,
      "entry_threshold": 0.6
    },
    "trade_context": {
      "btc_price": 74354.84,
      "strike_price": 74343.32,
      "seconds_remaining": 298.725638,
      "market_price_up": 0.51,
      "market_price_down": 0.48,
      "model_probability_raw": 0.6885967534052863,
      "model_probability": 0.6885967534052863,
      "edge": 0.17859675340528625,
      "momentum_score": 0.15640203604267663,
      "atr": 18.43,
      "size": 3.06,
      "flow_score": 0.3057,
      "flow_book_imbalance": 0.0121,
      "flow_trade_count": 5,
      "spot_flow_signal": 0.4391995754095529,
      "wall_pressure": 0.0,
      "iv_ratio": 2.38455342012952,
      "prev_resolution_margin": -183.06265779555542,
      "bybit_perp_price": 74288.0,
      "funding_rate": 7.235e-05,
      "depth_usd_top20": 305077.2724245,
      "entry_phase": "normal",
      "flip_count": 0,
      "is_flip": false,
      "cvd_120s": 0.00089,
      "taker_ratio_60s": 0.8201438848920863,
      "volume_surge": false,
      "liquidation_pressure": -0.0026165153100987104,
      "gex_signal": 1.0,
      "gex_regime": "stabilizing",
      "cvd_acceleration": -4.2000000000000004e-05,
      "clob_velocity_up": 0.0,
      "clob_velocity_down": 0.0,
      "coinbase_btc": 74353.46,
      "regime_state": "neutral",
      "regime_kelly_mult": 1.0,
      "sprt_confidence": 0.1107289181126411,
      "sprt_status": "ACCUMULATING",
      "signal_consensus": 1.3,
      "adverse_selection_30s": 0.5,
      "alpha_decay_rate": 0.0,
      "garch_vol_ratio": 2.0,
      "crowd_bias": {
        "flb": 0.0,
        "recency_fade": 0.0,
        "round_number_dampening": 1.0,
        "composite_logit_adjustment": 0.0
      },
      "oracle_divergence": 11.519999999989523,
      "edge_realization_ratio": 1.701204610689744
    }
  },
  "exit_reason": "scalp",
  "timestamp": "2026-04-14T11:46:53.350686+00:00"
}