{
  "position_id": 246,
  "market_id": "btc-updown-5m-1775964000",
  "question": "Bitcoin Up or Down - April 11, 11:20PM-11:25PM ET",
  "side": "Down",
  "signal_score": 0.9307755747507749,
  "correct": true,
  "entry_price": 0.68,
  "exit_price": 0.9998,
  "log_return": 0.38546246080931756,
  "size": 22.73,
  "pnl": 10.689665294117642,
  "fees": 0.00012,
  "gain_pct": 0.470289,
  "weight_version": "weights_v001",
  "category": "crypto-5min",
  "indicator_snapshot": {
    "rsi": {
      "rsi": 0.0,
      "score": 1.0,
      "norm_score": 0.6261769885425488
    },
    "macd": {
      "macd": -12.4825,
      "signal": -8.1756,
      "histogram": -4.3069,
      "score": -0.2048,
      "norm_score": -0.6256877226502771
    },
    "stochastic": {
      "k": 0.0,
      "d": 25.0,
      "score": 1.0,
      "norm_score": 0.5967347742243405
    },
    "ema": {
      "trend": "bearish",
      "fast_ema": 71734.75105579617,
      "slow_ema": 71748.52837139841
    },
    "obv": {
      "obv_slope": -0.0,
      "price_slope": -22.33,
      "score": -0.0014,
      "norm_score": -0.4999772245048778
    },
    "vwap": {
      "vwap": 71945.28,
      "deviation": -0.5687,
      "score": 0.1706,
      "norm_score": 0.626172711272227
    },
    "atr": {
      "atr": 21.26,
      "passes": true,
      "reason": "ok"
    },
    "weights": {
      "rsi": 0.2,
      "macd": 0.25,
      "stochastic": 0.2,
      "obv": 0.15,
      "vwap": 0.2,
      "entry_threshold": 0.6
    },
    "trade_context": {
      "btc_price": 71701.65,
      "strike_price": 71768.64,
      "seconds_remaining": 196.362629,
      "market_price_up": 0.31,
      "market_price_down": 0.68,
      "model_probability_raw": 0.9307755747507749,
      "model_probability": 0.9307755747507749,
      "edge": 0.25077557475077483,
      "momentum_score": 0.1383983804695223,
      "atr": 21.26,
      "size": 22.73,
      "flow_score": -0.1794,
      "flow_book_imbalance": -0.0789,
      "flow_trade_count": 200,
      "spot_flow_signal": 0.40500388398448706,
      "wall_pressure": 1.0,
      "perp_lead": -0.36186991557264464,
      "iv_ratio": 2.0,
      "prev_resolution_margin": -17.323040000002948,
      "bybit_perp_price": 71624.0,
      "funding_rate": -7.88e-05,
      "depth_usd_top20": 346901.3954021,
      "entry_phase": "normal",
      "cvd_120s": 0.00417,
      "taker_ratio_60s": 1.0,
      "volume_surge": false,
      "liquidation_pressure": -0.00539078473999214,
      "gex_signal": 1.0,
      "gex_regime": "stabilizing",
      "cvd_acceleration": -9.266666666666666e-05,
      "regime_state": "neutral",
      "regime_kelly_mult": 1.0,
      "sprt_confidence": 1.0,
      "sprt_status": "ENTER",
      "signal_consensus": 1.0,
      "alpha_decay_rate": 7.666645480039942e-05
    }
  },
  "exit_reason": "scalp",
  "timestamp": "2026-04-12T03:24:59.763530+00:00"
}