{
  "position_id": 246,
  "market_id": "btc-updown-5m-1776167400",
  "question": "Bitcoin Up or Down - April 14, 7:50AM-7:55AM ET",
  "side": "Up",
  "signal_score": 0.6410718279200719,
  "correct": false,
  "entry_price": 0.45,
  "exit_price": 0.33,
  "log_return": -0.31015492830383945,
  "size": 3.27,
  "pnl": -0.9243741999999995,
  "fees": 0.06100699999999985,
  "gain_pct": -0.282683,
  "weight_version": "weights_v001",
  "category": "crypto-5min",
  "indicator_snapshot": {
    "rsi": {
      "rsi": 75.05,
      "score": -0.4179,
      "norm_score": -0.08029609404801905
    },
    "macd": {
      "macd": 6.7912,
      "signal": -4.428,
      "histogram": 11.2192,
      "score": 0.5528,
      "norm_score": -0.007148527541867237
    },
    "stochastic": {
      "k": 100.0,
      "d": 100.0,
      "score": -1.0,
      "norm_score": -0.1133944200886181
    },
    "ema": {
      "trend": "bullish",
      "fast_ema": 74397.13804216335,
      "slow_ema": 74378.3414653124
    },
    "obv": {
      "obv_slope": 0.0,
      "price_slope": 0.0,
      "score": 0.0,
      "norm_score": -0.7291666425817691
    },
    "vwap": {
      "vwap": 74580.59,
      "deviation": -1.1526,
      "score": 0.3458,
      "norm_score": -0.11363722740606327
    },
    "atr": {
      "atr": 20.56,
      "passes": true,
      "reason": "ok"
    },
    "weights": {
      "rsi": 0.2,
      "macd": 0.25,
      "stochastic": 0.2,
      "obv": 0.15,
      "vwap": 0.2,
      "entry_threshold": 0.6
    },
    "trade_context": {
      "btc_price": 74453.28,
      "strike_price": 74444.07,
      "seconds_remaining": 224.699982,
      "market_price_up": 0.45,
      "market_price_down": 0.54,
      "model_probability_raw": 0.6410718279200719,
      "model_probability": 0.6410718279200719,
      "edge": 0.19107182792007188,
      "momentum_score": -0.17262767658127226,
      "atr": 20.56,
      "size": 3.27,
      "flow_score": -0.0508,
      "flow_book_imbalance": -0.0308,
      "flow_trade_count": 200,
      "spot_flow_signal": 0.12365985903949937,
      "wall_pressure": 0.0,
      "iv_ratio": 2.146838908521923,
      "prev_resolution_margin": -70.16000000000349,
      "bybit_perp_price": 74386.7,
      "funding_rate": 7.363e-05,
      "depth_usd_top20": 421248.69977060007,
      "entry_phase": "normal",
      "flip_count": 1,
      "is_flip": true,
      "cvd_120s": 0.0,
      "taker_ratio_60s": 0.5,
      "volume_surge": false,
      "liquidation_pressure": 0.0,
      "gex_signal": 1.0,
      "gex_regime": "stabilizing",
      "cvd_acceleration": 0.0,
      "clob_velocity_up": -0.01931530947385486,
      "clob_velocity_down": 0.01931530947385486,
      "coinbase_btc": 74453.28,
      "regime_state": "mean_reverting",
      "regime_kelly_mult": 0.8,
      "sprt_confidence": 0.7452676479453187,
      "sprt_status": "ACCUMULATING",
      "signal_consensus": 0.8,
      "adverse_selection_30s": 0.5,
      "alpha_decay_rate": -0.0044944585525644384,
      "garch_vol_ratio": 2.0,
      "crowd_bias": {
        "flb": 0.0,
        "recency_fade": 0.3,
        "round_number_dampening": 1.0,
        "composite_logit_adjustment": 0.006
      },
      "oracle_divergence": 19.868969999995898,
      "edge_realization_ratio": 1.6359472094894347
    }
  },
  "exit_reason": "scalp",
  "timestamp": "2026-04-14T11:51:36.577999+00:00"
}