{
  "position_id": 249,
  "market_id": "btc-updown-5m-1775965500",
  "question": "Bitcoin Up or Down - April 11, 11:45PM-11:50PM ET",
  "side": "Up",
  "signal_score": 0.6689848325348903,
  "correct": true,
  "entry_price": 0.59,
  "exit_price": 0.73,
  "log_return": 0.21292199724267172,
  "size": 0.36,
  "pnl": 0.08325872881355939,
  "fees": 0.002165,
  "gain_pct": 0.231274,
  "weight_version": "weights_v001",
  "category": "crypto-5min",
  "indicator_snapshot": {
    "rsi": {
      "rsi": 100.0,
      "score": -1.0,
      "norm_score": -7.549516567451064e-09
    },
    "macd": {
      "macd": 12.9024,
      "signal": 12.4121,
      "histogram": 0.4903,
      "score": 0.0332,
      "norm_score": -1.207000155522474
    },
    "stochastic": {
      "k": 100.0,
      "d": 100.0,
      "score": -1.0,
      "norm_score": -1.496580637194711e-07
    },
    "ema": {
      "trend": "bullish",
      "fast_ema": 71688.32960718844,
      "slow_ema": 71679.16246478821
    },
    "obv": {
      "obv_slope": 0.0,
      "price_slope": 0.0,
      "score": 0.0,
      "norm_score": -2.510027364787041e-10
    },
    "vwap": {
      "vwap": 71835.18,
      "deviation": -0.4337,
      "score": 0.1301,
      "norm_score": -0.1705238146798733
    },
    "atr": {
      "atr": 8.06,
      "passes": true,
      "reason": "ok"
    },
    "weights": {
      "rsi": 0.2,
      "macd": 0.25,
      "stochastic": 0.2,
      "obv": 0.15,
      "vwap": 0.2,
      "entry_threshold": 0.6
    },
    "trade_context": {
      "btc_price": 71689.17,
      "strike_price": 71681.51,
      "seconds_remaining": 107.892649,
      "market_price_up": 0.59,
      "market_price_down": 0.4,
      "model_probability_raw": 0.6689848325348903,
      "model_probability": 0.6689848325348903,
      "edge": 0.0789848325348903,
      "momentum_score": -0.3358548332957596,
      "atr": 8.06,
      "size": 0.36,
      "flow_score": -0.043,
      "flow_book_imbalance": 0.0236,
      "flow_trade_count": 200,
      "spot_flow_signal": 0.0,
      "wall_pressure": 0.5222069246851256,
      "perp_lead": -0.18940843437314298,
      "iv_ratio": 2.0,
      "prev_resolution_margin": -17.323040000002948,
      "bybit_perp_price": 71649.9,
      "funding_rate": -6.35e-05,
      "depth_usd_top20": 394029.8584699,
      "entry_phase": "late",
      "cvd_120s": 0.0,
      "taker_ratio_60s": 0.5,
      "volume_surge": false,
      "liquidation_pressure": 0.0,
      "gex_signal": 1.0,
      "gex_regime": "stabilizing",
      "cvd_acceleration": 0.0,
      "regime_state": "mean_reverting",
      "regime_kelly_mult": 0.8,
      "sprt_confidence": 0.6280765344189466,
      "sprt_status": "ACCUMULATING",
      "signal_consensus": 0.6,
      "alpha_decay_rate": 0.000972817822699701
    }
  },
  "exit_reason": "scalp",
  "timestamp": "2026-04-12T03:48:24.520819+00:00"
}