{
  "position_id": 251,
  "market_id": "btc-updown-5m-1776168300",
  "question": "Bitcoin Up or Down - April 14, 8:05AM-8:10AM ET",
  "side": "Up",
  "signal_score": 0.5852619587748225,
  "correct": false,
  "entry_price": 0.48,
  "exit_price": 0.44,
  "log_return": -0.08701137698962969,
  "size": 1.8,
  "pnl": -0.18191999999999964,
  "fees": 0.03332399999999996,
  "gain_pct": -0.101067,
  "weight_version": "weights_v001",
  "category": "crypto-5min",
  "indicator_snapshot": {
    "rsi": {
      "rsi": 68.34,
      "score": -0.2751,
      "norm_score": -0.2884901703651
    },
    "macd": {
      "macd": 16.195,
      "signal": 11.4899,
      "histogram": 4.7051,
      "score": 0.2162,
      "norm_score": 0.26245575262931
    },
    "stochastic": {
      "k": 100.0,
      "d": 100.0,
      "score": -1.0,
      "norm_score": -0.20856796745822545
    },
    "ema": {
      "trend": "bullish",
      "fast_ema": 74425.90442187757,
      "slow_ema": 74409.30871255332
    },
    "obv": {
      "obv_slope": 0.0,
      "price_slope": 2.5233,
      "score": 0.0,
      "norm_score": -1.4304182667088583
    },
    "vwap": {
      "vwap": 74527.32,
      "deviation": -0.6541,
      "score": 0.1962,
      "norm_score": -0.4430430963550547
    },
    "atr": {
      "atr": 30.9,
      "passes": true,
      "reason": "ok"
    },
    "weights": {
      "rsi": 0.2,
      "macd": 0.25,
      "stochastic": 0.2,
      "obv": 0.15,
      "vwap": 0.2,
      "entry_threshold": 0.6
    },
    "trade_context": {
      "btc_price": 74454.94,
      "strike_price": 74448.44401,
      "seconds_remaining": 297.099363,
      "market_price_up": 0.48,
      "market_price_down": 0.51,
      "model_probability_raw": 0.5852619587748225,
      "model_probability": 0.5852619587748225,
      "edge": 0.10526195877482247,
      "momentum_score": -0.33696904868467725,
      "atr": 30.9,
      "size": 1.8,
      "flow_score": -0.0779,
      "flow_book_imbalance": 0.0174,
      "flow_trade_count": 26,
      "spot_flow_signal": -0.05634230967361942,
      "wall_pressure": 0.0,
      "iv_ratio": 1.4577262943637803,
      "prev_resolution_margin": 98.04999999998836,
      "bybit_perp_price": 74390.1,
      "funding_rate": 6.976e-05,
      "depth_usd_top20": 363055.8786387,
      "entry_phase": "normal",
      "flip_count": 0,
      "is_flip": false,
      "cvd_120s": 0.00037,
      "taker_ratio_60s": 1.0,
      "volume_surge": false,
      "liquidation_pressure": 0.0,
      "gex_signal": 1.0,
      "gex_regime": "stabilizing",
      "cvd_acceleration": -2.8888888888888886e-06,
      "clob_velocity_up": 0.0067667112262799175,
      "clob_velocity_down": -0.0067667112262799175,
      "coinbase_btc": 74454.94,
      "regime_state": "neutral",
      "regime_kelly_mult": 1.0,
      "sprt_confidence": 0.0,
      "sprt_status": "ACCUMULATING",
      "signal_consensus": 0.6,
      "adverse_selection_30s": 0.5,
      "alpha_decay_rate": 0.030895928895355685,
      "garch_vol_ratio": 2.0,
      "crowd_bias": {
        "flb": 0.0,
        "recency_fade": 0.0,
        "round_number_dampening": 1.0,
        "composite_logit_adjustment": 0.0
      },
      "oracle_divergence": 9.409859999999753,
      "edge_realization_ratio": 1.5409666469237544
    }
  },
  "exit_reason": "scalp",
  "timestamp": "2026-04-14T12:05:18.310806+00:00"
}