{
  "position_id": 257,
  "market_id": "btc-updown-5m-1775970000",
  "question": "Bitcoin Up or Down - April 12, 1:00AM-1:05AM ET",
  "side": "Down",
  "signal_score": 0.6860013228285263,
  "correct": true,
  "entry_price": 0.59,
  "exit_price": 0.7,
  "log_return": 0.17095779814363948,
  "size": 1.48,
  "pnl": 0.2664502033898304,
  "fees": 0.009482,
  "gain_pct": 0.180034,
  "weight_version": "weights_v001",
  "category": "crypto-5min",
  "indicator_snapshot": {
    "rsi": {
      "rsi": 0.0,
      "score": 1.0,
      "norm_score": 0.10024645444420789
    },
    "macd": {
      "macd": -21.6163,
      "signal": -22.1818,
      "histogram": 0.5655,
      "score": 0.0329,
      "norm_score": -0.45460518311481285
    },
    "stochastic": {
      "k": 0.0,
      "d": 0.0,
      "score": 1.0,
      "norm_score": 0.003677296521226778
    },
    "ema": {
      "trend": "bearish",
      "fast_ema": 71463.86783024266,
      "slow_ema": 71476.99690222697
    },
    "obv": {
      "obv_slope": -0.0,
      "price_slope": -3.4433,
      "score": -0.0001,
      "norm_score": 1.7016235892828577
    },
    "vwap": {
      "vwap": 71610.91,
      "deviation": -1.3781,
      "score": 0.4134,
      "norm_score": 3.0
    },
    "atr": {
      "atr": 10.41,
      "passes": true,
      "reason": "ok"
    },
    "weights": {
      "rsi": 0.2,
      "macd": 0.25,
      "stochastic": 0.2,
      "obv": 0.15,
      "vwap": 0.2,
      "entry_threshold": 0.6
    },
    "trade_context": {
      "btc_price": 71458.1,
      "strike_price": 71469.22,
      "seconds_remaining": 174.704833,
      "market_price_up": 0.41,
      "market_price_down": 0.59,
      "model_probability_raw": 0.6860013228285263,
      "model_probability": 0.6860013228285263,
      "edge": 0.09600132282852636,
      "momentum_score": 0.7623769928068125,
      "atr": 10.41,
      "size": 1.48,
      "flow_score": 0.2989,
      "flow_book_imbalance": 0.149,
      "flow_trade_count": 200,
      "spot_flow_signal": 0.4028559784301603,
      "wall_pressure": 0.8994994348457935,
      "perp_lead": -0.18447638553643964,
      "iv_ratio": 2.0,
      "prev_resolution_margin": 0.0,
      "bybit_perp_price": 71420.0,
      "funding_rate": -3.347e-05,
      "depth_usd_top20": 293697.6179711,
      "entry_phase": "normal",
      "cvd_120s": 0.00238,
      "taker_ratio_60s": 1.0,
      "volume_surge": true,
      "liquidation_pressure": -0.005018238854570559,
      "gex_signal": 1.0,
      "gex_regime": "stabilizing",
      "cvd_acceleration": 1.4e-05,
      "regime_state": "volatile",
      "regime_kelly_mult": 0.7,
      "sprt_confidence": 1.0,
      "sprt_status": "ENTER",
      "signal_consensus": 0.8,
      "alpha_decay_rate": -0.0006398751720020006
    }
  },
  "exit_reason": "scalp",
  "timestamp": "2026-04-12T05:02:09.526755+00:00"
}