{
  "position_id": 275,
  "market_id": "btc-updown-5m-1776174900",
  "question": "Bitcoin Up or Down - April 14, 9:55AM-10:00AM ET",
  "side": "Up",
  "signal_score": 0.6018512669889631,
  "correct": true,
  "entry_price": 0.45,
  "exit_price": 0.52,
  "log_return": 0.1445812288111077,
  "size": 5.96,
  "pnl": 0.800012711111111,
  "fees": 0.11791999999999966,
  "gain_pct": 0.13423,
  "weight_version": "weights_v001",
  "category": "crypto-5min",
  "indicator_snapshot": {
    "rsi": {
      "rsi": 79.04,
      "score": -0.511,
      "norm_score": -0.03771719324522679
    },
    "macd": {
      "macd": 80.1138,
      "signal": 90.3267,
      "histogram": -10.2129,
      "score": -0.1918,
      "norm_score": -0.5692792097967571
    },
    "stochastic": {
      "k": 64.68,
      "d": 74.66,
      "score": -0.1468,
      "norm_score": 0.5371383023855092
    },
    "ema": {
      "trend": "bullish",
      "fast_ema": 75330.18363533943,
      "slow_ema": 75294.67139992282
    },
    "obv": {
      "obv_slope": -0.47,
      "price_slope": -12.4967,
      "score": -0.3184,
      "norm_score": -0.5118920789925461
    },
    "vwap": {
      "vwap": 74915.08,
      "deviation": 1.1402,
      "score": -0.3421,
      "norm_score": 0.5257324133332445
    },
    "atr": {
      "atr": 148.56,
      "passes": true,
      "reason": "ok"
    },
    "weights": {
      "rsi": 0.2,
      "macd": 0.25,
      "stochastic": 0.2,
      "obv": 0.15,
      "vwap": 0.2,
      "entry_threshold": 0.6
    },
    "trade_context": {
      "btc_price": 75458.91,
      "strike_price": 75396.03620962592,
      "seconds_remaining": 258.696004,
      "market_price_up": 0.45,
      "market_price_down": 0.54,
      "model_probability_raw": 0.6018512669889631,
      "model_probability": 0.6018512669889631,
      "edge": 0.15185126698896306,
      "momentum_score": -0.014072909803365785,
      "atr": 148.56,
      "size": 5.96,
      "flow_score": -0.0923,
      "flow_book_imbalance": -0.0685,
      "flow_trade_count": 200,
      "spot_flow_signal": -0.37268932837271,
      "wall_pressure": 0.0,
      "iv_ratio": 0.5,
      "prev_resolution_margin": -199.60028844710905,
      "bybit_perp_price": 75354.6,
      "funding_rate": 4.421e-05,
      "depth_usd_top20": 183287.72021870007,
      "entry_phase": "normal",
      "flip_count": 0,
      "is_flip": false,
      "cvd_120s": -1.30311,
      "taker_ratio_60s": 0.5135135135135135,
      "volume_surge": false,
      "liquidation_pressure": 0.0,
      "gex_signal": 1.0,
      "gex_regime": "stabilizing",
      "cvd_acceleration": -2.222222222222225e-07,
      "clob_velocity_up": 0.0,
      "clob_velocity_down": 0.0,
      "coinbase_btc": 75453.32,
      "regime_state": "volatile",
      "regime_kelly_mult": 0.7,
      "sprt_confidence": 0.0,
      "sprt_status": "SKIP",
      "signal_consensus": 0.6,
      "adverse_selection_30s": 0.5,
      "alpha_decay_rate": -0.0009639180170497252,
      "garch_vol_ratio": 2.0,
      "crowd_bias": {
        "flb": 0.0,
        "recency_fade": 0.0,
        "round_number_dampening": 1.0,
        "composite_logit_adjustment": 0.0
      },
      "oracle_divergence": 66.09304881481512,
      "edge_realization_ratio": 1.0
    }
  },
  "exit_reason": "scalp",
  "timestamp": "2026-04-14T13:56:16.241582+00:00"
}