{
  "position_id": 276,
  "market_id": "btc-updown-5m-1775979600",
  "question": "Bitcoin Up or Down - April 12, 3:40AM-3:45AM ET",
  "side": "Up",
  "signal_score": 0.9970001703208721,
  "correct": true,
  "entry_price": 0.72,
  "exit_price": 1.0,
  "log_return": 0.32850406697203605,
  "size": 4.15,
  "pnl": 1.5848388888888891,
  "fees": 0.020915999999999855,
  "gain_pct": 0.381889,
  "weight_version": "weights_v001",
  "category": "crypto-5min",
  "indicator_snapshot": {
    "rsi": {
      "rsi": 100.0,
      "score": -1.0,
      "norm_score": -7.366391448999385e-06
    },
    "macd": {
      "macd": 22.5753,
      "signal": 21.855,
      "histogram": 0.7203,
      "score": 0.0376,
      "norm_score": -1.1784633607860708
    },
    "stochastic": {
      "k": 100.0,
      "d": 100.0,
      "score": -1.0,
      "norm_score": -0.03604360143329441
    },
    "ema": {
      "trend": "bullish",
      "fast_ema": 71700.71141189372,
      "slow_ema": 71685.31987675151
    },
    "obv": {
      "obv_slope": 0.0,
      "price_slope": 0.0,
      "score": 0.0,
      "norm_score": -0.09911387905556418
    },
    "vwap": {
      "vwap": 71564.3,
      "deviation": 1.807,
      "score": -0.5421,
      "norm_score": -0.036436122622995136
    },
    "atr": {
      "atr": 6.86,
      "passes": true,
      "reason": "ok"
    },
    "weights": {
      "rsi": 0.2,
      "macd": 0.25,
      "stochastic": 0.2,
      "obv": 0.15,
      "vwap": 0.2,
      "entry_threshold": 0.6
    },
    "trade_context": {
      "btc_price": 71702.33,
      "strike_price": 71651.23,
      "seconds_remaining": 108.975057,
      "market_price_up": 0.72,
      "market_price_down": 0.27,
      "model_probability_raw": 0.9970001703208721,
      "model_probability": 0.9970001703208721,
      "edge": 0.2770001703208721,
      "momentum_score": -0.3239803401444,
      "atr": 6.86,
      "size": 4.15,
      "flow_score": 0.2536,
      "flow_book_imbalance": 0.4791,
      "flow_trade_count": 200,
      "spot_flow_signal": 0.0,
      "wall_pressure": -1.0,
      "perp_lead": 0.02620653543523193,
      "iv_ratio": 2.0,
      "prev_resolution_margin": 11.850709999984247,
      "bybit_perp_price": 71707.7,
      "funding_rate": -1.48e-05,
      "depth_usd_top20": 377989.77963120013,
      "entry_phase": "late",
      "cvd_120s": 0.0,
      "taker_ratio_60s": 0.5,
      "volume_surge": false,
      "liquidation_pressure": 0.01209426925386925,
      "gex_signal": 1.0,
      "gex_regime": "stabilizing",
      "cvd_acceleration": 0.0,
      "regime_state": "neutral",
      "regime_kelly_mult": 1.0,
      "sprt_confidence": 1.0,
      "sprt_status": "ENTER",
      "signal_consensus": 1.3,
      "alpha_decay_rate": 3.611210919660596e-05
    }
  },
  "exit_reason": "scalp",
  "timestamp": "2026-04-12T07:44:59.990810+00:00"
}