{
  "position_id": 277,
  "market_id": "btc-updown-5m-1776175200",
  "question": "Bitcoin Up or Down - April 14, 10:00AM-10:05AM ET",
  "side": "Up",
  "signal_score": 0.5820373533446404,
  "correct": false,
  "entry_price": 0.48,
  "exit_price": 0.38,
  "log_return": -0.23361485118150507,
  "size": 2.04,
  "pnl": -0.45797108333333325,
  "fees": 0.03694899999999991,
  "gain_pct": -0.224496,
  "weight_version": "weights_v001",
  "category": "crypto-5min",
  "indicator_snapshot": {
    "rsi": {
      "rsi": 86.36,
      "score": -0.6817,
      "norm_score": 0.10549208030711295
    },
    "macd": {
      "macd": 108.4693,
      "signal": 105.2531,
      "histogram": 3.2162,
      "score": 0.036,
      "norm_score": 1.240249168278121
    },
    "stochastic": {
      "k": 100.0,
      "d": 100.0,
      "score": -1.0,
      "norm_score": -0.25555550192728976
    },
    "ema": {
      "trend": "bullish",
      "fast_ema": 75528.18511360436,
      "slow_ema": 75456.26156974438
    },
    "obv": {
      "obv_slope": 0.01,
      "price_slope": 36.86,
      "score": 0.0146,
      "norm_score": 1.0918958121595421
    },
    "vwap": {
      "vwap": 74941.91,
      "deviation": 1.746,
      "score": -0.5238,
      "norm_score": -1.4806603147536217
    },
    "atr": {
      "atr": 114.77,
      "passes": true,
      "reason": "ok"
    },
    "weights": {
      "rsi": 0.2,
      "macd": 0.25,
      "stochastic": 0.2,
      "obv": 0.15,
      "vwap": 0.2,
      "entry_threshold": 0.6
    },
    "trade_context": {
      "btc_price": 75621.72,
      "strike_price": 75582.2224543996,
      "seconds_remaining": 291.5159,
      "market_price_up": 0.48,
      "market_price_down": 0.51,
      "model_probability_raw": 0.5820373533446404,
      "model_probability": 0.5820373533446404,
      "edge": 0.10203735334464037,
      "momentum_score": 0.1477019166187018,
      "atr": 114.77,
      "size": 2.04,
      "flow_score": 0.1323,
      "flow_book_imbalance": 0.0261,
      "flow_trade_count": 157,
      "spot_flow_signal": -0.1950658779708492,
      "wall_pressure": 0.0,
      "iv_ratio": 0.5,
      "prev_resolution_margin": -199.60028844710905,
      "bybit_perp_price": 75504.6,
      "funding_rate": 4.168e-05,
      "depth_usd_top20": 249681.44711389998,
      "entry_phase": "normal",
      "flip_count": 0,
      "is_flip": false,
      "cvd_120s": -0.014519999999999996,
      "taker_ratio_60s": 0.27990107913669054,
      "volume_surge": false,
      "liquidation_pressure": 0.0,
      "gex_signal": 1.0,
      "gex_regime": "stabilizing",
      "cvd_acceleration": 0.0007462222222222221,
      "clob_velocity_up": 0.0,
      "clob_velocity_down": 0.0,
      "coinbase_btc": 75619.9,
      "regime_state": "neutral",
      "regime_kelly_mult": 1.0,
      "sprt_confidence": 0.0,
      "sprt_status": "ACCUMULATING",
      "signal_consensus": 0.8,
      "adverse_selection_30s": 0.5,
      "alpha_decay_rate": 0.0015147954767747466,
      "garch_vol_ratio": 2.0,
      "crowd_bias": {
        "flb": 0.0,
        "recency_fade": 0.0,
        "round_number_dampening": 1.0,
        "composite_logit_adjustment": 0.0
      },
      "oracle_divergence": 38.91505726519972,
      "edge_realization_ratio": 1.0
    }
  },
  "exit_reason": "scalp",
  "timestamp": "2026-04-14T14:00:52.560012+00:00"
}