{
  "position_id": 277,
  "market_id": "btc-updown-5m-1775981100",
  "question": "Bitcoin Up or Down - April 12, 4:05AM-4:10AM ET",
  "side": "Down",
  "signal_score": 0.9568927060036566,
  "correct": false,
  "entry_price": 0.66,
  "exit_price": 0.0,
  "log_return": -10.0,
  "size": 2.01,
  "pnl": -2.01,
  "fees": 0.0,
  "gain_pct": -1.0,
  "weight_version": "weights_v001",
  "category": "crypto-5min",
  "indicator_snapshot": {
    "rsi": {
      "rsi": 29.96,
      "score": 0.3009,
      "norm_score": 0.3207026844597223
    },
    "macd": {
      "macd": -9.1559,
      "signal": -8.0154,
      "histogram": -1.1405,
      "score": -0.0893,
      "norm_score": -0.435869958812918
    },
    "stochastic": {
      "k": 26.48,
      "d": 40.73,
      "score": 0.2352,
      "norm_score": 1.0951482414619043
    },
    "ema": {
      "trend": "bearish",
      "fast_ema": 71681.2500578684,
      "slow_ema": 71688.7819327003
    },
    "obv": {
      "obv_slope": -0.0,
      "price_slope": -6.0633,
      "score": -0.0,
      "norm_score": 0.10648818591603465
    },
    "vwap": {
      "vwap": 71618.35,
      "deviation": 0.655,
      "score": -0.1965,
      "norm_score": 2.0980065417420963
    },
    "atr": {
      "atr": 14.32,
      "passes": true,
      "reason": "ok"
    },
    "weights": {
      "rsi": 0.2,
      "macd": 0.25,
      "stochastic": 0.2,
      "obv": 0.15,
      "vwap": 0.2,
      "entry_threshold": 0.6
    },
    "trade_context": {
      "btc_price": 71674.59,
      "strike_price": 71721.53,
      "seconds_remaining": 114.052246,
      "market_price_up": 0.33,
      "market_price_down": 0.66,
      "model_probability_raw": 0.9568927060036566,
      "model_probability": 0.9568927060036566,
      "edge": 0.2968927060036566,
      "momentum_score": 0.6097772317169203,
      "atr": 14.32,
      "size": 2.01,
      "flow_score": -0.0672,
      "flow_book_imbalance": -0.0781,
      "flow_trade_count": 200,
      "spot_flow_signal": 0.40033599996487684,
      "wall_pressure": 0.856137858951854,
      "perp_lead": -0.2310709178353465,
      "iv_ratio": 2.0,
      "prev_resolution_margin": 11.850709999984247,
      "bybit_perp_price": 71626.3,
      "funding_rate": 7.47e-06,
      "depth_usd_top20": 353554.6988949001,
      "entry_phase": "late",
      "cvd_120s": 0.00028,
      "taker_ratio_60s": 1.0,
      "volume_surge": false,
      "liquidation_pressure": -0.01374924333773516,
      "gex_signal": 1.0,
      "gex_regime": "stabilizing",
      "cvd_acceleration": 1.5555555555555556e-06,
      "regime_state": "volatile",
      "regime_kelly_mult": 0.7,
      "sprt_confidence": 1.0,
      "sprt_status": "ENTER",
      "signal_consensus": 1.0,
      "alpha_decay_rate": 4.0069894120305923e-05
    }
  },
  "exit_reason": "resolution",
  "timestamp": "2026-04-12T08:13:12.637273+00:00"
}