{
  "position_id": 2798,
  "market_id": "btc-updown-5m-1780980900",
  "question": "Bitcoin Up or Down - June 9, 12:55AM-1:00AM ET",
  "side": "Up",
  "signal_score": 0.5998603518936468,
  "correct": true,
  "entry_price": 0.49,
  "exit_price": 0.5915317915597261,
  "log_return": 0.18831003822315318,
  "size": 20.83,
  "pnl": 2.2657658910408145,
  "fees": 1.8151251955000007,
  "gain_pct": 0.108774,
  "realized_edge": 0.1099,
  "fill_slippage": 0.0,
  "indicator_snapshot": {
    "rsi": {
      "rsi": 32.5,
      "score": 0.2625
    },
    "macd": {
      "macd": 14.9917,
      "signal": 24.768,
      "histogram": -9.7763,
      "score": -0.2328
    },
    "stochastic": {
      "k": 38.19,
      "d": 32.53,
      "score": 0.1181
    },
    "ema": {
      "trend": "chop",
      "fast_ema": 63303.59021146851,
      "slow_ema": 63307.97594888494
    },
    "obv": {
      "obv_slope": -4.65,
      "price_slope": -16.775,
      "score": -0.1538
    },
    "vwap": {
      "vwap": 62932.15,
      "deviation": 1.8432,
      "score": -0.553
    },
    "atr": {
      "atr": 58.25,
      "passes": true,
      "reason": "ok"
    },
    "weights": {
      "rsi": 0.2,
      "macd": 0.3,
      "stochastic": 0.15,
      "obv": 0.15,
      "vwap": 0.2
    },
    "trade_context": {
      "btc_price": 63280.01,
      "strike_price": 63261.59243,
      "seconds_remaining": 293.98687,
      "market_price_up": 0.49,
      "market_price_down": 0.52,
      "closes_tail": [
        63298.8,
        63300.44
      ],
      "model_probability": 0.5998603518936468,
      "model_probability_raw": 0.6001137231980753,
      "edge": 0.10986035189364685,
      "atr": 58.25,
      "atr_rolling_20": 60.2495,
      "atr_long_term_mean": 65.2659,
      "size": 20.83,
      "prev_resolution_margin": 0.0,
      "flow_score": 0.2238,
      "spot_flow_signal": 0.2996570620386876,
      "regime_state": "neutral",
      "regime_autocorr": 0.1743,
      "regime_direction": -1.0,
      "entry_phase": "normal",
      "flip_count": 0,
      "is_flip": false,
      "depth_usd_top20": 899165.8545128998,
      "coinbase_cvd_60s": 6.5149,
      "coinbase_taker_60s": 0.7717,
      "coinbase_taker_n": 376,
      "sprt_confidence": 0.0,
      "sprt_status": "ACCUMULATING",
      "adverse_rate_at_30s": 0.5,
      "adverse_kelly_mult": 0.925,
      "token_id_up": "28080438253419836524960384249308390932669058015646181889042099975152021445897",
      "token_id_down": "37029509282811397010214587483363255022071883017958646154781611365285500285992"
    }
  },
  "exit_reason": "scalp",
  "seconds_remaining_at_exit": 215.759083,
  "edge_decay": {
    "midprice_at_fill": 0.505,
    "deltas": {
      "5s": -0.01,
      "10s": 0.0,
      "15s": 0.07,
      "30s": 0.11,
      "60s": 0.18
    },
    "resolved_windows": 5
  },
  "exit_timestamp": "2026-06-09T04:56:25.107334+00:00",
  "timestamp": "2026-06-09T04:56:25.107334+00:00"
}