{
  "position_id": 2804,
  "market_id": "btc-updown-5m-1780986600",
  "question": "Bitcoin Up or Down - June 9, 2:30AM-2:35AM ET",
  "side": "Down",
  "signal_score": 0.8496436564676919,
  "correct": true,
  "entry_price": 0.75,
  "exit_price": 1.0,
  "log_return": 0.28768207245178085,
  "size": 22.0,
  "pnl": 6.82,
  "fees": 0.3849999999999989,
  "gain_pct": 0.31,
  "realized_edge": 0.0996,
  "fill_slippage": 0.0,
  "indicator_snapshot": {
    "rsi": {
      "rsi": 0.0,
      "score": 1.0
    },
    "macd": {
      "macd": -3.2339,
      "signal": 3.8987,
      "histogram": -7.1326,
      "score": -0.3963
    },
    "stochastic": {
      "k": 11.07,
      "d": 18.97,
      "score": 0.6124
    },
    "ema": {
      "trend": "bearish",
      "fast_ema": 63414.848757891756,
      "slow_ema": 63426.61026235417
    },
    "obv": {
      "obv_slope": -17.72,
      "price_slope": -14.85,
      "score": -0.5305
    },
    "vwap": {
      "vwap": 63190.66,
      "deviation": 0.8917,
      "score": -0.2675
    },
    "atr": {
      "atr": 31.14,
      "passes": true,
      "reason": "ok"
    },
    "weights": {
      "rsi": 0.2,
      "macd": 0.3,
      "stochastic": 0.15,
      "obv": 0.15,
      "vwap": 0.2
    },
    "trade_context": {
      "btc_price": 63358.32,
      "strike_price": 63390.29072,
      "seconds_remaining": 198.908989,
      "market_price_up": 0.26,
      "market_price_down": 0.75,
      "closes_tail": [
        63424.83,
        63400.0
      ],
      "model_probability": 0.8496436564676919,
      "model_probability_raw": 0.8488706169363771,
      "edge": 0.09964365646769191,
      "atr": 31.14,
      "atr_rolling_20": 31.14,
      "atr_long_term_mean": 31.14,
      "size": 22.0,
      "prev_resolution_margin": 0.0,
      "flow_score": 0.0794,
      "spot_flow_signal": -0.18380815494458144,
      "regime_state": "neutral",
      "regime_autocorr": -0.1836,
      "regime_direction": -1.0,
      "entry_phase": "normal",
      "flip_count": 3,
      "is_flip": true,
      "depth_usd_top20": 286701.87035790004,
      "coinbase_cvd_60s": -2.691,
      "coinbase_taker_60s": 0.2194,
      "coinbase_taker_n": 401,
      "sprt_confidence": 0.5298138573783099,
      "sprt_status": "ACCUMULATING",
      "adverse_rate_at_30s": 0.5454545454545454,
      "adverse_kelly_mult": 0.857,
      "token_id_up": "63985213203480060933992144460798124926691382536341727336982802851377350128556",
      "token_id_down": "77871617629527044358895792904049295091641523292060674435514095352485901777844"
    }
  },
  "exit_reason": "resolution",
  "seconds_remaining_at_exit": 0.0,
  "edge_decay": {
    "midprice_at_fill": 0.505,
    "deltas": {
      "5s": -0.23,
      "10s": -0.26,
      "15s": -0.31,
      "30s": -0.31,
      "60s": -0.38
    },
    "resolved_windows": 5
  },
  "exit_timestamp": "2026-06-09T06:41:31.167480+00:00",
  "timestamp": "2026-06-09T06:41:31.167480+00:00"
}