{
  "position_id": 2810,
  "market_id": "btc-updown-5m-1780992300",
  "question": "Bitcoin Up or Down - June 9, 4:05AM-4:10AM ET",
  "side": "Down",
  "signal_score": 0.7724558029321973,
  "correct": true,
  "entry_price": 0.72,
  "exit_price": 1.0,
  "log_return": 0.32850406697203605,
  "size": 15.74,
  "pnl": 5.692633333333331,
  "fees": 0.30850400000000094,
  "gain_pct": 0.361667,
  "realized_edge": 0.0525,
  "fill_slippage": 0.0,
  "indicator_snapshot": {
    "rsi": {
      "rsi": 13.99,
      "score": 0.6735
    },
    "macd": {
      "macd": -42.6865,
      "signal": -27.977,
      "histogram": -14.7096,
      "score": -0.4333
    },
    "stochastic": {
      "k": 0.01,
      "d": 0.0,
      "score": 0.9997
    },
    "ema": {
      "trend": "bearish",
      "fast_ema": 63069.603083313516,
      "slow_ema": 63116.50415824594
    },
    "obv": {
      "obv_slope": -13.04,
      "price_slope": -59.73,
      "score": -0.4092
    },
    "vwap": {
      "vwap": 63316.88,
      "deviation": -2.6955,
      "score": 0.8086
    },
    "atr": {
      "atr": 34.63,
      "passes": true,
      "reason": "ok"
    },
    "weights": {
      "rsi": 0.2,
      "macd": 0.3,
      "stochastic": 0.15,
      "obv": 0.15,
      "vwap": 0.2
    },
    "trade_context": {
      "btc_price": 62994.27,
      "strike_price": 63041.24495154822,
      "seconds_remaining": 292.412293,
      "market_price_up": 0.29,
      "market_price_down": 0.72,
      "closes_tail": [
        63076.4,
        63028.71
      ],
      "model_probability": 0.7724558029321973,
      "model_probability_raw": 0.8362827999875574,
      "edge": 0.052455802932197315,
      "atr": 34.63,
      "atr_rolling_20": 33.52,
      "atr_long_term_mean": 29.6459,
      "size": 15.74,
      "prev_resolution_margin": 65.00494382936449,
      "flow_score": -0.494,
      "spot_flow_signal": -0.4533910893056567,
      "regime_state": "neutral",
      "regime_autocorr": 0.1227,
      "regime_direction": -1.0,
      "entry_phase": "normal",
      "flip_count": 0,
      "is_flip": false,
      "depth_usd_top20": 298343.5290710001,
      "coinbase_cvd_60s": -13.6486,
      "coinbase_taker_60s": 0.1071,
      "coinbase_taker_n": 506,
      "sprt_confidence": 0.18523344564549585,
      "sprt_status": "ACCUMULATING",
      "adverse_rate_at_30s": 0.5,
      "adverse_kelly_mult": 0.925,
      "token_id_up": "31867053779791982705006274218406047993128612273037943141701757825140354613566",
      "token_id_down": "62717669954799061912419268817447063501699752001521425277849543699074077856579"
    }
  },
  "exit_reason": "resolution",
  "seconds_remaining_at_exit": 0.0,
  "edge_decay": {
    "midprice_at_fill": 0.505,
    "deltas": {
      "5s": -0.34,
      "10s": -0.36,
      "15s": -0.39,
      "30s": -0.38,
      "60s": -0.36
    },
    "resolved_windows": 5
  },
  "exit_timestamp": "2026-06-09T08:13:25.865245+00:00",
  "timestamp": "2026-06-09T08:13:25.865245+00:00"
}