{
  "position_id": 2811,
  "market_id": "btc-updown-5m-1780996800",
  "question": "Bitcoin Up or Down - June 9, 5:20AM-5:25AM ET",
  "side": "Down",
  "signal_score": 0.8540601446793704,
  "correct": false,
  "entry_price": 0.8,
  "exit_price": 0.74,
  "log_return": -0.07796154146971193,
  "size": 12.72,
  "pnl": -1.5519748820000014,
  "fees": 0.6296734400000001,
  "gain_pct": -0.122011,
  "realized_edge": 0.0541,
  "fill_slippage": -0.01,
  "indicator_snapshot": {
    "rsi": {
      "rsi": 51.02,
      "score": -0.0153
    },
    "macd": {
      "macd": 31.0715,
      "signal": 29.5676,
      "histogram": 1.5039,
      "score": 0.0327
    },
    "stochastic": {
      "k": 16.05,
      "d": 58.02,
      "score": 0.4382
    },
    "ema": {
      "trend": "bullish",
      "fast_ema": 62907.79089804491,
      "slow_ema": 62885.75387123748
    },
    "obv": {
      "obv_slope": 4.49,
      "price_slope": -7.995,
      "score": 0.0743
    },
    "vwap": {
      "vwap": 63136.67,
      "deviation": -1.0991,
      "score": 0.3297
    },
    "atr": {
      "atr": 37.68,
      "passes": true,
      "reason": "ok"
    },
    "weights": {
      "rsi": 0.2,
      "macd": 0.3,
      "stochastic": 0.15,
      "obv": 0.15,
      "vwap": 0.2
    },
    "trade_context": {
      "btc_price": 62855.87,
      "strike_price": 62912.1850464172,
      "seconds_remaining": 243.298485,
      "market_price_up": 0.2,
      "market_price_down": 0.81,
      "closes_tail": [
        62944.42,
        62894.01
      ],
      "model_probability": 0.8540601446793704,
      "model_probability_raw": 0.8583641886650788,
      "edge": 0.04406014467937036,
      "atr": 37.68,
      "atr_rolling_20": 37.0945,
      "atr_long_term_mean": 34.17895,
      "size": 12.72,
      "prev_resolution_margin": 65.00494382936449,
      "flow_score": 0.2601,
      "spot_flow_signal": -0.36653115971221817,
      "regime_state": "neutral",
      "regime_autocorr": 0.0607,
      "regime_direction": -1.0,
      "entry_phase": "normal",
      "flip_count": 0,
      "is_flip": false,
      "depth_usd_top20": 271388.08293020003,
      "coinbase_cvd_60s": -7.4728,
      "coinbase_taker_60s": 0.0279,
      "coinbase_taker_n": 441,
      "sprt_confidence": 0.18523344564549585,
      "sprt_status": "ACCUMULATING",
      "adverse_rate_at_30s": 0.5,
      "adverse_kelly_mult": 0.925,
      "token_id_up": "6262681287286756059614076730834704140146639391889924506970636965803039574724",
      "token_id_down": "76850222854332286537911484859861417940719362229383265752422718097852789848326"
    }
  },
  "exit_reason": "scalp",
  "seconds_remaining_at_exit": 228.117347,
  "edge_decay": {
    "midprice_at_fill": 0.505,
    "deltas": {
      "5s": -0.33,
      "10s": -0.3,
      "15s": null,
      "30s": null,
      "60s": null
    },
    "resolved_windows": 2
  },
  "exit_timestamp": "2026-06-09T09:21:12.452770+00:00",
  "timestamp": "2026-06-09T09:21:12.452770+00:00"
}