{
  "position_id": 2825,
  "market_id": "btc-updown-5m-1781006700",
  "question": "Bitcoin Up or Down - June 9, 8:05AM-8:10AM ET",
  "side": "Down",
  "signal_score": 0.7724558029321973,
  "correct": true,
  "entry_price": 0.71,
  "exit_price": 0.78,
  "log_return": 0.09402894964827639,
  "size": 18.77,
  "pnl": 0.7329836077605663,
  "fees": 1.0446598955000008,
  "gain_pct": 0.039051,
  "realized_edge": 0.0625,
  "fill_slippage": 0.0,
  "indicator_snapshot": {
    "rsi": {
      "rsi": 66.34,
      "score": -0.245
    },
    "macd": {
      "macd": 51.675,
      "signal": 52.5808,
      "histogram": -0.9058,
      "score": -0.017
    },
    "stochastic": {
      "k": 50.78,
      "d": 63.04,
      "score": -0.0078
    },
    "ema": {
      "trend": "bullish",
      "fast_ema": 62795.33173396478,
      "slow_ema": 62764.027388540475
    },
    "obv": {
      "obv_slope": -7.19,
      "price_slope": -36.41,
      "score": -0.2351
    },
    "vwap": {
      "vwap": 62723.8,
      "deviation": 0.5389,
      "score": -0.1617
    },
    "atr": {
      "atr": 45.71,
      "passes": true,
      "reason": "ok"
    },
    "weights": {
      "rsi": 0.2,
      "macd": 0.3,
      "stochastic": 0.15,
      "obv": 0.15,
      "vwap": 0.2
    },
    "trade_context": {
      "btc_price": 62731.15,
      "strike_price": 62784.26997406448,
      "seconds_remaining": 276.421888,
      "market_price_up": 0.3,
      "market_price_down": 0.71,
      "closes_tail": [
        62816.78,
        62780.02
      ],
      "model_probability": 0.7724558029321973,
      "model_probability_raw": 0.8360405268672195,
      "edge": 0.062455802932197324,
      "atr": 45.71,
      "atr_rolling_20": 44.4915,
      "atr_long_term_mean": 45.3487,
      "size": 18.77,
      "prev_resolution_margin": 65.00494382936449,
      "flow_score": -0.5168,
      "spot_flow_signal": -0.12117846662427784,
      "regime_state": "volatile",
      "regime_autocorr": -0.1382,
      "regime_direction": -1.0,
      "entry_phase": "normal",
      "flip_count": 0,
      "is_flip": false,
      "depth_usd_top20": 1265519.6470392998,
      "coinbase_cvd_60s": -1.9444,
      "coinbase_taker_60s": 0.3255,
      "coinbase_taker_n": 622,
      "sprt_confidence": 0.0,
      "sprt_status": "ACCUMULATING",
      "adverse_rate_at_30s": 0.5,
      "adverse_kelly_mult": 0.925,
      "token_id_up": "48538043225478887359956433720359137690235712622716506872194341029973391195691",
      "token_id_down": "56037759934125232445638075507385370697501560297314756465769912315166358296545"
    }
  },
  "exit_reason": "scalp",
  "seconds_remaining_at_exit": 272.078465,
  "edge_decay": {
    "midprice_at_fill": 0.505,
    "deltas": {
      "5s": null,
      "10s": null,
      "15s": null,
      "30s": null,
      "60s": null
    },
    "resolved_windows": 0
  },
  "exit_timestamp": "2026-06-09T12:05:28.453848+00:00",
  "timestamp": "2026-06-09T12:05:28.453848+00:00"
}