{
  "position_id": 2827,
  "market_id": "btc-updown-5m-1781007000",
  "question": "Bitcoin Up or Down - June 9, 8:10AM-8:15AM ET",
  "side": "Down",
  "signal_score": 0.8540601446793704,
  "correct": false,
  "entry_price": 0.78,
  "exit_price": 0.0,
  "log_return": -10.0,
  "size": 17.06,
  "pnl": -17.06,
  "fees": 0.2627239999999998,
  "gain_pct": -1.0,
  "realized_edge": 0.0741,
  "fill_slippage": 0.0,
  "indicator_snapshot": {
    "rsi": {
      "rsi": 1.88,
      "score": 0.9562
    },
    "macd": {
      "macd": 17.0838,
      "signal": 29.7276,
      "histogram": -12.6438,
      "score": -0.376
    },
    "stochastic": {
      "k": 0.0,
      "d": 6.04,
      "score": 1.0
    },
    "ema": {
      "trend": "chop",
      "fast_ema": 62802.4272401091,
      "slow_ema": 62808.36348911052
    },
    "obv": {
      "obv_slope": -1.35,
      "price_slope": -14.805,
      "score": -0.045
    },
    "vwap": {
      "vwap": 62718.92,
      "deviation": 0.7036,
      "score": -0.2111
    },
    "atr": {
      "atr": 37.43,
      "passes": true,
      "reason": "ok"
    },
    "weights": {
      "rsi": 0.2,
      "macd": 0.3,
      "stochastic": 0.15,
      "obv": 0.15,
      "vwap": 0.2
    },
    "trade_context": {
      "btc_price": 62742.33,
      "strike_price": 62782.68841635851,
      "seconds_remaining": 157.511047,
      "market_price_up": 0.23,
      "market_price_down": 0.78,
      "closes_tail": [
        62808.42,
        62788.0
      ],
      "model_probability": 0.8540601446793704,
      "model_probability_raw": 0.8647182171712923,
      "edge": 0.07406014467937039,
      "atr": 37.43,
      "atr_rolling_20": 36.917,
      "atr_long_term_mean": 36.3527,
      "size": 17.06,
      "prev_resolution_margin": 65.00494382936449,
      "flow_score": 0.1327,
      "spot_flow_signal": -0.08430844078312245,
      "regime_state": "neutral",
      "regime_autocorr": -0.1635,
      "regime_direction": -1.0,
      "entry_phase": "normal",
      "flip_count": 1,
      "is_flip": true,
      "depth_usd_top20": 539316.7083369999,
      "coinbase_cvd_60s": -0.8679,
      "coinbase_taker_60s": 0.3454,
      "coinbase_taker_n": 371,
      "sprt_confidence": 0.1845783433817729,
      "sprt_status": "ACCUMULATING",
      "adverse_rate_at_30s": 0.5714285714285714,
      "adverse_kelly_mult": 0.818,
      "token_id_up": "12459854486662990612873011559034643117375505859620616561753348116826922682288",
      "token_id_down": "49957253664351767353719088276903136482118929761223818445930559717234987423494"
    }
  },
  "exit_reason": "resolution",
  "seconds_remaining_at_exit": 0.0,
  "edge_decay": {
    "midprice_at_fill": 0.505,
    "deltas": {
      "5s": -0.34,
      "10s": -0.31,
      "15s": -0.34,
      "30s": -0.4,
      "60s": -0.47
    },
    "resolved_windows": 5
  },
  "exit_timestamp": "2026-06-09T12:18:08.433297+00:00",
  "timestamp": "2026-06-09T12:18:08.433297+00:00"
}