{
  "position_id": 2845,
  "market_id": "btc-updown-5m-1781074200",
  "question": "Bitcoin Up or Down - June 10, 2:50AM-2:55AM ET",
  "side": "Up",
  "signal_score": 0.85,
  "correct": true,
  "entry_price": 0.67,
  "exit_price": 1.0,
  "log_return": 0.40047756659712525,
  "size": 71.21,
  "pnl": 32.618431343283575,
  "fees": 1.6449510000000005,
  "gain_pct": 0.45806,
  "realized_edge": 0.18,
  "fill_slippage": 0.0,
  "indicator_snapshot": {
    "rsi": {
      "rsi": 51.4,
      "score": -0.021
    },
    "macd": {
      "macd": 23.8229,
      "signal": 26.3803,
      "histogram": -2.5574,
      "score": -0.1161
    },
    "stochastic": {
      "k": 99.22,
      "d": 86.12,
      "score": -0.9728
    },
    "ema": {
      "trend": "bullish",
      "fast_ema": 61477.38194447904,
      "slow_ema": 61465.69669465494
    },
    "obv": {
      "obv_slope": 0.11,
      "price_slope": 4.23,
      "score": 0.0037
    },
    "vwap": {
      "vwap": 61327.17,
      "deviation": 1.2933,
      "score": -0.388
    },
    "atr": {
      "atr": 29.98,
      "passes": true,
      "reason": "ok"
    },
    "weights": {
      "rsi": 0.2,
      "macd": 0.3,
      "stochastic": 0.15,
      "obv": 0.15,
      "vwap": 0.2
    },
    "trade_context": {
      "btc_price": 61432.59,
      "strike_price": 61231.00722,
      "seconds_remaining": 27.214253,
      "market_price_up": 0.67,
      "market_price_down": 0.34,
      "closes_tail": [
        61482.0,
        61481.58
      ],
      "model_probability": 0.85,
      "model_probability_raw": 0.9820137900379085,
      "edge": 0.17999999999999994,
      "atr": 29.98,
      "atr_rolling_20": 29.98,
      "atr_long_term_mean": 31.9022,
      "size": 71.21,
      "prev_resolution_margin": 250.757608868822,
      "flow_score": 0.0069,
      "spot_flow_signal": 0.10408205223229758,
      "regime_state": "neutral",
      "regime_autocorr": 0.067,
      "regime_direction": -1.0,
      "entry_phase": "final",
      "flip_count": 0,
      "is_flip": false,
      "depth_usd_top20": 129834.85582419999,
      "coinbase_cvd_60s": 0.4354,
      "coinbase_taker_60s": 0.7293,
      "coinbase_taker_n": 200,
      "sprt_confidence": 1.0,
      "sprt_status": "ENTER",
      "adverse_rate_at_30s": 0.35714285714285715,
      "adverse_kelly_mult": 1.0,
      "token_id_up": "67806377537922862784069350417864041064401075200065593924509384950018158139565",
      "token_id_down": "88191207918098563928271209324174795228602058066998092511708569805622388997887"
    }
  },
  "exit_reason": "resolution",
  "seconds_remaining_at_exit": 0.0,
  "edge_decay": {
    "midprice_at_fill": 0.665,
    "deltas": {
      "5s": 0.02,
      "10s": 0.13,
      "15s": 0.19,
      "30s": 0.33,
      "60s": null
    },
    "resolved_windows": 4
  },
  "exit_timestamp": "2026-06-10T06:57:24.684213+00:00",
  "timestamp": "2026-06-10T06:57:24.684213+00:00"
}