{
  "position_id": 2861,
  "market_id": "btc-updown-5m-1781137500",
  "question": "Bitcoin Up or Down - June 10, 8:25PM-8:30PM ET",
  "side": "Up",
  "signal_score": 0.58028021102843,
  "correct": true,
  "entry_price": 0.5,
  "exit_price": 0.65,
  "log_return": 0.26236426446749106,
  "size": 18.82,
  "pnl": 3.762143045000002,
  "fees": 1.5800033499999993,
  "gain_pct": 0.199901,
  "realized_edge": 0.0803,
  "fill_slippage": 0.0,
  "indicator_snapshot": {
    "rsi": {
      "rsi": 17.55,
      "score": 0.5905
    },
    "macd": {
      "macd": 34.6827,
      "signal": 51.6608,
      "histogram": -16.9781,
      "score": -0.2861
    },
    "stochastic": {
      "k": 38.33,
      "d": 36.1,
      "score": 0.1167
    },
    "ema": {
      "trend": "chop",
      "fast_ema": 61866.85305332226,
      "slow_ema": 61866.8479277975
    },
    "obv": {
      "obv_slope": 12.86,
      "price_slope": 5.9,
      "score": 0.4041
    },
    "vwap": {
      "vwap": 61668.02,
      "deviation": 0.9221,
      "score": -0.2766
    },
    "atr": {
      "atr": 57.74,
      "passes": true,
      "reason": "ok"
    },
    "weights": {
      "rsi": 0.2,
      "macd": 0.3,
      "stochastic": 0.15,
      "obv": 0.15,
      "vwap": 0.2
    },
    "trade_context": {
      "btc_price": 61807.99,
      "strike_price": 61795.827304012484,
      "seconds_remaining": 289.7546,
      "market_price_up": 0.5,
      "market_price_down": 0.51,
      "closes_tail": [
        61856.0,
        61864.0
      ],
      "model_probability": 0.58028021102843,
      "model_probability_raw": 0.5950259421884684,
      "edge": 0.08028021102842997,
      "atr": 57.74,
      "atr_rolling_20": 57.6675,
      "atr_long_term_mean": 61.6597,
      "size": 18.82,
      "prev_resolution_margin": 0.0,
      "flow_score": 0.5146,
      "spot_flow_signal": 0.0822140223069138,
      "regime_state": "volatile",
      "regime_autocorr": -0.0661,
      "regime_direction": -1.0,
      "entry_phase": "normal",
      "flip_count": 0,
      "is_flip": false,
      "depth_usd_top20": 522247.2140455,
      "coinbase_cvd_60s": 1.7854,
      "coinbase_taker_60s": 0.5786,
      "coinbase_taker_n": 628,
      "sprt_confidence": 0.0,
      "sprt_status": "ACCUMULATING",
      "adverse_rate_at_30s": 0.5,
      "adverse_kelly_mult": 0.925,
      "token_id_up": "99198190502268649161881303499944074249916655191119271761936999539804260535951",
      "token_id_down": "14220824546475543977810087896937202374704439965879058832582748470222294305686"
    }
  },
  "exit_reason": "scalp",
  "seconds_remaining_at_exit": 60.093809,
  "edge_decay": {
    "midprice_at_fill": 0.485,
    "deltas": {
      "5s": -0.08,
      "10s": -0.06,
      "15s": -0.07,
      "30s": 0.02,
      "60s": 0.01
    },
    "resolved_windows": 5
  },
  "exit_timestamp": "2026-06-11T00:29:01.138599+00:00",
  "timestamp": "2026-06-11T00:29:01.138599+00:00"
}