{
  "position_id": 288,
  "market_id": "btc-updown-5m-1776177600",
  "question": "Bitcoin Up or Down - April 14, 10:40AM-10:45AM ET",
  "side": "Up",
  "signal_score": 0.31428136623500813,
  "correct": false,
  "entry_price": 0.22,
  "exit_price": 0.21,
  "log_return": -0.04652001563489293,
  "size": 2.95,
  "pnl": -0.213106272727273,
  "fees": 0.08089800000000004,
  "gain_pct": -0.072239,
  "weight_version": "weights_v001",
  "category": "crypto-5min",
  "indicator_snapshot": {
    "rsi": {
      "rsi": 14.9,
      "score": 0.6524,
      "norm_score": 0.35282568429743194
    },
    "macd": {
      "macd": -115.0991,
      "signal": -94.0536,
      "histogram": -21.0456,
      "score": -0.168,
      "norm_score": 0.39899218469475445
    },
    "stochastic": {
      "k": 17.5,
      "d": 17.5,
      "score": 0.3873,
      "norm_score": -0.3778367697144845
    },
    "ema": {
      "trend": "bearish",
      "fast_ema": 75438.68862606215,
      "slow_ema": 75540.16621177008
    },
    "obv": {
      "obv_slope": 0.0,
      "price_slope": 21.9833,
      "score": 0.0025,
      "norm_score": 0.3934015013084466
    },
    "vwap": {
      "vwap": 75005.53,
      "deviation": 1.0956,
      "score": -0.3287,
      "norm_score": 0.1052696985788262
    },
    "atr": {
      "atr": 145.92,
      "passes": true,
      "reason": "ok"
    },
    "weights": {
      "rsi": 0.2,
      "macd": 0.25,
      "stochastic": 0.2,
      "obv": 0.15,
      "vwap": 0.2,
      "entry_threshold": 0.6
    },
    "trade_context": {
      "btc_price": 75396.14,
      "strike_price": 75488.66762820935,
      "seconds_remaining": 254.230821,
      "market_price_up": 0.22,
      "market_price_down": 0.77,
      "model_probability_raw": 0.31428136623500813,
      "model_probability": 0.31428136623500813,
      "edge": 0.09428136623500813,
      "momentum_score": 0.17480999400231034,
      "atr": 145.92,
      "size": 2.95,
      "flow_score": -0.0648,
      "flow_book_imbalance": -0.1865,
      "flow_trade_count": 200,
      "spot_flow_signal": 0.5563400512005521,
      "wall_pressure": 0.0,
      "iv_ratio": 0.5,
      "prev_resolution_margin": 0.0,
      "bybit_perp_price": 75267.6,
      "funding_rate": 3.138e-05,
      "depth_usd_top20": 280322.64460859995,
      "entry_phase": "normal",
      "flip_count": 1,
      "is_flip": true,
      "cvd_120s": 0.00693,
      "taker_ratio_60s": 0.5,
      "volume_surge": false,
      "liquidation_pressure": -0.013000106602037941,
      "gex_signal": 1.0,
      "gex_regime": "stabilizing",
      "cvd_acceleration": 0.0,
      "clob_velocity_up": 0.0,
      "clob_velocity_down": 0.0,
      "coinbase_btc": 75396.14,
      "regime_state": "volatile",
      "regime_kelly_mult": 0.7,
      "sprt_confidence": 0.0,
      "sprt_status": "SKIP",
      "signal_consensus": 0.8,
      "adverse_selection_30s": 0.5,
      "alpha_decay_rate": 0.006385004542027779,
      "garch_vol_ratio": 2.0,
      "crowd_bias": {
        "flb": -0.0168,
        "recency_fade": -0.3,
        "round_number_dampening": 1.0,
        "composite_logit_adjustment": -0.0228
      },
      "oracle_divergence": 54.033689911753754,
      "edge_realization_ratio": 1.0
    }
  },
  "exit_reason": "scalp",
  "timestamp": "2026-04-14T14:41:01.652300+00:00"
}