{
  "position_id": 296,
  "market_id": "btc-updown-5m-1776178800",
  "question": "Bitcoin Up or Down - April 14, 11:00AM-11:05AM ET",
  "side": "Down",
  "signal_score": 0.6543280500408035,
  "correct": true,
  "entry_price": 0.57,
  "exit_price": 0.58,
  "log_return": 0.01739174271186924,
  "size": 4.87,
  "pnl": 0.009910298245613625,
  "fees": 0.07486700000000035,
  "gain_pct": 0.002035,
  "weight_version": "weights_v001",
  "category": "crypto-5min",
  "indicator_snapshot": {
    "rsi": {
      "rsi": 13.9,
      "score": 0.6757,
      "norm_score": 0.49566659993476997
    },
    "macd": {
      "macd": -84.7403,
      "signal": -71.7367,
      "histogram": -13.0035,
      "score": -0.2001,
      "norm_score": -0.5086963735808803
    },
    "stochastic": {
      "k": 20.4,
      "d": 10.2,
      "score": 0.296,
      "norm_score": -0.30551359507116904
    },
    "ema": {
      "trend": "bearish",
      "fast_ema": 75042.99675528397,
      "slow_ema": 75113.62853900212
    },
    "obv": {
      "obv_slope": -0.0,
      "price_slope": -67.5,
      "score": -0.0042,
      "norm_score": -0.6452955716024673
    },
    "vwap": {
      "vwap": 75009.96,
      "deviation": -0.0967,
      "score": 0.029,
      "norm_score": 0.46453223658772985
    },
    "atr": {
      "atr": 96.51,
      "passes": true,
      "reason": "ok"
    },
    "weights": {
      "rsi": 0.2,
      "macd": 0.25,
      "stochastic": 0.2,
      "obv": 0.15,
      "vwap": 0.2,
      "entry_threshold": 0.6
    },
    "trade_context": {
      "btc_price": 75035.02,
      "strike_price": 75076.77942,
      "seconds_remaining": 257.944276,
      "market_price_up": 0.42,
      "market_price_down": 0.57,
      "model_probability_raw": 0.6543280500408035,
      "model_probability": 0.6543280500408035,
      "edge": 0.08432805004080357,
      "momentum_score": -0.09303138084532399,
      "atr": 96.51,
      "size": 4.87,
      "flow_score": 0.2277,
      "flow_book_imbalance": 0.0086,
      "flow_trade_count": 200,
      "spot_flow_signal": -0.7121890813356566,
      "wall_pressure": 0.0,
      "iv_ratio": 0.5,
      "prev_resolution_margin": 0.0,
      "bybit_perp_price": 74948.6,
      "funding_rate": 2.277e-05,
      "depth_usd_top20": 208111.29561680005,
      "entry_phase": "normal",
      "flip_count": 1,
      "is_flip": true,
      "cvd_120s": -0.010419999999999999,
      "taker_ratio_60s": 0.09296875000000002,
      "volume_surge": false,
      "liquidation_pressure": 0.009472632063495615,
      "gex_signal": 1.0,
      "gex_regime": "stabilizing",
      "cvd_acceleration": 0.0002786666666666666,
      "clob_velocity_up": 0.0,
      "clob_velocity_down": 0.0,
      "coinbase_btc": 75035.02,
      "regime_state": "neutral",
      "regime_kelly_mult": 1.0,
      "sprt_confidence": 0.39160165219385995,
      "sprt_status": "ACCUMULATING",
      "signal_consensus": 0.8,
      "adverse_selection_30s": 0.5,
      "alpha_decay_rate": 0.003518270332807232,
      "garch_vol_ratio": 2.0,
      "crowd_bias": {
        "flb": 0.0,
        "recency_fade": -0.3,
        "round_number_dampening": 0.96,
        "composite_logit_adjustment": -0.006
      },
      "oracle_divergence": 1.6817210935259936,
      "edge_realization_ratio": 1.0
    }
  },
  "exit_reason": "scalp",
  "timestamp": "2026-04-14T15:01:36.214549+00:00"
}