{
  "position_id": 298,
  "market_id": "btc-updown-5m-1776179400",
  "question": "Bitcoin Up or Down - April 14, 11:10AM-11:15AM ET",
  "side": "Down",
  "signal_score": 0.5860690748090793,
  "correct": true,
  "entry_price": 0.49,
  "exit_price": 0.51,
  "log_return": 0.040005334613699206,
  "size": 2.27,
  "pnl": 0.05031648979591896,
  "fees": 0.0414859999999998,
  "gain_pct": 0.022166,
  "weight_version": "weights_v001",
  "category": "crypto-5min",
  "indicator_snapshot": {
    "rsi": {
      "rsi": 36.81,
      "score": 0.1979,
      "norm_score": -1.2050774397482118
    },
    "macd": {
      "macd": -133.037,
      "signal": -114.6409,
      "histogram": -18.3962,
      "score": -0.2016,
      "norm_score": 0.6116112078897807
    },
    "stochastic": {
      "k": 31.69,
      "d": 28.04,
      "score": 0.1831,
      "norm_score": -0.8541598360521604
    },
    "ema": {
      "trend": "bearish",
      "fast_ema": 74757.18318530789,
      "slow_ema": 74864.73824286934
    },
    "obv": {
      "obv_slope": -0.0,
      "price_slope": -3.3433,
      "score": -0.0016,
      "norm_score": 0.9204974906402895
    },
    "vwap": {
      "vwap": 75009.97,
      "deviation": -0.7471,
      "score": 0.2241,
      "norm_score": -0.2661480627150182
    },
    "atr": {
      "atr": 161.01,
      "passes": true,
      "reason": "ok"
    },
    "weights": {
      "rsi": 0.2,
      "macd": 0.25,
      "stochastic": 0.2,
      "obv": 0.15,
      "vwap": 0.2,
      "entry_threshold": 0.6
    },
    "trade_context": {
      "btc_price": 74686.17,
      "strike_price": 74724.34833,
      "seconds_remaining": 283.931789,
      "market_price_up": 0.5,
      "market_price_down": 0.49,
      "model_probability_raw": 0.5860690748090793,
      "model_probability": 0.5860690748090793,
      "edge": 0.09606907480907934,
      "momentum_score": -0.1740996421345895,
      "atr": 161.01,
      "size": 2.27,
      "flow_score": -0.0618,
      "flow_book_imbalance": 0.0364,
      "flow_trade_count": 200,
      "spot_flow_signal": -0.2346270608865331,
      "wall_pressure": 0.0,
      "iv_ratio": 0.5,
      "prev_resolution_margin": 0.0,
      "bybit_perp_price": 74604.3,
      "funding_rate": 1.657e-05,
      "depth_usd_top20": 241283.02183430002,
      "entry_phase": "normal",
      "flip_count": 0,
      "is_flip": false,
      "cvd_120s": -0.010830000000000003,
      "taker_ratio_60s": 0.20754716981132076,
      "volume_surge": false,
      "liquidation_pressure": -0.0399562131643861,
      "gex_signal": 1.0,
      "gex_regime": "stabilizing",
      "cvd_acceleration": 5.1555555555555556e-05,
      "clob_velocity_up": 0.0,
      "clob_velocity_down": 0.0,
      "coinbase_btc": 74697.51,
      "regime_state": "neutral",
      "regime_kelly_mult": 1.0,
      "sprt_confidence": 0.0,
      "sprt_status": "ACCUMULATING",
      "signal_consensus": 1.3,
      "adverse_selection_30s": 0.5,
      "alpha_decay_rate": -9.789910374630112e-05,
      "garch_vol_ratio": 2.0,
      "crowd_bias": {
        "flb": 0.0,
        "recency_fade": -0.3,
        "round_number_dampening": 1.0,
        "composite_logit_adjustment": -0.006
      },
      "oracle_divergence": 43.52805000000808,
      "edge_realization_ratio": 1.0
    }
  },
  "exit_reason": "scalp",
  "timestamp": "2026-04-14T15:10:24.402354+00:00"
}