{
  "position_id": 299,
  "market_id": "btc-updown-5m-1776179400",
  "question": "Bitcoin Up or Down - April 14, 11:10AM-11:15AM ET",
  "side": "Up",
  "signal_score": 0.737629647735619,
  "correct": true,
  "entry_price": 0.67,
  "exit_price": 1.0,
  "log_return": 0.40047756659712525,
  "size": 2.47,
  "pnl": 1.1946686567164178,
  "fees": 0.014672000000000112,
  "gain_pct": 0.483672,
  "weight_version": "weights_v001",
  "category": "crypto-5min",
  "indicator_snapshot": {
    "rsi": {
      "rsi": 29.16,
      "score": 0.3197,
      "norm_score": 0.2040916597869589
    },
    "macd": {
      "macd": -121.7337,
      "signal": -117.478,
      "histogram": -4.2557,
      "score": -0.0534,
      "norm_score": 1.7144556506186142
    },
    "stochastic": {
      "k": 41.23,
      "d": 36.46,
      "score": 0.0877,
      "norm_score": -0.6526187386872827
    },
    "ema": {
      "trend": "bearish",
      "fast_ema": 74761.10159265395,
      "slow_ema": 74842.57863334281
    },
    "obv": {
      "obv_slope": 0.0,
      "price_slope": 15.2733,
      "score": 0.0009,
      "norm_score": 1.1527087481509584
    },
    "vwap": {
      "vwap": 75009.89,
      "deviation": -0.6435,
      "score": 0.193,
      "norm_score": -0.8384166766784386
    },
    "atr": {
      "atr": 145.55,
      "passes": true,
      "reason": "ok"
    },
    "weights": {
      "rsi": 0.2,
      "macd": 0.25,
      "stochastic": 0.2,
      "obv": 0.15,
      "vwap": 0.2,
      "entry_threshold": 0.6
    },
    "trade_context": {
      "btc_price": 74824.0,
      "strike_price": 74724.34833,
      "seconds_remaining": 230.660048,
      "market_price_up": 0.67,
      "market_price_down": 0.32,
      "model_probability_raw": 0.737629647735619,
      "model_probability": 0.737629647735619,
      "edge": 0.06762964773561897,
      "momentum_score": 0.34413147376154485,
      "atr": 145.55,
      "size": 2.47,
      "flow_score": 0.1898,
      "flow_book_imbalance": 0.2838,
      "flow_trade_count": 200,
      "spot_flow_signal": 0.5668233944208425,
      "wall_pressure": 0.0,
      "iv_ratio": 0.5,
      "prev_resolution_margin": 0.0,
      "bybit_perp_price": 74735.5,
      "funding_rate": 1.657e-05,
      "depth_usd_top20": 253335.4946684,
      "entry_phase": "normal",
      "flip_count": 1,
      "is_flip": true,
      "cvd_120s": 0.00089,
      "taker_ratio_60s": 0.9456066945606695,
      "volume_surge": false,
      "liquidation_pressure": -0.0399562131643861,
      "gex_signal": 1.0,
      "gex_regime": "stabilizing",
      "cvd_acceleration": -2.2222222222223064e-07,
      "clob_velocity_up": 0.02089706376181713,
      "clob_velocity_down": -0.020897063761816666,
      "coinbase_btc": 74826.59,
      "regime_state": "neutral",
      "regime_kelly_mult": 1.0,
      "sprt_confidence": 0.0,
      "sprt_status": "SKIP",
      "signal_consensus": 1.3,
      "adverse_selection_30s": 0.5,
      "alpha_decay_rate": 0.00182478222726191,
      "garch_vol_ratio": 2.0,
      "crowd_bias": {
        "flb": 0.0102,
        "recency_fade": -0.3,
        "round_number_dampening": 1.0,
        "composite_logit_adjustment": 0.0042
      },
      "oracle_divergence": 40.653430000005756,
      "edge_realization_ratio": 1.0
    }
  },
  "exit_reason": "resolution",
  "timestamp": "2026-04-14T15:19:00.412285+00:00"
}