{
  "position_id": 301,
  "market_id": "btc-updown-5m-1775998800",
  "question": "Bitcoin Up or Down - April 12, 9:00AM-9:05AM ET",
  "side": "Down",
  "signal_score": 0.9923412805805141,
  "correct": true,
  "entry_price": 0.88,
  "exit_price": 1.0,
  "log_return": 0.127833371509885,
  "size": 3.81,
  "pnl": 0.5195454545454541,
  "fees": 0.0,
  "gain_pct": 0.136364,
  "weight_version": "weights_v001",
  "category": "crypto-5min",
  "indicator_snapshot": {
    "rsi": {
      "rsi": 8.31,
      "score": 0.8061,
      "norm_score": 0.19635320128938166
    },
    "macd": {
      "macd": -104.5653,
      "signal": -97.4861,
      "histogram": -7.0792,
      "score": -0.0716,
      "norm_score": -0.1359262582528307
    },
    "stochastic": {
      "k": 0.0,
      "d": 0.0,
      "score": 1.0,
      "norm_score": 0.5638287397461831
    },
    "ema": {
      "trend": "bearish",
      "fast_ema": 70995.59270476623,
      "slow_ema": 71071.74798100513
    },
    "obv": {
      "obv_slope": -0.0,
      "price_slope": -23.42,
      "score": -0.0001,
      "norm_score": 3.0
    },
    "vwap": {
      "vwap": 71232.36,
      "deviation": -1.687,
      "score": 0.5061,
      "norm_score": 0.5632639546943716
    },
    "atr": {
      "atr": 83.38,
      "passes": true,
      "reason": "ok"
    },
    "weights": {
      "rsi": 0.2,
      "macd": 0.25,
      "stochastic": 0.2,
      "obv": 0.15,
      "vwap": 0.2,
      "entry_threshold": 0.6
    },
    "trade_context": {
      "btc_price": 70967.13,
      "strike_price": 71112.41,
      "seconds_remaining": 179.262415,
      "market_price_up": 0.11,
      "market_price_down": 0.88,
      "model_probability_raw": 0.9923412805805141,
      "model_probability": 0.9923412805805141,
      "edge": 0.11234128058051407,
      "momentum_score": 0.6807076145827796,
      "atr": 83.38,
      "size": 3.81,
      "flow_score": -0.1071,
      "flow_book_imbalance": -0.3185,
      "flow_trade_count": 200,
      "spot_flow_signal": -0.5388058866502464,
      "wall_pressure": 1.0,
      "perp_lead": -0.3444980867453724,
      "iv_ratio": 0.5383958746029663,
      "prev_resolution_margin": -13.013303955216543,
      "bybit_perp_price": 70894.3,
      "funding_rate": -1.052e-05,
      "depth_usd_top20": 341923.4716045,
      "entry_phase": "normal",
      "cvd_120s": -0.24459,
      "taker_ratio_60s": 0.16666666666666669,
      "volume_surge": false,
      "liquidation_pressure": 0.0,
      "gex_signal": 1.0,
      "gex_regime": "stabilizing",
      "cvd_acceleration": 5.333333333333333e-06,
      "regime_state": "volatile",
      "regime_kelly_mult": 0.7,
      "sprt_confidence": 1.0,
      "sprt_status": "ENTER",
      "signal_consensus": 1.3,
      "alpha_decay_rate": 0.0031197229077742634
    }
  },
  "exit_reason": "scalp",
  "timestamp": "2026-04-12T13:04:59.453388+00:00"
}