{
  "position_id": 303,
  "market_id": "btc-updown-5m-1776180900",
  "question": "Bitcoin Up or Down - April 14, 11:35AM-11:40AM ET",
  "side": "Up",
  "signal_score": 0.6463467703586656,
  "correct": true,
  "entry_price": 0.51,
  "exit_price": 1.0,
  "log_return": 0.6733445532637655,
  "size": 7.34,
  "pnl": 6.9252176470588225,
  "fees": 0.0647389999999999,
  "gain_pct": 0.94349,
  "weight_version": "weights_v001",
  "category": "crypto-5min",
  "indicator_snapshot": {
    "rsi": {
      "rsi": 100.0,
      "score": -1.0,
      "norm_score": -0.30813276692534997
    },
    "macd": {
      "macd": 71.0382,
      "signal": 56.9209,
      "histogram": 14.1173,
      "score": 0.3462,
      "norm_score": 0.8042246248578809
    },
    "stochastic": {
      "k": 100.0,
      "d": 100.0,
      "score": -1.0,
      "norm_score": -1.4078749084988809
    },
    "ema": {
      "trend": "bullish",
      "fast_ema": 75058.60726248959,
      "slow_ema": 74994.85686173507
    },
    "obv": {
      "obv_slope": 0.01,
      "price_slope": 16.75,
      "score": 0.0077,
      "norm_score": 3.0
    },
    "vwap": {
      "vwap": 75002.8,
      "deviation": 0.2276,
      "score": -0.0683,
      "norm_score": -1.3675589909181602
    },
    "atr": {
      "atr": 49.43,
      "passes": true,
      "reason": "ok"
    },
    "weights": {
      "rsi": 0.2,
      "macd": 0.25,
      "stochastic": 0.2,
      "obv": 0.15,
      "vwap": 0.2,
      "entry_threshold": 0.6
    },
    "trade_context": {
      "btc_price": 75120.92,
      "strike_price": 75085.32214404715,
      "seconds_remaining": 298.093752,
      "market_price_up": 0.51,
      "market_price_down": 0.48,
      "model_probability_raw": 0.6463467703586656,
      "model_probability": 0.6463467703586656,
      "edge": 0.1363467703586656,
      "momentum_score": 0.034342822945991947,
      "atr": 49.43,
      "size": 7.34,
      "flow_score": -0.3772,
      "flow_book_imbalance": 0.0195,
      "flow_trade_count": 14,
      "spot_flow_signal": -0.8766249896648158,
      "wall_pressure": 0.0,
      "iv_ratio": 0.9206720114997867,
      "prev_resolution_margin": -315.4955049285345,
      "bybit_perp_price": 75030.3,
      "funding_rate": 8.83e-06,
      "depth_usd_top20": 328288.6671030001,
      "entry_phase": "normal",
      "flip_count": 0,
      "is_flip": false,
      "cvd_120s": -0.00528,
      "taker_ratio_60s": 0.29562982005141386,
      "volume_surge": true,
      "liquidation_pressure": 0.01776229048601917,
      "gex_signal": 1.0,
      "gex_regime": "stabilizing",
      "cvd_acceleration": -0.0012493333333333332,
      "clob_velocity_up": 0.0,
      "clob_velocity_down": 0.0,
      "coinbase_btc": 75120.92,
      "regime_state": "neutral",
      "regime_kelly_mult": 1.0,
      "sprt_confidence": 0.08882181223102192,
      "sprt_status": "ACCUMULATING",
      "signal_consensus": 0.6,
      "adverse_selection_30s": 0.5,
      "alpha_decay_rate": 0.0,
      "garch_vol_ratio": 2.0,
      "crowd_bias": {
        "flb": 0.0,
        "recency_fade": -0.3,
        "round_number_dampening": 0.96,
        "composite_logit_adjustment": -0.006
      },
      "oracle_divergence": 18.862418929638807,
      "edge_realization_ratio": 1.0
    }
  },
  "exit_reason": "resolution",
  "timestamp": "2026-04-14T15:42:15.441901+00:00"
}