{
  "position_id": 313,
  "market_id": "btc-updown-5m-1776003000",
  "question": "Bitcoin Up or Down - April 12, 10:10AM-10:15AM ET",
  "side": "Up",
  "signal_score": 0.7224433651383907,
  "correct": false,
  "entry_price": 0.55,
  "exit_price": 0.25,
  "log_return": -0.7884573603642702,
  "size": 0.9,
  "pnl": -0.49643209090909096,
  "fees": 0.005523,
  "gain_pct": -0.551591,
  "weight_version": "weights_v001",
  "category": "crypto-5min",
  "indicator_snapshot": {
    "rsi": {
      "rsi": 100.0,
      "score": -1.0,
      "norm_score": -0.0003805516556495874
    },
    "macd": {
      "macd": 26.0848,
      "signal": 21.6577,
      "histogram": 4.4272,
      "score": 0.195,
      "norm_score": -2.2393740079635154
    },
    "stochastic": {
      "k": 100.0,
      "d": 100.0,
      "score": -1.0,
      "norm_score": -0.00033338314188128307
    },
    "ema": {
      "trend": "bullish",
      "fast_ema": 71005.62055799708,
      "slow_ema": 70982.7829210939
    },
    "obv": {
      "obv_slope": 0.0,
      "price_slope": 0.0,
      "score": 0.0,
      "norm_score": -0.48799580317252833
    },
    "vwap": {
      "vwap": 71179.27,
      "deviation": -1.1199,
      "score": 0.336,
      "norm_score": -0.33475521139794495
    },
    "atr": {
      "atr": 11.95,
      "passes": true,
      "reason": "ok"
    },
    "weights": {
      "rsi": 0.2,
      "macd": 0.25,
      "stochastic": 0.2,
      "obv": 0.15,
      "vwap": 0.2,
      "entry_threshold": 0.6
    },
    "trade_context": {
      "btc_price": 71010.27,
      "strike_price": 70987.46,
      "seconds_remaining": 238.880666,
      "market_price_up": 0.55,
      "market_price_down": 0.44,
      "model_probability_raw": 0.7224433651383907,
      "model_probability": 0.7224433651383907,
      "edge": 0.17244336513839065,
      "momentum_score": -0.7001367017058532,
      "atr": 11.95,
      "size": 0.9,
      "flow_score": 0.2963,
      "flow_book_imbalance": 0.1956,
      "flow_trade_count": 200,
      "spot_flow_signal": 0.0003359999648768044,
      "wall_pressure": 0.9300185814057794,
      "perp_lead": -0.24930763882317197,
      "iv_ratio": 2.0,
      "prev_resolution_margin": -16.39789058783208,
      "bybit_perp_price": 70958.6,
      "funding_rate": -1.56e-06,
      "depth_usd_top20": 406106.8362435,
      "entry_phase": "normal",
      "cvd_120s": 0.00028,
      "taker_ratio_60s": 0.5,
      "volume_surge": false,
      "liquidation_pressure": 0.02481127589267072,
      "gex_signal": 1.0,
      "gex_regime": "stabilizing",
      "cvd_acceleration": 0.0,
      "regime_state": "trending_up",
      "regime_kelly_mult": 1.2,
      "sprt_confidence": 1.0,
      "sprt_status": "ENTER",
      "signal_consensus": 0.6,
      "alpha_decay_rate": 0.0006133163366790934
    }
  },
  "exit_reason": "scalp",
  "timestamp": "2026-04-12T14:14:28.149047+00:00"
}