{
  "position_id": 317,
  "market_id": "btc-updown-5m-1776183900",
  "question": "Bitcoin Up or Down - April 14, 12:25PM-12:30PM ET",
  "side": "Up",
  "signal_score": 0.9446383189799263,
  "correct": true,
  "entry_price": 0.75,
  "exit_price": 1.0,
  "log_return": 0.28768207245178085,
  "size": 18.0,
  "pnl": 5.8919999999999995,
  "fees": 0.0810000000000004,
  "gain_pct": 0.327333,
  "weight_version": "weights_v001",
  "category": "crypto-5min",
  "indicator_snapshot": {
    "rsi": {
      "rsi": 35.99,
      "score": 0.2102,
      "norm_score": -2.96200442208242
    },
    "macd": {
      "macd": -65.0605,
      "signal": -73.2662,
      "histogram": 8.2058,
      "score": 0.1617,
      "norm_score": 1.7957485048615205
    },
    "stochastic": {
      "k": 56.22,
      "d": 28.11,
      "score": -0.0622,
      "norm_score": -2.9272831526891445
    },
    "ema": {
      "trend": "bearish",
      "fast_ema": 75264.87029769714,
      "slow_ema": 75296.14526939561
    },
    "obv": {
      "obv_slope": 0.0,
      "price_slope": 15.01,
      "score": 0.0,
      "norm_score": 0.14102782856810694
    },
    "vwap": {
      "vwap": 75119.53,
      "deviation": 0.5818,
      "score": -0.1745,
      "norm_score": -3.0
    },
    "atr": {
      "atr": 40.92,
      "passes": true,
      "reason": "ok"
    },
    "weights": {
      "rsi": 0.2,
      "macd": 0.25,
      "stochastic": 0.2,
      "obv": 0.15,
      "vwap": 0.2,
      "entry_threshold": 0.6
    },
    "trade_context": {
      "btc_price": 75327.66,
      "strike_price": 75243.3754870682,
      "seconds_remaining": 253.058879,
      "market_price_up": 0.75,
      "market_price_down": 0.23,
      "model_probability_raw": 0.9446383189799263,
      "model_probability": 0.9446383189799263,
      "edge": 0.19463831897992634,
      "momentum_score": -1.0,
      "atr": 40.92,
      "size": 18.0,
      "flow_score": 0.0044,
      "flow_book_imbalance": 0.2449,
      "flow_trade_count": 200,
      "spot_flow_signal": 0.06258488566521013,
      "wall_pressure": 0.0,
      "iv_ratio": 1.1441484080637445,
      "prev_resolution_margin": 189.9136144605436,
      "bybit_perp_price": 75245.3,
      "funding_rate": -8.628e-05,
      "depth_usd_top20": 300287.3296393,
      "entry_phase": "normal",
      "flip_count": 0,
      "is_flip": false,
      "cvd_120s": 0.0,
      "taker_ratio_60s": 0.5,
      "volume_surge": true,
      "liquidation_pressure": -0.012228712433810398,
      "gex_signal": 1.0,
      "gex_regime": "stabilizing",
      "cvd_acceleration": 0.0,
      "clob_velocity_up": 0.0,
      "clob_velocity_down": 0.0,
      "coinbase_btc": 75328.49,
      "regime_state": "neutral",
      "regime_kelly_mult": 1.0,
      "sprt_confidence": 0.0,
      "sprt_status": "SKIP",
      "signal_consensus": 1.3,
      "adverse_selection_30s": 0.5,
      "alpha_decay_rate": 0.0016943054339497946,
      "garch_vol_ratio": 2.0,
      "crowd_bias": {
        "flb": 0.015,
        "recency_fade": 0.0,
        "round_number_dampening": 1.0,
        "composite_logit_adjustment": 0.015
      },
      "oracle_divergence": 24.648803612188203,
      "edge_realization_ratio": 1.0
    }
  },
  "exit_reason": "resolution",
  "timestamp": "2026-04-14T16:34:31.949109+00:00"
}