{
  "position_id": 3196,
  "market_id": "btc-updown-5m-1777090500",
  "question": "Bitcoin Up or Down - April 25, 12:15AM-12:20AM ET",
  "side": "Down",
  "signal_score": 0.6778622705147201,
  "correct": false,
  "entry_price": 0.6,
  "exit_price": 0.4195624357055125,
  "log_return": -0.3577173067589277,
  "size": 17.93,
  "pnl": -5.612400933333333,
  "fees": 0.25914800000000054,
  "gain_pct": -0.313017,
  "realized_edge": 0.0779,
  "fill_slippage": 0.0,
  "weight_version": "weights_v001",
  "category": "crypto-5min",
  "indicator_snapshot": {
    "rsi": {
      "rsi": 49.99,
      "score": 0.0002,
      "norm_score": 0.010940935039237362
    },
    "macd": {
      "macd": -0.0685,
      "signal": 1.105,
      "histogram": -1.1734,
      "score": -0.1718,
      "norm_score": -0.47766670103545605
    },
    "stochastic": {
      "k": 0.0,
      "d": 0.0,
      "score": 1.0,
      "norm_score": 0.0109377294941687
    },
    "ema": {
      "trend": "chop",
      "fast_ema": 77661.83692404494,
      "slow_ema": 77663.50289336275
    },
    "obv": {
      "obv_slope": 0.0,
      "price_slope": 0.0,
      "score": 0.0,
      "norm_score": 0.5083371620054438
    },
    "vwap": {
      "vwap": 77536.9,
      "deviation": 1.4754,
      "score": -0.4426,
      "norm_score": 0.010502344167313145
    },
    "atr": {
      "atr": 9.63,
      "passes": true,
      "reason": "ok"
    },
    "weights": {
      "rsi": 0.2,
      "macd": 0.25,
      "stochastic": 0.2,
      "obv": 0.15,
      "vwap": 0.2,
      "entry_threshold": 0.6
    },
    "trade_context": {
      "btc_price": 77685.01,
      "strike_price": 77696.731,
      "seconds_remaining": 270.231773,
      "market_price_up": 0.39,
      "market_price_down": 0.6,
      "model_probability_raw": 0.6778622705147201,
      "model_probability": 0.6778622705147201,
      "edge": 0.07786227051472017,
      "momentum_score": -0.03668989921790361,
      "atr": 9.63,
      "size": 17.93,
      "flow_score": -0.0218,
      "flow_book_imbalance": 0.006,
      "flow_trade_count": 168,
      "spot_flow_signal": -0.31036737464017417,
      "wall_pressure": 0.0,
      "iv_ratio": 2.0,
      "prev_resolution_margin": -16.453392371200607,
      "bybit_perp_price": 77626.4,
      "funding_rate": -2.56e-05,
      "depth_usd_top20": 276995.09847499995,
      "entry_phase": "normal",
      "flip_count": 0,
      "is_flip": false,
      "cvd_120s": -0.00256,
      "taker_ratio_60s": 0.5,
      "volume_surge": false,
      "liquidation_pressure": 0.006925960677186453,
      "gex_signal": 1.0,
      "gex_regime": "stabilizing",
      "cvd_acceleration": 0.0,
      "clob_velocity_up": 0.08541492168320781,
      "clob_velocity_down": -0.08541492168320781,
      "coinbase_btc": 77685.01,
      "regime_state": "neutral",
      "regime_kelly_mult": 1.0,
      "regime_autocorr": -0.093,
      "sprt_confidence": 0.057049453922547864,
      "sprt_status": "ACCUMULATING",
      "signal_consensus": 1.3,
      "adverse_selection_30s": 0.5,
      "alpha_decay_rate": -0.00018579500073007016,
      "garch_vol_ratio": 2.0,
      "crowd_bias": {
        "flb": 0.0,
        "recency_fade": 0.0,
        "round_number_dampening": 1.0,
        "composite_logit_adjustment": 0.0
      },
      "oracle_divergence": 0.2470000000030268,
      "edge_realization_ratio": 1.0
    }
  },
  "exit_reason": "scalp",
  "seconds_remaining_at_exit": 236.182845,
  "exit_timestamp": "2026-04-25T04:16:04.724464+00:00",
  "timestamp": "2026-04-25T04:16:04.724464+00:00"
}