{
  "position_id": 3199,
  "market_id": "btc-updown-5m-1777094100",
  "question": "Bitcoin Up or Down - April 25, 1:15AM-1:20AM ET",
  "side": "Down",
  "signal_score": 0.635064284247485,
  "correct": false,
  "entry_price": 0.55,
  "exit_price": 0.0,
  "log_return": -10.0,
  "size": 17.93,
  "pnl": -17.93,
  "fees": 0.14523300000000036,
  "gain_pct": -1.0,
  "realized_edge": 0.0851,
  "fill_slippage": 0.01,
  "weight_version": "weights_v001",
  "category": "crypto-5min",
  "indicator_snapshot": {
    "rsi": {
      "rsi": 100.0,
      "score": -1.0,
      "norm_score": -4.917853113037413e-06
    },
    "macd": {
      "macd": -13.5537,
      "signal": -17.4353,
      "histogram": 3.8816,
      "score": 0.335,
      "norm_score": -0.5777654168284508
    },
    "stochastic": {
      "k": 100.0,
      "d": 100.0,
      "score": -1.0,
      "norm_score": -0.012860442856600584
    },
    "ema": {
      "trend": "chop",
      "fast_ema": 77502.65022104645,
      "slow_ema": 77506.0306814072
    },
    "obv": {
      "obv_slope": 0.0,
      "price_slope": 0.0,
      "score": 0.0,
      "norm_score": -0.08886333440123466
    },
    "vwap": {
      "vwap": 77614.92,
      "deviation": -2.2261,
      "score": 0.6678,
      "norm_score": -0.012385276637374243
    },
    "atr": {
      "atr": 3.1,
      "passes": true,
      "reason": "ok"
    },
    "weights": {
      "rsi": 0.2,
      "macd": 0.25,
      "stochastic": 0.2,
      "obv": 0.15,
      "vwap": 0.2,
      "entry_threshold": 0.6
    },
    "trade_context": {
      "btc_price": 77522.87,
      "strike_price": 77527.92,
      "seconds_remaining": 270.578256,
      "market_price_up": 0.45,
      "market_price_down": 0.54,
      "model_probability_raw": 0.635064284247485,
      "model_probability": 0.635064284247485,
      "edge": 0.09506428424748492,
      "momentum_score": -0.1628209818367155,
      "atr": 3.1,
      "size": 17.93,
      "flow_score": -0.1957,
      "flow_book_imbalance": -0.0144,
      "flow_trade_count": 183,
      "spot_flow_signal": -0.3649513806562411,
      "wall_pressure": 0.0,
      "iv_ratio": 2.0,
      "prev_resolution_margin": -9.21600000000035,
      "bybit_perp_price": 77466.3,
      "funding_rate": -1.384e-05,
      "depth_usd_top20": 284678.8217205,
      "entry_phase": "normal",
      "flip_count": 0,
      "is_flip": false,
      "cvd_120s": 0.0,
      "taker_ratio_60s": 0.5,
      "volume_surge": false,
      "liquidation_pressure": -0.0033255199780916145,
      "gex_signal": 1.0,
      "gex_regime": "stabilizing",
      "cvd_acceleration": 0.0,
      "clob_velocity_up": 0.0,
      "clob_velocity_down": 0.0,
      "coinbase_btc": 77522.87,
      "regime_state": "volatile",
      "regime_kelly_mult": 0.7,
      "regime_autocorr": -0.0424,
      "sprt_confidence": 0.07659711403901734,
      "sprt_status": "ACCUMULATING",
      "signal_consensus": 1.3,
      "adverse_selection_30s": 0.5,
      "alpha_decay_rate": 0.002261199450791916,
      "garch_vol_ratio": 2.0,
      "crowd_bias": {
        "flb": 0.0,
        "recency_fade": 0.0,
        "round_number_dampening": 1.0,
        "composite_logit_adjustment": 0.0
      },
      "oracle_divergence": 1.6227673335088184,
      "edge_realization_ratio": 1.0
    }
  },
  "exit_reason": "resolution",
  "seconds_remaining_at_exit": 0.0,
  "exit_timestamp": "2026-04-25T05:23:40.261884+00:00",
  "timestamp": "2026-04-25T05:23:40.261884+00:00"
}