{
  "position_id": 3205,
  "market_id": "btc-updown-5m-1777096200",
  "question": "Bitcoin Up or Down - April 25, 1:50AM-1:55AM ET",
  "side": "Up",
  "signal_score": 0.6290391487158055,
  "correct": false,
  "entry_price": 0.45000000000000007,
  "exit_price": 0.0,
  "log_return": -10.0,
  "size": 14.72,
  "pnl": -14.72,
  "fees": 0.1457279999999987,
  "gain_pct": -1.0,
  "realized_edge": 0.179,
  "fill_slippage": -0.13,
  "weight_version": "weights_v001",
  "category": "crypto-5min",
  "indicator_snapshot": {
    "rsi": {
      "rsi": 0.0,
      "score": 1.0,
      "norm_score": 0.0004824548199539511
    },
    "macd": {
      "macd": 0.3208,
      "signal": 2.0734,
      "histogram": -1.7527,
      "score": -0.3651,
      "norm_score": 0.21844234432575826
    },
    "stochastic": {
      "k": 0.0,
      "d": 0.0,
      "score": 1.0,
      "norm_score": 0.005640532660086385
    },
    "ema": {
      "trend": "chop",
      "fast_ema": 77538.38117172298,
      "slow_ema": 77540.53752859877
    },
    "obv": {
      "obv_slope": 0.0,
      "price_slope": 0.0,
      "score": 0.0,
      "norm_score": 4.960361934195732e-09
    },
    "vwap": {
      "vwap": 77613.55,
      "deviation": -1.4637,
      "score": 0.4391,
      "norm_score": -0.01141852078726205
    },
    "atr": {
      "atr": 5.02,
      "passes": true,
      "reason": "ok"
    },
    "weights": {
      "rsi": 0.2,
      "macd": 0.25,
      "stochastic": 0.2,
      "obv": 0.15,
      "vwap": 0.2,
      "entry_threshold": 0.6
    },
    "trade_context": {
      "btc_price": 77554.93,
      "strike_price": 77545.18,
      "seconds_remaining": 71.477756,
      "market_price_up": 0.58,
      "market_price_down": 0.41,
      "model_probability_raw": 0.6290391487158055,
      "model_probability": 0.6290391487158055,
      "edge": 0.0490391487158055,
      "momentum_score": 0.05355148016404951,
      "atr": 5.02,
      "size": 14.72,
      "flow_score": -0.2207,
      "flow_book_imbalance": -0.023,
      "flow_trade_count": 200,
      "spot_flow_signal": -0.34159790663513323,
      "wall_pressure": 0.0,
      "iv_ratio": 2.0,
      "prev_resolution_margin": 31.848338212963426,
      "bybit_perp_price": 77483.5,
      "funding_rate": -7e-06,
      "depth_usd_top20": 224675.5781092,
      "entry_phase": "late",
      "flip_count": 0,
      "is_flip": false,
      "cvd_120s": 0.0,
      "taker_ratio_60s": 0.5,
      "volume_surge": false,
      "liquidation_pressure": -0.0011377685016841596,
      "gex_signal": 1.0,
      "gex_regime": "stabilizing",
      "cvd_acceleration": 0.0,
      "clob_velocity_up": -0.45415264009875034,
      "clob_velocity_down": 0.45415264009875034,
      "coinbase_btc": 77550.09,
      "regime_state": "volatile",
      "regime_kelly_mult": 0.7,
      "regime_autocorr": -0.107,
      "sprt_confidence": 0.0,
      "sprt_status": "SKIP",
      "signal_consensus": 0.6,
      "adverse_selection_30s": 0.45454545454545453,
      "alpha_decay_rate": 0.0023240200243967706,
      "garch_vol_ratio": 2.0,
      "crowd_bias": {
        "flb": 0.0,
        "recency_fade": 0.0,
        "round_number_dampening": 1.0,
        "composite_logit_adjustment": 0.0
      },
      "oracle_divergence": 1.2972499999887077,
      "edge_realization_ratio": 1.0
    }
  },
  "exit_reason": "resolution",
  "seconds_remaining_at_exit": 0.0,
  "exit_timestamp": "2026-04-25T05:57:19.669767+00:00",
  "timestamp": "2026-04-25T05:57:19.669767+00:00"
}