{
  "position_id": 325,
  "market_id": "btc-updown-5m-1776185400",
  "question": "Bitcoin Up or Down - April 14, 12:50PM-12:55PM ET",
  "side": "Down",
  "signal_score": 0.9287360095969031,
  "correct": true,
  "entry_price": 0.73,
  "exit_price": 1.0,
  "log_return": 0.3147107448397002,
  "size": 18.0,
  "pnl": 6.537698630136987,
  "fees": 0.08747999999999895,
  "gain_pct": 0.363205,
  "weight_version": "weights_v001",
  "category": "crypto-5min",
  "indicator_snapshot": {
    "rsi": {
      "rsi": 4.52,
      "score": 0.8945,
      "norm_score": 0.7896150376351994
    },
    "macd": {
      "macd": -45.7434,
      "signal": -29.8372,
      "histogram": -15.9062,
      "score": -0.3311,
      "norm_score": -2.75494934735678
    },
    "stochastic": {
      "k": 0.0,
      "d": 4.23,
      "score": 1.0,
      "norm_score": 2.042562544824227
    },
    "ema": {
      "trend": "bearish",
      "fast_ema": 75119.24517707885,
      "slow_ema": 75169.27512265266
    },
    "obv": {
      "obv_slope": -0.0,
      "price_slope": -38.73,
      "score": -0.0003,
      "norm_score": 0.012166650934167831
    },
    "vwap": {
      "vwap": 75167.49,
      "deviation": -0.4157,
      "score": 0.1247,
      "norm_score": 3.0
    },
    "atr": {
      "atr": 42.91,
      "passes": true,
      "reason": "ok"
    },
    "weights": {
      "rsi": 0.2,
      "macd": 0.25,
      "stochastic": 0.2,
      "obv": 0.15,
      "vwap": 0.2,
      "entry_threshold": 0.6
    },
    "trade_context": {
      "btc_price": 75051.92,
      "strike_price": 75137.23972288279,
      "seconds_remaining": 258.823591,
      "market_price_up": 0.26,
      "market_price_down": 0.73,
      "model_probability_raw": 0.9287360095969031,
      "model_probability": 0.9287360095969031,
      "edge": 0.19873600959690307,
      "momentum_score": 0.4795231772928155,
      "atr": 42.91,
      "size": 18.0,
      "flow_score": -0.0831,
      "flow_book_imbalance": -0.3181,
      "flow_trade_count": 200,
      "spot_flow_signal": -0.3342626443927724,
      "wall_pressure": 0.0,
      "iv_ratio": 1.0868520014675165,
      "prev_resolution_margin": 189.9136144605436,
      "bybit_perp_price": 74964.1,
      "funding_rate": -8.515e-05,
      "depth_usd_top20": 314455.6947674,
      "entry_phase": "normal",
      "flip_count": 0,
      "is_flip": false,
      "cvd_120s": -0.00165,
      "taker_ratio_60s": 0.0,
      "volume_surge": true,
      "liquidation_pressure": 0.0,
      "gex_signal": 1.0,
      "gex_regime": "stabilizing",
      "cvd_acceleration": -0.00012,
      "clob_velocity_up": -0.11687204636647358,
      "clob_velocity_down": 0.11687204636647358,
      "coinbase_btc": 75051.92,
      "regime_state": "neutral",
      "regime_kelly_mult": 1.0,
      "sprt_confidence": 0.0,
      "sprt_status": "SKIP",
      "signal_consensus": 1.3,
      "adverse_selection_30s": 0.5,
      "alpha_decay_rate": 0.003515409586695255,
      "garch_vol_ratio": 2.0,
      "crowd_bias": {
        "flb": -0.0144,
        "recency_fade": 0.0,
        "round_number_dampening": 1.0,
        "composite_logit_adjustment": -0.0144
      },
      "oracle_divergence": 42.770000000004075,
      "edge_realization_ratio": 1.0
    }
  },
  "exit_reason": "resolution",
  "timestamp": "2026-04-14T16:57:39.661199+00:00"
}