{
  "position_id": 328,
  "market_id": "btc-updown-5m-1776186000",
  "question": "Bitcoin Up or Down - April 14, 1:00PM-1:05PM ET",
  "side": "Down",
  "signal_score": 0.7247323274264889,
  "correct": false,
  "entry_price": 0.6,
  "exit_price": 0.59,
  "log_return": -0.01680711831638129,
  "size": 8.35,
  "pnl": -0.25844466666666577,
  "fees": 0.1202799999999995,
  "gain_pct": -0.030951,
  "weight_version": "weights_v001",
  "category": "crypto-5min",
  "indicator_snapshot": {
    "rsi": {
      "rsi": 100.0,
      "score": -1.0,
      "norm_score": -3.0
    },
    "macd": {
      "macd": -101.7646,
      "signal": -124.4517,
      "histogram": 22.6871,
      "score": 0.2122,
      "norm_score": 1.49462216778394
    },
    "stochastic": {
      "k": 67.12,
      "d": 61.24,
      "score": -0.1712,
      "norm_score": -1.5337646940170473
    },
    "ema": {
      "trend": "bearish",
      "fast_ema": 74630.88294801966,
      "slow_ema": 74665.53774573178
    },
    "obv": {
      "obv_slope": 0.0,
      "price_slope": 15.44,
      "score": 0.0003,
      "norm_score": -0.3166040619228864
    },
    "vwap": {
      "vwap": 75235.53,
      "deviation": -2.1258,
      "score": 0.6377,
      "norm_score": -0.7524213776095474
    },
    "atr": {
      "atr": 92.2,
      "passes": true,
      "reason": "ok"
    },
    "weights": {
      "rsi": 0.2,
      "macd": 0.25,
      "stochastic": 0.2,
      "obv": 0.15,
      "vwap": 0.2,
      "entry_threshold": 0.6
    },
    "trade_context": {
      "btc_price": 74636.02,
      "strike_price": 74691.14164886792,
      "seconds_remaining": 118.026542,
      "market_price_up": 0.4,
      "market_price_down": 0.6,
      "model_probability_raw": 0.7247323274264889,
      "model_probability": 0.7247323274264889,
      "edge": 0.12473232742648888,
      "momentum_score": -0.731072281667767,
      "atr": 92.2,
      "size": 8.35,
      "flow_score": -0.0838,
      "flow_book_imbalance": -0.0468,
      "flow_trade_count": 200,
      "spot_flow_signal": 0.4593451219333229,
      "wall_pressure": 0.0,
      "iv_ratio": 0.5,
      "prev_resolution_margin": 189.9136144605436,
      "bybit_perp_price": 74551.0,
      "funding_rate": -6.345e-05,
      "depth_usd_top20": 267732.14636270003,
      "entry_phase": "late",
      "flip_count": 0,
      "is_flip": false,
      "cvd_120s": 0.00047000000000000004,
      "taker_ratio_60s": 0.7701149425287357,
      "volume_surge": false,
      "liquidation_pressure": 0.0,
      "gex_signal": 1.0,
      "gex_regime": "stabilizing",
      "cvd_acceleration": -1.0444444444444445e-05,
      "clob_velocity_up": -0.033261573627029764,
      "clob_velocity_down": 0.033261573627029764,
      "coinbase_btc": 74635.98,
      "regime_state": "volatile",
      "regime_kelly_mult": 0.7,
      "sprt_confidence": 0.0,
      "sprt_status": "SKIP",
      "signal_consensus": 0.8,
      "adverse_selection_30s": 0.5,
      "alpha_decay_rate": 0.00026290951089427705,
      "garch_vol_ratio": 2.0,
      "crowd_bias": {
        "flb": 0.0,
        "recency_fade": 0.0,
        "round_number_dampening": 1.0,
        "composite_logit_adjustment": 0.0
      },
      "oracle_divergence": 2.3610399999888614,
      "edge_realization_ratio": 1.0
    }
  },
  "exit_reason": "scalp",
  "timestamp": "2026-04-14T17:03:07.797406+00:00"
}