{
  "position_id": 330,
  "market_id": "btc-updown-5m-1776011100",
  "question": "Bitcoin Up or Down - April 12, 12:25PM-12:30PM ET",
  "side": "Up",
  "signal_score": 0.9991289829368782,
  "correct": false,
  "entry_price": 0.81,
  "exit_price": 0.0,
  "log_return": -10.0,
  "size": 2.57,
  "pnl": -2.57,
  "fees": 0.008789000000000026,
  "gain_pct": -1.0,
  "weight_version": "weights_v001",
  "category": "crypto-5min",
  "indicator_snapshot": {
    "rsi": {
      "rsi": 100.0,
      "score": -1.0,
      "norm_score": -0.06619363505003169
    },
    "macd": {
      "macd": 18.3984,
      "signal": 9.4716,
      "histogram": 8.9268,
      "score": 0.3904,
      "norm_score": -1.2092727318026284
    },
    "stochastic": {
      "k": 100.0,
      "d": 100.0,
      "score": -1.0,
      "norm_score": -0.0572091801734349
    },
    "ema": {
      "trend": "bullish",
      "fast_ema": 70933.07787846215,
      "slow_ema": 70910.08615259333
    },
    "obv": {
      "obv_slope": 0.0,
      "price_slope": 0.0,
      "score": 0.0,
      "norm_score": -0.34982428007771765
    },
    "vwap": {
      "vwap": 70888.76,
      "deviation": 0.4399,
      "score": -0.132,
      "norm_score": -0.274579487028475
    },
    "atr": {
      "atr": 15.45,
      "passes": true,
      "reason": "ok"
    },
    "weights": {
      "rsi": 0.2,
      "macd": 0.25,
      "stochastic": 0.2,
      "obv": 0.15,
      "vwap": 0.2,
      "entry_threshold": 0.6
    },
    "trade_context": {
      "btc_price": 70939.93,
      "strike_price": 70830.86,
      "seconds_remaining": 49.60599,
      "market_price_up": 0.81,
      "market_price_down": 0.18,
      "model_probability_raw": 0.9991289829368782,
      "model_probability": 0.9991289829368782,
      "edge": 0.1891289829368782,
      "momentum_score": -0.4343882854127031,
      "atr": 15.45,
      "size": 2.57,
      "flow_score": 0.165,
      "flow_book_imbalance": 0.0952,
      "flow_trade_count": 200,
      "spot_flow_signal": 0.0003359999648768044,
      "wall_pressure": -1.0,
      "perp_lead": -0.15672560433809266,
      "iv_ratio": 2.0,
      "prev_resolution_margin": 0.0,
      "bybit_perp_price": 70906.7,
      "funding_rate": -5.352e-05,
      "depth_usd_top20": 327028.38721569994,
      "entry_phase": "final",
      "cvd_120s": 0.00028,
      "taker_ratio_60s": 0.5,
      "volume_surge": false,
      "liquidation_pressure": 0.0006521163530706738,
      "gex_signal": 1.0,
      "gex_regime": "stabilizing",
      "cvd_acceleration": 0.0,
      "regime_state": "volatile",
      "regime_kelly_mult": 0.7,
      "sprt_confidence": 1.0,
      "sprt_status": "ENTER",
      "signal_consensus": 1.0,
      "alpha_decay_rate": 0.008221088083912637
    }
  },
  "exit_reason": "resolution",
  "timestamp": "2026-04-12T16:33:25.097825+00:00"
}