{
  "position_id": 335,
  "market_id": "btc-updown-5m-1776187500",
  "question": "Bitcoin Up or Down - April 14, 1:25PM-1:30PM ET",
  "side": "Down",
  "signal_score": 0.9977557003579173,
  "correct": true,
  "entry_price": 0.81,
  "exit_price": 1.0,
  "log_return": 0.21072103131565253,
  "size": 18.0,
  "pnl": 4.146222222222221,
  "fees": 0.06156000000000042,
  "gain_pct": 0.230346,
  "weight_version": "weights_v001",
  "category": "crypto-5min",
  "indicator_snapshot": {
    "rsi": {
      "rsi": 0.0,
      "score": 1.0,
      "norm_score": 1.2114462488125215
    },
    "macd": {
      "macd": 3.3932,
      "signal": 17.5185,
      "histogram": -14.1253,
      "score": -0.7681,
      "norm_score": -2.0395162840578345
    },
    "stochastic": {
      "k": 0.0,
      "d": 25.0,
      "score": 1.0,
      "norm_score": 1.210617814434528
    },
    "ema": {
      "trend": "bearish",
      "fast_ema": 74817.81966725067,
      "slow_ema": 74834.64665303662
    },
    "obv": {
      "obv_slope": -0.0,
      "price_slope": -29.6767,
      "score": -0.0005,
      "norm_score": -3.0
    },
    "vwap": {
      "vwap": 75129.02,
      "deviation": -1.0291,
      "score": 0.3087,
      "norm_score": 2.067426946565544
    },
    "atr": {
      "atr": 21.95,
      "passes": true,
      "reason": "ok"
    },
    "weights": {
      "rsi": 0.2,
      "macd": 0.25,
      "stochastic": 0.2,
      "obv": 0.15,
      "vwap": 0.2,
      "entry_threshold": 0.6
    },
    "trade_context": {
      "btc_price": 74788.64,
      "strike_price": 74887.10263870822,
      "seconds_remaining": 148.735065,
      "market_price_up": 0.18,
      "market_price_down": 0.81,
      "model_probability_raw": 0.9977557003579173,
      "model_probability": 0.9977557003579173,
      "edge": 0.18775570035791722,
      "momentum_score": -0.061980869051939835,
      "atr": 21.95,
      "size": 18.0,
      "flow_score": -0.0133,
      "flow_book_imbalance": -0.3109,
      "flow_trade_count": 200,
      "spot_flow_signal": 0.7960438029493844,
      "wall_pressure": 0.0,
      "iv_ratio": 2.019476420357065,
      "prev_resolution_margin": 189.9136144605436,
      "bybit_perp_price": 74700.1,
      "funding_rate": -7.611e-05,
      "depth_usd_top20": 325782.14376790007,
      "entry_phase": "late",
      "flip_count": 0,
      "is_flip": false,
      "cvd_120s": 0.19451,
      "taker_ratio_60s": 0.9949112004478143,
      "volume_surge": true,
      "liquidation_pressure": 0.029618669239475613,
      "gex_signal": 1.0,
      "gex_regime": "stabilizing",
      "cvd_acceleration": 0.012967333333333332,
      "clob_velocity_up": -0.14472479438422922,
      "clob_velocity_down": 0.14472479438422906,
      "coinbase_btc": 74788.65,
      "regime_state": "neutral",
      "regime_kelly_mult": 1.0,
      "sprt_confidence": 0.0,
      "sprt_status": "SKIP",
      "signal_consensus": 0.6,
      "adverse_selection_30s": 0.5,
      "alpha_decay_rate": 0.00045486928537182296,
      "garch_vol_ratio": 2.0,
      "crowd_bias": {
        "flb": -0.0192,
        "recency_fade": 0.0,
        "round_number_dampening": 1.0,
        "composite_logit_adjustment": -0.0192
      },
      "oracle_divergence": 38.67810855904827,
      "edge_realization_ratio": 1.9037328818880563
    }
  },
  "exit_reason": "resolution",
  "timestamp": "2026-04-14T17:33:22.836668+00:00"
}