{
  "position_id": 3408,
  "market_id": "btc-updown-5m-1777188300",
  "question": "Bitcoin Up or Down - April 26, 3:25AM-3:30AM ET",
  "side": "Down",
  "signal_score": 0.6629428711174461,
  "correct": true,
  "entry_price": 0.53,
  "exit_price": 0.7275393546923915,
  "log_return": 0.3167910868334569,
  "size": 17.93,
  "pnl": 6.3548821320754705,
  "fees": 0.27137500000000153,
  "gain_pct": 0.354427,
  "realized_edge": 0.1329,
  "fill_slippage": 0.01,
  "weight_version": "weights_v001",
  "category": "crypto-5min",
  "indicator_snapshot": {
    "rsi": {
      "rsi": 100.0,
      "score": -1.0,
      "norm_score": -0.8873281868835324
    },
    "macd": {
      "macd": -1.4678,
      "signal": -0.7088,
      "histogram": -0.7589,
      "score": -0.1094,
      "norm_score": 0.588201215204116
    },
    "stochastic": {
      "k": 50.0,
      "d": 25.0,
      "score": -0.0,
      "norm_score": -0.8841474152673034
    },
    "ema": {
      "trend": "chop",
      "fast_ema": 78013.23781779649,
      "slow_ema": 78015.0832991128
    },
    "obv": {
      "obv_slope": 0.0,
      "price_slope": 0.0,
      "score": 0.0,
      "norm_score": 0.8873283873727877
    },
    "vwap": {
      "vwap": 78021.0,
      "deviation": -0.0485,
      "score": 0.0145,
      "norm_score": 0.0009463663014048186
    },
    "atr": {
      "atr": 3.64,
      "passes": true,
      "reason": "ok"
    },
    "weights": {
      "rsi": 0.2,
      "macd": 0.25,
      "stochastic": 0.2,
      "obv": 0.15,
      "vwap": 0.2,
      "entry_threshold": 0.6
    },
    "trade_context": {
      "btc_price": 78029.7,
      "strike_price": 78037.81551,
      "seconds_remaining": 281.595169,
      "market_price_up": 0.47,
      "market_price_down": 0.52,
      "model_probability_raw": 0.6629428711174461,
      "model_probability": 0.6629428711174461,
      "edge": 0.14294287111744608,
      "momentum_score": -0.07395628526293908,
      "atr": 3.64,
      "size": 17.93,
      "flow_score": -0.1084,
      "flow_book_imbalance": -0.0074,
      "flow_trade_count": 79,
      "spot_flow_signal": -0.382789181446647,
      "wall_pressure": 0.0,
      "iv_ratio": 2.0,
      "prev_resolution_margin": -1.9582200000004377,
      "bybit_perp_price": 77977.8,
      "funding_rate": 2.759e-05,
      "depth_usd_top20": 260706.77708529995,
      "entry_phase": "normal",
      "flip_count": 0,
      "is_flip": false,
      "cvd_120s": 0.0,
      "taker_ratio_60s": 0.5,
      "volume_surge": false,
      "liquidation_pressure": 0.0027541222657352883,
      "gex_signal": 1.0,
      "gex_regime": "stabilizing",
      "cvd_acceleration": 0.0,
      "clob_velocity_up": 0.0,
      "clob_velocity_down": 0.0,
      "coinbase_btc": 78040.52,
      "regime_state": "volatile",
      "regime_kelly_mult": 0.7,
      "regime_autocorr": 0.2381,
      "sprt_confidence": 0.0,
      "sprt_status": "ACCUMULATING",
      "signal_consensus": 1.3,
      "adverse_selection_30s": 0.4090909090909091,
      "alpha_decay_rate": 0.0005377596272735143,
      "garch_vol_ratio": 2.0,
      "crowd_bias": {
        "flb": 0.0,
        "recency_fade": 0.0,
        "round_number_dampening": 0.92,
        "composite_logit_adjustment": 0.0
      },
      "oracle_divergence": 7.5,
      "edge_realization_ratio": 1.0
    }
  },
  "exit_reason": "scalp",
  "seconds_remaining_at_exit": 237.424532,
  "exit_timestamp": "2026-04-26T07:26:03.522931+00:00",
  "timestamp": "2026-04-26T07:26:03.522931+00:00"
}