{
  "position_id": 3413,
  "market_id": "btc-updown-5m-1777190400",
  "question": "Bitcoin Up or Down - April 26, 4:00AM-4:05AM ET",
  "side": "Down",
  "signal_score": 0.5924705581048834,
  "correct": true,
  "entry_price": 0.51,
  "exit_price": 0.53,
  "log_return": 0.03846628082779614,
  "size": 17.93,
  "pnl": 0.38254656862745406,
  "fees": 0.3143889999999998,
  "gain_pct": 0.021336,
  "realized_edge": 0.0825,
  "fill_slippage": 0.01,
  "weight_version": "weights_v001",
  "category": "crypto-5min",
  "indicator_snapshot": {
    "rsi": {
      "rsi": 100.0,
      "score": -1.0,
      "norm_score": -2.6645352591003757e-09
    },
    "macd": {
      "macd": 22.8841,
      "signal": 24.4138,
      "histogram": -1.5297,
      "score": -0.0818,
      "norm_score": -0.09246336490040924
    },
    "stochastic": {
      "k": 100.0,
      "d": 100.0,
      "score": -1.0,
      "norm_score": -2.6645352591003757e-09
    },
    "ema": {
      "trend": "bullish",
      "fast_ema": 78105.70267089843,
      "slow_ema": 78093.06893246557
    },
    "obv": {
      "obv_slope": 0.0,
      "price_slope": 0.0,
      "score": 0.0,
      "norm_score": -7.716530472351406e-10
    },
    "vwap": {
      "vwap": 78042.63,
      "deviation": 0.5006,
      "score": -0.1502,
      "norm_score": -6.661338147750939e-10
    },
    "atr": {
      "atr": 8.8,
      "passes": true,
      "reason": "ok"
    },
    "weights": {
      "rsi": 0.2,
      "macd": 0.25,
      "stochastic": 0.2,
      "obv": 0.15,
      "vwap": 0.2,
      "entry_threshold": 0.6
    },
    "trade_context": {
      "btc_price": 78106.39,
      "strike_price": 78106.39,
      "seconds_remaining": 198.331219,
      "market_price_up": 0.49,
      "market_price_down": 0.5,
      "model_probability_raw": 0.5924705581048834,
      "model_probability": 0.5924705581048834,
      "edge": 0.09247055810488336,
      "momentum_score": -0.023115842539891133,
      "atr": 8.8,
      "size": 17.93,
      "flow_score": -0.1088,
      "flow_book_imbalance": -0.0405,
      "flow_trade_count": 200,
      "spot_flow_signal": -0.6844270526171881,
      "wall_pressure": 0.0,
      "iv_ratio": 2.0,
      "prev_resolution_margin": -21.755509999988135,
      "bybit_perp_price": 78069.5,
      "funding_rate": 3.77e-05,
      "depth_usd_top20": 179706.48393130006,
      "entry_phase": "normal",
      "flip_count": 1,
      "is_flip": true,
      "cvd_120s": 0.0,
      "taker_ratio_60s": 0.5,
      "volume_surge": false,
      "liquidation_pressure": 0.0,
      "gex_signal": 1.0,
      "gex_regime": "stabilizing",
      "cvd_acceleration": 0.0,
      "clob_velocity_up": 0.0,
      "clob_velocity_down": 0.0,
      "coinbase_btc": 78133.0,
      "regime_state": "volatile",
      "regime_kelly_mult": 0.7,
      "regime_autocorr": 0.1896,
      "sprt_confidence": 0.05870977735879598,
      "sprt_status": "ACCUMULATING",
      "signal_consensus": 1.3,
      "adverse_selection_30s": 0.29411764705882354,
      "alpha_decay_rate": 0.0,
      "garch_vol_ratio": 2.0,
      "crowd_bias": {
        "flb": 0.0,
        "recency_fade": 0.0,
        "round_number_dampening": 1.0,
        "composite_logit_adjustment": 0.0
      },
      "oracle_divergence": 18.979999999995925,
      "edge_realization_ratio": 1.0
    }
  },
  "exit_reason": "scalp",
  "seconds_remaining_at_exit": 195.489761,
  "exit_timestamp": "2026-04-26T08:01:45.314150+00:00",
  "timestamp": "2026-04-26T08:01:45.314150+00:00"
}