{
  "position_id": 3424,
  "market_id": "btc-updown-5m-1777193100",
  "question": "Bitcoin Up or Down - April 26, 4:45AM-4:50AM ET",
  "side": "Down",
  "signal_score": 0.5905306053225705,
  "correct": false,
  "entry_price": 0.55,
  "exit_price": 0.52,
  "log_return": -0.056089466651043585,
  "size": 17.93,
  "pnl": -1.2605901999999993,
  "fees": 0.2905120000000003,
  "gain_pct": -0.070306,
  "realized_edge": 0.0405,
  "fill_slippage": 0.01,
  "weight_version": "weights_v001",
  "category": "crypto-5min",
  "indicator_snapshot": {
    "rsi": {
      "rsi": 100.0,
      "score": -1.0,
      "norm_score": -0.4455441563205138
    },
    "macd": {
      "macd": 16.2686,
      "signal": 21.0905,
      "histogram": -4.8218,
      "score": -0.1514,
      "norm_score": -0.05405964561749612
    },
    "stochastic": {
      "k": 50.0,
      "d": 50.0,
      "score": -0.0,
      "norm_score": -0.4439928701934117
    },
    "ema": {
      "trend": "chop",
      "fast_ema": 78161.09801582094,
      "slow_ema": 78156.90257461995
    },
    "obv": {
      "obv_slope": 0.0,
      "price_slope": 0.0,
      "score": 0.0,
      "norm_score": 0.035609859377452015
    },
    "vwap": {
      "vwap": 78054.97,
      "deviation": 2.1395,
      "score": -0.6419,
      "norm_score": 0.3007504053883728
    },
    "atr": {
      "atr": 8.62,
      "passes": true,
      "reason": "ok"
    },
    "weights": {
      "rsi": 0.2,
      "macd": 0.25,
      "stochastic": 0.2,
      "obv": 0.15,
      "vwap": 0.2,
      "entry_threshold": 0.6
    },
    "trade_context": {
      "btc_price": 78060.0,
      "strike_price": 78064.02766,
      "seconds_remaining": 260.353188,
      "market_price_up": 0.45,
      "market_price_down": 0.54,
      "model_probability_raw": 0.5905306053225705,
      "model_probability": 0.5905306053225705,
      "edge": 0.05053060532257048,
      "momentum_score": -0.1259307567228668,
      "atr": 8.62,
      "size": 17.93,
      "flow_score": -0.0148,
      "flow_book_imbalance": -0.0162,
      "flow_trade_count": 173,
      "spot_flow_signal": 0.2514871746956721,
      "wall_pressure": 0.0,
      "iv_ratio": 2.0,
      "prev_resolution_margin": 17.551930000001448,
      "bybit_perp_price": 77998.3,
      "funding_rate": 4.65e-06,
      "depth_usd_top20": 247699.30224770002,
      "entry_phase": "normal",
      "flip_count": 0,
      "is_flip": false,
      "cvd_120s": 0.0,
      "taker_ratio_60s": 0.5,
      "volume_surge": false,
      "liquidation_pressure": 0.0,
      "gex_signal": 1.0,
      "gex_regime": "stabilizing",
      "cvd_acceleration": 0.0,
      "clob_velocity_up": 0.0,
      "clob_velocity_down": 0.0,
      "coinbase_btc": 78060.0,
      "regime_state": "volatile",
      "regime_kelly_mult": 0.7,
      "regime_autocorr": -0.0035,
      "sprt_confidence": 0.0,
      "sprt_status": "SKIP",
      "signal_consensus": 0.6,
      "adverse_selection_30s": 0.391304347826087,
      "alpha_decay_rate": -0.0002618893478071075,
      "garch_vol_ratio": 2.0,
      "crowd_bias": {
        "flb": 0.0,
        "recency_fade": 0.0,
        "round_number_dampening": 0.96,
        "composite_logit_adjustment": 0.0
      },
      "oracle_divergence": 5.3813999999983935,
      "edge_realization_ratio": 1.0
    }
  },
  "exit_reason": "scalp",
  "seconds_remaining_at_exit": 223.901618,
  "exit_timestamp": "2026-04-26T08:46:16.760643+00:00",
  "timestamp": "2026-04-26T08:46:16.760643+00:00"
}