{
  "position_id": 3433,
  "market_id": "btc-updown-5m-1777194900",
  "question": "Bitcoin Up or Down - April 26, 5:15AM-5:20AM ET",
  "side": "Up",
  "signal_score": 0.5860765132306853,
  "correct": false,
  "entry_price": 0.55,
  "exit_price": 0.28,
  "log_return": -0.6751286750572669,
  "size": 17.93,
  "pnl": -8.9932778,
  "fees": 0.26257400000000036,
  "gain_pct": -0.501577,
  "realized_edge": 0.0361,
  "fill_slippage": 0.01,
  "weight_version": "weights_v001",
  "category": "crypto-5min",
  "indicator_snapshot": {
    "rsi": {
      "rsi": 0.0,
      "score": 1.0,
      "norm_score": 0.0002719482218941143
    },
    "macd": {
      "macd": -21.9582,
      "signal": -20.6441,
      "histogram": -1.3142,
      "score": -0.11,
      "norm_score": 0.3878266738486342
    },
    "stochastic": {
      "k": 0.0,
      "d": 0.0,
      "score": 1.0,
      "norm_score": 0.0007227119184488246
    },
    "ema": {
      "trend": "bearish",
      "fast_ema": 77974.48760245058,
      "slow_ema": 77989.91882991504
    },
    "obv": {
      "obv_slope": 0.0,
      "price_slope": 0.0,
      "score": 0.0,
      "norm_score": 0.010392038532278108
    },
    "vwap": {
      "vwap": 78041.71,
      "deviation": -1.8919,
      "score": 0.5676,
      "norm_score": 0.0007210201091637162
    },
    "atr": {
      "atr": 7.42,
      "passes": true,
      "reason": "ok"
    },
    "weights": {
      "rsi": 0.2,
      "macd": 0.25,
      "stochastic": 0.2,
      "obv": 0.15,
      "vwap": 0.2,
      "entry_threshold": 0.6
    },
    "trade_context": {
      "btc_price": 78041.03,
      "strike_price": 78027.80335436582,
      "seconds_remaining": 269.427299,
      "market_price_up": 0.54,
      "market_price_down": 0.45,
      "model_probability_raw": 0.5860765132306853,
      "model_probability": 0.5860765132306853,
      "edge": 0.04607651323068529,
      "momentum_score": 0.09885861029190157,
      "atr": 7.42,
      "size": 17.93,
      "flow_score": -0.0526,
      "flow_book_imbalance": -0.002,
      "flow_trade_count": 187,
      "spot_flow_signal": 0.020469688349040963,
      "wall_pressure": 0.0,
      "iv_ratio": 2.0,
      "prev_resolution_margin": 17.551930000001448,
      "bybit_perp_price": 77979.9,
      "funding_rate": 9.87e-06,
      "depth_usd_top20": 212670.65675190004,
      "entry_phase": "normal",
      "flip_count": 0,
      "is_flip": false,
      "cvd_120s": 0.0,
      "taker_ratio_60s": 0.5,
      "volume_surge": false,
      "liquidation_pressure": -0.003731782574986169,
      "gex_signal": 1.0,
      "gex_regime": "stabilizing",
      "cvd_acceleration": 0.0,
      "clob_velocity_up": 0.0,
      "clob_velocity_down": 0.0,
      "coinbase_btc": 78041.03,
      "regime_state": "volatile",
      "regime_kelly_mult": 0.7,
      "regime_autocorr": -0.003,
      "sprt_confidence": 0.05495564743551898,
      "sprt_status": "SKIP",
      "signal_consensus": 0.6,
      "adverse_selection_30s": 0.5714285714285714,
      "alpha_decay_rate": 0.0005637699111173015,
      "garch_vol_ratio": 2.0,
      "crowd_bias": {
        "flb": 0.0,
        "recency_fade": 0.0,
        "round_number_dampening": 0.92,
        "composite_logit_adjustment": 0.0
      },
      "oracle_divergence": 10.470467816194287,
      "edge_realization_ratio": 1.0
    }
  },
  "exit_reason": "scalp",
  "seconds_remaining_at_exit": 155.658949,
  "exit_timestamp": "2026-04-26T09:17:25.281170+00:00",
  "timestamp": "2026-04-26T09:17:25.281170+00:00"
}