{
  "position_id": 3438,
  "market_id": "btc-updown-5m-1777195800",
  "question": "Bitcoin Up or Down - April 26, 5:30AM-5:35AM ET",
  "side": "Down",
  "signal_score": 0.6743171272218638,
  "correct": true,
  "entry_price": 0.64,
  "exit_price": 0.94,
  "log_return": 0.3844116989103319,
  "size": 17.93,
  "pnl": 8.205782312499998,
  "fees": 0.14444300000000015,
  "gain_pct": 0.457657,
  "realized_edge": 0.0343,
  "fill_slippage": 0.01,
  "weight_version": "weights_v001",
  "category": "crypto-5min",
  "indicator_snapshot": {
    "rsi": {
      "rsi": 100.0,
      "score": -1.0,
      "norm_score": -2.6645352591003757e-09
    },
    "macd": {
      "macd": 27.5869,
      "signal": 20.6681,
      "histogram": 6.9188,
      "score": 0.3879,
      "norm_score": -0.34504929177144983
    },
    "stochastic": {
      "k": 100.0,
      "d": 100.0,
      "score": -1.0,
      "norm_score": -7.516700736712669e-06
    },
    "ema": {
      "trend": "bullish",
      "fast_ema": 78056.2356819947,
      "slow_ema": 78029.56977845298
    },
    "obv": {
      "obv_slope": 0.0,
      "price_slope": 0.0,
      "score": 0.0,
      "norm_score": -0.007682403452600875
    },
    "vwap": {
      "vwap": 78042.15,
      "deviation": 0.5075,
      "score": -0.1523,
      "norm_score": 0.3451037592120506
    },
    "atr": {
      "atr": 8.76,
      "passes": true,
      "reason": "ok"
    },
    "weights": {
      "rsi": 0.2,
      "macd": 0.25,
      "stochastic": 0.2,
      "obv": 0.15,
      "vwap": 0.2,
      "entry_threshold": 0.6
    },
    "trade_context": {
      "btc_price": 78018.08,
      "strike_price": 78030.18004,
      "seconds_remaining": 263.152341,
      "market_price_up": 0.36,
      "market_price_down": 0.63,
      "model_probability_raw": 0.6743171272218638,
      "model_probability": 0.6743171272218638,
      "edge": 0.04431712722186376,
      "momentum_score": -0.018395435491396855,
      "atr": 8.76,
      "size": 17.93,
      "flow_score": -0.0801,
      "flow_book_imbalance": -0.0214,
      "flow_trade_count": 200,
      "spot_flow_signal": -0.03688206585357802,
      "wall_pressure": 0.0,
      "iv_ratio": 2.0,
      "prev_resolution_margin": 17.551930000001448,
      "bybit_perp_price": 77955.7,
      "funding_rate": 1.853e-05,
      "depth_usd_top20": 246821.87685640002,
      "entry_phase": "normal",
      "flip_count": 0,
      "is_flip": false,
      "cvd_120s": 0.0,
      "taker_ratio_60s": 0.5,
      "volume_surge": false,
      "liquidation_pressure": 0.003995849197950515,
      "gex_signal": 1.0,
      "gex_regime": "stabilizing",
      "cvd_acceleration": 0.0,
      "clob_velocity_up": 0.0,
      "clob_velocity_down": 0.0,
      "coinbase_btc": 78018.08,
      "regime_state": "volatile",
      "regime_kelly_mult": 0.7,
      "regime_autocorr": -0.008,
      "sprt_confidence": 0.0,
      "sprt_status": "SKIP",
      "signal_consensus": 1.3,
      "adverse_selection_30s": 0.5357142857142857,
      "alpha_decay_rate": 0.006761745293198184,
      "garch_vol_ratio": 2.0,
      "crowd_bias": {
        "flb": 0.0,
        "recency_fade": 0.0,
        "round_number_dampening": 0.92,
        "composite_logit_adjustment": 0.0
      },
      "oracle_divergence": 2.0733498270710697,
      "edge_realization_ratio": 1.0
    }
  },
  "exit_reason": "scalp",
  "seconds_remaining_at_exit": 130.877585,
  "exit_timestamp": "2026-04-26T09:32:50.126967+00:00",
  "timestamp": "2026-04-26T09:32:50.126967+00:00"
}