{
  "position_id": 3449,
  "market_id": "btc-updown-5m-1777198200",
  "question": "Bitcoin Up or Down - April 26, 6:10AM-6:15AM ET",
  "side": "Up",
  "signal_score": 0.6001402036818173,
  "correct": true,
  "entry_price": 0.52,
  "exit_price": 0.8000000000000002,
  "log_return": 0.43078291609245445,
  "size": 13.89,
  "pnl": 7.218335000000003,
  "fees": 0.19627500000000075,
  "gain_pct": 0.519679,
  "realized_edge": 0.0801,
  "fill_slippage": -0.02,
  "weight_version": "weights_v001",
  "category": "crypto-5min",
  "indicator_snapshot": {
    "rsi": {
      "rsi": 100.0,
      "score": -1.0,
      "norm_score": -0.02264004111283488
    },
    "macd": {
      "macd": 15.33,
      "signal": 16.4327,
      "histogram": -1.1027,
      "score": -0.07,
      "norm_score": -1.8005046363820691
    },
    "stochastic": {
      "k": 50.0,
      "d": 50.0,
      "score": -0.0,
      "norm_score": 0.02264658915828869
    },
    "ema": {
      "trend": "bullish",
      "fast_ema": 78055.20296650552,
      "slow_ema": 78046.78108365758
    },
    "obv": {
      "obv_slope": 0.0,
      "price_slope": 0.0,
      "score": 0.0,
      "norm_score": -6.798554537663024e-11
    },
    "vwap": {
      "vwap": 78052.32,
      "deviation": 0.1094,
      "score": -0.0328,
      "norm_score": 0.021322913334980848
    },
    "atr": {
      "atr": 6.6,
      "passes": true,
      "reason": "ok"
    },
    "weights": {
      "rsi": 0.2,
      "macd": 0.25,
      "stochastic": 0.2,
      "obv": 0.15,
      "vwap": 0.2,
      "entry_threshold": 0.6
    },
    "trade_context": {
      "btc_price": 78061.49,
      "strike_price": 78053.83736,
      "seconds_remaining": 53.244183,
      "market_price_up": 0.54,
      "market_price_down": 0.45,
      "model_probability_raw": 0.6001402036818173,
      "model_probability": 0.6001402036818173,
      "edge": 0.06014020368181727,
      "momentum_score": -0.4458602668296282,
      "atr": 6.6,
      "size": 13.89,
      "flow_score": -0.0047,
      "flow_book_imbalance": 0.0482,
      "flow_trade_count": 200,
      "spot_flow_signal": -0.5654018100266232,
      "wall_pressure": 0.0,
      "iv_ratio": 2.0,
      "prev_resolution_margin": -5.432699999990291,
      "bybit_perp_price": 78000.1,
      "funding_rate": 1.089e-05,
      "depth_usd_top20": 280316.9948644,
      "entry_phase": "late",
      "flip_count": 1,
      "is_flip": true,
      "cvd_120s": 0.0,
      "taker_ratio_60s": 0.5,
      "volume_surge": false,
      "liquidation_pressure": -0.003766803057063895,
      "gex_signal": 1.0,
      "gex_regime": "stabilizing",
      "cvd_acceleration": 0.0,
      "clob_velocity_up": -0.1444982589290714,
      "clob_velocity_down": 0.1444982589290712,
      "coinbase_btc": 78061.49,
      "regime_state": "volatile",
      "regime_kelly_mult": 0.7,
      "regime_autocorr": -0.0055,
      "sprt_confidence": 0.0,
      "sprt_status": "SKIP",
      "signal_consensus": 0.6,
      "adverse_selection_30s": 0.5294117647058824,
      "alpha_decay_rate": 0.0019019506283359366,
      "garch_vol_ratio": 2.0,
      "crowd_bias": {
        "flb": 0.0,
        "recency_fade": 0.0,
        "round_number_dampening": 0.96,
        "composite_logit_adjustment": 0.0
      },
      "oracle_divergence": 3.484214750409592,
      "edge_realization_ratio": 1.0
    }
  },
  "exit_reason": "scalp",
  "seconds_remaining_at_exit": 25.87978,
  "exit_timestamp": "2026-04-26T10:14:34.735746+00:00",
  "timestamp": "2026-04-26T10:14:34.735746+00:00"
}