{
  "position_id": 3456,
  "market_id": "btc-updown-5m-1777201200",
  "question": "Bitcoin Up or Down - April 26, 7:00AM-7:05AM ET",
  "side": "Up",
  "signal_score": 0.7507089377384321,
  "correct": true,
  "entry_price": 0.69,
  "exit_price": 1.0,
  "log_return": 0.3710636813908321,
  "size": 17.94,
  "pnl": 7.9149202898550755,
  "fees": 0.1001049999999995,
  "gain_pct": 0.441188,
  "realized_edge": 0.0607,
  "fill_slippage": 0.01,
  "weight_version": "weights_v001",
  "category": "crypto-5min",
  "indicator_snapshot": {
    "rsi": {
      "rsi": 0.0,
      "score": 1.0,
      "norm_score": 0.008080412275539085
    },
    "macd": {
      "macd": -7.7604,
      "signal": -5.2948,
      "histogram": -2.4656,
      "score": -0.5057,
      "norm_score": 1.1128418042090131
    },
    "stochastic": {
      "k": 0.0,
      "d": 0.0,
      "score": 1.0,
      "norm_score": 0.008080412275512159
    },
    "ema": {
      "trend": "bearish",
      "fast_ema": 77997.97937529525,
      "slow_ema": 78006.13131758742
    },
    "obv": {
      "obv_slope": -0.01,
      "price_slope": -4.81,
      "score": -0.009,
      "norm_score": -0.30514049499811147
    },
    "vwap": {
      "vwap": 78041.85,
      "deviation": -1.376,
      "score": 0.4128,
      "norm_score": 0.02280837466885911
    },
    "atr": {
      "atr": 2.72,
      "passes": true,
      "reason": "ok"
    },
    "weights": {
      "rsi": 0.2,
      "macd": 0.25,
      "stochastic": 0.2,
      "obv": 0.15,
      "vwap": 0.2,
      "entry_threshold": 0.6
    },
    "trade_context": {
      "btc_price": 78031.19,
      "strike_price": 77993.75,
      "seconds_remaining": 295.268485,
      "market_price_up": 0.68,
      "market_price_down": 0.31,
      "model_probability_raw": 0.7507089377384321,
      "model_probability": 0.7507089377384321,
      "edge": 0.07070893773843201,
      "momentum_score": 0.24023321664651862,
      "atr": 2.72,
      "size": 17.94,
      "flow_score": 0.0632,
      "flow_book_imbalance": 0.0096,
      "flow_trade_count": 55,
      "spot_flow_signal": -0.21412576245149997,
      "wall_pressure": 0.0,
      "iv_ratio": 2.0,
      "prev_resolution_margin": -5.432699999990291,
      "bybit_perp_price": 77977.6,
      "funding_rate": 2.17e-06,
      "depth_usd_top20": 270270.64666479995,
      "entry_phase": "normal",
      "flip_count": 0,
      "is_flip": false,
      "cvd_120s": -0.02718,
      "taker_ratio_60s": 0.5,
      "volume_surge": false,
      "liquidation_pressure": 0.0,
      "gex_signal": 1.0,
      "gex_regime": "stabilizing",
      "cvd_acceleration": 0.0,
      "clob_velocity_up": 0.0,
      "clob_velocity_down": 0.0,
      "coinbase_btc": 78031.2,
      "regime_state": "volatile",
      "regime_kelly_mult": 0.7,
      "regime_autocorr": -0.0324,
      "sprt_confidence": 0.12062951666435796,
      "sprt_status": "ACCUMULATING",
      "signal_consensus": 0.8,
      "adverse_selection_30s": 0.46153846153846156,
      "alpha_decay_rate": 0.005425587519586368,
      "garch_vol_ratio": 2.0,
      "crowd_bias": {
        "flb": 0.0108,
        "recency_fade": 0.3,
        "round_number_dampening": 0.92,
        "composite_logit_adjustment": 0.0168
      },
      "oracle_divergence": 14.534159999995609,
      "edge_realization_ratio": 1.8886032729066182
    }
  },
  "exit_reason": "resolution",
  "seconds_remaining_at_exit": 0.0,
  "exit_timestamp": "2026-04-26T11:10:48.767573+00:00",
  "timestamp": "2026-04-26T11:10:48.767573+00:00"
}