{
  "position_id": 346,
  "market_id": "btc-updown-5m-1776018300",
  "question": "Bitcoin Up or Down - April 12, 2:25PM-2:30PM ET",
  "side": "Down",
  "signal_score": 0.8163508338237493,
  "correct": true,
  "entry_price": 0.62,
  "exit_price": 1.0,
  "log_return": 0.4780358009429999,
  "size": 1.82,
  "pnl": 1.115483870967742,
  "fees": 0.0,
  "gain_pct": 0.612903,
  "weight_version": "weights_v001",
  "category": "crypto-5min",
  "indicator_snapshot": {
    "rsi": {
      "rsi": 0.0,
      "score": 1.0,
      "norm_score": 0.2088725286148254
    },
    "macd": {
      "macd": -22.557,
      "signal": -17.9135,
      "histogram": -4.6435,
      "score": -0.2079,
      "norm_score": 0.6738874892728323
    },
    "stochastic": {
      "k": 0.0,
      "d": 0.0,
      "score": 1.0,
      "norm_score": 0.20839742168131647
    },
    "ema": {
      "trend": "bearish",
      "fast_ema": 71095.87679024177,
      "slow_ema": 71116.60248921548
    },
    "obv": {
      "obv_slope": -0.0,
      "price_slope": -9.24,
      "score": -0.0001,
      "norm_score": -0.3972654463632005
    },
    "vwap": {
      "vwap": 70963.77,
      "deviation": 1.2005,
      "score": -0.3602,
      "norm_score": 0.43311906649989806
    },
    "atr": {
      "atr": 13.88,
      "passes": true,
      "reason": "ok"
    },
    "weights": {
      "rsi": 0.2,
      "macd": 0.25,
      "stochastic": 0.2,
      "obv": 0.15,
      "vwap": 0.2,
      "entry_threshold": 0.6
    },
    "trade_context": {
      "btc_price": 71088.31,
      "strike_price": 71116.03,
      "seconds_remaining": 220.045989,
      "market_price_up": 0.37,
      "market_price_down": 0.62,
      "model_probability_raw": 0.8163508338237493,
      "model_probability": 0.8163508338237493,
      "edge": 0.1963508338237493,
      "momentum_score": 0.27895985872293594,
      "atr": 13.88,
      "size": 1.82,
      "flow_score": -0.0625,
      "flow_book_imbalance": -0.0451,
      "flow_trade_count": 200,
      "spot_flow_signal": -0.00041999993140001343,
      "wall_pressure": 0.8121878339767498,
      "perp_lead": -0.19400458067332044,
      "iv_ratio": 2.0,
      "prev_resolution_margin": 110.16680826037191,
      "bybit_perp_price": 71048.4,
      "funding_rate": -9.291e-05,
      "depth_usd_top20": 376889.5285022,
      "entry_phase": "normal",
      "cvd_120s": -0.00035,
      "taker_ratio_60s": 0.5,
      "volume_surge": false,
      "liquidation_pressure": -0.003541228546589133,
      "gex_signal": 1.0,
      "gex_regime": "stabilizing",
      "cvd_acceleration": 0.0,
      "regime_state": "neutral",
      "regime_kelly_mult": 1.0,
      "sprt_confidence": 1.0,
      "sprt_status": "ENTER",
      "signal_consensus": 1.3,
      "alpha_decay_rate": 0.006732545957437164
    }
  },
  "exit_reason": "resolution",
  "timestamp": "2026-04-12T18:31:57.954391+00:00"
}