{
  "position_id": 3480,
  "market_id": "btc-updown-5m-1777206300",
  "question": "Bitcoin Up or Down - April 26, 8:25AM-8:30AM ET",
  "side": "Up",
  "signal_score": 0.6138474942865334,
  "correct": true,
  "entry_price": 0.5171175166297117,
  "exit_price": 0.56,
  "log_return": 0.07966663015754957,
  "size": 17.94,
  "pnl": 1.1662994918103102,
  "fees": 0.30846200000000124,
  "gain_pct": 0.065011,
  "realized_edge": 0.0967,
  "fill_slippage": 0.0071,
  "weight_version": "weights_v001",
  "category": "crypto-5min",
  "indicator_snapshot": {
    "rsi": {
      "rsi": 100.0,
      "score": -1.0,
      "norm_score": -0.030981154208717582
    },
    "macd": {
      "macd": -12.9732,
      "signal": -16.0334,
      "histogram": 3.0601,
      "score": 0.4569,
      "norm_score": -0.4051112916349001
    },
    "stochastic": {
      "k": 50.0,
      "d": 50.0,
      "score": -0.0,
      "norm_score": -0.030981154208717946
    },
    "ema": {
      "trend": "chop",
      "fast_ema": 77998.72605265185,
      "slow_ema": 78002.79040425718
    },
    "obv": {
      "obv_slope": 0.0,
      "price_slope": 0.0,
      "score": 0.0,
      "norm_score": 1.084611397853398e-06
    },
    "vwap": {
      "vwap": 78069.68,
      "deviation": -1.3339,
      "score": 0.4002,
      "norm_score": 3.0
    },
    "atr": {
      "atr": 2.51,
      "passes": true,
      "reason": "ok"
    },
    "weights": {
      "rsi": 0.2,
      "macd": 0.25,
      "stochastic": 0.2,
      "obv": 0.15,
      "vwap": 0.2,
      "entry_threshold": 0.6
    },
    "trade_context": {
      "btc_price": 78016.97,
      "strike_price": 77998.69,
      "seconds_remaining": 298.618681,
      "market_price_up": 0.51,
      "market_price_down": 0.48,
      "model_probability_raw": 0.6138474942865334,
      "model_probability": 0.6138474942865334,
      "edge": 0.10384749428653339,
      "momentum_score": 0.4863298780994976,
      "atr": 2.51,
      "size": 17.94,
      "flow_score": 0.3734,
      "flow_book_imbalance": 0.0052,
      "flow_trade_count": 6,
      "spot_flow_signal": -0.002525428185424802,
      "wall_pressure": 0.0,
      "iv_ratio": 2.0,
      "prev_resolution_margin": -64.76070839317981,
      "bybit_perp_price": 77962.5,
      "funding_rate": 1.5e-05,
      "depth_usd_top20": 287045.7742638,
      "entry_phase": "normal",
      "flip_count": 0,
      "is_flip": false,
      "cvd_120s": 0.0,
      "taker_ratio_60s": 0.5,
      "volume_surge": false,
      "liquidation_pressure": 0.0,
      "gex_signal": 1.0,
      "gex_regime": "stabilizing",
      "cvd_acceleration": 0.0,
      "clob_velocity_up": 0.0,
      "clob_velocity_down": 0.0,
      "coinbase_btc": 78016.97,
      "regime_state": "volatile",
      "regime_kelly_mult": 0.7,
      "regime_autocorr": -0.1687,
      "sprt_confidence": 0.07608677833052326,
      "sprt_status": "ACCUMULATING",
      "signal_consensus": 1.3,
      "adverse_selection_30s": 0.37037037037037035,
      "alpha_decay_rate": 0.0,
      "garch_vol_ratio": 2.0,
      "crowd_bias": {
        "flb": 0.0,
        "recency_fade": 0.3,
        "round_number_dampening": 0.92,
        "composite_logit_adjustment": 0.006
      },
      "oracle_divergence": 4.360190000006696,
      "edge_realization_ratio": 2.860557619624676
    }
  },
  "exit_reason": "scalp",
  "seconds_remaining_at_exit": 209.86814,
  "exit_timestamp": "2026-04-26T12:26:31.357344+00:00",
  "timestamp": "2026-04-26T12:26:31.357344+00:00"
}