{
  "position_id": 3490,
  "market_id": "btc-updown-5m-1777208700",
  "question": "Bitcoin Up or Down - April 26, 9:05AM-9:10AM ET",
  "side": "Up",
  "signal_score": 0.5904638042340764,
  "correct": false,
  "entry_price": 0.51,
  "exit_price": 0.4699999999999999,
  "log_return": -0.08167803101426736,
  "size": 17.94,
  "pnl": -1.709212549019611,
  "fees": 0.3145640000000006,
  "gain_pct": -0.095274,
  "realized_edge": 0.0805,
  "fill_slippage": 0.01,
  "weight_version": "weights_v001",
  "category": "crypto-5min",
  "indicator_snapshot": {
    "rsi": {
      "rsi": 0.0,
      "score": 1.0,
      "norm_score": 3.772555384257858e-05
    },
    "macd": {
      "macd": -24.7056,
      "signal": -20.439,
      "histogram": -4.2666,
      "score": -0.3312,
      "norm_score": 0.13835734551064185
    },
    "stochastic": {
      "k": 0.0,
      "d": 0.0,
      "score": 1.0,
      "norm_score": 0.022876629703285842
    },
    "ema": {
      "trend": "bearish",
      "fast_ema": 77797.34971957371,
      "slow_ema": 77818.18060037578
    },
    "obv": {
      "obv_slope": 0.0,
      "price_slope": 0.0,
      "score": 0.0,
      "norm_score": 0.00044726166699044753
    },
    "vwap": {
      "vwap": 77978.74,
      "deviation": -1.5967,
      "score": 0.479,
      "norm_score": 0.022919993483647778
    },
    "atr": {
      "atr": 11.06,
      "passes": true,
      "reason": "ok"
    },
    "weights": {
      "rsi": 0.2,
      "macd": 0.25,
      "stochastic": 0.2,
      "obv": 0.15,
      "vwap": 0.2,
      "entry_threshold": 0.6
    },
    "trade_context": {
      "btc_price": 77863.69,
      "strike_price": 77846.3742347252,
      "seconds_remaining": 199.753384,
      "market_price_up": 0.5,
      "market_price_down": 0.49,
      "model_probability_raw": 0.5904638042340764,
      "model_probability": 0.5904638042340764,
      "edge": 0.0904638042340764,
      "momentum_score": 0.04382329537586427,
      "atr": 11.06,
      "size": 17.94,
      "flow_score": -0.0205,
      "flow_book_imbalance": 0.0185,
      "flow_trade_count": 200,
      "spot_flow_signal": 0.1582495067673122,
      "wall_pressure": 0.0,
      "iv_ratio": 2.0,
      "prev_resolution_margin": -26.076029999996535,
      "bybit_perp_price": 77800.0,
      "funding_rate": 2.216e-05,
      "depth_usd_top20": 174883.9283277,
      "entry_phase": "normal",
      "flip_count": 0,
      "is_flip": false,
      "cvd_120s": 0.0,
      "taker_ratio_60s": 0.5,
      "volume_surge": false,
      "liquidation_pressure": 0.036409080591660425,
      "gex_signal": 1.0,
      "gex_regime": "stabilizing",
      "cvd_acceleration": 0.0,
      "clob_velocity_up": 0.0,
      "clob_velocity_down": 0.0,
      "coinbase_btc": 77863.69,
      "regime_state": "neutral",
      "regime_kelly_mult": 1.0,
      "regime_autocorr": -0.2026,
      "sprt_confidence": 0.0,
      "sprt_status": "SKIP",
      "signal_consensus": 1.3,
      "adverse_selection_30s": 0.375,
      "alpha_decay_rate": -0.00016601722702145406,
      "garch_vol_ratio": 2.0,
      "crowd_bias": {
        "flb": 0.0,
        "recency_fade": 0.9,
        "round_number_dampening": 1.0,
        "composite_logit_adjustment": 0.018
      },
      "oracle_divergence": 13.909820000000764,
      "edge_realization_ratio": 2.723757734997461
    }
  },
  "exit_reason": "scalp",
  "seconds_remaining_at_exit": 174.386965,
  "exit_timestamp": "2026-04-26T13:07:06.274227+00:00",
  "timestamp": "2026-04-26T13:07:06.274227+00:00"
}