{
  "position_id": 3493,
  "market_id": "btc-updown-5m-1777209300",
  "question": "Bitcoin Up or Down - April 26, 9:15AM-9:20AM ET",
  "side": "Down",
  "signal_score": 0.33559922765866457,
  "correct": true,
  "entry_price": 0.23999999999999996,
  "exit_price": 0.4,
  "log_return": 0.5108256237659908,
  "size": 17.94,
  "pnl": 11.232466333333338,
  "fees": 0.5639210000000017,
  "gain_pct": 0.626113,
  "realized_edge": 0.0956,
  "fill_slippage": -0.0,
  "weight_version": "weights_v001",
  "category": "crypto-5min",
  "indicator_snapshot": {
    "rsi": {
      "rsi": 100.0,
      "score": -1.0,
      "norm_score": -1.4050555384751978e-05
    },
    "macd": {
      "macd": 35.8196,
      "signal": 29.3592,
      "histogram": 6.4604,
      "score": 0.2166,
      "norm_score": -0.8109646727071552
    },
    "stochastic": {
      "k": 100.0,
      "d": 100.0,
      "score": -1.0,
      "norm_score": -9.776094942551272e-05
    },
    "ema": {
      "trend": "bullish",
      "fast_ema": 77933.50322210856,
      "slow_ema": 77902.05144054163
    },
    "obv": {
      "obv_slope": 0.0,
      "price_slope": 0.0,
      "score": 0.0,
      "norm_score": -0.24546857275584866
    },
    "vwap": {
      "vwap": 77976.09,
      "deviation": -0.3102,
      "score": 0.0931,
      "norm_score": -0.010117346041032847
    },
    "atr": {
      "atr": 15.31,
      "passes": true,
      "reason": "ok"
    },
    "weights": {
      "rsi": 0.2,
      "macd": 0.25,
      "stochastic": 0.2,
      "obv": 0.15,
      "vwap": 0.2,
      "entry_threshold": 0.6
    },
    "trade_context": {
      "btc_price": 77962.31,
      "strike_price": 77917.22769,
      "seconds_remaining": 274.613108,
      "market_price_up": 0.75,
      "market_price_down": 0.24,
      "model_probability_raw": 0.33559922765866457,
      "model_probability": 0.33559922765866457,
      "edge": 0.09559922765866458,
      "momentum_score": -0.24160728559933473,
      "atr": 15.31,
      "size": 17.94,
      "flow_score": -0.0268,
      "flow_book_imbalance": 0.1031,
      "flow_trade_count": 200,
      "spot_flow_signal": -0.22127675274363262,
      "wall_pressure": 0.0,
      "iv_ratio": 2.0,
      "prev_resolution_margin": -26.076029999996535,
      "bybit_perp_price": 77903.5,
      "funding_rate": 2.269e-05,
      "depth_usd_top20": 249348.1656125,
      "entry_phase": "normal",
      "flip_count": 0,
      "is_flip": false,
      "cvd_120s": 0.0,
      "taker_ratio_60s": 0.5,
      "volume_surge": false,
      "liquidation_pressure": 0.10428949412434514,
      "gex_signal": 1.0,
      "gex_regime": "stabilizing",
      "cvd_acceleration": 0.0,
      "clob_velocity_up": 0.020414490219860894,
      "clob_velocity_down": -0.020414490219860894,
      "coinbase_btc": 77962.31,
      "regime_state": "neutral",
      "regime_kelly_mult": 1.0,
      "regime_autocorr": -0.1086,
      "sprt_confidence": 0.07047627615111969,
      "sprt_status": "ACCUMULATING",
      "signal_consensus": 1.3,
      "adverse_selection_30s": 0.41935483870967744,
      "alpha_decay_rate": 0.0030708280340433726,
      "garch_vol_ratio": 2.0,
      "crowd_bias": {
        "flb": 0.015,
        "recency_fade": 0.0,
        "round_number_dampening": 0.96,
        "composite_logit_adjustment": 0.015
      },
      "oracle_divergence": 18.198631757404655,
      "edge_realization_ratio": 3.221422329165094
    }
  },
  "exit_reason": "scalp",
  "seconds_remaining_at_exit": 215.813664,
  "exit_timestamp": "2026-04-26T13:16:25.208178+00:00",
  "timestamp": "2026-04-26T13:16:25.208178+00:00"
}