{
  "position_id": 3499,
  "market_id": "btc-updown-5m-1777210800",
  "question": "Bitcoin Up or Down - April 26, 9:40AM-9:45AM ET",
  "side": "Down",
  "signal_score": 0.7294664342490151,
  "correct": false,
  "entry_price": 0.68,
  "exit_price": 0.0,
  "log_return": -10.0,
  "size": 16.81,
  "pnl": -16.81,
  "fees": 0.09682600000000065,
  "gain_pct": -1.0,
  "realized_edge": 0.0495,
  "fill_slippage": 0.01,
  "weight_version": "weights_v001",
  "category": "crypto-5min",
  "indicator_snapshot": {
    "rsi": {
      "rsi": 100.0,
      "score": -1.0,
      "norm_score": -1.3560191825394183e-05
    },
    "macd": {
      "macd": 15.8534,
      "signal": 16.4727,
      "histogram": -0.6193,
      "score": -0.0307,
      "norm_score": -0.08524193286932832
    },
    "stochastic": {
      "k": 100.0,
      "d": 100.0,
      "score": -1.0,
      "norm_score": -1.8965381456867184e-05
    },
    "ema": {
      "trend": "bullish",
      "fast_ema": 77985.63689626785,
      "slow_ema": 77976.30923652023
    },
    "obv": {
      "obv_slope": 0.0,
      "price_slope": 0.0,
      "score": 0.0,
      "norm_score": -5.848973680134344e-17
    },
    "vwap": {
      "vwap": 77974.4,
      "deviation": 0.1022,
      "score": -0.0307,
      "norm_score": -0.08534109670145444
    },
    "atr": {
      "atr": 12.03,
      "passes": true,
      "reason": "ok"
    },
    "weights": {
      "rsi": 0.2,
      "macd": 0.25,
      "stochastic": 0.2,
      "obv": 0.15,
      "vwap": 0.2,
      "entry_threshold": 0.6
    },
    "trade_context": {
      "btc_price": 77968.35,
      "strike_price": 77986.56,
      "seconds_remaining": 127.703164,
      "market_price_up": 0.32,
      "market_price_down": 0.67,
      "model_probability_raw": 0.7294664342490151,
      "model_probability": 0.7294664342490151,
      "edge": 0.0594664342490151,
      "momentum_score": -0.03838520767227943,
      "atr": 12.03,
      "size": 16.81,
      "flow_score": 0.2983,
      "flow_book_imbalance": -0.0594,
      "flow_trade_count": 200,
      "spot_flow_signal": -0.21722464129106453,
      "wall_pressure": 0.0,
      "iv_ratio": 2.0,
      "prev_resolution_margin": 75.7742646545812,
      "bybit_perp_price": 77913.4,
      "funding_rate": 2.517e-05,
      "depth_usd_top20": 219171.32322669995,
      "entry_phase": "late",
      "flip_count": 1,
      "is_flip": true,
      "cvd_120s": 0.0,
      "taker_ratio_60s": 0.5,
      "volume_surge": false,
      "liquidation_pressure": 0.02284652520019228,
      "gex_signal": 1.0,
      "gex_regime": "stabilizing",
      "cvd_acceleration": 0.0,
      "clob_velocity_up": 0.0,
      "clob_velocity_down": 0.0,
      "coinbase_btc": 77968.35,
      "regime_state": "trending_up",
      "regime_kelly_mult": 1.2,
      "regime_autocorr": 0.0951,
      "sprt_confidence": 0.055794765219826514,
      "sprt_status": "SKIP",
      "signal_consensus": 0.8,
      "adverse_selection_30s": 0.4482758620689655,
      "alpha_decay_rate": -0.002398558852557138,
      "garch_vol_ratio": 2.0,
      "crowd_bias": {
        "flb": -0.0108,
        "recency_fade": 0.0,
        "round_number_dampening": 0.92,
        "composite_logit_adjustment": -0.0108
      },
      "oracle_divergence": 9.488980000009178,
      "edge_realization_ratio": 3.306854893543493
    }
  },
  "exit_reason": "resolution",
  "seconds_remaining_at_exit": 0.0,
  "exit_timestamp": "2026-04-26T13:50:12.427290+00:00",
  "timestamp": "2026-04-26T13:50:12.427290+00:00"
}