{
  "position_id": 3503,
  "market_id": "btc-updown-5m-1777212000",
  "question": "Bitcoin Up or Down - April 26, 10:00AM-10:05AM ET",
  "side": "Up",
  "signal_score": 0.24931000722248622,
  "correct": false,
  "entry_price": 0.09,
  "exit_price": 0.0,
  "log_return": -10.0,
  "size": 17.92,
  "pnl": -17.92,
  "fees": 0.29352999999999924,
  "gain_pct": -1.0,
  "realized_edge": 0.1593,
  "fill_slippage": 0.0,
  "weight_version": "weights_v001",
  "category": "crypto-5min",
  "indicator_snapshot": {
    "rsi": {
      "rsi": 100.0,
      "score": -1.0,
      "norm_score": -0.9986057895950642
    },
    "macd": {
      "macd": 0.1493,
      "signal": -0.1985,
      "histogram": 0.3477,
      "score": 0.0815,
      "norm_score": -0.25366762980686514
    },
    "stochastic": {
      "k": 100.0,
      "d": 100.0,
      "score": -1.0,
      "norm_score": -0.5090365253363521
    },
    "ema": {
      "trend": "chop",
      "fast_ema": 77956.69073642435,
      "slow_ema": 77956.09608944536
    },
    "obv": {
      "obv_slope": 0.0,
      "price_slope": 0.0,
      "score": 0.0,
      "norm_score": 0.9064556551989225
    },
    "vwap": {
      "vwap": 77955.6,
      "deviation": 0.019,
      "score": -0.0057,
      "norm_score": -1.3537961069968176
    },
    "atr": {
      "atr": 7.19,
      "passes": true,
      "reason": "ok"
    },
    "weights": {
      "rsi": 0.2,
      "macd": 0.25,
      "stochastic": 0.2,
      "obv": 0.15,
      "vwap": 0.2,
      "entry_threshold": 0.6
    },
    "trade_context": {
      "btc_price": 77942.65,
      "strike_price": 77956.71,
      "seconds_remaining": 179.397405,
      "market_price_up": 0.09,
      "market_price_down": 0.9,
      "model_probability_raw": 0.24931000722248622,
      "model_probability": 0.24931000722248622,
      "edge": 0.15931000722248623,
      "momentum_score": -0.4997362435575248,
      "atr": 7.19,
      "size": 17.92,
      "flow_score": 0.0422,
      "flow_book_imbalance": -0.3355,
      "flow_trade_count": 200,
      "spot_flow_signal": -0.4410626616585357,
      "wall_pressure": 0.0,
      "iv_ratio": 2.0,
      "prev_resolution_margin": -37.749812481502886,
      "bybit_perp_price": 77881.1,
      "funding_rate": 2.268e-05,
      "depth_usd_top20": 463462.1503379999,
      "entry_phase": "late",
      "flip_count": 0,
      "is_flip": false,
      "cvd_120s": -0.22503,
      "taker_ratio_60s": 0.14259394555446142,
      "volume_surge": false,
      "liquidation_pressure": 0.0,
      "gex_signal": 1.0,
      "gex_regime": "stabilizing",
      "cvd_acceleration": 0.006140222222222222,
      "clob_velocity_up": 0.0,
      "clob_velocity_down": 0.0,
      "coinbase_btc": 77942.65,
      "regime_state": "trending_up",
      "regime_kelly_mult": 1.2,
      "regime_autocorr": 0.1625,
      "sprt_confidence": 0.20062282697963144,
      "sprt_status": "SKIP",
      "signal_consensus": 0.6,
      "adverse_selection_30s": 0.5,
      "alpha_decay_rate": 0.002555094850696982,
      "garch_vol_ratio": 2.0,
      "crowd_bias": {
        "flb": -0.0246,
        "recency_fade": 0.0,
        "round_number_dampening": 0.92,
        "composite_logit_adjustment": -0.0246
      },
      "oracle_divergence": 2.431429999996908,
      "edge_realization_ratio": 3.170176983641716
    }
  },
  "exit_reason": "resolution",
  "seconds_remaining_at_exit": 0.0,
  "exit_timestamp": "2026-04-26T14:11:07.608259+00:00",
  "timestamp": "2026-04-26T14:11:07.608259+00:00"
}