{
  "position_id": 3507,
  "market_id": "btc-updown-5m-1777213500",
  "question": "Bitcoin Up or Down - April 26, 10:25AM-10:30AM ET",
  "side": "Up",
  "signal_score": 0.4162497908593637,
  "correct": true,
  "entry_price": 0.31,
  "exit_price": 0.83,
  "log_return": 0.9848534033114517,
  "size": 16.97,
  "pnl": 27.76418780645161,
  "fees": 0.34807400000000077,
  "gain_pct": 1.636075,
  "realized_edge": 0.1062,
  "fill_slippage": -0.01,
  "weight_version": "weights_v001",
  "category": "crypto-5min",
  "indicator_snapshot": {
    "rsi": {
      "rsi": 0.0,
      "score": 1.0,
      "norm_score": 0.05109155673441652
    },
    "macd": {
      "macd": 22.3351,
      "signal": 33.9083,
      "histogram": -11.5732,
      "score": -0.267,
      "norm_score": -0.3903262845408372
    },
    "stochastic": {
      "k": 0.0,
      "d": 0.0,
      "score": 1.0,
      "norm_score": 0.11662319050962505
    },
    "ema": {
      "trend": "chop",
      "fast_ema": 78070.3866274305,
      "slow_ema": 78070.88312665933
    },
    "obv": {
      "obv_slope": -0.0,
      "price_slope": -5.8767,
      "score": -0.0017,
      "norm_score": 0.14968335354119788
    },
    "vwap": {
      "vwap": 77954.76,
      "deviation": 2.5153,
      "score": -0.7546,
      "norm_score": 0.10311802833471288
    },
    "atr": {
      "atr": 28.76,
      "passes": true,
      "reason": "ok"
    },
    "weights": {
      "rsi": 0.2,
      "macd": 0.25,
      "stochastic": 0.2,
      "obv": 0.15,
      "vwap": 0.2,
      "entry_threshold": 0.6
    },
    "trade_context": {
      "btc_price": 78064.01,
      "strike_price": 78068.44677,
      "seconds_remaining": 150.925343,
      "market_price_up": 0.32,
      "market_price_down": 0.67,
      "model_probability_raw": 0.4162497908593637,
      "model_probability": 0.4162497908593637,
      "edge": 0.09624979085936369,
      "momentum_score": -0.020962512988278722,
      "atr": 28.76,
      "size": 16.97,
      "flow_score": -0.0245,
      "flow_book_imbalance": -0.1697,
      "flow_trade_count": 200,
      "spot_flow_signal": -0.16206872071197573,
      "wall_pressure": 0.0,
      "iv_ratio": 1.4597804113635906,
      "prev_resolution_margin": 12.47939999999653,
      "bybit_perp_price": 78000.5,
      "funding_rate": 1.876e-05,
      "depth_usd_top20": 385072.1322260999,
      "entry_phase": "late",
      "flip_count": 0,
      "is_flip": false,
      "cvd_120s": -0.00413,
      "taker_ratio_60s": 0.5,
      "volume_surge": false,
      "liquidation_pressure": 0.016852926153300096,
      "gex_signal": 1.0,
      "gex_regime": "stabilizing",
      "cvd_acceleration": 0.0,
      "clob_velocity_up": 0.0,
      "clob_velocity_down": 0.0,
      "coinbase_btc": 78064.01,
      "regime_state": "volatile",
      "regime_kelly_mult": 0.7,
      "regime_autocorr": 0.3563,
      "sprt_confidence": 0.0,
      "sprt_status": "SKIP",
      "signal_consensus": 0.6,
      "adverse_selection_30s": 0.6,
      "alpha_decay_rate": 0.0011024959643231842,
      "garch_vol_ratio": 2.0,
      "crowd_bias": {
        "flb": -0.0108,
        "recency_fade": 0.0,
        "round_number_dampening": 0.96,
        "composite_logit_adjustment": -0.0108
      },
      "oracle_divergence": 1.819999999992433,
      "edge_realization_ratio": 2.9054782048306573
    }
  },
  "exit_reason": "scalp",
  "seconds_remaining_at_exit": 38.204924,
  "exit_timestamp": "2026-04-26T14:29:22.410557+00:00",
  "timestamp": "2026-04-26T14:29:22.410557+00:00"
}