{
  "position_id": 3510,
  "market_id": "btc-updown-5m-1777214100",
  "question": "Bitcoin Up or Down - April 26, 10:35AM-10:40AM ET",
  "side": "Up",
  "signal_score": 0.6361886190635039,
  "correct": true,
  "entry_price": 0.55,
  "exit_price": 1.0,
  "log_return": 0.5978370007556204,
  "size": 16.0,
  "pnl": 12.855272727272727,
  "fees": 0.12959999999999977,
  "gain_pct": 0.803455,
  "realized_edge": 0.0862,
  "fill_slippage": 0.01,
  "weight_version": "weights_v001",
  "category": "crypto-5min",
  "indicator_snapshot": {
    "rsi": {
      "rsi": 0.0,
      "score": 1.0,
      "norm_score": 1.8119357294381735
    },
    "macd": {
      "macd": -0.1913,
      "signal": 0.8476,
      "histogram": -1.0389,
      "score": -0.1656,
      "norm_score": -0.3741700167460924
    },
    "stochastic": {
      "k": 0.0,
      "d": 32.06,
      "score": 1.0,
      "norm_score": 1.7028523260964092
    },
    "ema": {
      "trend": "chop",
      "fast_ema": 78054.33329425167,
      "slow_ema": 78056.36547337667
    },
    "obv": {
      "obv_slope": 0.0,
      "price_slope": 0.0,
      "score": 0.0,
      "norm_score": 1.4684277524660698
    },
    "vwap": {
      "vwap": 77955.32,
      "deviation": 2.2517,
      "score": -0.6755,
      "norm_score": 0.3185418609916611
    },
    "atr": {
      "atr": 9.62,
      "passes": true,
      "reason": "ok"
    },
    "weights": {
      "rsi": 0.2,
      "macd": 0.25,
      "stochastic": 0.2,
      "obv": 0.15,
      "vwap": 0.2,
      "entry_threshold": 0.6
    },
    "trade_context": {
      "btc_price": 78090.23,
      "strike_price": 78077.19876,
      "seconds_remaining": 113.103582,
      "market_price_up": 0.54,
      "market_price_down": 0.45,
      "model_probability_raw": 0.6361886190635039,
      "model_probability": 0.6361886190635039,
      "edge": 0.09618861906350384,
      "momentum_score": 0.8933876419886362,
      "atr": 9.62,
      "size": 16.0,
      "flow_score": 0.0931,
      "flow_book_imbalance": 0.0858,
      "flow_trade_count": 200,
      "spot_flow_signal": 0.17904567543606587,
      "wall_pressure": 0.0,
      "iv_ratio": 2.0,
      "prev_resolution_margin": 12.47939999999653,
      "bybit_perp_price": 78028.7,
      "funding_rate": 1.74e-05,
      "depth_usd_top20": 289654.2315446,
      "entry_phase": "late",
      "flip_count": 1,
      "is_flip": true,
      "cvd_120s": 0.00051,
      "taker_ratio_60s": 0.5,
      "volume_surge": false,
      "liquidation_pressure": 0.0060173512174132035,
      "gex_signal": 1.0,
      "gex_regime": "stabilizing",
      "cvd_acceleration": 0.0,
      "clob_velocity_up": 0.0203889565392814,
      "clob_velocity_down": -0.020388956539281286,
      "coinbase_btc": 78090.23,
      "regime_state": "trending_down",
      "regime_kelly_mult": 1.2,
      "regime_autocorr": 0.3592,
      "sprt_confidence": 0.0,
      "sprt_status": "SKIP",
      "signal_consensus": 1.3,
      "adverse_selection_30s": 0.68,
      "alpha_decay_rate": -0.0008654014750907132,
      "garch_vol_ratio": 2.0,
      "crowd_bias": {
        "flb": 0.0,
        "recency_fade": 0.0,
        "round_number_dampening": 0.96,
        "composite_logit_adjustment": 0.0
      },
      "oracle_divergence": 14.941266799389268,
      "edge_realization_ratio": 3.179327691222489
    }
  },
  "exit_reason": "resolution",
  "seconds_remaining_at_exit": 0.0,
  "exit_timestamp": "2026-04-26T14:46:14.668436+00:00",
  "timestamp": "2026-04-26T14:46:14.668436+00:00"
}