{
  "position_id": 3511,
  "market_id": "btc-updown-5m-1777214400",
  "question": "Bitcoin Up or Down - April 26, 10:40AM-10:45AM ET",
  "side": "Up",
  "signal_score": 0.8597214357376787,
  "correct": false,
  "entry_price": 0.79,
  "exit_price": 0.0,
  "log_return": -10.0,
  "size": 17.94,
  "pnl": -17.94,
  "fees": 0.06781299999999892,
  "gain_pct": -1.0,
  "realized_edge": 0.0697,
  "fill_slippage": 0.01,
  "weight_version": "weights_v001",
  "category": "crypto-5min",
  "indicator_snapshot": {
    "rsi": {
      "rsi": 100.0,
      "score": -1.0,
      "norm_score": -0.2704946439607303
    },
    "macd": {
      "macd": -0.6022,
      "signal": -0.2555,
      "histogram": -0.3468,
      "score": -0.0553,
      "norm_score": 0.25956609791745994
    },
    "stochastic": {
      "k": 50.0,
      "d": 25.0,
      "score": -0.0,
      "norm_score": -0.2704798681183544
    },
    "ema": {
      "trend": "chop",
      "fast_ema": 78053.77041178146,
      "slow_ema": 78054.94883040905
    },
    "obv": {
      "obv_slope": 0.0,
      "price_slope": 0.0,
      "score": 0.0,
      "norm_score": 0.001148253898240228
    },
    "vwap": {
      "vwap": 77955.32,
      "deviation": 2.2517,
      "score": -0.6755,
      "norm_score": 0.0008744230803244716
    },
    "atr": {
      "atr": 6.06,
      "passes": true,
      "reason": "ok"
    },
    "weights": {
      "rsi": 0.2,
      "macd": 0.25,
      "stochastic": 0.2,
      "obv": 0.15,
      "vwap": 0.2,
      "entry_threshold": 0.6
    },
    "trade_context": {
      "btc_price": 78132.63,
      "strike_price": 78053.69,
      "seconds_remaining": 197.761058,
      "market_price_up": 0.78,
      "market_price_down": 0.21,
      "model_probability_raw": 0.8597214357376787,
      "model_probability": 0.8597214357376787,
      "edge": 0.07972143573767865,
      "momentum_score": -0.04295625523565103,
      "atr": 6.06,
      "size": 17.94,
      "flow_score": 0.0995,
      "flow_book_imbalance": 0.2135,
      "flow_trade_count": 200,
      "spot_flow_signal": -0.012570975465555212,
      "wall_pressure": 0.0,
      "iv_ratio": 2.0,
      "prev_resolution_margin": 12.47939999999653,
      "bybit_perp_price": 78077.9,
      "funding_rate": 1.77e-05,
      "depth_usd_top20": 277550.6308213999,
      "entry_phase": "normal",
      "flip_count": 0,
      "is_flip": false,
      "cvd_120s": 0.0,
      "taker_ratio_60s": 0.5,
      "volume_surge": false,
      "liquidation_pressure": 0.0,
      "gex_signal": 1.0,
      "gex_regime": "stabilizing",
      "cvd_acceleration": 0.0,
      "clob_velocity_up": 0.0,
      "clob_velocity_down": 0.0,
      "coinbase_btc": 78132.63,
      "regime_state": "neutral",
      "regime_kelly_mult": 1.0,
      "regime_autocorr": 0.3592,
      "sprt_confidence": 1.0,
      "sprt_status": "ENTER",
      "signal_consensus": 1.3,
      "adverse_selection_30s": 0.6923076923076923,
      "alpha_decay_rate": 1.8895720975683165e-05,
      "garch_vol_ratio": 2.0,
      "crowd_bias": {
        "flb": 0.0168,
        "recency_fade": 0.0,
        "round_number_dampening": 0.96,
        "composite_logit_adjustment": 0.0168
      },
      "oracle_divergence": 25.436130000001867,
      "edge_realization_ratio": 3.179327691222489
    }
  },
  "exit_reason": "resolution",
  "seconds_remaining_at_exit": 0.0,
  "exit_timestamp": "2026-04-26T14:49:02.952630+00:00",
  "timestamp": "2026-04-26T14:49:02.952630+00:00"
}