{
  "position_id": 3513,
  "market_id": "btc-updown-5m-1777215000",
  "question": "Bitcoin Up or Down - April 26, 10:50AM-10:55AM ET",
  "side": "Up",
  "signal_score": 0.6346969948763184,
  "correct": true,
  "entry_price": 0.56,
  "exit_price": 0.88,
  "log_return": 0.4519851237430572,
  "size": 17.94,
  "pnl": 9.967741142857143,
  "fees": 0.2024959999999996,
  "gain_pct": 0.555615,
  "realized_edge": 0.0747,
  "fill_slippage": 0.01,
  "weight_version": "weights_v001",
  "category": "crypto-5min",
  "indicator_snapshot": {
    "rsi": {
      "rsi": 47.13,
      "score": 0.043,
      "norm_score": -1.066542150620183
    },
    "macd": {
      "macd": -14.4057,
      "signal": -14.5219,
      "histogram": 0.1162,
      "score": 0.0036,
      "norm_score": 1.6168257071886059
    },
    "stochastic": {
      "k": 89.15,
      "d": 69.11,
      "score": -0.6203,
      "norm_score": -1.8506351631918858
    },
    "ema": {
      "trend": "bearish",
      "fast_ema": 78021.14586017925,
      "slow_ema": 78029.6385919356
    },
    "obv": {
      "obv_slope": 0.0,
      "price_slope": 32.8967,
      "score": 0.001,
      "norm_score": 0.550386485909345
    },
    "vwap": {
      "vwap": 77955.91,
      "deviation": 2.0944,
      "score": -0.6283,
      "norm_score": -1.8212342337509673
    },
    "atr": {
      "atr": 30.73,
      "passes": true,
      "reason": "ok"
    },
    "weights": {
      "rsi": 0.2,
      "macd": 0.25,
      "stochastic": 0.2,
      "obv": 0.15,
      "vwap": 0.2,
      "entry_threshold": 0.6
    },
    "trade_context": {
      "btc_price": 78100.49,
      "strike_price": 78032.13104,
      "seconds_remaining": 265.62313,
      "market_price_up": 0.55,
      "market_price_down": 0.44,
      "model_probability_raw": 0.6346969948763184,
      "model_probability": 0.6346969948763184,
      "edge": 0.08469699487631832,
      "momentum_score": -0.4609179098290541,
      "atr": 30.73,
      "size": 17.94,
      "flow_score": -0.0002,
      "flow_book_imbalance": 0.0231,
      "flow_trade_count": 200,
      "spot_flow_signal": 0.13837722608371125,
      "wall_pressure": 0.0,
      "iv_ratio": 1.3689404560764833,
      "prev_resolution_margin": 10.16199000000779,
      "bybit_perp_price": 78062.5,
      "funding_rate": 1.768e-05,
      "depth_usd_top20": 307407.1535148999,
      "entry_phase": "normal",
      "flip_count": 0,
      "is_flip": false,
      "cvd_120s": -0.10751,
      "taker_ratio_60s": 1.0,
      "volume_surge": true,
      "liquidation_pressure": 0.0,
      "gex_signal": 1.0,
      "gex_regime": "stabilizing",
      "cvd_acceleration": 0.0002,
      "clob_velocity_up": 0.0,
      "clob_velocity_down": 0.0,
      "coinbase_btc": 78109.2,
      "regime_state": "neutral",
      "regime_kelly_mult": 1.0,
      "regime_autocorr": 0.099,
      "sprt_confidence": 0.0,
      "sprt_status": "SKIP",
      "signal_consensus": 1.3,
      "adverse_selection_30s": 0.6666666666666666,
      "alpha_decay_rate": -0.0008690523020756095,
      "garch_vol_ratio": 2.0,
      "crowd_bias": {
        "flb": 0.0,
        "recency_fade": 0.0,
        "round_number_dampening": 0.92,
        "composite_logit_adjustment": 0.0
      },
      "oracle_divergence": 58.48502000000735,
      "edge_realization_ratio": 3.349795520067106
    }
  },
  "exit_reason": "scalp",
  "seconds_remaining_at_exit": 252.017642,
  "exit_timestamp": "2026-04-26T14:50:48.680372+00:00",
  "timestamp": "2026-04-26T14:50:48.680372+00:00"
}