{
  "position_id": 3519,
  "market_id": "btc-updown-5m-1777215900",
  "question": "Bitcoin Up or Down - April 26, 11:05AM-11:10AM ET",
  "side": "Up",
  "signal_score": 0.6591443665722879,
  "correct": false,
  "entry_price": 0.59,
  "exit_price": 0.0,
  "log_return": -10.0,
  "size": 15.36,
  "pnl": -15.36,
  "fees": 0.1133570000000003,
  "gain_pct": -1.0,
  "realized_edge": 0.0691,
  "fill_slippage": 0.01,
  "weight_version": "weights_v001",
  "category": "crypto-5min",
  "indicator_snapshot": {
    "rsi": {
      "rsi": 0.0,
      "score": 1.0,
      "norm_score": 0.00029114133851787955
    },
    "macd": {
      "macd": -5.0308,
      "signal": -1.9553,
      "histogram": -3.0754,
      "score": -0.5651,
      "norm_score": -0.25903903584683097
    },
    "stochastic": {
      "k": 0.0,
      "d": 0.0,
      "score": 1.0,
      "norm_score": 0.0002787860640607502
    },
    "ema": {
      "trend": "chop",
      "fast_ema": 78097.15416195244,
      "slow_ema": 78104.63566791758
    },
    "obv": {
      "obv_slope": 0.0,
      "price_slope": 0.0,
      "score": 0.0,
      "norm_score": 0.2590402858611281
    },
    "vwap": {
      "vwap": 77956.42,
      "deviation": 3.243,
      "score": -0.9729,
      "norm_score": -0.0018129308632324037
    },
    "atr": {
      "atr": 9.03,
      "passes": true,
      "reason": "ok"
    },
    "weights": {
      "rsi": 0.2,
      "macd": 0.25,
      "stochastic": 0.2,
      "obv": 0.15,
      "vwap": 0.2,
      "entry_threshold": 0.6
    },
    "trade_context": {
      "btc_price": 78123.64,
      "strike_price": 78110.34374130786,
      "seconds_remaining": 85.28962,
      "market_price_up": 0.58,
      "market_price_down": 0.41,
      "model_probability_raw": 0.6591443665722879,
      "model_probability": 0.6591443665722879,
      "edge": 0.07914436657228796,
      "momentum_score": -0.026152316774669292,
      "atr": 9.03,
      "size": 15.36,
      "flow_score": 0.013,
      "flow_book_imbalance": 0.0653,
      "flow_trade_count": 200,
      "spot_flow_signal": -0.0029920823122284983,
      "wall_pressure": 0.0,
      "iv_ratio": 2.0,
      "prev_resolution_margin": 10.16199000000779,
      "bybit_perp_price": 78060.8,
      "funding_rate": 1.084e-05,
      "depth_usd_top20": 317363.31004949997,
      "entry_phase": "late",
      "flip_count": 1,
      "is_flip": true,
      "cvd_120s": 0.0,
      "taker_ratio_60s": 0.5,
      "volume_surge": false,
      "liquidation_pressure": 0.016876439906931117,
      "gex_signal": 1.0,
      "gex_regime": "stabilizing",
      "cvd_acceleration": 0.0,
      "clob_velocity_up": 0.0,
      "clob_velocity_down": 0.0,
      "coinbase_btc": 78121.06,
      "regime_state": "trending_down",
      "regime_kelly_mult": 1.2,
      "regime_autocorr": 0.258,
      "sprt_confidence": 0.0,
      "sprt_status": "SKIP",
      "signal_consensus": 1.0,
      "adverse_selection_30s": 0.6666666666666666,
      "alpha_decay_rate": -0.002385268662504542,
      "garch_vol_ratio": 2.0,
      "crowd_bias": {
        "flb": 0.0,
        "recency_fade": 0.0,
        "round_number_dampening": 1.0,
        "composite_logit_adjustment": 0.0
      },
      "oracle_divergence": 12.479476391294156,
      "edge_realization_ratio": 4.173673204803769
    }
  },
  "exit_reason": "resolution",
  "seconds_remaining_at_exit": 0.0,
  "exit_timestamp": "2026-04-26T15:13:30.698981+00:00",
  "timestamp": "2026-04-26T15:13:30.698981+00:00"
}