{
  "position_id": 3532,
  "market_id": "btc-updown-5m-1777219800",
  "question": "Bitcoin Up or Down - April 26, 12:10PM-12:15PM ET",
  "side": "Up",
  "signal_score": 0.590722015822779,
  "correct": false,
  "entry_price": 0.53,
  "exit_price": 0.0,
  "log_return": -10.0,
  "size": 16.15,
  "pnl": -16.15,
  "fees": 0.1366290000000009,
  "gain_pct": -1.0,
  "realized_edge": 0.0607,
  "fill_slippage": 0.01,
  "weight_version": "weights_v001",
  "category": "crypto-5min",
  "indicator_snapshot": {
    "rsi": {
      "rsi": 99.96,
      "score": -0.9991,
      "norm_score": -0.061083323848370875
    },
    "macd": {
      "macd": 2.8019,
      "signal": -0.6055,
      "histogram": 3.4074,
      "score": 0.3488,
      "norm_score": 0.10924361139234538
    },
    "stochastic": {
      "k": 39.49,
      "d": 33.41,
      "score": 0.1051,
      "norm_score": -0.10787707176536558
    },
    "ema": {
      "trend": "chop",
      "fast_ema": 78039.3079364989,
      "slow_ema": 78032.86982404522
    },
    "obv": {
      "obv_slope": 0.0,
      "price_slope": 2.6333,
      "score": 0.0002,
      "norm_score": 0.10848820010725
    },
    "vwap": {
      "vwap": 77960.53,
      "deviation": 1.9987,
      "score": -0.5996,
      "norm_score": -0.11076103271523258
    },
    "atr": {
      "atr": 14.98,
      "passes": true,
      "reason": "ok"
    },
    "weights": {
      "rsi": 0.2,
      "macd": 0.25,
      "stochastic": 0.2,
      "obv": 0.15,
      "vwap": 0.2,
      "entry_threshold": 0.6
    },
    "trade_context": {
      "btc_price": 78068.91,
      "strike_price": 78045.31,
      "seconds_remaining": 299.938114,
      "market_price_up": 0.52,
      "market_price_down": 0.47,
      "model_probability_raw": 0.590722015822779,
      "model_probability": 0.590722015822779,
      "edge": 0.07072201582277893,
      "momentum_score": -0.012360152801619966,
      "atr": 14.98,
      "size": 16.15,
      "flow_score": 0.0019,
      "flow_book_imbalance": 0.0031,
      "flow_trade_count": 0,
      "spot_flow_signal": 0.6854001477883093,
      "wall_pressure": 0.0,
      "iv_ratio": 2.0,
      "prev_resolution_margin": 10.16199000000779,
      "bybit_perp_price": 78010.0,
      "funding_rate": 4.87e-05,
      "depth_usd_top20": 346721.0931327,
      "entry_phase": "normal",
      "flip_count": 0,
      "is_flip": false,
      "cvd_120s": 0.00059,
      "taker_ratio_60s": 1.0,
      "volume_surge": false,
      "liquidation_pressure": 0.0,
      "gex_signal": 1.0,
      "gex_regime": "stabilizing",
      "cvd_acceleration": -1.3111111111111111e-05,
      "clob_velocity_up": 0.0,
      "clob_velocity_down": 0.0,
      "coinbase_btc": 78068.91,
      "regime_state": "neutral",
      "regime_kelly_mult": 1.0,
      "regime_autocorr": 0.0348,
      "sprt_confidence": 0.05768719732169432,
      "sprt_status": "ACCUMULATING",
      "signal_consensus": 1.3,
      "adverse_selection_30s": 0.6538461538461539,
      "alpha_decay_rate": 0.0,
      "garch_vol_ratio": 2.0,
      "crowd_bias": {
        "flb": 0.0,
        "recency_fade": 0.0,
        "round_number_dampening": 0.92,
        "composite_logit_adjustment": 0.0
      },
      "oracle_divergence": 9.072930000009364,
      "edge_realization_ratio": 3.1789312024218455
    }
  },
  "exit_reason": "resolution",
  "seconds_remaining_at_exit": 0.0,
  "exit_timestamp": "2026-04-26T16:19:07.970469+00:00",
  "timestamp": "2026-04-26T16:19:07.970469+00:00"
}