{
  "position_id": 3539,
  "market_id": "btc-updown-5m-1777221300",
  "question": "Bitcoin Up or Down - April 26, 12:35PM-12:40PM ET",
  "side": "Down",
  "signal_score": 0.7850508878127251,
  "correct": true,
  "entry_price": 0.75,
  "exit_price": 1.0,
  "log_return": 0.28768207245178085,
  "size": 16.69,
  "pnl": 5.463193333333333,
  "fees": 0.07510499999999976,
  "gain_pct": 0.327333,
  "realized_edge": 0.0351,
  "fill_slippage": 0.01,
  "weight_version": "weights_v001",
  "category": "crypto-5min",
  "indicator_snapshot": {
    "rsi": {
      "rsi": 35.8,
      "score": 0.213,
      "norm_score": 0.8791417868174145
    },
    "macd": {
      "macd": 7.4828,
      "signal": 10.0727,
      "histogram": -2.5898,
      "score": -0.1729,
      "norm_score": -0.5514564708553108
    },
    "stochastic": {
      "k": 29.35,
      "d": 29.35,
      "score": 0.2065,
      "norm_score": 0.09669803992897189
    },
    "ema": {
      "trend": "chop",
      "fast_ema": 78074.2829940106,
      "slow_ema": 78072.86272414375
    },
    "obv": {
      "obv_slope": 0.0,
      "price_slope": 0.0,
      "score": 0.0,
      "norm_score": 0.8897664762944105
    },
    "vwap": {
      "vwap": 77966.45,
      "deviation": 2.8282,
      "score": -0.8485,
      "norm_score": 0.09624349963242286
    },
    "atr": {
      "atr": 12.03,
      "passes": true,
      "reason": "ok"
    },
    "weights": {
      "rsi": 0.2,
      "macd": 0.25,
      "stochastic": 0.2,
      "obv": 0.15,
      "vwap": 0.2,
      "entry_threshold": 0.6
    },
    "trade_context": {
      "btc_price": 78070.29,
      "strike_price": 78093.49290477365,
      "seconds_remaining": 107.492515,
      "market_price_up": 0.25,
      "market_price_down": 0.74,
      "model_probability_raw": 0.7850508878127251,
      "model_probability": 0.7850508878127251,
      "edge": 0.04505088781272515,
      "momentum_score": 0.21001751900609572,
      "atr": 12.03,
      "size": 16.69,
      "flow_score": 0.0232,
      "flow_book_imbalance": -0.189,
      "flow_trade_count": 200,
      "spot_flow_signal": -0.19577264361846555,
      "wall_pressure": 0.0,
      "iv_ratio": 2.0,
      "prev_resolution_margin": 4.812725250900257,
      "bybit_perp_price": 78012.2,
      "funding_rate": 1.766e-05,
      "depth_usd_top20": 302694.9734838,
      "entry_phase": "late",
      "flip_count": 0,
      "is_flip": false,
      "cvd_120s": -0.00108,
      "taker_ratio_60s": 0.5,
      "volume_surge": false,
      "liquidation_pressure": 0.0,
      "gex_signal": 1.0,
      "gex_regime": "stabilizing",
      "cvd_acceleration": 0.0,
      "clob_velocity_up": 0.0,
      "clob_velocity_down": 0.0,
      "coinbase_btc": 78070.29,
      "regime_state": "neutral",
      "regime_kelly_mult": 1.0,
      "regime_autocorr": 0.1057,
      "sprt_confidence": 0.0,
      "sprt_status": "SKIP",
      "signal_consensus": 1.3,
      "adverse_selection_30s": 0.5185185185185185,
      "alpha_decay_rate": -0.00011785707747988719,
      "garch_vol_ratio": 2.0,
      "crowd_bias": {
        "flb": -0.015,
        "recency_fade": -0.3,
        "round_number_dampening": 0.96,
        "composite_logit_adjustment": -0.021
      },
      "oracle_divergence": 8.02213032868167,
      "edge_realization_ratio": 3.889979333226686
    }
  },
  "exit_reason": "resolution",
  "seconds_remaining_at_exit": 0.0,
  "exit_timestamp": "2026-04-26T16:42:14.127007+00:00",
  "timestamp": "2026-04-26T16:42:14.127007+00:00"
}