{
  "position_id": 3548,
  "market_id": "btc-updown-5m-1777223700",
  "question": "Bitcoin Up or Down - April 26, 1:15PM-1:20PM ET",
  "side": "Up",
  "signal_score": 0.5861569943482643,
  "correct": true,
  "entry_price": 0.51,
  "exit_price": 1.0,
  "log_return": 0.6733445532637655,
  "size": 16.35,
  "pnl": 15.426064705882354,
  "fees": 0.1442070000000006,
  "gain_pct": 0.94349,
  "realized_edge": 0.0762,
  "fill_slippage": 0.01,
  "weight_version": "weights_v001",
  "category": "crypto-5min",
  "indicator_snapshot": {
    "rsi": {
      "rsi": 33.09,
      "score": 0.2536,
      "norm_score": 0.19032058804427562
    },
    "macd": {
      "macd": 20.9475,
      "signal": 20.0801,
      "histogram": 0.8674,
      "score": 0.0421,
      "norm_score": -0.1872841637768469
    },
    "stochastic": {
      "k": 0.0,
      "d": 40.62,
      "score": 1.0,
      "norm_score": 0.19029328908119314
    },
    "ema": {
      "trend": "bullish",
      "fast_ema": 78014.11708883292,
      "slow_ema": 77999.18692211206
    },
    "obv": {
      "obv_slope": 0.0,
      "price_slope": 0.0,
      "score": 0.0,
      "norm_score": 0.169718662012647
    },
    "vwap": {
      "vwap": 77963.22,
      "deviation": 1.2797,
      "score": -0.3839,
      "norm_score": 0.012198494373463053
    },
    "atr": {
      "atr": 13.34,
      "passes": true,
      "reason": "ok"
    },
    "weights": {
      "rsi": 0.2,
      "macd": 0.25,
      "stochastic": 0.2,
      "obv": 0.15,
      "vwap": 0.2,
      "entry_threshold": 0.6
    },
    "trade_context": {
      "btc_price": 78046.32,
      "strike_price": 78033.09,
      "seconds_remaining": 132.058681,
      "market_price_up": 0.5,
      "market_price_down": 0.49,
      "model_probability_raw": 0.5861569943482643,
      "model_probability": 0.5861569943482643,
      "edge": 0.08615699434826429,
      "momentum_score": 0.05719923265747169,
      "atr": 13.34,
      "size": 16.35,
      "flow_score": 0.0193,
      "flow_book_imbalance": -0.0291,
      "flow_trade_count": 200,
      "spot_flow_signal": 0.6381903512552931,
      "wall_pressure": 0.0,
      "iv_ratio": 2.0,
      "prev_resolution_margin": 37.728603113413556,
      "bybit_perp_price": 77990.1,
      "funding_rate": 4.079e-05,
      "depth_usd_top20": 328625.4636164999,
      "entry_phase": "late",
      "flip_count": 1,
      "is_flip": true,
      "cvd_120s": 0.0,
      "taker_ratio_60s": 0.5,
      "volume_surge": false,
      "liquidation_pressure": -0.01077232717985425,
      "gex_signal": 1.0,
      "gex_regime": "stabilizing",
      "cvd_acceleration": 0.0,
      "clob_velocity_up": 0.0,
      "clob_velocity_down": 0.0,
      "coinbase_btc": 78046.32,
      "regime_state": "neutral",
      "regime_kelly_mult": 1.0,
      "regime_autocorr": 0.1687,
      "sprt_confidence": 0.0,
      "sprt_status": "SKIP",
      "signal_consensus": 1.3,
      "adverse_selection_30s": 0.5,
      "alpha_decay_rate": 0.0010596528794924959,
      "garch_vol_ratio": 2.0,
      "crowd_bias": {
        "flb": 0.0,
        "recency_fade": 0.0,
        "round_number_dampening": 0.92,
        "composite_logit_adjustment": 0.0
      },
      "oracle_divergence": 9.954020000004675,
      "edge_realization_ratio": 3.2392194208620677
    }
  },
  "exit_reason": "resolution",
  "seconds_remaining_at_exit": 0.0,
  "exit_timestamp": "2026-04-26T17:25:55.027421+00:00",
  "timestamp": "2026-04-26T17:25:55.027421+00:00"
}