{
  "position_id": 3561,
  "market_id": "btc-updown-5m-1777226700",
  "question": "Bitcoin Up or Down - April 26, 2:05PM-2:10PM ET",
  "side": "Up",
  "signal_score": 0.8468220694679844,
  "correct": true,
  "entry_price": 0.74,
  "exit_price": 1.0,
  "log_return": 0.3011050927839216,
  "size": 17.85,
  "pnl": 6.1587324324324335,
  "fees": 0.08353800000000035,
  "gain_pct": 0.345027,
  "realized_edge": 0.1068,
  "fill_slippage": 0.01,
  "weight_version": "weights_v001",
  "category": "crypto-5min",
  "indicator_snapshot": {
    "rsi": {
      "rsi": 100.0,
      "score": -1.0,
      "norm_score": -2.6645352591003757e-09
    },
    "macd": {
      "macd": 7.0283,
      "signal": 8.4324,
      "histogram": -1.4042,
      "score": -0.2274,
      "norm_score": -1.704744356203024
    },
    "stochastic": {
      "k": 50.0,
      "d": 50.0,
      "score": -0.0,
      "norm_score": 0.0006665603850282535
    },
    "ema": {
      "trend": "chop",
      "fast_ema": 78036.21984857929,
      "slow_ema": 78033.63103869505
    },
    "obv": {
      "obv_slope": 0.0,
      "price_slope": 0.0,
      "score": 0.0,
      "norm_score": -1.3592926814227386e-14
    },
    "vwap": {
      "vwap": 77997.16,
      "deviation": 0.6374,
      "score": -0.1912,
      "norm_score": 1.4597869494350746
    },
    "atr": {
      "atr": 1.38,
      "passes": true,
      "reason": "ok"
    },
    "weights": {
      "rsi": 0.2,
      "macd": 0.25,
      "stochastic": 0.2,
      "obv": 0.15,
      "vwap": 0.2,
      "entry_threshold": 0.6
    },
    "trade_context": {
      "btc_price": 78059.84,
      "strike_price": 78018.44,
      "seconds_remaining": 173.164761,
      "market_price_up": 0.73,
      "market_price_down": 0.26,
      "model_probability_raw": 0.8468220694679844,
      "model_probability": 0.8468220694679844,
      "edge": 0.11682206946798446,
      "momentum_score": -0.1340953876196445,
      "atr": 1.38,
      "size": 17.85,
      "flow_score": -0.1667,
      "flow_book_imbalance": 0.0947,
      "flow_trade_count": 200,
      "spot_flow_signal": 0.764298301379695,
      "wall_pressure": 0.0,
      "iv_ratio": 2.0,
      "prev_resolution_margin": 8.270019999981741,
      "bybit_perp_price": 77992.1,
      "funding_rate": 4.068e-05,
      "depth_usd_top20": 246063.2895304,
      "entry_phase": "late",
      "flip_count": 1,
      "is_flip": true,
      "cvd_120s": 0.03448,
      "taker_ratio_60s": 1.0,
      "volume_surge": false,
      "liquidation_pressure": 0.0051842058629919625,
      "gex_signal": 1.0,
      "gex_regime": "stabilizing",
      "cvd_acceleration": -0.0007662222222222222,
      "clob_velocity_up": 0.0,
      "clob_velocity_down": 0.0,
      "coinbase_btc": 78059.84,
      "regime_state": "volatile",
      "regime_kelly_mult": 0.7,
      "regime_autocorr": -0.1014,
      "sprt_confidence": 0.0,
      "sprt_status": "SKIP",
      "signal_consensus": 0.8,
      "adverse_selection_30s": 0.26666666666666666,
      "alpha_decay_rate": 0.006486197495029301,
      "garch_vol_ratio": 2.0,
      "crowd_bias": {
        "flb": 0.0138,
        "recency_fade": 0.0,
        "round_number_dampening": 0.92,
        "composite_logit_adjustment": 0.0138
      },
      "oracle_divergence": 0.4299999999930151,
      "edge_realization_ratio": 3.5750543141598246
    }
  },
  "exit_reason": "resolution",
  "seconds_remaining_at_exit": 0.0,
  "exit_timestamp": "2026-04-26T18:16:36.279720+00:00",
  "timestamp": "2026-04-26T18:16:36.279720+00:00"
}