{
  "position_id": 3566,
  "market_id": "btc-updown-5m-1777229100",
  "question": "Bitcoin Up or Down - April 26, 2:45PM-2:50PM ET",
  "side": "Down",
  "signal_score": 0.7106416656605328,
  "correct": true,
  "entry_price": 0.68,
  "exit_price": 0.75,
  "log_return": 0.09798040836020361,
  "size": 17.94,
  "pnl": 1.6442653823529412,
  "fees": 0.19186199999999898,
  "gain_pct": 0.091654,
  "realized_edge": 0.0306,
  "fill_slippage": 0.01,
  "weight_version": "weights_v001",
  "category": "crypto-5min",
  "indicator_snapshot": {
    "rsi": {
      "rsi": 100.0,
      "score": -1.0,
      "norm_score": -0.0042760668718677215
    },
    "macd": {
      "macd": 11.8673,
      "signal": 7.5486,
      "histogram": 4.3186,
      "score": 0.5305,
      "norm_score": -1.4537219904700658
    },
    "stochastic": {
      "k": 100.0,
      "d": 100.0,
      "score": -1.0,
      "norm_score": -0.056703007709796645
    },
    "ema": {
      "trend": "bullish",
      "fast_ema": 78215.71067559185,
      "slow_ema": 78202.68527559968
    },
    "obv": {
      "obv_slope": 0.0,
      "price_slope": 0.0,
      "score": 0.0,
      "norm_score": -2.0694729500577558
    },
    "vwap": {
      "vwap": 78012.82,
      "deviation": 3.2882,
      "score": -0.9865,
      "norm_score": 0.9670136717823623
    },
    "atr": {
      "atr": 6.37,
      "passes": true,
      "reason": "ok"
    },
    "weights": {
      "rsi": 0.2,
      "macd": 0.25,
      "stochastic": 0.2,
      "obv": 0.15,
      "vwap": 0.2,
      "entry_threshold": 0.6
    },
    "trade_context": {
      "btc_price": 78214.62,
      "strike_price": 78229.42,
      "seconds_remaining": 236.011553,
      "market_price_up": 0.32,
      "market_price_down": 0.67,
      "model_probability_raw": 0.7106416656605328,
      "model_probability": 0.7106416656605328,
      "edge": 0.04064166566053273,
      "momentum_score": -0.49264452068604025,
      "atr": 6.37,
      "size": 17.94,
      "flow_score": -0.1157,
      "flow_book_imbalance": -0.1356,
      "flow_trade_count": 200,
      "spot_flow_signal": 0.1188760878155814,
      "wall_pressure": 0.0,
      "iv_ratio": 2.0,
      "prev_resolution_margin": 83.98994000001403,
      "bybit_perp_price": 78150.6,
      "funding_rate": 1.933e-05,
      "depth_usd_top20": 199808.36695340002,
      "entry_phase": "normal",
      "flip_count": 0,
      "is_flip": false,
      "cvd_120s": 0.00127,
      "taker_ratio_60s": 0.5,
      "volume_surge": false,
      "liquidation_pressure": 0.006111774697038542,
      "gex_signal": 1.0,
      "gex_regime": "stabilizing",
      "cvd_acceleration": 0.0,
      "clob_velocity_up": 0.0,
      "clob_velocity_down": 0.0,
      "coinbase_btc": 78214.62,
      "regime_state": "neutral",
      "regime_kelly_mult": 1.0,
      "regime_autocorr": -0.0789,
      "sprt_confidence": 0.0,
      "sprt_status": "SKIP",
      "signal_consensus": 0.8,
      "adverse_selection_30s": 0.20833333333333334,
      "alpha_decay_rate": 0.0023610693791337,
      "garch_vol_ratio": 2.0,
      "crowd_bias": {
        "flb": -0.0108,
        "recency_fade": 0.0,
        "round_number_dampening": 1.0,
        "composite_logit_adjustment": -0.0108
      },
      "oracle_divergence": 0.6199999999953434,
      "edge_realization_ratio": 3.5006522476340427
    }
  },
  "exit_reason": "scalp",
  "seconds_remaining_at_exit": 222.008695,
  "exit_timestamp": "2026-04-26T18:46:19.061542+00:00",
  "timestamp": "2026-04-26T18:46:19.061542+00:00"
}