{
  "position_id": 3577,
  "market_id": "btc-updown-5m-1777230900",
  "question": "Bitcoin Up or Down - April 26, 3:15PM-3:20PM ET",
  "side": "Down",
  "signal_score": 0.3346471243677488,
  "correct": true,
  "entry_price": 0.17,
  "exit_price": 0.8087866801086646,
  "log_return": 1.559736761812012,
  "size": 17.94,
  "pnl": 65.84626499999999,
  "fees": 0.5573990000000009,
  "gain_pct": 3.67036,
  "realized_edge": 0.1646,
  "fill_slippage": -0.01,
  "weight_version": "weights_v001",
  "category": "crypto-5min",
  "indicator_snapshot": {
    "rsi": {
      "rsi": 99.18,
      "score": -0.9808,
      "norm_score": 0.4514199272652925
    },
    "macd": {
      "macd": 66.0953,
      "signal": 54.3416,
      "histogram": 11.7536,
      "score": 0.2457,
      "norm_score": -0.2269831137520626
    },
    "stochastic": {
      "k": 99.17,
      "d": 99.59,
      "score": -0.971,
      "norm_score": 0.45050781760007197
    },
    "ema": {
      "trend": "bullish",
      "fast_ema": 78456.35977772986,
      "slow_ema": 78398.92602828231
    },
    "obv": {
      "obv_slope": 0.01,
      "price_slope": 20.5667,
      "score": 0.0131,
      "norm_score": 0.0015064996714258916
    },
    "vwap": {
      "vwap": 78110.82,
      "deviation": 2.3073,
      "score": -0.6922,
      "norm_score": -0.04326074312419428
    },
    "atr": {
      "atr": 41.2,
      "passes": true,
      "reason": "ok"
    },
    "weights": {
      "rsi": 0.2,
      "macd": 0.25,
      "stochastic": 0.2,
      "obv": 0.15,
      "vwap": 0.2,
      "entry_threshold": 0.6
    },
    "trade_context": {
      "btc_price": 78493.64,
      "strike_price": 78402.04254,
      "seconds_remaining": 184.560223,
      "market_price_up": 0.81,
      "market_price_down": 0.18,
      "model_probability_raw": 0.3346471243677488,
      "model_probability": 0.3346471243677488,
      "edge": 0.1546471243677488,
      "momentum_score": 0.11521359686093229,
      "atr": 41.2,
      "size": 17.94,
      "flow_score": 0.0588,
      "flow_book_imbalance": 0.2216,
      "flow_trade_count": 200,
      "spot_flow_signal": 0.1652429676162308,
      "wall_pressure": 0.0,
      "iv_ratio": 1.0127943855978545,
      "prev_resolution_margin": 17.67727999998897,
      "bybit_perp_price": 78424.2,
      "funding_rate": 3.3e-06,
      "depth_usd_top20": 207286.51192450008,
      "entry_phase": "normal",
      "flip_count": 1,
      "is_flip": true,
      "cvd_120s": 0.03950999999999999,
      "taker_ratio_60s": 0.0,
      "volume_surge": false,
      "liquidation_pressure": 0.0,
      "gex_signal": 1.0,
      "gex_regime": "stabilizing",
      "cvd_acceleration": 2.666666666666667e-06,
      "clob_velocity_up": 0.07365241995811282,
      "clob_velocity_down": -0.07365241995811322,
      "coinbase_btc": 78493.64,
      "regime_state": "volatile",
      "regime_kelly_mult": 0.7,
      "regime_autocorr": 0.0574,
      "sprt_confidence": 0.12094260557199663,
      "sprt_status": "SKIP",
      "signal_consensus": 0.6,
      "adverse_selection_30s": 0.23333333333333334,
      "alpha_decay_rate": -0.0028067615184307368,
      "garch_vol_ratio": 2.0,
      "crowd_bias": {
        "flb": 0.0186,
        "recency_fade": -0.3,
        "round_number_dampening": 1.0,
        "composite_logit_adjustment": 0.0126
      },
      "oracle_divergence": 14.205249014077708,
      "edge_realization_ratio": 3.084966380031614
    }
  },
  "exit_reason": "scalp",
  "seconds_remaining_at_exit": 41.287138,
  "exit_timestamp": "2026-04-26T19:19:19.364769+00:00",
  "timestamp": "2026-04-26T19:19:19.364769+00:00"
}