{
  "position_id": 3578,
  "market_id": "btc-updown-5m-1777231200",
  "question": "Bitcoin Up or Down - April 26, 3:20PM-3:25PM ET",
  "side": "Down",
  "signal_score": 0.5895389758119675,
  "correct": false,
  "entry_price": 0.54,
  "exit_price": 0.48,
  "log_return": -0.11778303565638351,
  "size": 17.94,
  "pnl": -2.273396555555559,
  "fees": 0.2965680000000002,
  "gain_pct": -0.126722,
  "realized_edge": 0.0495,
  "fill_slippage": 0.01,
  "weight_version": "weights_v001",
  "category": "crypto-5min",
  "indicator_snapshot": {
    "rsi": {
      "rsi": 1.61,
      "score": 0.9625,
      "norm_score": 0.24956844528086047
    },
    "macd": {
      "macd": 26.3726,
      "signal": 38.6069,
      "histogram": -12.2343,
      "score": -0.2558,
      "norm_score": -0.15608540383621847
    },
    "stochastic": {
      "k": 0.0,
      "d": 0.0,
      "score": 1.0,
      "norm_score": 0.11068426831361872
    },
    "ema": {
      "trend": "chop",
      "fast_ema": 78409.47811110812,
      "slow_ema": 78408.4303816348
    },
    "obv": {
      "obv_slope": 0.0,
      "price_slope": 0.0,
      "score": 0.0,
      "norm_score": 0.19465025253653118
    },
    "vwap": {
      "vwap": 78121.42,
      "deviation": 1.6745,
      "score": -0.5024,
      "norm_score": 0.04116331392103971
    },
    "atr": {
      "atr": 38.66,
      "passes": true,
      "reason": "ok"
    },
    "weights": {
      "rsi": 0.2,
      "macd": 0.25,
      "stochastic": 0.2,
      "obv": 0.15,
      "vwap": 0.2,
      "entry_threshold": 0.6
    },
    "trade_context": {
      "btc_price": 78388.0,
      "strike_price": 78401.98537,
      "seconds_remaining": 243.624715,
      "market_price_up": 0.46,
      "market_price_down": 0.53,
      "model_probability_raw": 0.5895389758119675,
      "model_probability": 0.5895389758119675,
      "edge": 0.05953897581196743,
      "momentum_score": 0.07045939242452884,
      "atr": 38.66,
      "size": 17.94,
      "flow_score": 0.1594,
      "flow_book_imbalance": -0.004,
      "flow_trade_count": 200,
      "spot_flow_signal": 0.2079211400546643,
      "wall_pressure": 0.0,
      "iv_ratio": 1.0812395065960403,
      "prev_resolution_margin": 17.67727999998897,
      "bybit_perp_price": 78315.7,
      "funding_rate": 2.25e-06,
      "depth_usd_top20": 244830.55293240005,
      "entry_phase": "normal",
      "flip_count": 0,
      "is_flip": false,
      "cvd_120s": 0.0,
      "taker_ratio_60s": 0.5,
      "volume_surge": false,
      "liquidation_pressure": -0.2145536437922948,
      "gex_signal": 1.0,
      "gex_regime": "stabilizing",
      "cvd_acceleration": 0.0,
      "clob_velocity_up": 0.0,
      "clob_velocity_down": 0.0,
      "coinbase_btc": 78388.0,
      "regime_state": "volatile",
      "regime_kelly_mult": 0.7,
      "regime_autocorr": 0.0682,
      "sprt_confidence": 0.0,
      "sprt_status": "SKIP",
      "signal_consensus": 0.6,
      "adverse_selection_30s": 0.2413793103448276,
      "alpha_decay_rate": 0.00029905826966739036,
      "garch_vol_ratio": 2.0,
      "crowd_bias": {
        "flb": 0.0,
        "recency_fade": -0.6,
        "round_number_dampening": 1.0,
        "composite_logit_adjustment": -0.012
      },
      "oracle_divergence": 13.393580000003567,
      "edge_realization_ratio": 3.8911280182279144
    }
  },
  "exit_reason": "scalp",
  "seconds_remaining_at_exit": 204.021176,
  "exit_timestamp": "2026-04-26T19:21:36.648379+00:00",
  "timestamp": "2026-04-26T19:21:36.648379+00:00"
}