{
  "position_id": 357,
  "market_id": "btc-updown-5m-1776191700",
  "question": "Bitcoin Up or Down - April 14, 2:35PM-2:40PM ET",
  "side": "Up",
  "signal_score": 0.656395328756101,
  "correct": false,
  "entry_price": 0.53,
  "exit_price": 0.41,
  "log_return": -0.2567198468478141,
  "size": 9.87,
  "pnl": -2.3797123207547166,
  "fees": 0.1639009999999995,
  "gain_pct": -0.241106,
  "weight_version": "weights_v001",
  "category": "crypto-5min",
  "indicator_snapshot": {
    "rsi": {
      "rsi": 27.12,
      "score": 0.3673,
      "norm_score": 0.22851009586836857
    },
    "macd": {
      "macd": -46.6781,
      "signal": -38.9377,
      "histogram": -7.7404,
      "score": -0.2369,
      "norm_score": -0.49353229548939365
    },
    "stochastic": {
      "k": 0.0,
      "d": 0.0,
      "score": 1.0,
      "norm_score": 0.2520471341487095
    },
    "ema": {
      "trend": "bearish",
      "fast_ema": 74471.94755064358,
      "slow_ema": 74511.25616533423
    },
    "obv": {
      "obv_slope": -0.0,
      "price_slope": -6.1933,
      "score": -0.0,
      "norm_score": 0.6818397896813089
    },
    "vwap": {
      "vwap": 74929.54,
      "deviation": -1.6282,
      "score": 0.4885,
      "norm_score": 0.8582742006833308
    },
    "atr": {
      "atr": 43.84,
      "passes": true,
      "reason": "ok"
    },
    "weights": {
      "rsi": 0.2,
      "macd": 0.25,
      "stochastic": 0.2,
      "obv": 0.15,
      "vwap": 0.2,
      "entry_threshold": 0.6
    },
    "trade_context": {
      "btc_price": 74481.59,
      "strike_price": 74460.06303682603,
      "seconds_remaining": 256.950667,
      "market_price_up": 0.53,
      "market_price_down": 0.46,
      "model_probability_raw": 0.656395328756101,
      "model_probability": 0.656395328756101,
      "edge": 0.12639532875610093,
      "momentum_score": 0.2466591807199297,
      "atr": 43.84,
      "size": 9.87,
      "flow_score": -0.0614,
      "flow_book_imbalance": 0.0791,
      "flow_trade_count": 200,
      "spot_flow_signal": 0.5532551079125911,
      "wall_pressure": 0.0,
      "iv_ratio": 0.9291672780534997,
      "prev_resolution_margin": -222.86628936637135,
      "bybit_perp_price": 74374.0,
      "funding_rate": -0.00011471,
      "depth_usd_top20": 301930.19127509993,
      "entry_phase": "normal",
      "flip_count": 1,
      "is_flip": true,
      "cvd_120s": -2e-05,
      "taker_ratio_60s": 0.0,
      "volume_surge": true,
      "liquidation_pressure": 0.0,
      "gex_signal": 1.0,
      "gex_regime": "stabilizing",
      "cvd_acceleration": -1.3333333333333334e-06,
      "clob_velocity_up": 0.0,
      "clob_velocity_down": 0.0,
      "coinbase_btc": 74481.59,
      "regime_state": "neutral",
      "regime_kelly_mult": 1.0,
      "sprt_confidence": 0.41982118387705525,
      "sprt_status": "ACCUMULATING",
      "signal_consensus": 0.8,
      "adverse_selection_30s": 0.5,
      "alpha_decay_rate": 0.006309366132973548,
      "garch_vol_ratio": 2.0,
      "crowd_bias": {
        "flb": 0.0,
        "recency_fade": 0.0,
        "round_number_dampening": 1.0,
        "composite_logit_adjustment": 0.0
      },
      "oracle_divergence": 8.388489052202203,
      "edge_realization_ratio": 1.7146388662438976
    }
  },
  "exit_reason": "scalp",
  "timestamp": "2026-04-14T18:36:07.647039+00:00"
}