{
  "position_id": 357,
  "market_id": "btc-updown-5m-1776026100",
  "question": "Bitcoin Up or Down - April 12, 4:35PM-4:40PM ET",
  "side": "Up",
  "signal_score": 0.9868529809888273,
  "correct": true,
  "entry_price": 0.79,
  "exit_price": 1.0,
  "log_return": 0.23572233352106978,
  "size": 8.11,
  "pnl": 2.1170177215189874,
  "fees": 0.03065600000000014,
  "gain_pct": 0.261038,
  "weight_version": "weights_v001",
  "category": "crypto-5min",
  "indicator_snapshot": {
    "rsi": {
      "rsi": 100.0,
      "score": -1.0,
      "norm_score": -0.019856480541397898
    },
    "macd": {
      "macd": 32.1116,
      "signal": 25.8816,
      "histogram": 6.23,
      "score": 0.237,
      "norm_score": 3.0
    },
    "stochastic": {
      "k": 100.0,
      "d": 100.0,
      "score": -1.0,
      "norm_score": -0.019961827524390848
    },
    "ema": {
      "trend": "bullish",
      "fast_ema": 71142.86972208243,
      "slow_ema": 71113.88269023444
    },
    "obv": {
      "obv_slope": 0.0,
      "price_slope": 19.6867,
      "score": 0.0001,
      "norm_score": 3.0
    },
    "vwap": {
      "vwap": 71045.01,
      "deviation": 1.7006,
      "score": -0.5102,
      "norm_score": -3.0
    },
    "atr": {
      "atr": 16.02,
      "passes": true,
      "reason": "ok"
    },
    "weights": {
      "rsi": 0.2,
      "macd": 0.25,
      "stochastic": 0.2,
      "obv": 0.15,
      "vwap": 0.2,
      "entry_threshold": 0.6
    },
    "trade_context": {
      "btc_price": 71173.61,
      "strike_price": 71114.55,
      "seconds_remaining": 79.105664,
      "market_price_up": 0.79,
      "market_price_down": 0.2,
      "model_probability_raw": 0.9868529809888273,
      "model_probability": 0.9868529809888273,
      "edge": 0.1968529809888273,
      "momentum_score": 0.5920363383868421,
      "atr": 16.02,
      "size": 8.11,
      "flow_score": 0.1107,
      "flow_book_imbalance": 0.1899,
      "flow_trade_count": 200,
      "spot_flow_signal": 0.40034799996097764,
      "wall_pressure": -0.63047255038221,
      "perp_lead": -0.24293782861456148,
      "iv_ratio": 2.0,
      "prev_resolution_margin": 3.0789499999955297,
      "bybit_perp_price": 71122.8,
      "funding_rate": -6.338e-05,
      "depth_usd_top20": 268971.02096029994,
      "entry_phase": "late",
      "cvd_120s": 0.00029,
      "taker_ratio_60s": 1.0,
      "volume_surge": true,
      "liquidation_pressure": 0.014692601580003576,
      "gex_signal": 1.0,
      "gex_regime": "stabilizing",
      "cvd_acceleration": 1.9333333333333333e-05,
      "regime_state": "trending_up",
      "regime_kelly_mult": 1.2,
      "sprt_confidence": 1.0,
      "sprt_status": "ENTER",
      "signal_consensus": 1.0,
      "alpha_decay_rate": -0.0001154728501572578
    }
  },
  "exit_reason": "resolution",
  "timestamp": "2026-04-12T20:44:29.638383+00:00"
}