{
  "position_id": 3583,
  "market_id": "btc-updown-5m-1777233000",
  "question": "Bitcoin Up or Down - April 26, 3:50PM-3:55PM ET",
  "side": "Up",
  "signal_score": 0.8591774302260092,
  "correct": true,
  "entry_price": 0.78,
  "exit_price": 1.0,
  "log_return": 0.24846135929849955,
  "size": 17.94,
  "pnl": 4.96892051282051,
  "fees": 0.07104200000000098,
  "gain_pct": 0.276974,
  "realized_edge": 0.0792,
  "fill_slippage": 0.01,
  "weight_version": "weights_v001",
  "category": "crypto-5min",
  "indicator_snapshot": {
    "rsi": {
      "rsi": 39.63,
      "score": 0.1555,
      "norm_score": 0.15447235718447597
    },
    "macd": {
      "macd": 4.9732,
      "signal": 5.6355,
      "histogram": -0.6623,
      "score": -0.038,
      "norm_score": -0.552059307705857
    },
    "stochastic": {
      "k": 0.0,
      "d": 0.0,
      "score": 1.0,
      "norm_score": 0.20029042185757256
    },
    "ema": {
      "trend": "chop",
      "fast_ema": 78191.87901254553,
      "slow_ema": 78189.07801229897
    },
    "obv": {
      "obv_slope": -0.0,
      "price_slope": -4.7367,
      "score": -0.0,
      "norm_score": -0.6279627721503067
    },
    "vwap": {
      "vwap": 78131.77,
      "deviation": 0.4088,
      "score": -0.1226,
      "norm_score": 0.22851656004808382
    },
    "atr": {
      "atr": 12.15,
      "passes": true,
      "reason": "ok"
    },
    "weights": {
      "rsi": 0.2,
      "macd": 0.25,
      "stochastic": 0.2,
      "obv": 0.15,
      "vwap": 0.2,
      "entry_threshold": 0.6
    },
    "trade_context": {
      "btc_price": 78300.15,
      "strike_price": 78189.62,
      "seconds_remaining": 279.064957,
      "market_price_up": 0.77,
      "market_price_down": 0.22,
      "model_probability_raw": 0.8591774302260092,
      "model_probability": 0.8591774302260092,
      "edge": 0.08917743022600921,
      "momentum_score": -0.11555337493098378,
      "atr": 12.15,
      "size": 17.94,
      "flow_score": -0.1208,
      "flow_book_imbalance": 0.0693,
      "flow_trade_count": 200,
      "spot_flow_signal": 0.04671570080982524,
      "wall_pressure": 0.0,
      "iv_ratio": 2.0,
      "prev_resolution_margin": 17.67727999998897,
      "bybit_perp_price": 78236.5,
      "funding_rate": -3.98e-06,
      "depth_usd_top20": 263139.3016257,
      "entry_phase": "normal",
      "flip_count": 0,
      "is_flip": false,
      "cvd_120s": 0.0029999999999999996,
      "taker_ratio_60s": 0.5,
      "volume_surge": false,
      "liquidation_pressure": 0.0,
      "gex_signal": 1.0,
      "gex_regime": "stabilizing",
      "cvd_acceleration": 0.0,
      "clob_velocity_up": 0.0,
      "clob_velocity_down": 0.0,
      "coinbase_btc": 78300.15,
      "regime_state": "neutral",
      "regime_kelly_mult": 1.0,
      "regime_autocorr": -0.0989,
      "sprt_confidence": 0.5169578661092101,
      "sprt_status": "ACCUMULATING",
      "signal_consensus": 0.6,
      "adverse_selection_30s": 0.34615384615384615,
      "alpha_decay_rate": 0.0043344878324490565,
      "garch_vol_ratio": 2.0,
      "crowd_bias": {
        "flb": 0.0162,
        "recency_fade": 0.0,
        "round_number_dampening": 1.0,
        "composite_logit_adjustment": 0.0162
      },
      "oracle_divergence": 12.493239999996149,
      "edge_realization_ratio": 3.8552437144744793
    }
  },
  "exit_reason": "resolution",
  "seconds_remaining_at_exit": 0.0,
  "exit_timestamp": "2026-04-26T20:00:57.919800+00:00",
  "timestamp": "2026-04-26T20:00:57.919800+00:00"
}