{
  "position_id": 358,
  "market_id": "btc-updown-5m-1776026700",
  "question": "Bitcoin Up or Down - April 12, 4:45PM-4:50PM ET",
  "side": "Down",
  "signal_score": 0.9925777612131934,
  "correct": true,
  "entry_price": 0.95,
  "exit_price": 1.0,
  "log_return": 0.05129329438755048,
  "size": 6.14,
  "pnl": 0.3231578947368421,
  "fees": 0.0,
  "gain_pct": 0.052632,
  "weight_version": "weights_v001",
  "category": "crypto-5min",
  "indicator_snapshot": {
    "rsi": {
      "rsi": 1.98,
      "score": 0.9539,
      "norm_score": 1.212524865761602
    },
    "macd": {
      "macd": 31.6806,
      "signal": 47.4405,
      "histogram": -15.7599,
      "score": -0.251,
      "norm_score": -0.062575950637242
    },
    "stochastic": {
      "k": 0.0,
      "d": 0.09,
      "score": 1.0,
      "norm_score": 0.2415937751739804
    },
    "ema": {
      "trend": "chop",
      "fast_ema": 71271.5062155489,
      "slow_ema": 71271.68127452588
    },
    "obv": {
      "obv_slope": -0.0,
      "price_slope": -3.48,
      "score": -0.0013,
      "norm_score": -0.036343579654592124
    },
    "vwap": {
      "vwap": 71101.47,
      "deviation": 1.1828,
      "score": -0.3548,
      "norm_score": 0.1562059545777671
    },
    "atr": {
      "atr": 43.23,
      "passes": true,
      "reason": "ok"
    },
    "weights": {
      "rsi": 0.2,
      "macd": 0.25,
      "stochastic": 0.2,
      "obv": 0.15,
      "vwap": 0.2,
      "entry_threshold": 0.6
    },
    "trade_context": {
      "btc_price": 71263.7,
      "strike_price": 71377.06,
      "seconds_remaining": 104.888624,
      "market_price_up": 0.03,
      "market_price_down": 0.95,
      "model_probability_raw": 0.9925777612131934,
      "model_probability": 0.9925777612131934,
      "edge": 0.042577761213193455,
      "momentum_score": 0.3009693944951706,
      "atr": 43.23,
      "size": 6.14,
      "flow_score": -0.303,
      "flow_book_imbalance": -0.5593,
      "flow_trade_count": 200,
      "spot_flow_signal": 0.004943888107794084,
      "wall_pressure": 1.0,
      "perp_lead": -0.30436705905324557,
      "iv_ratio": 1.044364013833683,
      "prev_resolution_margin": 3.0789499999955297,
      "bybit_perp_price": 71199.7,
      "funding_rate": -6.002e-05,
      "depth_usd_top20": 303834.6157989001,
      "entry_phase": "late",
      "cvd_120s": 0.00412,
      "taker_ratio_60s": 0.5,
      "volume_surge": false,
      "liquidation_pressure": 0.029457893439790155,
      "gex_signal": 1.0,
      "gex_regime": "stabilizing",
      "cvd_acceleration": 0.0,
      "regime_state": "volatile",
      "regime_kelly_mult": 0.7,
      "sprt_confidence": 1.0,
      "sprt_status": "ENTER",
      "signal_consensus": 1.3,
      "alpha_decay_rate": 0.0017565382067613803
    }
  },
  "exit_reason": "resolution",
  "timestamp": "2026-04-12T20:55:18.672985+00:00"
}