{
  "position_id": 3590,
  "market_id": "btc-updown-5m-1777234500",
  "question": "Bitcoin Up or Down - April 26, 4:15PM-4:20PM ET",
  "side": "Up",
  "signal_score": 0.7501966829701593,
  "correct": false,
  "entry_price": 0.67,
  "exit_price": 0.0,
  "log_return": -10.0,
  "size": 17.94,
  "pnl": -17.94,
  "fees": 0.10656400000000095,
  "gain_pct": -1.0,
  "realized_edge": 0.0802,
  "fill_slippage": 0.01,
  "weight_version": "weights_v001",
  "category": "crypto-5min",
  "indicator_snapshot": {
    "rsi": {
      "rsi": 0.0,
      "score": 1.0,
      "norm_score": 0.267581120259379
    },
    "macd": {
      "macd": 6.6628,
      "signal": 6.7,
      "histogram": -0.0372,
      "score": -0.0042,
      "norm_score": -0.2673730385977524
    },
    "stochastic": {
      "k": 0.0,
      "d": 36.87,
      "score": 1.0,
      "norm_score": 0.26757587667470234
    },
    "ema": {
      "trend": "chop",
      "fast_ema": 78258.1089869806,
      "slow_ema": 78253.9311862351
    },
    "obv": {
      "obv_slope": 0.0,
      "price_slope": 0.0,
      "score": 0.0,
      "norm_score": -2.7306661919504756e-09
    },
    "vwap": {
      "vwap": 78133.42,
      "deviation": 0.8802,
      "score": -0.2641,
      "norm_score": 9.43689570931383e-09
    },
    "atr": {
      "atr": 7.09,
      "passes": true,
      "reason": "ok"
    },
    "weights": {
      "rsi": 0.2,
      "macd": 0.25,
      "stochastic": 0.2,
      "obv": 0.15,
      "vwap": 0.2,
      "entry_threshold": 0.6
    },
    "trade_context": {
      "btc_price": 78237.43,
      "strike_price": 78205.22,
      "seconds_remaining": 247.380578,
      "market_price_up": 0.66,
      "market_price_down": 0.33,
      "model_probability_raw": 0.7501966829701593,
      "model_probability": 0.7501966829701593,
      "edge": 0.09019668297015926,
      "momentum_score": 0.04018814121515739,
      "atr": 7.09,
      "size": 17.94,
      "flow_score": -0.0156,
      "flow_book_imbalance": 0.0884,
      "flow_trade_count": 200,
      "spot_flow_signal": -0.13384171492204724,
      "wall_pressure": 0.0,
      "iv_ratio": 2.0,
      "prev_resolution_margin": 40.74173000000883,
      "bybit_perp_price": 78166.0,
      "funding_rate": -7.06e-06,
      "depth_usd_top20": 322215.04418769997,
      "entry_phase": "normal",
      "flip_count": 0,
      "is_flip": false,
      "cvd_120s": 0.0,
      "taker_ratio_60s": 0.5,
      "volume_surge": false,
      "liquidation_pressure": 0.0,
      "gex_signal": 1.0,
      "gex_regime": "stabilizing",
      "cvd_acceleration": 0.0,
      "clob_velocity_up": 0.0,
      "clob_velocity_down": 0.0,
      "coinbase_btc": 78237.43,
      "regime_state": "neutral",
      "regime_kelly_mult": 1.0,
      "regime_autocorr": -0.0741,
      "sprt_confidence": 0.0,
      "sprt_status": "SKIP",
      "signal_consensus": 0.6,
      "adverse_selection_30s": 0.48148148148148145,
      "alpha_decay_rate": 0.0018390189480675067,
      "garch_vol_ratio": 2.0,
      "crowd_bias": {
        "flb": 0.0096,
        "recency_fade": 0.0,
        "round_number_dampening": 1.0,
        "composite_logit_adjustment": 0.0096
      },
      "oracle_divergence": 14.850133080224623,
      "edge_realization_ratio": 3.517146115952457
    }
  },
  "exit_reason": "resolution",
  "seconds_remaining_at_exit": 0.0,
  "exit_timestamp": "2026-04-26T20:25:05.664606+00:00",
  "timestamp": "2026-04-26T20:25:05.664606+00:00"
}