{
  "position_id": 3601,
  "market_id": "btc-updown-5m-1777236900",
  "question": "Bitcoin Up or Down - April 26, 4:55PM-5:00PM ET",
  "side": "Up",
  "signal_score": 0.365529978985989,
  "correct": false,
  "entry_price": 0.28466959855660806,
  "exit_price": 0.0,
  "log_return": -10.0,
  "size": 17.41,
  "pnl": -17.41,
  "fees": 0.22417000000000048,
  "gain_pct": -1.0,
  "realized_edge": 0.0809,
  "fill_slippage": 0.0047,
  "weight_version": "weights_v001",
  "category": "crypto-5min",
  "indicator_snapshot": {
    "rsi": {
      "rsi": 0.0,
      "score": 1.0,
      "norm_score": 0.05372217705431063
    },
    "macd": {
      "macd": -10.981,
      "signal": -3.2315,
      "histogram": -7.7495,
      "score": -0.5863,
      "norm_score": 1.1188963581646927
    },
    "stochastic": {
      "k": 0.0,
      "d": 0.0,
      "score": 1.0,
      "norm_score": 0.013835261470063925
    },
    "ema": {
      "trend": "bearish",
      "fast_ema": 78248.75943270043,
      "slow_ema": 78265.656206988
    },
    "obv": {
      "obv_slope": 0.0,
      "price_slope": 0.0,
      "score": 0.0,
      "norm_score": 1.1617108105475096
    },
    "vwap": {
      "vwap": 78184.87,
      "deviation": 0.4729,
      "score": -0.1419,
      "norm_score": 0.018130043195984123
    },
    "atr": {
      "atr": 18.83,
      "passes": true,
      "reason": "ok"
    },
    "weights": {
      "rsi": 0.2,
      "macd": 0.25,
      "stochastic": 0.2,
      "obv": 0.15,
      "vwap": 0.2,
      "entry_threshold": 0.6
    },
    "trade_context": {
      "btc_price": 78262.02,
      "strike_price": 78275.96527390978,
      "seconds_remaining": 162.054607,
      "market_price_up": 0.28,
      "market_price_down": 0.71,
      "model_probability_raw": 0.365529978985989,
      "model_probability": 0.365529978985989,
      "edge": 0.08552997898598896,
      "momentum_score": 0.4711182074673713,
      "atr": 18.83,
      "size": 17.41,
      "flow_score": -0.1977,
      "flow_book_imbalance": -0.0481,
      "flow_trade_count": 200,
      "spot_flow_signal": 0.6644490242997374,
      "wall_pressure": 0.0,
      "iv_ratio": 2.0,
      "prev_resolution_margin": -12.119999999995343,
      "bybit_perp_price": 78188.7,
      "funding_rate": -1.325e-05,
      "depth_usd_top20": 232781.04550220002,
      "entry_phase": "late",
      "flip_count": 1,
      "is_flip": true,
      "cvd_120s": -0.00275,
      "taker_ratio_60s": 0.5,
      "volume_surge": false,
      "liquidation_pressure": -0.004339879773588375,
      "gex_signal": 1.0,
      "gex_regime": "stabilizing",
      "cvd_acceleration": 0.0,
      "clob_velocity_up": 0.0,
      "clob_velocity_down": 0.0,
      "coinbase_btc": 78262.02,
      "regime_state": "neutral",
      "regime_kelly_mult": 1.0,
      "regime_autocorr": -0.0275,
      "sprt_confidence": 0.0,
      "sprt_status": "SKIP",
      "signal_consensus": 0.8,
      "adverse_selection_30s": 0.5333333333333333,
      "alpha_decay_rate": 0.002284110069919059,
      "garch_vol_ratio": 2.0,
      "crowd_bias": {
        "flb": -0.0132,
        "recency_fade": 0.6,
        "round_number_dampening": 1.0,
        "composite_logit_adjustment": -0.0012
      },
      "oracle_divergence": 5.5200000000040745,
      "edge_realization_ratio": 3.7710781784268947
    }
  },
  "exit_reason": "resolution",
  "seconds_remaining_at_exit": 0.0,
  "exit_timestamp": "2026-04-26T21:04:38.783207+00:00",
  "timestamp": "2026-04-26T21:04:38.783207+00:00"
}