{
  "position_id": 3611,
  "market_id": "btc-updown-5m-1777241100",
  "question": "Bitcoin Up or Down - April 26, 6:05PM-6:10PM ET",
  "side": "Down",
  "signal_score": 0.41957089236735756,
  "correct": true,
  "entry_price": 0.31,
  "exit_price": 0.34,
  "log_return": 0.09237332013101526,
  "size": 17.69,
  "pnl": 1.243331225806454,
  "fees": 0.4473420000000002,
  "gain_pct": 0.070284,
  "realized_edge": 0.1096,
  "fill_slippage": 0.0,
  "weight_version": "weights_v001",
  "category": "crypto-5min",
  "indicator_snapshot": {
    "rsi": {
      "rsi": 0.0,
      "score": 1.0,
      "norm_score": 1.3953584284964418
    },
    "macd": {
      "macd": 28.2834,
      "signal": 48.8344,
      "histogram": -20.551,
      "score": -0.4969,
      "norm_score": 0.9416247103472124
    },
    "stochastic": {
      "k": 22.52,
      "d": 22.52,
      "score": 0.2748,
      "norm_score": -0.0034996455995909277
    },
    "ema": {
      "trend": "bearish",
      "fast_ema": 78369.82881184662,
      "slow_ema": 78378.9119271983
    },
    "obv": {
      "obv_slope": 0.0,
      "price_slope": 0.0,
      "score": 0.0,
      "norm_score": 0.13497835765431382
    },
    "vwap": {
      "vwap": 78247.19,
      "deviation": 0.7318,
      "score": -0.2195,
      "norm_score": 0.030779575148509257
    },
    "atr": {
      "atr": 114.51,
      "passes": true,
      "reason": "ok"
    },
    "weights": {
      "rsi": 0.2,
      "macd": 0.25,
      "stochastic": 0.2,
      "obv": 0.15,
      "vwap": 0.2,
      "entry_threshold": 0.6
    },
    "trade_context": {
      "btc_price": 78506.8,
      "strike_price": 78365.03,
      "seconds_remaining": 172.648224,
      "market_price_up": 0.68,
      "market_price_down": 0.31,
      "model_probability_raw": 0.41957089236735756,
      "model_probability": 0.41957089236735756,
      "edge": 0.10957089236735756,
      "momentum_score": 0.5401806028440221,
      "atr": 114.51,
      "size": 17.69,
      "flow_score": -0.014,
      "flow_book_imbalance": 0.0393,
      "flow_trade_count": 200,
      "spot_flow_signal": 0.15995099408066024,
      "wall_pressure": 0.0,
      "iv_ratio": 0.5,
      "prev_resolution_margin": 401.63597879215376,
      "bybit_perp_price": 78439.5,
      "funding_rate": -1.038e-05,
      "depth_usd_top20": 288650.25944500003,
      "entry_phase": "late",
      "flip_count": 0,
      "is_flip": false,
      "cvd_120s": 0.0,
      "taker_ratio_60s": 0.5,
      "volume_surge": false,
      "liquidation_pressure": 0.0,
      "gex_signal": 1.0,
      "gex_regime": "stabilizing",
      "cvd_acceleration": 0.0,
      "clob_velocity_up": -0.0343644431626761,
      "clob_velocity_down": 0.034364443162676006,
      "coinbase_btc": 78506.8,
      "regime_state": "volatile",
      "regime_kelly_mult": 0.7,
      "regime_autocorr": 0.058,
      "sprt_confidence": 0.0,
      "sprt_status": "SKIP",
      "signal_consensus": 0.6,
      "adverse_selection_30s": 0.5454545454545454,
      "alpha_decay_rate": -0.0005359450642531067,
      "garch_vol_ratio": 2.0,
      "crowd_bias": {
        "flb": 0.0108,
        "recency_fade": 0.0,
        "round_number_dampening": 1.0,
        "composite_logit_adjustment": 0.0108
      },
      "oracle_divergence": 15.481839133077301,
      "edge_realization_ratio": 3.691034725344795
    }
  },
  "exit_reason": "scalp",
  "seconds_remaining_at_exit": 151.885534,
  "exit_timestamp": "2026-04-26T22:07:28.918305+00:00",
  "timestamp": "2026-04-26T22:07:28.918305+00:00"
}