{
  "position_id": 368,
  "market_id": "btc-updown-5m-1776032700",
  "question": "Bitcoin Up or Down - April 12, 6:25PM-6:30PM ET",
  "side": "Down",
  "signal_score": 0.9922094613345985,
  "correct": true,
  "entry_price": 0.8,
  "exit_price": 1.0,
  "log_return": 0.22314355131420976,
  "size": 8.97,
  "pnl": 2.202135,
  "fees": 0.032291999999999633,
  "gain_pct": 0.2455,
  "weight_version": "weights_v001",
  "category": "crypto-5min",
  "indicator_snapshot": {
    "rsi": {
      "rsi": 50.0,
      "score": -0.0,
      "norm_score": 1.8864186461620966
    },
    "macd": {
      "macd": -19.9478,
      "signal": -24.791,
      "histogram": 4.8432,
      "score": 0.1695,
      "norm_score": -1.8943397344773591
    },
    "stochastic": {
      "k": 0.0,
      "d": 50.0,
      "score": 1.0,
      "norm_score": 2.0064150118221034
    },
    "ema": {
      "trend": "chop",
      "fast_ema": 70767.10058332558,
      "slow_ema": 70774.0648047277
    },
    "obv": {
      "obv_slope": -0.0,
      "price_slope": -47.63,
      "score": -0.0022,
      "norm_score": -1.9323508763147603
    },
    "vwap": {
      "vwap": 71091.3,
      "deviation": -2.1004,
      "score": 0.6301,
      "norm_score": 1.9185260570842924
    },
    "atr": {
      "atr": 55.43,
      "passes": true,
      "reason": "ok"
    },
    "weights": {
      "rsi": 0.2,
      "macd": 0.25,
      "stochastic": 0.2,
      "obv": 0.15,
      "vwap": 0.2,
      "entry_threshold": 0.6
    },
    "trade_context": {
      "btc_price": 70713.1,
      "strike_price": 70855.99,
      "seconds_remaining": 189.322657,
      "market_price_up": 0.19,
      "market_price_down": 0.8,
      "model_probability_raw": 0.9922094613345985,
      "model_probability": 0.9922094613345985,
      "edge": 0.19220946133459849,
      "momentum_score": 0.39883437794714477,
      "atr": 55.43,
      "size": 8.97,
      "flow_score": 0.0017,
      "flow_book_imbalance": -0.1878,
      "flow_trade_count": 200,
      "spot_flow_signal": -0.407811558598809,
      "wall_pressure": 1.0,
      "perp_lead": -0.4616549264312104,
      "iv_ratio": 0.775303621677827,
      "prev_resolution_margin": 20.49333336944983,
      "bybit_perp_price": 70624.5,
      "funding_rate": -5.064e-05,
      "depth_usd_top20": 313223.82567319996,
      "entry_phase": "normal",
      "cvd_120s": -0.00651,
      "taker_ratio_60s": 0.0,
      "volume_surge": true,
      "liquidation_pressure": 0.0,
      "gex_signal": 1.0,
      "gex_regime": "stabilizing",
      "cvd_acceleration": -0.00043400000000000003,
      "regime_state": "neutral",
      "regime_kelly_mult": 1.0,
      "sprt_confidence": 0.9932957640931132,
      "sprt_status": "ACCUMULATING",
      "signal_consensus": 1.3,
      "alpha_decay_rate": -5.699250935708668e-05
    }
  },
  "exit_reason": "resolution",
  "timestamp": "2026-04-12T22:36:28.383276+00:00"
}