{
  "position_id": 369,
  "market_id": "btc-updown-5m-1776033000",
  "question": "Bitcoin Up or Down - April 12, 6:30PM-6:35PM ET",
  "side": "Down",
  "signal_score": 0.767341990737025,
  "correct": false,
  "entry_price": 0.57,
  "exit_price": 0.54,
  "log_return": -0.05406722127027559,
  "size": 1.6,
  "pnl": -0.09676152631578927,
  "fees": 0.012551,
  "gain_pct": -0.060476,
  "weight_version": "weights_v001",
  "category": "crypto-5min",
  "indicator_snapshot": {
    "rsi": {
      "rsi": 0.0,
      "score": 1.0,
      "norm_score": 0.15091415806489797
    },
    "macd": {
      "macd": -81.7907,
      "signal": -74.0795,
      "histogram": -7.7112,
      "score": -0.1248,
      "norm_score": 1.6512366682344206
    },
    "stochastic": {
      "k": 5.15,
      "d": 4.02,
      "score": 0.8198,
      "norm_score": -0.5853182014726168
    },
    "ema": {
      "trend": "bearish",
      "fast_ema": 70561.34470572893,
      "slow_ema": 70622.44257537062
    },
    "obv": {
      "obv_slope": -0.01,
      "price_slope": -11.1267,
      "score": -0.0071,
      "norm_score": -0.9447576996750375
    },
    "vwap": {
      "vwap": 71052.8,
      "deviation": -2.3156,
      "score": 0.6947,
      "norm_score": -2.200372389067281
    },
    "atr": {
      "atr": 67.23,
      "passes": true,
      "reason": "ok"
    },
    "weights": {
      "rsi": 0.2,
      "macd": 0.25,
      "stochastic": 0.2,
      "obv": 0.15,
      "vwap": 0.2,
      "entry_threshold": 0.6
    },
    "trade_context": {
      "btc_price": 70547.17,
      "strike_price": 70580.55,
      "seconds_remaining": 237.199042,
      "market_price_up": 0.42,
      "market_price_down": 0.57,
      "model_probability_raw": 0.767341990737025,
      "model_probability": 0.767341990737025,
      "edge": 0.19734199073702507,
      "momentum_score": -0.2558597743876505,
      "atr": 67.23,
      "size": 1.6,
      "flow_score": 0.0561,
      "flow_book_imbalance": 0.1057,
      "flow_trade_count": 200,
      "spot_flow_signal": -0.02414057702030074,
      "wall_pressure": 0.9174806259794345,
      "perp_lead": 0.02792440452213741,
      "iv_ratio": 0.6911338801750441,
      "prev_resolution_margin": 20.49333336944983,
      "bybit_perp_price": 70552.9,
      "funding_rate": -4.991e-05,
      "depth_usd_top20": 258979.5003592001,
      "entry_phase": "normal",
      "cvd_120s": -0.001220000000000001,
      "taker_ratio_60s": 0.4716542750929367,
      "volume_surge": false,
      "liquidation_pressure": -0.10779657041479264,
      "gex_signal": 1.0,
      "gex_regime": "stabilizing",
      "cvd_acceleration": 0.00022888888888888888,
      "regime_state": "trending_down",
      "regime_kelly_mult": 1.2,
      "sprt_confidence": 1.0,
      "sprt_status": "ENTER",
      "signal_consensus": 0.8,
      "alpha_decay_rate": 0.0036416949264273164
    }
  },
  "exit_reason": "scalp",
  "timestamp": "2026-04-12T22:31:18.885967+00:00"
}