{
  "position_id": 36,
  "market_id": "btc-updown-5m-1776123300",
  "question": "Bitcoin Up or Down - April 13, 7:35PM-7:40PM ET",
  "side": "Down",
  "signal_score": 0.6066508524521428,
  "correct": true,
  "entry_price": 0.53,
  "exit_price": 0.6,
  "log_return": 0.12405264866997882,
  "size": 1.65,
  "pnl": 0.18878688679245248,
  "fees": 0.027294000000000013,
  "gain_pct": 0.114416,
  "weight_version": "weights_v001",
  "category": "crypto-5min",
  "indicator_snapshot": {
    "rsi": {
      "rsi": 37.63,
      "score": 0.1855,
      "norm_score": 3.0
    },
    "macd": {
      "macd": 29.1675,
      "signal": 20.0657,
      "histogram": 9.1018,
      "score": 0.1658,
      "norm_score": 0.9167870552831647
    },
    "stochastic": {
      "k": 60.45,
      "d": 60.45,
      "score": -0.1045,
      "norm_score": -0.7022825469373783
    },
    "ema": {
      "trend": "bullish",
      "fast_ema": 74771.48239290735,
      "slow_ema": 74741.01136208922
    },
    "obv": {
      "obv_slope": 0.01,
      "price_slope": 10.9,
      "score": 0.0057,
      "norm_score": -1.996736888093795
    },
    "vwap": {
      "vwap": 74025.56,
      "deviation": 1.301,
      "score": -0.3903,
      "norm_score": -0.8002366095919234
    },
    "atr": {
      "atr": 124.64,
      "passes": true,
      "reason": "ok"
    },
    "weights": {
      "rsi": 0.2,
      "macd": 0.25,
      "stochastic": 0.2,
      "obv": 0.15,
      "vwap": 0.2,
      "entry_threshold": 0.6
    },
    "trade_context": {
      "btc_price": 74806.02,
      "strike_price": 74831.0112084281,
      "seconds_remaining": 298.663199,
      "market_price_up": 0.46,
      "market_price_down": 0.53,
      "model_probability_raw": 0.6066508524521428,
      "model_probability": 0.6066508524521428,
      "edge": 0.07665085245214276,
      "momentum_score": 0.22918239930086173,
      "atr": 124.64,
      "size": 1.65,
      "flow_score": -0.4025,
      "flow_book_imbalance": -0.0041,
      "flow_trade_count": 2,
      "spot_flow_signal": -0.6495877138769992,
      "wall_pressure": 0.0,
      "iv_ratio": 0.5,
      "prev_resolution_margin": 0.0,
      "bybit_perp_price": 74747.8,
      "funding_rate": -3.137e-05,
      "depth_usd_top20": 275977.3084707001,
      "entry_phase": "normal",
      "flip_count": 0,
      "is_flip": false,
      "cvd_120s": 0.0031699999999999975,
      "taker_ratio_60s": 0.01048951048951049,
      "volume_surge": false,
      "liquidation_pressure": 0.0,
      "gex_signal": 1.0,
      "gex_regime": "stabilizing",
      "cvd_acceleration": -0.0002471111111111111,
      "clob_velocity_up": 0.0,
      "clob_velocity_down": 0.0,
      "coinbase_btc": 74809.76,
      "regime_state": "volatile",
      "regime_kelly_mult": 0.7,
      "sprt_confidence": 0.06689289179705146,
      "sprt_status": "ACCUMULATING",
      "signal_consensus": 1.3,
      "adverse_selection_30s": 0.5,
      "alpha_decay_rate": 0.0,
      "garch_vol_ratio": 2.0,
      "crowd_bias": {
        "flb": 0.0,
        "recency_fade": 0.0,
        "round_number_dampening": 1.0,
        "composite_logit_adjustment": 0.0
      },
      "oracle_divergence": 22.729999999995925,
      "edge_realization_ratio": 1.0
    }
  },
  "exit_reason": "scalp",
  "timestamp": "2026-04-13T23:36:27.016602+00:00"
}