{
  "position_id": 370,
  "market_id": "btc-updown-5m-1776036300",
  "question": "Bitcoin Up or Down - April 12, 7:25PM-7:30PM ET",
  "side": "Down",
  "signal_score": 0.3143000231780265,
  "correct": false,
  "entry_price": 0.12,
  "exit_price": 0.0,
  "log_return": -10.0,
  "size": 2.14,
  "pnl": -2.14,
  "fees": 0.0,
  "gain_pct": -1.0,
  "weight_version": "weights_v001",
  "category": "crypto-5min",
  "indicator_snapshot": {
    "rsi": {
      "rsi": 100.0,
      "score": -1.0,
      "norm_score": -0.0003320007090908699
    },
    "macd": {
      "macd": -2.15,
      "signal": -13.6357,
      "histogram": 11.4858,
      "score": 0.9717,
      "norm_score": -0.36052497948870793
    },
    "stochastic": {
      "k": 100.0,
      "d": 100.0,
      "score": -1.0,
      "norm_score": -0.3154654492594875
    },
    "ema": {
      "trend": "bullish",
      "fast_ema": 70684.8557992347,
      "slow_ema": 70670.37392138712
    },
    "obv": {
      "obv_slope": 0.0,
      "price_slope": 19.7,
      "score": 0.0026,
      "norm_score": 1.3232927074295469
    },
    "vwap": {
      "vwap": 71033.71,
      "deviation": -1.389,
      "score": 0.4167,
      "norm_score": -1.2722281682654308
    },
    "atr": {
      "atr": 12.77,
      "passes": true,
      "reason": "ok"
    },
    "weights": {
      "rsi": 0.2,
      "macd": 0.25,
      "stochastic": 0.2,
      "obv": 0.15,
      "vwap": 0.2,
      "entry_threshold": 0.6
    },
    "trade_context": {
      "btc_price": 70708.94,
      "strike_price": 70649.84,
      "seconds_remaining": 196.683824,
      "market_price_up": 0.9,
      "market_price_down": 0.12,
      "model_probability_raw": 0.3143000231780265,
      "model_probability": 0.3143000231780265,
      "edge": 0.19430002317802653,
      "momentum_score": -0.20924246240454686,
      "atr": 12.77,
      "size": 2.14,
      "flow_score": -0.0578,
      "flow_book_imbalance": 0.2804,
      "flow_trade_count": 200,
      "spot_flow_signal": -0.7266787897466881,
      "wall_pressure": -1.0,
      "perp_lead": -0.2805513066057426,
      "iv_ratio": 3.0,
      "prev_resolution_margin": 0.0,
      "bybit_perp_price": 70650.8,
      "funding_rate": -4.07e-05,
      "depth_usd_top20": 318465.7013772001,
      "entry_phase": "normal",
      "cvd_120s": -0.0075899999999999995,
      "taker_ratio_60s": 0.0,
      "volume_surge": false,
      "liquidation_pressure": 0.0,
      "gex_signal": 1.0,
      "gex_regime": "stabilizing",
      "cvd_acceleration": -0.0005086666666666666,
      "regime_state": "trending_down",
      "regime_kelly_mult": 1.2,
      "sprt_confidence": 1.0,
      "sprt_status": "ENTER",
      "signal_consensus": 1.0,
      "alpha_decay_rate": 0.0035093374248746805
    }
  },
  "exit_reason": "resolution",
  "timestamp": "2026-04-12T23:36:21.882039+00:00"
}