{
  "position_id": 372,
  "market_id": "btc-updown-5m-1776042300",
  "question": "Bitcoin Up or Down - April 12, 9:05PM-9:10PM ET",
  "side": "Down",
  "signal_score": 0.8189812307092403,
  "correct": true,
  "entry_price": 0.75,
  "exit_price": 1.0,
  "log_return": 0.28768207245178085,
  "size": 1.4,
  "pnl": 0.46666666666666656,
  "fees": 0.0,
  "gain_pct": 0.333333,
  "weight_version": "weights_v001",
  "category": "crypto-5min",
  "indicator_snapshot": {
    "rsi": {
      "rsi": 19.48,
      "score": 0.5456,
      "norm_score": 0.43229999999587143
    },
    "macd": {
      "macd": -6.6152,
      "signal": -2.1528,
      "histogram": -4.4624,
      "score": -0.2751,
      "norm_score": 0.3479959655443996
    },
    "stochastic": {
      "k": 7.17,
      "d": 7.17,
      "score": 0.749,
      "norm_score": 0.17360585634856274
    },
    "ema": {
      "trend": "bearish",
      "fast_ema": 71127.46695920057,
      "slow_ema": 71137.86779524932
    },
    "obv": {
      "obv_slope": -0.0,
      "price_slope": -4.8733,
      "score": -0.0028,
      "norm_score": -0.018724741641996247
    },
    "vwap": {
      "vwap": 70891.9,
      "deviation": 2.1621,
      "score": -0.6486,
      "norm_score": 0.09316048896203902
    },
    "atr": {
      "atr": 37.99,
      "passes": true,
      "reason": "ok"
    },
    "weights": {
      "rsi": 0.2,
      "macd": 0.25,
      "stochastic": 0.2,
      "obv": 0.15,
      "vwap": 0.2,
      "entry_threshold": 0.6
    },
    "trade_context": {
      "btc_price": 71136.97,
      "strike_price": 71183.13,
      "seconds_remaining": 69.332348,
      "market_price_up": 0.24,
      "market_price_down": 0.75,
      "model_probability_raw": 0.8189812307092403,
      "model_probability": 0.8189812307092403,
      "edge": 0.06898123070924034,
      "momentum_score": 0.2240035492010951,
      "atr": 37.99,
      "size": 1.4,
      "flow_score": 0.0379,
      "flow_book_imbalance": -0.2421,
      "flow_trade_count": 200,
      "spot_flow_signal": 0.021726400181641552,
      "wall_pressure": 0.9986513498542976,
      "iv_ratio": 1.1646049359015924,
      "prev_resolution_margin": 0.0,
      "bybit_perp_price": 71087.4,
      "funding_rate": 7.53e-06,
      "depth_usd_top20": 311873.4409336,
      "entry_phase": "late",
      "cvd_120s": 0.00677,
      "taker_ratio_60s": 0.5,
      "volume_surge": false,
      "liquidation_pressure": 0.0,
      "gex_signal": 1.0,
      "gex_regime": "stabilizing",
      "cvd_acceleration": 0.0,
      "clob_velocity_up": 0.0,
      "clob_velocity_down": 0.0,
      "coinbase_btc": 71136.97,
      "regime_state": "volatile",
      "regime_kelly_mult": 0.7,
      "sprt_confidence": 1.0,
      "sprt_status": "ENTER",
      "signal_consensus": 1.3,
      "alpha_decay_rate": -0.0003667394525111115
    }
  },
  "exit_reason": "resolution",
  "timestamp": "2026-04-13T01:16:16.606009+00:00"
}