{
  "position_id": 377,
  "market_id": "btc-updown-5m-1776043800",
  "question": "Bitcoin Up or Down - April 12, 9:30PM-9:35PM ET",
  "side": "Down",
  "signal_score": 0.8551917502515873,
  "correct": false,
  "entry_price": 0.73,
  "exit_price": 0.0,
  "log_return": -10.0,
  "size": 2.16,
  "pnl": -2.16,
  "fees": 0.01049799999999991,
  "gain_pct": -1.0,
  "weight_version": "weights_v001",
  "category": "crypto-5min",
  "indicator_snapshot": {
    "rsi": {
      "rsi": 41.05,
      "score": 0.1343,
      "norm_score": 0.3426155620943692
    },
    "macd": {
      "macd": -19.0305,
      "signal": -15.8234,
      "histogram": -3.2071,
      "score": -0.0984,
      "norm_score": 0.31645740664266575
    },
    "stochastic": {
      "k": 54.15,
      "d": 54.15,
      "score": -0.0415,
      "norm_score": 0.3242939577145376
    },
    "ema": {
      "trend": "bearish",
      "fast_ema": 71070.403126963,
      "slow_ema": 71086.13341387559
    },
    "obv": {
      "obv_slope": 0.0,
      "price_slope": 29.4033,
      "score": 0.0,
      "norm_score": 2.4695440729354714
    },
    "vwap": {
      "vwap": 70883.87,
      "deviation": 1.924,
      "score": -0.5772,
      "norm_score": 0.34249694198510494
    },
    "atr": {
      "atr": 45.07,
      "passes": true,
      "reason": "ok"
    },
    "weights": {
      "rsi": 0.2,
      "macd": 0.25,
      "stochastic": 0.2,
      "obv": 0.15,
      "vwap": 0.2,
      "entry_threshold": 0.6
    },
    "trade_context": {
      "btc_price": 71049.89,
      "strike_price": 71148.4,
      "seconds_remaining": 238.515356,
      "market_price_up": 0.26,
      "market_price_down": 0.73,
      "model_probability_raw": 0.8551917502515873,
      "model_probability": 0.8551917502515873,
      "edge": 0.12519175025158735,
      "momentum_score": 0.6514272549597895,
      "atr": 45.07,
      "size": 2.16,
      "flow_score": -0.0124,
      "flow_book_imbalance": -0.1771,
      "flow_trade_count": 200,
      "spot_flow_signal": -0.5907919982463118,
      "wall_pressure": 1.0,
      "iv_ratio": 0.9741507910713194,
      "prev_resolution_margin": 5.268370116100414,
      "bybit_perp_price": 71006.0,
      "funding_rate": 1.652e-05,
      "depth_usd_top20": 319176.61104759993,
      "entry_phase": "normal",
      "cvd_120s": -0.038470000000000004,
      "taker_ratio_60s": 0.5,
      "volume_surge": false,
      "liquidation_pressure": 0.0,
      "gex_signal": 1.0,
      "gex_regime": "stabilizing",
      "cvd_acceleration": 0.0,
      "clob_velocity_up": 0.0,
      "clob_velocity_down": 0.0,
      "coinbase_btc": 71049.89,
      "regime_state": "volatile",
      "regime_kelly_mult": 0.7,
      "sprt_confidence": 1.0,
      "sprt_status": "ENTER",
      "signal_consensus": 1.3,
      "alpha_decay_rate": 0.005292504205919217
    }
  },
  "exit_reason": "resolution",
  "timestamp": "2026-04-13T01:41:36.628065+00:00"
}