{
  "position_id": 380,
  "market_id": "btc-updown-5m-1776200100",
  "question": "Bitcoin Up or Down - April 14, 4:55PM-5:00PM ET",
  "side": "Up",
  "signal_score": 0.6693313491295007,
  "correct": false,
  "entry_price": 0.48,
  "exit_price": 0.3099,
  "log_return": -0.43753643910823403,
  "size": 15.67,
  "pnl": -5.772244714375001,
  "fees": 0.2711650000000012,
  "gain_pct": -0.368363,
  "weight_version": "weights_v001",
  "category": "crypto-5min",
  "indicator_snapshot": {
    "rsi": {
      "rsi": 10.95,
      "score": 0.7446,
      "norm_score": 0.9773508588775411
    },
    "macd": {
      "macd": -20.2742,
      "signal": -10.0054,
      "histogram": -10.2688,
      "score": -0.3881,
      "norm_score": -1.4821794488246969
    },
    "stochastic": {
      "k": 0.77,
      "d": 0.77,
      "score": 0.9731,
      "norm_score": 0.09629646084817352
    },
    "ema": {
      "trend": "bearish",
      "fast_ema": 74160.61310216394,
      "slow_ema": 74186.79431169361
    },
    "obv": {
      "obv_slope": -0.01,
      "price_slope": -16.3233,
      "score": -0.0134,
      "norm_score": -0.5945553586220097
    },
    "vwap": {
      "vwap": 74264.34,
      "deviation": -1.2771,
      "score": 0.3831,
      "norm_score": 1.8221279472809875
    },
    "atr": {
      "atr": 19.96,
      "passes": true,
      "reason": "ok"
    },
    "weights": {
      "rsi": 0.2,
      "macd": 0.25,
      "stochastic": 0.2,
      "obv": 0.15,
      "vwap": 0.2,
      "entry_threshold": 0.6
    },
    "trade_context": {
      "btc_price": 74184.98,
      "strike_price": 74176.15188,
      "seconds_remaining": 286.628774,
      "market_price_up": 0.48,
      "market_price_down": 0.51,
      "model_probability_raw": 0.6693313491295007,
      "model_probability": 0.6693313491295007,
      "edge": 0.18933134912950067,
      "momentum_score": 0.1194268874018648,
      "atr": 19.96,
      "size": 15.67,
      "flow_score": 0.128,
      "flow_book_imbalance": -0.0252,
      "flow_trade_count": 194,
      "spot_flow_signal": 0.3862907268075052,
      "wall_pressure": 0.0,
      "iv_ratio": 2.317214319039721,
      "prev_resolution_margin": 86.61048000000301,
      "bybit_perp_price": 74078.5,
      "funding_rate": -0.00021651,
      "depth_usd_top20": 321617.8415845999,
      "entry_phase": "normal",
      "flip_count": 0,
      "is_flip": false,
      "cvd_120s": 0.043980000000000005,
      "taker_ratio_60s": 1.0,
      "volume_surge": false,
      "liquidation_pressure": -0.01920129789928362,
      "gex_signal": 1.0,
      "gex_regime": "stabilizing",
      "cvd_acceleration": -0.0009026666666666667,
      "clob_velocity_up": 0.0,
      "clob_velocity_down": 0.0,
      "coinbase_btc": 74184.98,
      "regime_state": "neutral",
      "regime_kelly_mult": 1.0,
      "sprt_confidence": 0.2461385656108166,
      "sprt_status": "ACCUMULATING",
      "signal_consensus": 1.3,
      "adverse_selection_30s": 0.5,
      "alpha_decay_rate": -0.0031811951647310005,
      "garch_vol_ratio": 2.0,
      "crowd_bias": {
        "flb": 0.0,
        "recency_fade": 0.0,
        "round_number_dampening": 1.0,
        "composite_logit_adjustment": 0.0
      },
      "oracle_divergence": 14.596979445967008,
      "edge_realization_ratio": 1.0
    }
  },
  "exit_reason": "scalp",
  "timestamp": "2026-04-14T20:56:58.150603+00:00"
}