{
  "position_id": 386,
  "market_id": "btc-updown-5m-1776201300",
  "question": "Bitcoin Up or Down - April 14, 5:15PM-5:20PM ET",
  "side": "Down",
  "signal_score": 0.8627679049347023,
  "correct": true,
  "entry_price": 0.77,
  "exit_price": 1.0,
  "log_return": 0.2613647641344075,
  "size": 17.51,
  "pnl": 5.136115584415585,
  "fees": 0.07249099999999963,
  "gain_pct": 0.293325,
  "weight_version": "weights_v001",
  "category": "crypto-5min",
  "indicator_snapshot": {
    "rsi": {
      "rsi": 0.0,
      "score": 1.0,
      "norm_score": 0.10072032033673897
    },
    "macd": {
      "macd": -3.0462,
      "signal": 7.3907,
      "histogram": -10.4369,
      "score": -0.2406,
      "norm_score": -0.9424669306378952
    },
    "stochastic": {
      "k": 0.0,
      "d": 0.0,
      "score": 1.0,
      "norm_score": 0.09158752118146736
    },
    "ema": {
      "trend": "bearish",
      "fast_ema": 74184.04259495699,
      "slow_ema": 74199.14256842248
    },
    "obv": {
      "obv_slope": -0.01,
      "price_slope": -11.9567,
      "score": -0.0111,
      "norm_score": -0.9199904015957159
    },
    "vwap": {
      "vwap": 74261.38,
      "deviation": -0.9561,
      "score": 0.2868,
      "norm_score": 0.9200036640706452
    },
    "atr": {
      "atr": 24.16,
      "passes": true,
      "reason": "ok"
    },
    "weights": {
      "rsi": 0.2,
      "macd": 0.25,
      "stochastic": 0.2,
      "obv": 0.15,
      "vwap": 0.2,
      "entry_threshold": 0.6
    },
    "trade_context": {
      "btc_price": 74205.32,
      "strike_price": 74237.39,
      "seconds_remaining": 178.963027,
      "market_price_up": 0.21,
      "market_price_down": 0.77,
      "model_probability_raw": 0.8627679049347023,
      "model_probability": 0.8627679049347023,
      "edge": 0.09276790493470233,
      "momentum_score": -0.15115299178106084,
      "atr": 24.16,
      "size": 17.51,
      "flow_score": 0.1208,
      "flow_book_imbalance": -0.1819,
      "flow_trade_count": 200,
      "spot_flow_signal": 0.7716004498168296,
      "wall_pressure": 0.0,
      "iv_ratio": 1.9136412527998303,
      "prev_resolution_margin": 183.65108393599803,
      "bybit_perp_price": 74099.0,
      "funding_rate": -0.00022426,
      "depth_usd_top20": 314561.1758731,
      "entry_phase": "late",
      "flip_count": 1,
      "is_flip": true,
      "cvd_120s": 0.03402,
      "taker_ratio_60s": 1.0,
      "volume_surge": false,
      "liquidation_pressure": -0.0020989315484515746,
      "gex_signal": 1.0,
      "gex_regime": "stabilizing",
      "cvd_acceleration": -0.0007484444444444445,
      "clob_velocity_up": 0.02294371593427875,
      "clob_velocity_down": -0.02294371593427875,
      "coinbase_btc": 74205.32,
      "regime_state": "neutral",
      "regime_kelly_mult": 1.0,
      "sprt_confidence": 0.29738444776163275,
      "sprt_status": "SKIP",
      "signal_consensus": 0.6,
      "adverse_selection_30s": 0.5,
      "alpha_decay_rate": 0.0066009769210754335,
      "garch_vol_ratio": 2.0,
      "crowd_bias": {
        "flb": -0.0174,
        "recency_fade": 0.0,
        "round_number_dampening": 1.0,
        "composite_logit_adjustment": -0.0174
      },
      "oracle_divergence": 12.731776427346631,
      "edge_realization_ratio": 1.0
    }
  },
  "exit_reason": "resolution",
  "timestamp": "2026-04-14T21:26:04.934179+00:00"
}