{
  "position_id": 395,
  "market_id": "btc-updown-5m-1776203400",
  "question": "Bitcoin Up or Down - April 14, 5:50PM-5:55PM ET",
  "side": "Up",
  "signal_score": 0.9891049612150848,
  "correct": true,
  "entry_price": 0.79,
  "exit_price": 1.0,
  "log_return": 0.23572233352106978,
  "size": 18.0,
  "pnl": 4.6986835443037975,
  "fees": 0.06804000000000045,
  "gain_pct": 0.261038,
  "weight_version": "weights_v001",
  "category": "crypto-5min",
  "indicator_snapshot": {
    "rsi": {
      "rsi": 59.12,
      "score": -0.1368,
      "norm_score": 0.009297136832298757
    },
    "macd": {
      "macd": 0.5797,
      "signal": -5.3121,
      "histogram": 5.8918,
      "score": 0.374,
      "norm_score": 0.9213020427172663
    },
    "stochastic": {
      "k": 100.0,
      "d": 81.79,
      "score": -1.0,
      "norm_score": -1.126223522679349
    },
    "ema": {
      "trend": "bullish",
      "fast_ema": 74033.22883186319,
      "slow_ema": 74024.75303183816
    },
    "obv": {
      "obv_slope": -0.0,
      "price_slope": 5.2167,
      "score": -0.0017,
      "norm_score": 0.7591542817205378
    },
    "vwap": {
      "vwap": 74248.49,
      "deviation": -3.4922,
      "score": 1.0,
      "norm_score": 2.6645352591003757e-09
    },
    "atr": {
      "atr": 17.51,
      "passes": true,
      "reason": "ok"
    },
    "weights": {
      "rsi": 0.2,
      "macd": 0.25,
      "stochastic": 0.2,
      "obv": 0.15,
      "vwap": 0.2,
      "entry_threshold": 0.6
    },
    "trade_context": {
      "btc_price": 74098.11,
      "strike_price": 74036.38259253345,
      "seconds_remaining": 224.299755,
      "market_price_up": 0.79,
      "market_price_down": 0.2,
      "model_probability_raw": 0.9891049612150848,
      "model_probability": 0.9891049612150848,
      "edge": 0.1991049612150848,
      "momentum_score": 0.12081337630089421,
      "atr": 17.51,
      "size": 18.0,
      "flow_score": 0.0733,
      "flow_book_imbalance": 0.434,
      "flow_trade_count": 200,
      "spot_flow_signal": 0.422603989399632,
      "wall_pressure": 0.0,
      "iv_ratio": 2.5391161235563593,
      "prev_resolution_margin": -110.21703091626114,
      "bybit_perp_price": 74012.3,
      "funding_rate": -0.00022775,
      "depth_usd_top20": 298639.9003675,
      "entry_phase": "normal",
      "flip_count": 0,
      "is_flip": false,
      "cvd_120s": 0.01271,
      "taker_ratio_60s": 1.0,
      "volume_surge": false,
      "liquidation_pressure": 0.0,
      "gex_signal": 1.0,
      "gex_regime": "stabilizing",
      "cvd_acceleration": -0.00016244444444444444,
      "clob_velocity_up": 0.0,
      "clob_velocity_down": 0.0,
      "coinbase_btc": 74098.11,
      "regime_state": "neutral",
      "regime_kelly_mult": 1.0,
      "sprt_confidence": 1.0,
      "sprt_status": "ENTER",
      "signal_consensus": 1.3,
      "adverse_selection_30s": 0.5,
      "alpha_decay_rate": 0.001484523190535533,
      "garch_vol_ratio": 2.0,
      "crowd_bias": {
        "flb": 0.0174,
        "recency_fade": 0.0,
        "round_number_dampening": 0.92,
        "composite_logit_adjustment": 0.0174
      },
      "oracle_divergence": 14.203022373403655,
      "edge_realization_ratio": 1.0
    }
  },
  "exit_reason": "resolution",
  "timestamp": "2026-04-14T22:00:27.515159+00:00"
}