{
  "position_id": 411,
  "market_id": "btc-updown-5m-1776056100",
  "question": "Bitcoin Up or Down - April 13, 12:55AM-1:00AM ET",
  "side": "Up",
  "signal_score": 0.7643545808483896,
  "correct": false,
  "entry_price": 0.57,
  "exit_price": 0.0,
  "log_return": -10.0,
  "size": 1.44,
  "pnl": -1.44,
  "fees": 0.011146000000000024,
  "gain_pct": -1.0,
  "weight_version": "weights_v001",
  "category": "crypto-5min",
  "indicator_snapshot": {
    "rsi": {
      "rsi": 16.77,
      "score": 0.6086,
      "norm_score": -0.15490010611200583
    },
    "macd": {
      "macd": -53.3488,
      "signal": -53.1278,
      "histogram": -0.221,
      "score": -0.0045,
      "norm_score": 0.15507057820380882
    },
    "stochastic": {
      "k": 20.15,
      "d": 18.16,
      "score": 0.2985,
      "norm_score": -0.1552472721014606
    },
    "ema": {
      "trend": "bearish",
      "fast_ema": 70891.79989620169,
      "slow_ema": 70926.31493179487
    },
    "obv": {
      "obv_slope": 0.0,
      "price_slope": 0.0,
      "score": 0.0,
      "norm_score": -0.155401078813428
    },
    "vwap": {
      "vwap": 71044.33,
      "deviation": -2.2849,
      "score": 0.6855,
      "norm_score": -0.004182177782224812
    },
    "atr": {
      "atr": 23.41,
      "passes": true,
      "reason": "ok"
    },
    "weights": {
      "rsi": 0.2,
      "macd": 0.25,
      "stochastic": 0.2,
      "obv": 0.15,
      "vwap": 0.2,
      "entry_threshold": 0.6
    },
    "trade_context": {
      "btc_price": 70922.12,
      "strike_price": 70889.59,
      "seconds_remaining": 310.881492,
      "market_price_up": 0.57,
      "market_price_down": 0.42,
      "model_probability_raw": 0.7643545808483896,
      "model_probability": 0.7643545808483896,
      "edge": 0.19435458084838964,
      "momentum_score": -0.04740842847020025,
      "atr": 23.41,
      "size": 1.44,
      "flow_score": 0.3025,
      "flow_book_imbalance": 0.0069,
      "flow_trade_count": 5,
      "spot_flow_signal": 0.040895922768375254,
      "wall_pressure": 0.3980992892526383,
      "iv_ratio": 1.822796887347589,
      "prev_resolution_margin": 63.46078848199977,
      "bybit_perp_price": 70877.0,
      "funding_rate": 3.253e-05,
      "depth_usd_top20": 306821.2922899,
      "entry_phase": "observe",
      "cvd_120s": 2e-05,
      "taker_ratio_60s": 0.5,
      "volume_surge": false,
      "liquidation_pressure": 0.0,
      "gex_signal": 1.0,
      "gex_regime": "stabilizing",
      "cvd_acceleration": 0.0,
      "clob_velocity_up": 0.0,
      "clob_velocity_down": 0.0,
      "coinbase_btc": 70922.12,
      "regime_state": "neutral",
      "regime_kelly_mult": 1.0,
      "sprt_confidence": 1.0,
      "sprt_status": "ENTER",
      "signal_consensus": 0.8,
      "adverse_selection_30s": 0.5,
      "alpha_decay_rate": -0.006416413072478088,
      "garch_vol_ratio": 2.0,
      "crowd_bias": {
        "flb": 0.0,
        "recency_fade": 0.0,
        "round_number_dampening": 1.0,
        "composite_logit_adjustment": 0.0
      },
      "oracle_divergence": 5.887915641564177,
      "edge_realization_ratio": 1.0
    }
  },
  "exit_reason": "resolution",
  "timestamp": "2026-04-13T05:02:32.586909+00:00"
}