{
  "position_id": 414,
  "market_id": "btc-updown-5m-1776206700",
  "question": "Bitcoin Up or Down - April 14, 6:45PM-6:50PM ET",
  "side": "Up",
  "signal_score": 0.601087593543347,
  "correct": false,
  "entry_price": 0.55,
  "exit_price": 0.51,
  "log_return": -0.07550755250814517,
  "size": 5.23,
  "pnl": -0.46207269090909087,
  "fees": 0.08478999999999984,
  "gain_pct": -0.08835,
  "weight_version": "weights_v001",
  "category": "crypto-5min",
  "indicator_snapshot": {
    "rsi": {
      "rsi": 0.0,
      "score": 1.0,
      "norm_score": 0.001600038395031683
    },
    "macd": {
      "macd": -1.3016,
      "signal": -1.8749,
      "histogram": 0.5733,
      "score": 0.0999,
      "norm_score": -0.8458923776730412
    },
    "stochastic": {
      "k": 0.0,
      "d": 0.0,
      "score": 1.0,
      "norm_score": 0.0015999960607912772
    },
    "ema": {
      "trend": "chop",
      "fast_ema": 74030.00543729836,
      "slow_ema": 74029.4307493815
    },
    "obv": {
      "obv_slope": 0.0,
      "price_slope": 0.0,
      "score": 0.0,
      "norm_score": 0.10500154155300306
    },
    "vwap": {
      "vwap": 74181.29,
      "deviation": -1.5846,
      "score": 0.4754,
      "norm_score": 0.0038056959402907355
    },
    "atr": {
      "atr": 9.81,
      "passes": true,
      "reason": "ok"
    },
    "weights": {
      "rsi": 0.2,
      "macd": 0.25,
      "stochastic": 0.2,
      "obv": 0.15,
      "vwap": 0.2,
      "entry_threshold": 0.6
    },
    "trade_context": {
      "btc_price": 74010.0,
      "strike_price": 74006.43298,
      "seconds_remaining": 296.331632,
      "market_price_up": 0.55,
      "market_price_down": 0.44,
      "model_probability_raw": 0.601087593543347,
      "model_probability": 0.601087593543347,
      "edge": 0.05108759354334691,
      "momentum_score": -0.1943217171060871,
      "atr": 9.81,
      "size": 5.23,
      "flow_score": 0.282,
      "flow_book_imbalance": 0.0336,
      "flow_trade_count": 15,
      "spot_flow_signal": -0.12111971764956429,
      "wall_pressure": 0.0,
      "iv_ratio": 3.0,
      "prev_resolution_margin": -159.57726172242837,
      "bybit_perp_price": 73926.5,
      "funding_rate": -0.00020533,
      "depth_usd_top20": 321949.66734790005,
      "entry_phase": "normal",
      "flip_count": 0,
      "is_flip": false,
      "cvd_120s": 0.0,
      "taker_ratio_60s": 0.5,
      "volume_surge": false,
      "liquidation_pressure": 0.0,
      "gex_signal": 1.0,
      "gex_regime": "stabilizing",
      "cvd_acceleration": 0.0,
      "clob_velocity_up": 0.0,
      "clob_velocity_down": 0.0,
      "coinbase_btc": 74007.35,
      "regime_state": "trending_down",
      "regime_kelly_mult": 1.2,
      "sprt_confidence": 0.15931658073095611,
      "sprt_status": "ACCUMULATING",
      "signal_consensus": 0.8,
      "adverse_selection_30s": 0.5,
      "alpha_decay_rate": -0.0532113699453898,
      "garch_vol_ratio": 2.0,
      "crowd_bias": {
        "flb": 0.0,
        "recency_fade": 0.3,
        "round_number_dampening": 0.92,
        "composite_logit_adjustment": 0.006
      },
      "oracle_divergence": 3.5079600000026403,
      "edge_realization_ratio": 1.6841199704941683
    }
  },
  "exit_reason": "scalp",
  "timestamp": "2026-04-14T22:45:10.736521+00:00"
}