{
  "position_id": 418,
  "market_id": "btc-updown-5m-1776207300",
  "question": "Bitcoin Up or Down - April 14, 6:55PM-7:00PM ET",
  "side": "Down",
  "signal_score": 0.826219106052231,
  "correct": false,
  "entry_price": 0.68,
  "exit_price": 0.59,
  "log_return": -0.14197026127038734,
  "size": 10.89,
  "pnl": -1.5650775588235302,
  "fees": 0.13205600000000026,
  "gain_pct": -0.143717,
  "weight_version": "weights_v001",
  "category": "crypto-5min",
  "indicator_snapshot": {
    "rsi": {
      "rsi": 0.0,
      "score": 1.0,
      "norm_score": 3.0
    },
    "macd": {
      "macd": 11.5146,
      "signal": 12.0713,
      "histogram": -0.5567,
      "score": -0.0401,
      "norm_score": -2.1245421406993477
    },
    "stochastic": {
      "k": 0.0,
      "d": 37.24,
      "score": 1.0,
      "norm_score": 3.0
    },
    "ema": {
      "trend": "chop",
      "fast_ema": 74078.30101451106,
      "slow_ema": 74071.66210637029
    },
    "obv": {
      "obv_slope": 0.0,
      "price_slope": 0.0,
      "score": 0.0,
      "norm_score": 0.2540912281665635
    },
    "vwap": {
      "vwap": 74157.35,
      "deviation": -0.8515,
      "score": 0.2554,
      "norm_score": -0.05679628848007671
    },
    "atr": {
      "atr": 15.58,
      "passes": true,
      "reason": "ok"
    },
    "weights": {
      "rsi": 0.2,
      "macd": 0.25,
      "stochastic": 0.2,
      "obv": 0.15,
      "vwap": 0.2,
      "entry_threshold": 0.6
    },
    "trade_context": {
      "btc_price": 74090.03,
      "strike_price": 74103.86500060828,
      "seconds_remaining": 178.534339,
      "market_price_up": 0.31,
      "market_price_down": 0.68,
      "model_probability_raw": 0.826219106052231,
      "model_probability": 0.826219106052231,
      "edge": 0.14621910605223098,
      "momentum_score": 0.6956188913541325,
      "atr": 15.58,
      "size": 10.89,
      "flow_score": -0.1748,
      "flow_book_imbalance": -0.1985,
      "flow_trade_count": 200,
      "spot_flow_signal": 0.04010271340063927,
      "wall_pressure": 0.0,
      "iv_ratio": 2.9530454397357393,
      "prev_resolution_margin": -159.57726172242837,
      "bybit_perp_price": 74022.3,
      "funding_rate": -0.00019649,
      "depth_usd_top20": 332144.90753689996,
      "entry_phase": "late",
      "flip_count": 1,
      "is_flip": true,
      "cvd_120s": 0.0,
      "taker_ratio_60s": 0.5,
      "volume_surge": false,
      "liquidation_pressure": 0.004781028429441452,
      "gex_signal": 1.0,
      "gex_regime": "stabilizing",
      "cvd_acceleration": 0.0,
      "clob_velocity_up": 0.0,
      "clob_velocity_down": 0.0,
      "coinbase_btc": 74090.03,
      "regime_state": "trending_down",
      "regime_kelly_mult": 1.2,
      "sprt_confidence": 0.295527550907482,
      "sprt_status": "SKIP",
      "signal_consensus": 1.3,
      "adverse_selection_30s": 0.5,
      "alpha_decay_rate": -0.0025096964440246474,
      "garch_vol_ratio": 2.0,
      "crowd_bias": {
        "flb": -0.0114,
        "recency_fade": 0.0,
        "round_number_dampening": 1.0,
        "composite_logit_adjustment": -0.0114
      },
      "oracle_divergence": 3.7334399999963352,
      "edge_realization_ratio": 1.6136702174462179
    }
  },
  "exit_reason": "scalp",
  "timestamp": "2026-04-14T22:57:06.756648+00:00"
}