{
  "position_id": 424,
  "market_id": "btc-updown-5m-1776060600",
  "question": "Bitcoin Up or Down - April 13, 2:10AM-2:15AM ET",
  "side": "Up",
  "signal_score": 0.5802267669984342,
  "correct": false,
  "entry_price": 0.46,
  "exit_price": 0.46,
  "log_return": 0,
  "size": 0.68,
  "pnl": -0.006610000000000005,
  "fees": 0.00661,
  "gain_pct": -0.009721,
  "weight_version": "weights_v001",
  "category": "crypto-5min",
  "indicator_snapshot": {
    "rsi": {
      "rsi": 59.74,
      "score": -0.1461,
      "norm_score": 1.9844353795894314
    },
    "macd": {
      "macd": 34.7196,
      "signal": 38.7952,
      "histogram": -4.0756,
      "score": -0.1435,
      "norm_score": -1.706212007034188
    },
    "stochastic": {
      "k": 32.62,
      "d": 66.31,
      "score": 0.1738,
      "norm_score": 1.9844178669162202
    },
    "ema": {
      "trend": "bullish",
      "fast_ema": 70990.47309096693,
      "slow_ema": 70974.04007255929
    },
    "obv": {
      "obv_slope": -0.0,
      "price_slope": -7.6233,
      "score": -0.0039,
      "norm_score": -2.0942964905607067
    },
    "vwap": {
      "vwap": 70988.73,
      "deviation": -0.0778,
      "score": 0.0233,
      "norm_score": 1.9842824409167346
    },
    "atr": {
      "atr": 15.11,
      "passes": true,
      "reason": "ok"
    },
    "weights": {
      "rsi": 0.2,
      "macd": 0.25,
      "stochastic": 0.2,
      "obv": 0.15,
      "vwap": 0.2,
      "entry_threshold": 0.6
    },
    "trade_context": {
      "btc_price": 71009.28,
      "strike_price": 71004.42,
      "seconds_remaining": 225.709524,
      "market_price_up": 0.46,
      "market_price_down": 0.53,
      "model_probability_raw": 0.5802267669984342,
      "model_probability": 0.5802267669984342,
      "edge": 0.12022676699843421,
      "momentum_score": 0.4499296621418244,
      "atr": 15.11,
      "size": 0.68,
      "flow_score": -0.2356,
      "flow_book_imbalance": 0.1174,
      "flow_trade_count": 200,
      "spot_flow_signal": 0.7693147294966546,
      "wall_pressure": 0.7747311897689982,
      "iv_ratio": 2.7653099584644343,
      "prev_resolution_margin": -72.1087600000028,
      "bybit_perp_price": 70955.7,
      "funding_rate": 2.814e-05,
      "depth_usd_top20": 249875.00295099991,
      "entry_phase": "normal",
      "cvd_120s": 0.01178,
      "taker_ratio_60s": 1.0,
      "volume_surge": true,
      "liquidation_pressure": 0.0,
      "gex_signal": 1.0,
      "gex_regime": "stabilizing",
      "cvd_acceleration": 0.0007853333333333334,
      "clob_velocity_up": 0.0,
      "clob_velocity_down": 0.0,
      "coinbase_btc": 71009.28,
      "regime_state": "neutral",
      "regime_kelly_mult": 1.0,
      "sprt_confidence": 1.0,
      "sprt_status": "ENTER",
      "signal_consensus": 0.6,
      "adverse_selection_30s": 0.5,
      "alpha_decay_rate": 0.00023122231527685614,
      "garch_vol_ratio": 2.0,
      "crowd_bias": {
        "flb": 0.0,
        "recency_fade": 0.0,
        "round_number_dampening": 0.92,
        "composite_logit_adjustment": 0.0
      },
      "oracle_divergence": 9.919370000003255,
      "edge_realization_ratio": 1.0
    }
  },
  "exit_reason": "scalp",
  "timestamp": "2026-04-13T06:11:16.642132+00:00"
}