{
  "position_id": 426,
  "market_id": "btc-updown-5m-1776061500",
  "question": "Bitcoin Up or Down - April 13, 2:25AM-2:30AM ET",
  "side": "Down",
  "signal_score": 0.9851346725671131,
  "correct": true,
  "entry_price": 0.84,
  "exit_price": 1.0,
  "log_return": 0.17435338714477774,
  "size": 5.87,
  "pnl": 1.118095238095238,
  "fees": 0.0,
  "gain_pct": 0.190476,
  "weight_version": "weights_v001",
  "category": "crypto-5min",
  "indicator_snapshot": {
    "rsi": {
      "rsi": 0.0,
      "score": 1.0,
      "norm_score": 3.0
    },
    "macd": {
      "macd": 6.1888,
      "signal": 13.2966,
      "histogram": -7.1078,
      "score": -0.5758,
      "norm_score": -3.0
    },
    "stochastic": {
      "k": 0.0,
      "d": 25.0,
      "score": 1.0,
      "norm_score": 3.0
    },
    "ema": {
      "trend": "chop",
      "fast_ema": 71043.1952611469,
      "slow_ema": 71049.13778368542
    },
    "obv": {
      "obv_slope": -0.0,
      "price_slope": -11.8433,
      "score": -0.0002,
      "norm_score": -3.0
    },
    "vwap": {
      "vwap": 70977.93,
      "deviation": 0.4672,
      "score": -0.1402,
      "norm_score": 3.0
    },
    "atr": {
      "atr": 8.57,
      "passes": true,
      "reason": "ok"
    },
    "weights": {
      "rsi": 0.2,
      "macd": 0.25,
      "stochastic": 0.2,
      "obv": 0.15,
      "vwap": 0.2,
      "entry_threshold": 0.6
    },
    "trade_context": {
      "btc_price": 71026.51,
      "strike_price": 71060.99,
      "seconds_remaining": 25.626687,
      "market_price_up": 0.15,
      "market_price_down": 0.84,
      "model_probability_raw": 0.9851346725671131,
      "model_probability": 0.9851346725671131,
      "edge": 0.1451346725671131,
      "momentum_score": 0.6000000000000003,
      "atr": 8.57,
      "size": 5.87,
      "flow_score": -0.3411,
      "flow_book_imbalance": -0.3818,
      "flow_trade_count": 200,
      "spot_flow_signal": -0.7960438029493844,
      "wall_pressure": 0.8891556521519371,
      "iv_ratio": 3.0,
      "prev_resolution_margin": 34.651425345946336,
      "bybit_perp_price": 70975.4,
      "funding_rate": 2.654e-05,
      "depth_usd_top20": 281947.5150290999,
      "entry_phase": "final",
      "cvd_120s": -0.04154,
      "taker_ratio_60s": 0.0,
      "volume_surge": true,
      "liquidation_pressure": 0.0,
      "gex_signal": 1.0,
      "gex_regime": "stabilizing",
      "cvd_acceleration": -0.0027693333333333333,
      "clob_velocity_up": -0.05677299891037309,
      "clob_velocity_down": 0.056772998910373164,
      "coinbase_btc": 71028.26,
      "regime_state": "neutral",
      "regime_kelly_mult": 1.0,
      "sprt_confidence": 1.0,
      "sprt_status": "ENTER",
      "signal_consensus": 1.3,
      "adverse_selection_30s": 0.5,
      "alpha_decay_rate": -0.0007425700150653183,
      "garch_vol_ratio": 2.0,
      "crowd_bias": {
        "flb": -0.021,
        "recency_fade": -0.3,
        "round_number_dampening": 0.96,
        "composite_logit_adjustment": -0.027
      },
      "oracle_divergence": 10.653830000010203,
      "edge_realization_ratio": 1.0
    }
  },
  "exit_reason": "resolution",
  "timestamp": "2026-04-13T06:35:11.642474+00:00"
}