{
  "position_id": 433,
  "market_id": "btc-updown-5m-1776064500",
  "question": "Bitcoin Up or Down - April 13, 3:15AM-3:20AM ET",
  "side": "Up",
  "signal_score": 0.3180684110275509,
  "correct": false,
  "entry_price": 0.18,
  "exit_price": 0.0,
  "log_return": -10.0,
  "size": 1.51,
  "pnl": -1.51,
  "fees": 0.0,
  "gain_pct": -1.0,
  "weight_version": "weights_v001",
  "category": "crypto-5min",
  "indicator_snapshot": {
    "rsi": {
      "rsi": 0.0,
      "score": 1.0,
      "norm_score": 0.23185980238739604
    },
    "macd": {
      "macd": -31.1163,
      "signal": -33.2589,
      "histogram": 2.1426,
      "score": 0.1109,
      "norm_score": 0.8387113214570501
    },
    "stochastic": {
      "k": 0.0,
      "d": 0.0,
      "score": 1.0,
      "norm_score": 0.008896750801863198
    },
    "ema": {
      "trend": "bearish",
      "fast_ema": 70901.20259953699,
      "slow_ema": 70918.06588883993
    },
    "obv": {
      "obv_slope": 0.0,
      "price_slope": 0.0,
      "score": 0.0,
      "norm_score": 0.05109288485261481
    },
    "vwap": {
      "vwap": 71003.9,
      "deviation": -1.1214,
      "score": 0.3364,
      "norm_score": -0.08317741947445811
    },
    "atr": {
      "atr": 10.15,
      "passes": true,
      "reason": "ok"
    },
    "weights": {
      "rsi": 0.2,
      "macd": 0.25,
      "stochastic": 0.2,
      "obv": 0.15,
      "vwap": 0.2,
      "entry_threshold": 0.6
    },
    "trade_context": {
      "btc_price": 70891.53,
      "strike_price": 70900.0,
      "seconds_remaining": 160.022097,
      "market_price_up": 0.18,
      "market_price_down": 0.82,
      "model_probability_raw": 0.3180684110275509,
      "model_probability": 0.3180684110275509,
      "edge": 0.1380684110275509,
      "momentum_score": 0.24885758983511497,
      "atr": 10.15,
      "size": 1.51,
      "flow_score": -0.0927,
      "flow_book_imbalance": -0.2345,
      "flow_trade_count": 200,
      "spot_flow_signal": -0.18074398182507062,
      "wall_pressure": 0.38759193224871846,
      "iv_ratio": 3.0,
      "prev_resolution_margin": 2.230063384049572,
      "bybit_perp_price": 70826.7,
      "funding_rate": 3.249e-05,
      "depth_usd_top20": 309058.0653499999,
      "entry_phase": "normal",
      "cvd_120s": 0.0,
      "taker_ratio_60s": 0.5,
      "volume_surge": false,
      "liquidation_pressure": 0.0,
      "gex_signal": 1.0,
      "gex_regime": "stabilizing",
      "cvd_acceleration": 0.0,
      "clob_velocity_up": -0.0522346178082977,
      "clob_velocity_down": 0.0522346178082977,
      "coinbase_btc": 70891.53,
      "regime_state": "neutral",
      "regime_kelly_mult": 1.0,
      "sprt_confidence": 1.0,
      "sprt_status": "ENTER",
      "signal_consensus": 0.6,
      "adverse_selection_30s": 0.5,
      "alpha_decay_rate": 0.006688170769338091,
      "garch_vol_ratio": 2.0,
      "crowd_bias": {
        "flb": -0.0192,
        "recency_fade": 0.0,
        "round_number_dampening": 1.0,
        "composite_logit_adjustment": -0.0192
      },
      "oracle_divergence": 5.895589586158167,
      "edge_realization_ratio": 1.0
    }
  },
  "exit_reason": "resolution",
  "timestamp": "2026-04-13T07:22:39.499528+00:00"
}