{
  "position_id": 434,
  "market_id": "btc-updown-5m-1776214200",
  "question": "Bitcoin Up or Down - April 14, 8:50PM-8:55PM ET",
  "side": "Up",
  "signal_score": 0.9683056948725196,
  "correct": false,
  "entry_price": 0.77,
  "exit_price": 0.0,
  "log_return": -10.0,
  "size": 18.0,
  "pnl": -18.0,
  "fees": 0.07452000000000109,
  "gain_pct": -1.0,
  "weight_version": "weights_v001",
  "category": "crypto-5min",
  "indicator_snapshot": {
    "rsi": {
      "rsi": 41.39,
      "score": 0.1291,
      "norm_score": 1.2555903026555495
    },
    "macd": {
      "macd": -8.7877,
      "signal": -6.1974,
      "histogram": -2.5904,
      "score": -0.1778,
      "norm_score": -1.5943799613618002
    },
    "stochastic": {
      "k": 29.32,
      "d": 49.72,
      "score": 0.2068,
      "norm_score": 1.5362181584606223
    },
    "ema": {
      "trend": "bearish",
      "fast_ema": 74502.65390948748,
      "slow_ema": 74512.08700621384
    },
    "obv": {
      "obv_slope": -0.0,
      "price_slope": -8.7367,
      "score": -0.0026,
      "norm_score": -0.795233586586383
    },
    "vwap": {
      "vwap": 74252.7,
      "deviation": 1.1202,
      "score": -0.3361,
      "norm_score": 1.689444699108442
    },
    "atr": {
      "atr": 35.39,
      "passes": true,
      "reason": "ok"
    },
    "weights": {
      "rsi": 0.2,
      "macd": 0.25,
      "stochastic": 0.2,
      "obv": 0.15,
      "vwap": 0.2,
      "entry_threshold": 0.6
    },
    "trade_context": {
      "btc_price": 74543.23,
      "strike_price": 74477.65,
      "seconds_remaining": 134.534953,
      "market_price_up": 0.77,
      "market_price_down": 0.22,
      "model_probability_raw": 0.9683056948725196,
      "model_probability": 0.9683056948725196,
      "edge": 0.1983056948725196,
      "momentum_score": 0.3783706037165153,
      "atr": 35.39,
      "size": 18.0,
      "flow_score": 0.1544,
      "flow_book_imbalance": 0.272,
      "flow_trade_count": 200,
      "spot_flow_signal": 0.8145724384680662,
      "wall_pressure": 0.0,
      "iv_ratio": 1.3649381692284277,
      "prev_resolution_margin": 27.4807389943453,
      "bybit_perp_price": 74456.8,
      "funding_rate": -0.00017221,
      "depth_usd_top20": 253359.00066020005,
      "entry_phase": "late",
      "flip_count": 1,
      "is_flip": true,
      "cvd_120s": 0.00847,
      "taker_ratio_60s": 1.0,
      "volume_surge": true,
      "liquidation_pressure": -0.005083792129278203,
      "gex_signal": 1.0,
      "gex_regime": "stabilizing",
      "cvd_acceleration": 0.00045177777777777783,
      "clob_velocity_up": 0.010583568044079368,
      "clob_velocity_down": -0.010583568044079368,
      "coinbase_btc": 74543.23,
      "regime_state": "neutral",
      "regime_kelly_mult": 1.0,
      "sprt_confidence": 1.0,
      "sprt_status": "ENTER",
      "signal_consensus": 1.3,
      "adverse_selection_30s": 0.5,
      "alpha_decay_rate": -4.289425208350414e-05,
      "garch_vol_ratio": 2.0,
      "crowd_bias": {
        "flb": 0.0162,
        "recency_fade": 0.0,
        "round_number_dampening": 1.0,
        "composite_logit_adjustment": 0.0162
      },
      "oracle_divergence": 27.408657951717032,
      "edge_realization_ratio": 1.8302288938354196
    }
  },
  "exit_reason": "resolution",
  "timestamp": "2026-04-15T01:02:10.660174+00:00"
}