{
  "position_id": 446,
  "market_id": "btc-updown-5m-1776069000",
  "question": "Bitcoin Up or Down - April 13, 4:30AM-4:35AM ET",
  "side": "Down",
  "signal_score": 0.7050058196146394,
  "correct": false,
  "entry_price": 0.54,
  "exit_price": 0.53,
  "log_return": -0.01869213301215252,
  "size": 2.72,
  "pnl": -0.07295537037037025,
  "fees": 0.022585,
  "gain_pct": -0.026822,
  "weight_version": "weights_v001",
  "category": "crypto-5min",
  "indicator_snapshot": {
    "rsi": {
      "rsi": 100.0,
      "score": -1.0,
      "norm_score": -0.007157920289060465
    },
    "macd": {
      "macd": 13.6368,
      "signal": 11.4804,
      "histogram": 2.1565,
      "score": 0.1241,
      "norm_score": -0.39489527954333875
    },
    "stochastic": {
      "k": 100.0,
      "d": 100.0,
      "score": -1.0,
      "norm_score": -0.04112390669706082
    },
    "ema": {
      "trend": "bullish",
      "fast_ema": 70787.0115807995,
      "slow_ema": 70775.26019593421
    },
    "obv": {
      "obv_slope": 0.0,
      "price_slope": 0.0,
      "score": 0.0,
      "norm_score": 1.3145612014866772e-07
    },
    "vwap": {
      "vwap": 70929.34,
      "deviation": -0.9816,
      "score": 0.2945,
      "norm_score": -0.15648512526454844
    },
    "atr": {
      "atr": 9.12,
      "passes": true,
      "reason": "ok"
    },
    "weights": {
      "rsi": 0.2,
      "macd": 0.25,
      "stochastic": 0.2,
      "obv": 0.15,
      "vwap": 0.2,
      "entry_threshold": 0.6
    },
    "trade_context": {
      "btc_price": 70778.15,
      "strike_price": 70788.11,
      "seconds_remaining": 188.037807,
      "market_price_up": 0.45,
      "market_price_down": 0.54,
      "model_probability_raw": 0.7050058196146394,
      "model_probability": 0.7050058196146394,
      "edge": 0.16500581961463934,
      "momentum_score": -0.1396771906175506,
      "atr": 9.12,
      "size": 2.72,
      "flow_score": 0.0195,
      "flow_book_imbalance": 0.0654,
      "flow_trade_count": 200,
      "spot_flow_signal": 0.06106131528829644,
      "wall_pressure": 0.6315204396249763,
      "iv_ratio": 3.0,
      "prev_resolution_margin": 75.2996978474257,
      "bybit_perp_price": 70724.4,
      "funding_rate": -6.294e-05,
      "depth_usd_top20": 286054.7660894,
      "entry_phase": "normal",
      "cvd_120s": 0.0,
      "taker_ratio_60s": 0.5,
      "volume_surge": false,
      "liquidation_pressure": 0.0,
      "gex_signal": 1.0,
      "gex_regime": "stabilizing",
      "cvd_acceleration": 0.0,
      "clob_velocity_up": 0.0,
      "clob_velocity_down": 0.0,
      "coinbase_btc": 70780.19,
      "regime_state": "neutral",
      "regime_kelly_mult": 1.0,
      "sprt_confidence": 1.0,
      "sprt_status": "ENTER",
      "signal_consensus": 0.8,
      "adverse_selection_30s": 0.5,
      "alpha_decay_rate": 0.002701760911118328,
      "garch_vol_ratio": 2.0,
      "crowd_bias": {
        "flb": 0.0,
        "recency_fade": 0.0,
        "round_number_dampening": 1.0,
        "composite_logit_adjustment": 0.0
      },
      "oracle_divergence": 23.846043769313837,
      "edge_realization_ratio": 1.0
    }
  },
  "exit_reason": "scalp",
  "timestamp": "2026-04-13T08:32:02.699960+00:00"
}