{
  "position_id": 449,
  "market_id": "btc-updown-5m-1776216900",
  "question": "Bitcoin Up or Down - April 14, 9:35PM-9:40PM ET",
  "side": "Down",
  "signal_score": 0.9917480985230177,
  "correct": true,
  "entry_price": 0.81,
  "exit_price": 1.0,
  "log_return": 0.21072103131565253,
  "size": 17.52,
  "pnl": 4.035656790123454,
  "fees": 0.059917999999999735,
  "gain_pct": 0.230346,
  "weight_version": "weights_v001",
  "category": "crypto-5min",
  "indicator_snapshot": {
    "rsi": {
      "rsi": 6.83,
      "score": 0.8407,
      "norm_score": 1.1145060982981332
    },
    "macd": {
      "macd": -10.1641,
      "signal": -2.9812,
      "histogram": -7.1829,
      "score": -0.4929,
      "norm_score": -1.7601549503475502
    },
    "stochastic": {
      "k": 0.0,
      "d": 0.0,
      "score": 1.0,
      "norm_score": 0.16531747549938278
    },
    "ema": {
      "trend": "bearish",
      "fast_ema": 74622.01631169784,
      "slow_ema": 74638.04523158298
    },
    "obv": {
      "obv_slope": -0.0,
      "price_slope": -20.98,
      "score": -0.0004,
      "norm_score": -0.42585117493653196
    },
    "vwap": {
      "vwap": 74299.51,
      "deviation": 1.2164,
      "score": -0.3649,
      "norm_score": 1.928168076117366
    },
    "atr": {
      "atr": 17.62,
      "passes": true,
      "reason": "ok"
    },
    "weights": {
      "rsi": 0.2,
      "macd": 0.25,
      "stochastic": 0.2,
      "obv": 0.15,
      "vwap": 0.2,
      "entry_threshold": 0.6
    },
    "trade_context": {
      "btc_price": 74600.01,
      "strike_price": 74662.89990537828,
      "seconds_remaining": 219.448023,
      "market_price_up": 0.18,
      "market_price_down": 0.81,
      "model_probability_raw": 0.9917480985230177,
      "model_probability": 0.9917480985230177,
      "edge": 0.18174809852301765,
      "momentum_score": 0.13768191615560907,
      "atr": 17.62,
      "size": 17.52,
      "flow_score": 0.0492,
      "flow_book_imbalance": -0.1658,
      "flow_trade_count": 200,
      "spot_flow_signal": -0.5633982573366532,
      "wall_pressure": 0.0,
      "iv_ratio": 2.500060573109825,
      "prev_resolution_margin": -84.5082107057533,
      "bybit_perp_price": 74509.8,
      "funding_rate": -0.00016599,
      "depth_usd_top20": 291573.81724810007,
      "entry_phase": "normal",
      "flip_count": 0,
      "is_flip": false,
      "cvd_120s": -0.00117,
      "taker_ratio_60s": 0.0,
      "volume_surge": false,
      "liquidation_pressure": 0.0,
      "gex_signal": 1.0,
      "gex_regime": "stabilizing",
      "cvd_acceleration": 8.88888888888889e-06,
      "clob_velocity_up": 0.0,
      "clob_velocity_down": 0.0,
      "coinbase_btc": 74600.01,
      "regime_state": "neutral",
      "regime_kelly_mult": 1.0,
      "sprt_confidence": 0.0,
      "sprt_status": "SKIP",
      "signal_consensus": 1.3,
      "adverse_selection_30s": 0.5,
      "alpha_decay_rate": 0.008514413352547252,
      "garch_vol_ratio": 2.0,
      "crowd_bias": {
        "flb": -0.0192,
        "recency_fade": 0.0,
        "round_number_dampening": 1.0,
        "composite_logit_adjustment": -0.0192
      },
      "oracle_divergence": 8.390681642282289,
      "edge_realization_ratio": 1.8486633651767916
    }
  },
  "exit_reason": "resolution",
  "timestamp": "2026-04-15T01:45:37.251018+00:00"
}