{
  "position_id": 44,
  "market_id": "btc-updown-5m-1776124800",
  "question": "Bitcoin Up or Down - April 13, 8:00PM-8:05PM ET",
  "side": "Up",
  "signal_score": 0.8225021843963042,
  "correct": true,
  "entry_price": 0.65,
  "exit_price": 1.0,
  "log_return": 0.43078291609245417,
  "size": 5.35,
  "pnl": 2.8289153846153834,
  "fees": 0.0337050000000005,
  "gain_pct": 0.528769,
  "weight_version": "weights_v001",
  "category": "crypto-5min",
  "indicator_snapshot": {
    "rsi": {
      "rsi": 0.0,
      "score": 1.0,
      "norm_score": 0.2204873126937621
    },
    "macd": {
      "macd": -41.694,
      "signal": -31.0435,
      "histogram": -10.6506,
      "score": -0.401,
      "norm_score": -2.746030417479808
    },
    "stochastic": {
      "k": 0.0,
      "d": 0.0,
      "score": 1.0,
      "norm_score": 0.2099301235467298
    },
    "ema": {
      "trend": "bearish",
      "fast_ema": 74466.04616489357,
      "slow_ema": 74506.19269956757
    },
    "obv": {
      "obv_slope": -0.0,
      "price_slope": -25.15,
      "score": -0.001,
      "norm_score": -0.5311619294530391
    },
    "vwap": {
      "vwap": 74051.21,
      "deviation": 0.6384,
      "score": -0.1915,
      "norm_score": 3.0
    },
    "atr": {
      "atr": 36.47,
      "passes": true,
      "reason": "ok"
    },
    "weights": {
      "rsi": 0.2,
      "macd": 0.25,
      "stochastic": 0.2,
      "obv": 0.15,
      "vwap": 0.2,
      "entry_threshold": 0.6
    },
    "trade_context": {
      "btc_price": 74480.64,
      "strike_price": 74438.16538328677,
      "seconds_remaining": 291.701338,
      "market_price_up": 0.65,
      "market_price_down": 0.34,
      "model_probability_raw": 0.8225021843963042,
      "model_probability": 0.8225021843963042,
      "edge": 0.17250218439630416,
      "momentum_score": -0.08009840653980926,
      "atr": 36.47,
      "size": 5.35,
      "flow_score": 0.1272,
      "flow_book_imbalance": 0.0624,
      "flow_trade_count": 155,
      "spot_flow_signal": 0.7915421607487626,
      "wall_pressure": 0.0,
      "iv_ratio": 1.3259408678039466,
      "prev_resolution_margin": -135.7960655810166,
      "bybit_perp_price": 74405.7,
      "funding_rate": 0.0001,
      "depth_usd_top20": 315234.71457219997,
      "entry_phase": "normal",
      "flip_count": 0,
      "is_flip": false,
      "cvd_120s": 0.0,
      "taker_ratio_60s": 1.0,
      "volume_surge": true,
      "liquidation_pressure": -0.0045105276023673655,
      "gex_signal": 1.0,
      "gex_regime": "stabilizing",
      "cvd_acceleration": 0.0002,
      "clob_velocity_up": -0.13123043340866747,
      "clob_velocity_down": 0.13123043340866747,
      "coinbase_btc": 74460.0,
      "regime_state": "neutral",
      "regime_kelly_mult": 1.0,
      "sprt_confidence": 0.0,
      "sprt_status": "ACCUMULATING",
      "signal_consensus": 1.3,
      "adverse_selection_30s": 0.5,
      "alpha_decay_rate": 0.018150974378900158,
      "garch_vol_ratio": 2.0,
      "crowd_bias": {
        "flb": 0.009,
        "recency_fade": 0.0,
        "round_number_dampening": 1.0,
        "composite_logit_adjustment": 0.009
      },
      "oracle_divergence": 26.89999999999418,
      "edge_realization_ratio": 1.0
    }
  },
  "exit_reason": "resolution",
  "timestamp": "2026-04-14T00:09:45.954431+00:00"
}