{
  "position_id": 452,
  "market_id": "btc-updown-5m-1776071700",
  "question": "Bitcoin Up or Down - April 13, 5:15AM-5:20AM ET",
  "side": "Down",
  "signal_score": 0.709811362863914,
  "correct": true,
  "entry_price": 0.65,
  "exit_price": 0.66,
  "log_return": 0.01526747213078838,
  "size": 1.43,
  "pnl": 0.01311400000000007,
  "fees": 0.008886,
  "gain_pct": 0.009171,
  "weight_version": "weights_v001",
  "category": "crypto-5min",
  "indicator_snapshot": {
    "rsi": {
      "rsi": 100.0,
      "score": -1.0,
      "norm_score": -3.0
    },
    "macd": {
      "macd": -7.0599,
      "signal": -3.5791,
      "histogram": -3.4808,
      "score": -0.1074,
      "norm_score": 1.8353802405082447
    },
    "stochastic": {
      "k": 100.0,
      "d": 100.0,
      "score": -1.0,
      "norm_score": -0.3635108061053845
    },
    "ema": {
      "trend": "bearish",
      "fast_ema": 70716.15975185923,
      "slow_ema": 70726.15075750776
    },
    "obv": {
      "obv_slope": 0.0,
      "price_slope": 0.0,
      "score": 0.0,
      "norm_score": -0.12450975143015774
    },
    "vwap": {
      "vwap": 70765.21,
      "deviation": -0.3335,
      "score": 0.1,
      "norm_score": -0.02224643856377925
    },
    "atr": {
      "atr": 19.84,
      "passes": true,
      "reason": "ok"
    },
    "weights": {
      "rsi": 0.2,
      "macd": 0.25,
      "stochastic": 0.2,
      "obv": 0.15,
      "vwap": 0.2,
      "entry_threshold": 0.6
    },
    "trade_context": {
      "btc_price": 70689.12,
      "strike_price": 70715.93,
      "seconds_remaining": 239.923175,
      "market_price_up": 0.34,
      "market_price_down": 0.65,
      "model_probability_raw": 0.709811362863914,
      "model_probability": 0.709811362863914,
      "edge": 0.059811362863913975,
      "momentum_score": -0.23698285152129536,
      "atr": 19.84,
      "size": 1.43,
      "flow_score": 0.1106,
      "flow_book_imbalance": -0.0277,
      "flow_trade_count": 200,
      "spot_flow_signal": 0.7336003720591218,
      "wall_pressure": 0.6967993651633382,
      "iv_ratio": 2.3344084078256655,
      "prev_resolution_margin": 75.2996978474257,
      "bybit_perp_price": 70638.0,
      "funding_rate": -6.383e-05,
      "depth_usd_top20": 277338.2029278,
      "entry_phase": "normal",
      "cvd_120s": 0.0,
      "taker_ratio_60s": 0.5,
      "volume_surge": false,
      "liquidation_pressure": 0.0,
      "gex_signal": 1.0,
      "gex_regime": "stabilizing",
      "cvd_acceleration": 0.0,
      "clob_velocity_up": -0.056270680726608985,
      "clob_velocity_down": 0.0562706807266093,
      "coinbase_btc": 70689.13,
      "regime_state": "volatile",
      "regime_kelly_mult": 0.7,
      "sprt_confidence": 1.0,
      "sprt_status": "ENTER",
      "signal_consensus": 0.6,
      "adverse_selection_30s": 0.5,
      "alpha_decay_rate": -0.0011089489809747387,
      "garch_vol_ratio": 2.0,
      "crowd_bias": {
        "flb": -0.0096,
        "recency_fade": 0.0,
        "round_number_dampening": 1.0,
        "composite_logit_adjustment": -0.0096
      },
      "oracle_divergence": 4.61329545621993,
      "edge_realization_ratio": 1.0
    }
  },
  "exit_reason": "scalp",
  "timestamp": "2026-04-13T09:16:03.022123+00:00"
}