{
  "position_id": 454,
  "market_id": "btc-updown-5m-1776217800",
  "question": "Bitcoin Up or Down - April 14, 9:50PM-9:55PM ET",
  "side": "Up",
  "signal_score": 0.7984983716389105,
  "correct": false,
  "entry_price": 0.65,
  "exit_price": 0.33,
  "log_return": -0.6778797084291569,
  "size": 18.0,
  "pnl": -9.028626769230769,
  "fees": 0.22291600000000056,
  "gain_pct": -0.50159,
  "weight_version": "weights_v001",
  "category": "crypto-5min",
  "indicator_snapshot": {
    "rsi": {
      "rsi": 84.25,
      "score": -0.6325,
      "norm_score": -1.8539389059476559
    },
    "macd": {
      "macd": 23.4579,
      "signal": 19.9608,
      "histogram": 3.4971,
      "score": 0.1603,
      "norm_score": -1.1854637849056617
    },
    "stochastic": {
      "k": 100.0,
      "d": 100.0,
      "score": -1.0,
      "norm_score": -0.05706018854523005
    },
    "ema": {
      "trend": "bullish",
      "fast_ema": 74654.43704792211,
      "slow_ema": 74634.4856396847
    },
    "obv": {
      "obv_slope": 0.0,
      "price_slope": 0.0,
      "score": 0.0,
      "norm_score": -1.7395454143107285
    },
    "vwap": {
      "vwap": 74315.44,
      "deviation": 1.3853,
      "score": -0.4156,
      "norm_score": 0.0232846306828934
    },
    "atr": {
      "atr": 23.78,
      "passes": true,
      "reason": "ok"
    },
    "weights": {
      "rsi": 0.2,
      "macd": 0.25,
      "stochastic": 0.2,
      "obv": 0.15,
      "vwap": 0.2,
      "entry_threshold": 0.6
    },
    "trade_context": {
      "btc_price": 74704.63,
      "strike_price": 74679.09,
      "seconds_remaining": 232.189564,
      "market_price_up": 0.65,
      "market_price_down": 0.34,
      "model_probability_raw": 0.7984983716389105,
      "model_probability": 0.7984983716389105,
      "edge": 0.14849837163891044,
      "momentum_score": -0.9348406511350232,
      "atr": 23.78,
      "size": 18.0,
      "flow_score": 0.1228,
      "flow_book_imbalance": 0.0922,
      "flow_trade_count": 200,
      "spot_flow_signal": -0.7621009967210532,
      "wall_pressure": 0.0,
      "iv_ratio": 1.8537397845972654,
      "prev_resolution_margin": -65.49329500000749,
      "bybit_perp_price": 74616.6,
      "funding_rate": -0.00016273,
      "depth_usd_top20": 259603.48399600002,
      "entry_phase": "normal",
      "flip_count": 1,
      "is_flip": true,
      "cvd_120s": 0.0006000000000000001,
      "taker_ratio_60s": 0.5,
      "volume_surge": false,
      "liquidation_pressure": -0.01777067848194256,
      "gex_signal": 1.0,
      "gex_regime": "stabilizing",
      "cvd_acceleration": 0.0,
      "clob_velocity_up": 0.0,
      "clob_velocity_down": 0.0,
      "coinbase_btc": 74704.63,
      "regime_state": "neutral",
      "regime_kelly_mult": 1.0,
      "sprt_confidence": 1.0,
      "sprt_status": "ENTER",
      "signal_consensus": 0.8,
      "adverse_selection_30s": 0.5,
      "alpha_decay_rate": 0.0009411871452776495,
      "garch_vol_ratio": 2.0,
      "crowd_bias": {
        "flb": 0.009,
        "recency_fade": 0.0,
        "round_number_dampening": 1.0,
        "composite_logit_adjustment": 0.009
      },
      "oracle_divergence": 0.042221355834044516,
      "edge_realization_ratio": 1.7738716854196812
    }
  },
  "exit_reason": "scalp",
  "timestamp": "2026-04-15T01:53:44.360017+00:00"
}