{
  "position_id": 4608,
  "market_id": "btc-updown-5m-1777788600",
  "question": "Bitcoin Up or Down - May 3, 2:10AM-2:15AM ET",
  "side": "Up",
  "signal_score": 0.6593651086614823,
  "correct": true,
  "entry_price": 0.53,
  "exit_price": 0.8,
  "log_return": 0.41173472112175985,
  "size": 4.03,
  "pnl": 1.9798422264150943,
  "fees": 0.055808000000000094,
  "gain_pct": 0.491276,
  "realized_edge": 0.1294,
  "fill_slippage": -0.01,
  "weight_version": "weights_v001",
  "category": "crypto-5min",
  "indicator_snapshot": {
    "rsi": {
      "rsi": 100.0,
      "score": -1.0,
      "norm_score": -1.2189778591035705
    },
    "macd": {
      "macd": -15.3613,
      "signal": -15.8044,
      "histogram": 0.443,
      "score": 0.0374,
      "norm_score": 1.0284337561689154
    },
    "stochastic": {
      "k": 54.29,
      "d": 43.02,
      "score": -0.0429,
      "norm_score": -1.0920673509630647
    },
    "ema": {
      "trend": "bearish",
      "fast_ema": 78186.46193563461,
      "slow_ema": 78195.67791322098
    },
    "obv": {
      "obv_slope": 0.0,
      "price_slope": 0.0,
      "score": 0.0,
      "norm_score": 0.016337075672635835
    },
    "vwap": {
      "vwap": 78158.44,
      "deviation": 0.7186,
      "score": -0.2156,
      "norm_score": -0.017491118563740127
    },
    "atr": {
      "atr": 5.7,
      "passes": true,
      "reason": "ok"
    },
    "weights": {
      "rsi": 0.2,
      "macd": 0.25,
      "stochastic": 0.2,
      "obv": 0.15,
      "vwap": 0.2,
      "entry_threshold": 0.6
    },
    "trade_context": {
      "btc_price": 78185.97,
      "strike_price": 78153.60344042252,
      "seconds_remaining": 286.996868,
      "market_price_up": 0.54,
      "market_price_down": 0.47,
      "model_probability": 0.6593651086614823,
      "model_probability_raw": 0.6593651086614823,
      "edge": 0.11936510866148231,
      "atr": 5.7,
      "size": 4.03,
      "iv_ratio": 2.0,
      "prev_resolution_margin": 5.607489728572546,
      "flow_score": -0.1468,
      "spot_flow_signal": 0.01572409437774302,
      "liquidation_pressure": -0.00023373781065327248,
      "regime_state": "volatile",
      "regime_autocorr": 0.2549,
      "regime_direction": 0.0,
      "entry_phase": "normal",
      "flip_count": 0,
      "is_flip": false,
      "depth_usd_top20": 190811.46136639998,
      "sprt_confidence": 0.0,
      "sprt_status": "ACCUMULATING",
      "adverse_selection_30s": 0.5
    }
  },
  "exit_reason": "scalp",
  "seconds_remaining_at_exit": 117.757261,
  "exit_timestamp": "2026-05-03T06:13:04.853900+00:00",
  "timestamp": "2026-05-03T06:13:04.853900+00:00"
}