{
  "position_id": 460,
  "market_id": "btc-updown-5m-1776075600",
  "question": "Bitcoin Up or Down - April 13, 6:20AM-6:25AM ET",
  "side": "Up",
  "signal_score": 0.9886050616001992,
  "correct": false,
  "entry_price": 0.79,
  "exit_price": 0.0,
  "log_return": -10.0,
  "size": 8.91,
  "pnl": -8.91,
  "fees": 0.0,
  "gain_pct": -1.0,
  "weight_version": "weights_v001",
  "category": "crypto-5min",
  "indicator_snapshot": {
    "rsi": {
      "rsi": 100.0,
      "score": -1.0,
      "norm_score": -0.5613401470430198
    },
    "macd": {
      "macd": -13.2059,
      "signal": -18.4471,
      "histogram": 5.2412,
      "score": 0.2936,
      "norm_score": 0.48412588738957246
    },
    "stochastic": {
      "k": 99.98,
      "d": 76.43,
      "score": -0.9993,
      "norm_score": -0.5382451450080026
    },
    "ema": {
      "trend": "chop",
      "fast_ema": 70760.09468718321,
      "slow_ema": 70761.65949663341
    },
    "obv": {
      "obv_slope": 0.0,
      "price_slope": 15.7333,
      "score": 0.0026,
      "norm_score": 0.3583109544653865
    },
    "vwap": {
      "vwap": 70698.4,
      "deviation": 1.8578,
      "score": -0.5574,
      "norm_score": -0.3541877422918974
    },
    "atr": {
      "atr": 11.83,
      "passes": true,
      "reason": "ok"
    },
    "weights": {
      "rsi": 0.2,
      "macd": 0.25,
      "stochastic": 0.2,
      "obv": 0.15,
      "vwap": 0.2,
      "entry_threshold": 0.6
    },
    "trade_context": {
      "btc_price": 70814.04,
      "strike_price": 70723.3,
      "seconds_remaining": 143.153077,
      "market_price_up": 0.79,
      "market_price_down": 0.21,
      "model_probability_raw": 0.9886050616001992,
      "model_probability": 0.9886050616001992,
      "edge": 0.1986050616001992,
      "momentum_score": -0.1159764918513829,
      "atr": 11.83,
      "size": 8.91,
      "flow_score": 0.2459,
      "flow_book_imbalance": 0.3607,
      "flow_trade_count": 200,
      "spot_flow_signal": -0.2614603186426198,
      "wall_pressure": -1.0,
      "iv_ratio": 3.0,
      "prev_resolution_margin": 75.2996978474257,
      "bybit_perp_price": 70764.2,
      "funding_rate": -2.741e-05,
      "depth_usd_top20": 380493.98931409995,
      "entry_phase": "normal",
      "cvd_120s": -0.00768,
      "taker_ratio_60s": 0.5,
      "volume_surge": false,
      "liquidation_pressure": 0.0,
      "gex_signal": 1.0,
      "gex_regime": "stabilizing",
      "cvd_acceleration": 0.0,
      "clob_velocity_up": 0.02434789069901364,
      "clob_velocity_down": -0.02434789069901357,
      "coinbase_btc": 70814.04,
      "regime_state": "volatile",
      "regime_kelly_mult": 0.7,
      "sprt_confidence": 1.0,
      "sprt_status": "ENTER",
      "signal_consensus": 1.0,
      "adverse_selection_30s": 0.5,
      "alpha_decay_rate": -0.0002046494946171725,
      "garch_vol_ratio": 2.0,
      "crowd_bias": {
        "flb": 0.0174,
        "recency_fade": 0.0,
        "round_number_dampening": 1.0,
        "composite_logit_adjustment": 0.0174
      },
      "oracle_divergence": 3.8412310915300623,
      "edge_realization_ratio": 1.0992535638454017
    }
  },
  "exit_reason": "resolution",
  "timestamp": "2026-04-13T10:29:07.663760+00:00"
}