{
  "position_id": 4635,
  "market_id": "btc-updown-5m-1777799100",
  "question": "Bitcoin Up or Down - May 3, 5:05AM-5:10AM ET",
  "side": "Up",
  "signal_score": 0.5934558377912051,
  "correct": true,
  "entry_price": 0.49,
  "exit_price": 0.77,
  "log_return": 0.4519851237430572,
  "size": 3.26,
  "pnl": 1.7948150000000007,
  "fees": 0.050940999999999896,
  "gain_pct": 0.550557,
  "realized_edge": 0.1035,
  "fill_slippage": 0.0,
  "weight_version": "weights_v001",
  "category": "crypto-5min",
  "indicator_snapshot": {
    "rsi": {
      "rsi": 0.0,
      "score": 1.0,
      "norm_score": 0.09626630966518748
    },
    "macd": {
      "macd": -21.4254,
      "signal": -19.4826,
      "histogram": -1.9429,
      "score": -0.1745,
      "norm_score": 0.7977220316145225
    },
    "stochastic": {
      "k": 0.0,
      "d": 0.0,
      "score": 1.0,
      "norm_score": 0.234535725226624
    },
    "ema": {
      "trend": "bearish",
      "fast_ema": 78370.94461120607,
      "slow_ema": 78386.97476178664
    },
    "obv": {
      "obv_slope": 0.0,
      "price_slope": 0.0,
      "score": 0.0,
      "norm_score": 5.584615258778381e-05
    },
    "vwap": {
      "vwap": 78192.84,
      "deviation": 1.6883,
      "score": -0.5065,
      "norm_score": 0.2374573263495354
    },
    "atr": {
      "atr": 7.43,
      "passes": true,
      "reason": "ok"
    },
    "weights": {
      "rsi": 0.2,
      "macd": 0.25,
      "stochastic": 0.2,
      "obv": 0.15,
      "vwap": 0.2,
      "entry_threshold": 0.6
    },
    "trade_context": {
      "btc_price": 78386.28,
      "strike_price": 78372.2891555413,
      "seconds_remaining": 286.802198,
      "market_price_up": 0.49,
      "market_price_down": 0.52,
      "model_probability": 0.5934558377912051,
      "model_probability_raw": 0.5934558377912051,
      "edge": 0.10345583779120515,
      "atr": 7.43,
      "size": 3.26,
      "iv_ratio": 2.0,
      "prev_resolution_margin": -40.57293333871348,
      "flow_score": -0.0005,
      "spot_flow_signal": 0.16134832720095632,
      "liquidation_pressure": 0.0,
      "regime_state": "volatile",
      "regime_autocorr": -0.044,
      "regime_direction": 0.0,
      "entry_phase": "normal",
      "flip_count": 0,
      "is_flip": false,
      "depth_usd_top20": 351388.61747099995,
      "sprt_confidence": 0.05928465866147133,
      "sprt_status": "ACCUMULATING",
      "adverse_selection_30s": 0.5
    }
  },
  "exit_reason": "scalp",
  "seconds_remaining_at_exit": 218.523939,
  "exit_timestamp": "2026-05-03T09:06:23.851473+00:00",
  "timestamp": "2026-05-03T09:06:23.851473+00:00"
}