{
  "position_id": 4668,
  "market_id": "btc-updown-5m-1777810200",
  "question": "Bitcoin Up or Down - May 3, 8:10AM-8:15AM ET",
  "side": "Up",
  "signal_score": 0.6002485170455731,
  "correct": true,
  "entry_price": 0.41,
  "exit_price": 0.79,
  "log_return": 0.6558757857627138,
  "size": 6.84,
  "pnl": 6.150256390243905,
  "fees": 0.12192999999999941,
  "gain_pct": 0.89916,
  "realized_edge": 0.1902,
  "fill_slippage": 0.0,
  "weight_version": "weights_v001",
  "category": "crypto-5min",
  "indicator_snapshot": {
    "rsi": {
      "rsi": 68.42,
      "score": -0.2763,
      "norm_score": -0.49321715763554785
    },
    "macd": {
      "macd": 18.4521,
      "signal": 18.7144,
      "histogram": -0.2623,
      "score": -0.0124,
      "norm_score": -0.45178904963595756
    },
    "stochastic": {
      "k": 42.78,
      "d": 35.21,
      "score": 0.0722,
      "norm_score": -0.5503309060597211
    },
    "ema": {
      "trend": "bullish",
      "fast_ema": 78772.4370051295,
      "slow_ema": 78761.2664614774
    },
    "obv": {
      "obv_slope": 0.0,
      "price_slope": -3.6633,
      "score": 0.0001,
      "norm_score": 0.5842199467500648
    },
    "vwap": {
      "vwap": 78676.34,
      "deviation": 0.7225,
      "score": -0.2168,
      "norm_score": -0.5495991830813638
    },
    "atr": {
      "atr": 20.4,
      "passes": true,
      "reason": "ok"
    },
    "weights": {
      "rsi": 0.2,
      "macd": 0.25,
      "stochastic": 0.2,
      "obv": 0.15,
      "vwap": 0.2,
      "entry_threshold": 0.6
    },
    "trade_context": {
      "btc_price": 78766.89,
      "strike_price": 78749.62445,
      "seconds_remaining": 249.139518,
      "market_price_up": 0.41,
      "market_price_down": 0.6,
      "model_probability": 0.6002485170455731,
      "model_probability_raw": 0.6002485170455731,
      "edge": 0.19024851704557316,
      "atr": 20.4,
      "size": 6.84,
      "iv_ratio": 2.0,
      "prev_resolution_margin": 12.51930588450341,
      "flow_score": -0.1412,
      "spot_flow_signal": 0.4868598434831504,
      "liquidation_pressure": 0.0,
      "regime_state": "neutral",
      "regime_autocorr": -0.178,
      "regime_direction": 1.0,
      "entry_phase": "normal",
      "flip_count": 0,
      "is_flip": false,
      "depth_usd_top20": 197703.36781430006,
      "sprt_confidence": 0.0,
      "sprt_status": "SKIP",
      "adverse_selection_30s": 0.4
    }
  },
  "exit_reason": "scalp",
  "seconds_remaining_at_exit": 177.153106,
  "exit_timestamp": "2026-05-03T12:12:05.785474+00:00",
  "timestamp": "2026-05-03T12:12:05.785474+00:00"
}