{
  "position_id": 4681,
  "market_id": "btc-updown-5m-1777818300",
  "question": "Bitcoin Up or Down - May 3, 10:25AM-10:30AM ET",
  "side": "Down",
  "signal_score": 0.37274206423604705,
  "correct": false,
  "entry_price": 0.22,
  "exit_price": 0.0,
  "log_return": -10.0,
  "size": 4.95,
  "pnl": -4.95,
  "fees": 0.06949799999999982,
  "gain_pct": -1.0,
  "realized_edge": 0.1527,
  "fill_slippage": 0.0,
  "weight_version": "weights_v001",
  "category": "crypto-5min",
  "indicator_snapshot": {
    "rsi": {
      "rsi": 0.0,
      "score": 1.0,
      "norm_score": 0.62553611554749
    },
    "macd": {
      "macd": -18.8926,
      "signal": -18.0952,
      "histogram": -0.7974,
      "score": -0.0421,
      "norm_score": 3.0
    },
    "stochastic": {
      "k": 31.57,
      "d": 31.56,
      "score": 0.1843,
      "norm_score": -2.196530134601098
    },
    "ema": {
      "trend": "bearish",
      "fast_ema": 78674.97096983454,
      "slow_ema": 78688.25554989498
    },
    "obv": {
      "obv_slope": -0.0,
      "price_slope": -0.0033,
      "score": -0.0004,
      "norm_score": 2.072793537611773
    },
    "vwap": {
      "vwap": 78744.92,
      "deviation": -1.3093,
      "score": 0.3928,
      "norm_score": 3.0
    },
    "atr": {
      "atr": 27.57,
      "passes": true,
      "reason": "ok"
    },
    "weights": {
      "rsi": 0.2,
      "macd": 0.25,
      "stochastic": 0.2,
      "obv": 0.15,
      "vwap": 0.2,
      "entry_threshold": 0.6
    },
    "trade_context": {
      "btc_price": 78659.99,
      "strike_price": 78630.8500552456,
      "seconds_remaining": 230.160909,
      "market_price_up": 0.79,
      "market_price_down": 0.22,
      "model_probability": 0.37274206423604705,
      "model_probability_raw": 0.37274206423604705,
      "edge": 0.15274206423604705,
      "atr": 27.57,
      "size": 4.95,
      "iv_ratio": 1.5611751973474017,
      "prev_resolution_margin": 12.51930588450341,
      "flow_score": 0.0233,
      "spot_flow_signal": 0.986939394321914,
      "liquidation_pressure": 0.0,
      "regime_state": "neutral",
      "regime_autocorr": -0.0023,
      "regime_direction": 0.0,
      "entry_phase": "normal",
      "flip_count": 0,
      "is_flip": false,
      "depth_usd_top20": 260851.17924790006,
      "sprt_confidence": 0.0,
      "sprt_status": "SKIP",
      "adverse_selection_30s": 0.5
    }
  },
  "exit_reason": "resolution",
  "seconds_remaining_at_exit": 0.0,
  "exit_timestamp": "2026-05-03T14:34:39.428930+00:00",
  "timestamp": "2026-05-03T14:34:39.428930+00:00"
}