{
  "position_id": 4684,
  "market_id": "btc-updown-5m-1777819200",
  "question": "Bitcoin Up or Down - May 3, 10:40AM-10:45AM ET",
  "side": "Up",
  "signal_score": 0.6063625733295283,
  "correct": true,
  "entry_price": 0.44,
  "exit_price": 0.8399,
  "log_return": 0.6465081102192745,
  "size": 6.9,
  "pnl": 6.100819807272728,
  "fees": 0.10712600000000033,
  "gain_pct": 0.884177,
  "realized_edge": 0.1664,
  "fill_slippage": 0.0,
  "weight_version": "weights_v001",
  "category": "crypto-5min",
  "indicator_snapshot": {
    "rsi": {
      "rsi": 56.71,
      "score": -0.1007,
      "norm_score": 0.5146207791752558
    },
    "macd": {
      "macd": 3.4211,
      "signal": 3.9861,
      "histogram": -0.565,
      "score": -0.1943,
      "norm_score": -1.2115802036243244
    },
    "stochastic": {
      "k": 51.38,
      "d": 53.0,
      "score": -0.0138,
      "norm_score": 0.2058107704408391
    },
    "ema": {
      "trend": "chop",
      "fast_ema": 78712.1406399832,
      "slow_ema": 78710.54394234871
    },
    "obv": {
      "obv_slope": -0.0,
      "price_slope": -0.52,
      "score": -0.002,
      "norm_score": -0.7481262226676205
    },
    "vwap": {
      "vwap": 78742.43,
      "deviation": -0.6512,
      "score": 0.1954,
      "norm_score": -0.10755308284691592
    },
    "atr": {
      "atr": 29.27,
      "passes": true,
      "reason": "ok"
    },
    "weights": {
      "rsi": 0.2,
      "macd": 0.25,
      "stochastic": 0.2,
      "obv": 0.15,
      "vwap": 0.2,
      "entry_threshold": 0.6
    },
    "trade_context": {
      "btc_price": 78711.36,
      "strike_price": 78688.07253,
      "seconds_remaining": 148.156354,
      "market_price_up": 0.44,
      "market_price_down": 0.57,
      "model_probability": 0.6063625733295283,
      "model_probability_raw": 0.6063625733295283,
      "edge": 0.16636257332952825,
      "atr": 29.27,
      "size": 6.9,
      "iv_ratio": 1.6294769403411489,
      "prev_resolution_margin": 12.51930588450341,
      "flow_score": -0.0966,
      "spot_flow_signal": 0.3252101072388411,
      "liquidation_pressure": -0.0016439073923733244,
      "regime_state": "neutral",
      "regime_autocorr": 0.0054,
      "regime_direction": -1.0,
      "entry_phase": "late",
      "flip_count": 0,
      "is_flip": false,
      "depth_usd_top20": 199508.23782010004,
      "sprt_confidence": 0.0,
      "sprt_status": "SKIP",
      "adverse_selection_30s": 0.5
    }
  },
  "exit_reason": "scalp",
  "seconds_remaining_at_exit": 88.598862,
  "exit_timestamp": "2026-05-03T14:43:35.669324+00:00",
  "timestamp": "2026-05-03T14:43:35.669324+00:00"
}