{
  "position_id": 4685,
  "market_id": "btc-updown-5m-1777819800",
  "question": "Bitcoin Up or Down - May 3, 10:50AM-10:55AM ET",
  "side": "Up",
  "signal_score": 0.5964505805859956,
  "correct": true,
  "entry_price": 0.49,
  "exit_price": 0.82,
  "log_return": 0.5148989491536264,
  "size": 5.64,
  "pnl": 3.681423469387755,
  "fees": 0.08207499999999968,
  "gain_pct": 0.652735,
  "realized_edge": 0.1065,
  "fill_slippage": 0.0,
  "weight_version": "weights_v001",
  "category": "crypto-5min",
  "indicator_snapshot": {
    "rsi": {
      "rsi": 18.49,
      "score": 0.5685,
      "norm_score": 0.5378091414941129
    },
    "macd": {
      "macd": -6.9662,
      "signal": -4.3388,
      "histogram": -2.6274,
      "score": -0.2946,
      "norm_score": 0.044317788702838576
    },
    "stochastic": {
      "k": 47.4,
      "d": 39.27,
      "score": 0.026,
      "norm_score": 0.03305957776781297
    },
    "ema": {
      "trend": "chop",
      "fast_ema": 78695.40254156242,
      "slow_ema": 78703.16483735119
    },
    "obv": {
      "obv_slope": 0.0,
      "price_slope": 2.4967,
      "score": 0.0005,
      "norm_score": 0.5676679604323618
    },
    "vwap": {
      "vwap": 78740.78,
      "deviation": -0.9707,
      "score": 0.2912,
      "norm_score": 0.505741818172904
    },
    "atr": {
      "atr": 30.26,
      "passes": true,
      "reason": "ok"
    },
    "weights": {
      "rsi": 0.2,
      "macd": 0.25,
      "stochastic": 0.2,
      "obv": 0.15,
      "vwap": 0.2,
      "entry_threshold": 0.6
    },
    "trade_context": {
      "btc_price": 78698.86,
      "strike_price": 78668.28478259333,
      "seconds_remaining": 281.300456,
      "market_price_up": 0.49,
      "market_price_down": 0.52,
      "model_probability": 0.5964505805859956,
      "model_probability_raw": 0.5964505805859956,
      "edge": 0.10645058058599566,
      "atr": 30.26,
      "size": 5.64,
      "iv_ratio": 1.5759159195547183,
      "prev_resolution_margin": 12.51930588450341,
      "flow_score": 0.2396,
      "spot_flow_signal": 0.12493026748551046,
      "liquidation_pressure": 0.0,
      "regime_state": "neutral",
      "regime_autocorr": 0.0188,
      "regime_direction": 1.0,
      "entry_phase": "normal",
      "flip_count": 0,
      "is_flip": false,
      "depth_usd_top20": 226271.59901780006,
      "sprt_confidence": 0.06102616046743527,
      "sprt_status": "ACCUMULATING",
      "adverse_selection_30s": 0.5
    }
  },
  "exit_reason": "scalp",
  "seconds_remaining_at_exit": 138.9111,
  "exit_timestamp": "2026-05-03T14:52:44.240149+00:00",
  "timestamp": "2026-05-03T14:52:44.240149+00:00"
}