{
  "position_id": 468,
  "market_id": "btc-updown-5m-1776220500",
  "question": "Bitcoin Up or Down - April 14, 10:35PM-10:40PM ET",
  "side": "Up",
  "signal_score": 0.7682746679109751,
  "correct": false,
  "entry_price": 0.64,
  "exit_price": 0.55,
  "log_return": -0.15154989812720093,
  "size": 6.13,
  "pnl": -0.93856134375,
  "fees": 0.08211600000000044,
  "gain_pct": -0.15311,
  "weight_version": "weights_v001",
  "category": "crypto-5min",
  "indicator_snapshot": {
    "rsi": {
      "rsi": 15.98,
      "score": 0.6272,
      "norm_score": -2.5725484958240115
    },
    "macd": {
      "macd": -85.5565,
      "signal": -88.4621,
      "histogram": 2.9056,
      "score": 0.0416,
      "norm_score": 1.8176101290001392
    },
    "stochastic": {
      "k": 3.47,
      "d": 3.05,
      "score": 0.8787,
      "norm_score": -0.21098002641824382
    },
    "ema": {
      "trend": "bearish",
      "fast_ema": 74230.10583777615,
      "slow_ema": 74280.79466949936
    },
    "obv": {
      "obv_slope": 0.0,
      "price_slope": 0.0,
      "score": 0.0,
      "norm_score": 2.033575720154702
    },
    "vwap": {
      "vwap": 74386.77,
      "deviation": -0.6701,
      "score": 0.201,
      "norm_score": 0.2813408960259622
    },
    "atr": {
      "atr": 26.33,
      "passes": true,
      "reason": "ok"
    },
    "weights": {
      "rsi": 0.2,
      "macd": 0.25,
      "stochastic": 0.2,
      "obv": 0.15,
      "vwap": 0.2,
      "entry_threshold": 0.6
    },
    "trade_context": {
      "btc_price": 74265.65,
      "strike_price": 74240.61524188469,
      "seconds_remaining": 293.886161,
      "market_price_up": 0.64,
      "market_price_down": 0.35,
      "model_probability_raw": 0.7682746679109751,
      "model_probability": 0.7682746679109751,
      "edge": 0.12827466791097508,
      "momentum_score": 0.2590013650299815,
      "atr": 26.33,
      "size": 6.13,
      "flow_score": 0.3161,
      "flow_book_imbalance": 0.0835,
      "flow_trade_count": 92,
      "spot_flow_signal": 0.26758745472902035,
      "wall_pressure": 0.0,
      "iv_ratio": 1.7452944931277294,
      "prev_resolution_margin": -9.459999999991851,
      "bybit_perp_price": 74190.6,
      "funding_rate": -0.00015486,
      "depth_usd_top20": 307349.7304405,
      "entry_phase": "normal",
      "flip_count": 0,
      "is_flip": false,
      "cvd_120s": 0.00695,
      "taker_ratio_60s": 0.5,
      "volume_surge": false,
      "liquidation_pressure": -0.16365657690107344,
      "gex_signal": 1.0,
      "gex_regime": "stabilizing",
      "cvd_acceleration": 0.0,
      "clob_velocity_up": 0.0,
      "clob_velocity_down": 0.0,
      "coinbase_btc": 74273.09,
      "regime_state": "neutral",
      "regime_kelly_mult": 1.0,
      "sprt_confidence": 0.0,
      "sprt_status": "ACCUMULATING",
      "signal_consensus": 1.3,
      "adverse_selection_30s": 0.5,
      "alpha_decay_rate": 0.05537580483601428,
      "garch_vol_ratio": 2.0,
      "crowd_bias": {
        "flb": 0.0,
        "recency_fade": 0.0,
        "round_number_dampening": 1.0,
        "composite_logit_adjustment": 0.0
      },
      "oracle_divergence": 18.16566999546194,
      "edge_realization_ratio": 1.5628810175665033
    }
  },
  "exit_reason": "scalp",
  "timestamp": "2026-04-15T02:35:19.677251+00:00"
}