{
  "position_id": 469,
  "market_id": "btc-updown-5m-1776079200",
  "question": "Bitcoin Up or Down - April 13, 7:20AM-7:25AM ET",
  "side": "Up",
  "signal_score": 0.8379458600205458,
  "correct": true,
  "entry_price": 0.69,
  "exit_price": 0.73,
  "log_return": 0.05635293655113178,
  "size": 5.35,
  "pnl": 0.2512063188405804,
  "fees": 0.05720799999999973,
  "gain_pct": 0.046954,
  "weight_version": "weights_v001",
  "category": "crypto-5min",
  "indicator_snapshot": {
    "rsi": {
      "rsi": 100.0,
      "score": -1.0,
      "norm_score": -0.29684697789202646
    },
    "macd": {
      "macd": 9.6754,
      "signal": 11.8374,
      "histogram": -2.162,
      "score": -0.8579,
      "norm_score": -0.2432790783004833
    },
    "stochastic": {
      "k": 50.0,
      "d": 50.0,
      "score": -0.0,
      "norm_score": 0.37257779658735063
    },
    "ema": {
      "trend": "chop",
      "fast_ema": 70880.15101611492,
      "slow_ema": 70876.96395838796
    },
    "obv": {
      "obv_slope": 0.0,
      "price_slope": 0.0,
      "score": 0.0,
      "norm_score": -0.09223935650496003
    },
    "vwap": {
      "vwap": 70697.54,
      "deviation": 5.3053,
      "score": -1.0,
      "norm_score": -2.6645352591003757e-09
    },
    "atr": {
      "atr": 3.96,
      "passes": true,
      "reason": "ok"
    },
    "weights": {
      "rsi": 0.2,
      "macd": 0.25,
      "stochastic": 0.2,
      "obv": 0.15,
      "vwap": 0.2,
      "entry_threshold": 0.6
    },
    "trade_context": {
      "btc_price": 70896.0,
      "strike_price": 70880.23,
      "seconds_remaining": 239.764355,
      "market_price_up": 0.69,
      "market_price_down": 0.3,
      "model_probability_raw": 0.8379458600205458,
      "model_probability": 0.8379458600205458,
      "edge": 0.14794586002054588,
      "momentum_score": -0.05950950984470705,
      "atr": 3.96,
      "size": 5.35,
      "flow_score": 0.0086,
      "flow_book_imbalance": 0.1332,
      "flow_trade_count": 200,
      "spot_flow_signal": -0.5510042010929583,
      "wall_pressure": 0.657675835157514,
      "iv_ratio": 3.0,
      "prev_resolution_margin": 11.756687879547826,
      "bybit_perp_price": 70850.0,
      "funding_rate": -1.699e-05,
      "depth_usd_top20": 345171.4140556,
      "entry_phase": "normal",
      "cvd_120s": 0.0,
      "taker_ratio_60s": 0.5,
      "volume_surge": false,
      "liquidation_pressure": 0.0,
      "gex_signal": 1.0,
      "gex_regime": "stabilizing",
      "cvd_acceleration": 0.0,
      "clob_velocity_up": 0.0,
      "clob_velocity_down": 0.0,
      "coinbase_btc": 70896.0,
      "regime_state": "volatile",
      "regime_kelly_mult": 0.7,
      "sprt_confidence": 1.0,
      "sprt_status": "ENTER",
      "signal_consensus": 0.6,
      "adverse_selection_30s": 0.5,
      "alpha_decay_rate": 0.00547221959711406,
      "garch_vol_ratio": 2.0,
      "crowd_bias": {
        "flb": 0.0114,
        "recency_fade": 0.0,
        "round_number_dampening": 1.0,
        "composite_logit_adjustment": 0.0114
      },
      "oracle_divergence": 8.217518341145478,
      "edge_realization_ratio": 0.9591690303853659
    }
  },
  "exit_reason": "scalp",
  "timestamp": "2026-04-13T11:21:04.741626+00:00"
}