{
  "position_id": 470,
  "market_id": "btc-updown-5m-1776220800",
  "question": "Bitcoin Up or Down - April 14, 10:40PM-10:45PM ET",
  "side": "Up",
  "signal_score": 0.6447447418495144,
  "correct": false,
  "entry_price": 0.53,
  "exit_price": 0.51,
  "log_return": -0.03846628082779605,
  "size": 3.56,
  "pnl": -0.19328009433962245,
  "fees": 0.06007699999999988,
  "gain_pct": -0.054292,
  "weight_version": "weights_v001",
  "category": "crypto-5min",
  "indicator_snapshot": {
    "rsi": {
      "rsi": 100.0,
      "score": -1.0,
      "norm_score": -3.0
    },
    "macd": {
      "macd": -46.1085,
      "signal": -58.3504,
      "histogram": 12.2419,
      "score": 0.2923,
      "norm_score": 1.3753958271435636
    },
    "stochastic": {
      "k": 98.71,
      "d": 98.71,
      "score": -0.955,
      "norm_score": -2.593599277100329
    },
    "ema": {
      "trend": "bearish",
      "fast_ema": 74223.3337761805,
      "slow_ema": 74236.2995606144
    },
    "obv": {
      "obv_slope": 0.01,
      "price_slope": 2.3567,
      "score": 0.0094,
      "norm_score": 3.0
    },
    "vwap": {
      "vwap": 74386.0,
      "deviation": -0.6528,
      "score": 0.1959,
      "norm_score": -2.5461000396864613
    },
    "atr": {
      "atr": 21.9,
      "passes": true,
      "reason": "ok"
    },
    "weights": {
      "rsi": 0.2,
      "macd": 0.25,
      "stochastic": 0.2,
      "obv": 0.15,
      "vwap": 0.2,
      "entry_threshold": 0.6
    },
    "trade_context": {
      "btc_price": 74239.58,
      "strike_price": 74231.301,
      "seconds_remaining": 299.027215,
      "market_price_up": 0.53,
      "market_price_down": 0.46,
      "model_probability_raw": 0.6447447418495144,
      "model_probability": 0.6447447418495144,
      "edge": 0.11474474184951433,
      "momentum_score": -0.8340909065714673,
      "atr": 21.9,
      "size": 3.56,
      "flow_score": 0.0829,
      "flow_book_imbalance": 0.0156,
      "flow_trade_count": 10,
      "spot_flow_signal": 0.4903678117444088,
      "wall_pressure": 0.0,
      "iv_ratio": 2.095263545899678,
      "prev_resolution_margin": -9.459999999991851,
      "bybit_perp_price": 74169.0,
      "funding_rate": -0.00015236,
      "depth_usd_top20": 316056.7270917001,
      "entry_phase": "normal",
      "flip_count": 0,
      "is_flip": false,
      "cvd_120s": 0.013430000000000001,
      "taker_ratio_60s": 0.7355313924938619,
      "volume_surge": true,
      "liquidation_pressure": 0.04784013079169557,
      "gex_signal": 1.0,
      "gex_regime": "stabilizing",
      "cvd_acceleration": -0.00029933333333333336,
      "clob_velocity_up": 0.0,
      "clob_velocity_down": 0.0,
      "coinbase_btc": 74239.58,
      "regime_state": "neutral",
      "regime_kelly_mult": 1.0,
      "sprt_confidence": 0.08796321451701097,
      "sprt_status": "ACCUMULATING",
      "signal_consensus": 1.3,
      "adverse_selection_30s": 0.5,
      "alpha_decay_rate": 0.0,
      "garch_vol_ratio": 2.0,
      "crowd_bias": {
        "flb": 0.0,
        "recency_fade": 0.0,
        "round_number_dampening": 1.0,
        "composite_logit_adjustment": 0.0
      },
      "oracle_divergence": 3.424509999997099,
      "edge_realization_ratio": 1.4256907147464246
    }
  },
  "exit_reason": "scalp",
  "timestamp": "2026-04-15T02:40:06.427966+00:00"
}