{
  "position_id": 472,
  "market_id": "btc-updown-5m-1776221100",
  "question": "Bitcoin Up or Down - April 14, 10:45PM-10:50PM ET",
  "side": "Up",
  "signal_score": 0.6425862228931463,
  "correct": false,
  "entry_price": 0.55,
  "exit_price": 0.53,
  "log_return": -0.0370412716803491,
  "size": 8.64,
  "pnl": -0.45148694545454404,
  "fees": 0.13984999999999956,
  "gain_pct": -0.052255,
  "weight_version": "weights_v001",
  "category": "crypto-5min",
  "indicator_snapshot": {
    "rsi": {
      "rsi": 100.0,
      "score": -1.0,
      "norm_score": -3.0
    },
    "macd": {
      "macd": -15.2219,
      "signal": -23.8843,
      "histogram": 8.6624,
      "score": 0.7703,
      "norm_score": -1.2144600031297546
    },
    "stochastic": {
      "k": 36.95,
      "d": 38.71,
      "score": 0.1305,
      "norm_score": 0.3803083429246569
    },
    "ema": {
      "trend": "chop",
      "fast_ema": 74239.35996175563,
      "slow_ema": 74236.65483810473
    },
    "obv": {
      "obv_slope": 0.0,
      "price_slope": 0.0,
      "score": 0.0,
      "norm_score": -0.5073029860587275
    },
    "vwap": {
      "vwap": 74411.76,
      "deviation": -0.6922,
      "score": 0.2077,
      "norm_score": 1.6950062191730733
    },
    "atr": {
      "atr": 21.7,
      "passes": true,
      "reason": "ok"
    },
    "weights": {
      "rsi": 0.2,
      "macd": 0.25,
      "stochastic": 0.2,
      "obv": 0.15,
      "vwap": 0.2,
      "entry_threshold": 0.6
    },
    "trade_context": {
      "btc_price": 74320.53,
      "strike_price": 74308.93206,
      "seconds_remaining": 297.492667,
      "market_price_up": 0.55,
      "market_price_down": 0.44,
      "model_probability_raw": 0.6425862228931463,
      "model_probability": 0.6425862228931463,
      "edge": 0.09258622289314622,
      "momentum_score": -0.5646475362717018,
      "atr": 21.7,
      "size": 8.64,
      "flow_score": -0.1434,
      "flow_book_imbalance": 0.0323,
      "flow_trade_count": 15,
      "spot_flow_signal": -0.08346151284823548,
      "wall_pressure": 0.0,
      "iv_ratio": 2.114990789047336,
      "prev_resolution_margin": -140.22613417883986,
      "bybit_perp_price": 74242.1,
      "funding_rate": -0.00014857,
      "depth_usd_top20": 314273.33014760015,
      "entry_phase": "normal",
      "flip_count": 0,
      "is_flip": false,
      "cvd_120s": 0.0,
      "taker_ratio_60s": 0.5,
      "volume_surge": false,
      "liquidation_pressure": 0.0,
      "gex_signal": 1.0,
      "gex_regime": "stabilizing",
      "cvd_acceleration": 0.0,
      "clob_velocity_up": 0.0,
      "clob_velocity_down": 0.0,
      "coinbase_btc": 74321.4,
      "regime_state": "neutral",
      "regime_kelly_mult": 1.0,
      "sprt_confidence": 0.0,
      "sprt_status": "ACCUMULATING",
      "signal_consensus": 0.6,
      "adverse_selection_30s": 0.5,
      "alpha_decay_rate": 0.0,
      "garch_vol_ratio": 2.0,
      "crowd_bias": {
        "flb": 0.0,
        "recency_fade": 0.0,
        "round_number_dampening": 1.0,
        "composite_logit_adjustment": 0.0
      },
      "oracle_divergence": 11.614499999996042,
      "edge_realization_ratio": 1.6051667551776072
    }
  },
  "exit_reason": "scalp",
  "timestamp": "2026-04-15T02:45:08.203529+00:00"
}