{
  "position_id": 4770,
  "market_id": "btc-updown-5m-1777894200",
  "question": "Bitcoin Up or Down - May 4, 7:30AM-7:35AM ET",
  "side": "Up",
  "signal_score": 0.39107848982989263,
  "correct": true,
  "entry_price": 0.23,
  "exit_price": 0.62,
  "log_return": 0.9916401691159419,
  "size": 10.93,
  "pnl": 17.926376913043477,
  "fees": 0.3502269999999993,
  "gain_pct": 1.640108,
  "realized_edge": 0.1611,
  "fill_slippage": 0.0,
  "weight_version": "weights_v001",
  "category": "crypto-5min",
  "indicator_snapshot": {
    "rsi": {
      "rsi": 0.0,
      "score": 1.0,
      "norm_score": 0.7681455678035028
    },
    "macd": {
      "macd": -37.5522,
      "signal": -34.3388,
      "histogram": -3.2134,
      "score": -0.0815,
      "norm_score": 0.6136744454844268
    },
    "stochastic": {
      "k": 0.0,
      "d": 0.0,
      "score": 1.0,
      "norm_score": 0.02130628905736632
    },
    "ema": {
      "trend": "bearish",
      "fast_ema": 78929.86303202403,
      "slow_ema": 78958.41530691477
    },
    "obv": {
      "obv_slope": -0.0,
      "price_slope": -1.83,
      "score": -0.0001,
      "norm_score": -0.005061630618351068
    },
    "vwap": {
      "vwap": 79015.48,
      "deviation": -0.2021,
      "score": 0.0606,
      "norm_score": 0.49400630879243335
    },
    "atr": {
      "atr": 23.19,
      "passes": true,
      "reason": "ok"
    },
    "weights": {
      "rsi": 0.2,
      "macd": 0.25,
      "stochastic": 0.2,
      "obv": 0.15,
      "vwap": 0.2,
      "entry_threshold": 0.6
    },
    "trade_context": {
      "btc_price": 78911.08,
      "strike_price": 78944.02365781971,
      "seconds_remaining": 254.058714,
      "market_price_up": 0.23,
      "market_price_down": 0.78,
      "model_probability": 0.39107848982989263,
      "model_probability_raw": 0.39107848982989263,
      "edge": 0.16107848982989262,
      "atr": 23.19,
      "size": 10.93,
      "iv_ratio": 1.8201926868538563,
      "prev_resolution_margin": -116.80315999999584,
      "flow_score": 0.0292,
      "spot_flow_signal": -0.058257889267454316,
      "liquidation_pressure": -0.04474025268224231,
      "regime_state": "neutral",
      "regime_autocorr": -0.0341,
      "regime_direction": -1.0,
      "entry_phase": "normal",
      "flip_count": 0,
      "is_flip": false,
      "depth_usd_top20": 308103.0967568,
      "sprt_confidence": 0.0,
      "sprt_status": "SKIP",
      "adverse_selection_30s": 0.6
    }
  },
  "exit_reason": "scalp",
  "seconds_remaining_at_exit": 225.741427,
  "exit_timestamp": "2026-05-04T11:31:16.426452+00:00",
  "timestamp": "2026-05-04T11:31:16.426452+00:00"
}