{
  "position_id": 4772,
  "market_id": "btc-updown-5m-1777894500",
  "question": "Bitcoin Up or Down - May 4, 7:35AM-7:40AM ET",
  "side": "Up",
  "signal_score": 0.414085884913799,
  "correct": false,
  "entry_price": 0.23,
  "exit_price": 0.0,
  "log_return": -10.0,
  "size": 10.4,
  "pnl": -10.4,
  "fees": 0.14414400000000016,
  "gain_pct": -1.0,
  "realized_edge": 0.1841,
  "fill_slippage": -0.01,
  "weight_version": "weights_v001",
  "category": "crypto-5min",
  "indicator_snapshot": {
    "rsi": {
      "rsi": 0.0,
      "score": 1.0,
      "norm_score": 0.03340860953247057
    },
    "macd": {
      "macd": -55.7359,
      "signal": -47.37,
      "histogram": -8.366,
      "score": -0.3277,
      "norm_score": -0.35542169567360676
    },
    "stochastic": {
      "k": 0.0,
      "d": 0.0,
      "score": 1.0,
      "norm_score": 0.11140136674057122
    },
    "ema": {
      "trend": "bearish",
      "fast_ema": 78817.99460168759,
      "slow_ema": 78864.18734080087
    },
    "obv": {
      "obv_slope": -0.0,
      "price_slope": -3.8867,
      "score": -0.0,
      "norm_score": 0.5495496374734437
    },
    "vwap": {
      "vwap": 79013.75,
      "deviation": -0.4715,
      "score": 0.1415,
      "norm_score": 0.2039727712906587
    },
    "atr": {
      "atr": 26.65,
      "passes": true,
      "reason": "ok"
    },
    "weights": {
      "rsi": 0.2,
      "macd": 0.25,
      "stochastic": 0.2,
      "obv": 0.15,
      "vwap": 0.2,
      "entry_threshold": 0.6
    },
    "trade_context": {
      "btc_price": 78852.02,
      "strike_price": 78880.16181690109,
      "seconds_remaining": 74.045398,
      "market_price_up": 0.24,
      "market_price_down": 0.77,
      "model_probability": 0.414085884913799,
      "model_probability_raw": 0.414085884913799,
      "edge": 0.174085884913799,
      "atr": 26.65,
      "size": 10.4,
      "iv_ratio": 1.5818733158650595,
      "prev_resolution_margin": -116.80315999999584,
      "flow_score": -0.1423,
      "spot_flow_signal": -0.7004881665897467,
      "liquidation_pressure": 0.0,
      "regime_state": "neutral",
      "regime_autocorr": -0.0291,
      "regime_direction": 0.0,
      "entry_phase": "late",
      "flip_count": 1,
      "is_flip": true,
      "depth_usd_top20": 343161.90975660016,
      "sprt_confidence": 0.0,
      "sprt_status": "SKIP",
      "adverse_selection_30s": 0.6153846153846154
    }
  },
  "exit_reason": "resolution",
  "seconds_remaining_at_exit": 0.0,
  "exit_timestamp": "2026-05-04T11:47:28.294563+00:00",
  "timestamp": "2026-05-04T11:47:28.294563+00:00"
}