{
  "position_id": 4782,
  "market_id": "btc-updown-5m-1777897500",
  "question": "Bitcoin Up or Down - May 4, 8:25AM-8:30AM ET",
  "side": "Down",
  "signal_score": 0.41770222962594705,
  "correct": true,
  "entry_price": 0.28,
  "exit_price": 0.4630901574402107,
  "log_return": 0.5031321564535268,
  "size": 9.18,
  "pnl": 5.661142928571428,
  "fees": 0.2638030000000003,
  "gain_pct": 0.616682,
  "realized_edge": 0.1377,
  "fill_slippage": 0.0,
  "weight_version": "weights_v001",
  "category": "crypto-5min",
  "indicator_snapshot": {
    "rsi": {
      "rsi": 100.0,
      "score": -1.0,
      "norm_score": -0.47736051899871756
    },
    "macd": {
      "macd": 39.9701,
      "signal": 39.8387,
      "histogram": 0.1314,
      "score": 0.0051,
      "norm_score": 0.8421631857781453
    },
    "stochastic": {
      "k": 100.0,
      "d": 80.58,
      "score": -1.0,
      "norm_score": -0.480211608471801
    },
    "ema": {
      "trend": "bullish",
      "fast_ema": 78979.30814136958,
      "slow_ema": 78953.22200096346
    },
    "obv": {
      "obv_slope": 0.0,
      "price_slope": 18.05,
      "score": 0.0007,
      "norm_score": 0.8709120384166421
    },
    "vwap": {
      "vwap": 78975.55,
      "deviation": 0.1018,
      "score": -0.0305,
      "norm_score": -0.9385417976480565
    },
    "atr": {
      "atr": 26.5,
      "passes": true,
      "reason": "ok"
    },
    "weights": {
      "rsi": 0.2,
      "macd": 0.25,
      "stochastic": 0.2,
      "obv": 0.15,
      "vwap": 0.2,
      "entry_threshold": 0.6
    },
    "trade_context": {
      "btc_price": 78977.51,
      "strike_price": 78951.478155,
      "seconds_remaining": 67.64836,
      "market_price_up": 0.73,
      "market_price_down": 0.28,
      "model_probability": 0.41770222962594705,
      "model_probability_raw": 0.41770222962594705,
      "edge": 0.13770222962594703,
      "atr": 26.5,
      "size": 9.18,
      "iv_ratio": 1.5008653038040842,
      "prev_resolution_margin": -116.80315999999584,
      "flow_score": 0.2366,
      "spot_flow_signal": 0.48198042594696083,
      "liquidation_pressure": 0.0,
      "regime_state": "neutral",
      "regime_autocorr": 0.0737,
      "regime_direction": 1.0,
      "entry_phase": "late",
      "flip_count": 0,
      "is_flip": false,
      "depth_usd_top20": 271698.68999579997,
      "sprt_confidence": 0.0,
      "sprt_status": "SKIP",
      "adverse_selection_30s": 0.5769230769230769
    }
  },
  "exit_reason": "scalp",
  "seconds_remaining_at_exit": 47.607347,
  "exit_timestamp": "2026-05-04T12:29:14.682114+00:00",
  "timestamp": "2026-05-04T12:29:14.682114+00:00"
}