{
  "position_id": 4785,
  "market_id": "btc-updown-5m-1777898400",
  "question": "Bitcoin Up or Down - May 4, 8:40AM-8:45AM ET",
  "side": "Down",
  "signal_score": 0.4035104734849445,
  "correct": false,
  "entry_price": 0.22,
  "exit_price": 0.0,
  "log_return": -10.0,
  "size": 13.49,
  "pnl": -13.49,
  "fees": 0.1893999999999997,
  "gain_pct": -1.0,
  "realized_edge": 0.1835,
  "fill_slippage": 0.0,
  "weight_version": "weights_v001",
  "category": "crypto-5min",
  "indicator_snapshot": {
    "rsi": {
      "rsi": 100.0,
      "score": -1.0,
      "norm_score": -0.20958462324173546
    },
    "macd": {
      "macd": 8.8818,
      "signal": 1.7293,
      "histogram": 7.1525,
      "score": 0.2355,
      "norm_score": 0.7665961368088731
    },
    "stochastic": {
      "k": 100.0,
      "d": 100.0,
      "score": -1.0,
      "norm_score": -0.16224486778251915
    },
    "ema": {
      "trend": "bullish",
      "fast_ema": 78947.75474342545,
      "slow_ema": 78933.39302582829
    },
    "obv": {
      "obv_slope": 0.0,
      "price_slope": 9.4133,
      "score": 0.0026,
      "norm_score": 2.335391535067784
    },
    "vwap": {
      "vwap": 78974.93,
      "deviation": -0.0422,
      "score": 0.0127,
      "norm_score": -1.626977036039821
    },
    "atr": {
      "atr": 20.26,
      "passes": true,
      "reason": "ok"
    },
    "weights": {
      "rsi": 0.2,
      "macd": 0.25,
      "stochastic": 0.2,
      "obv": 0.15,
      "vwap": 0.2,
      "entry_threshold": 0.6
    },
    "trade_context": {
      "btc_price": 78965.73,
      "strike_price": 78914.33898003616,
      "seconds_remaining": 193.407844,
      "market_price_up": 0.79,
      "market_price_down": 0.22,
      "model_probability": 0.4035104734849445,
      "model_probability_raw": 0.4035104734849445,
      "edge": 0.1835104734849445,
      "atr": 20.26,
      "size": 13.49,
      "iv_ratio": 2.0,
      "prev_resolution_margin": -116.80315999999584,
      "flow_score": -0.0529,
      "spot_flow_signal": 0.7744655593588683,
      "liquidation_pressure": 0.0018941939163197208,
      "regime_state": "neutral",
      "regime_autocorr": 0.0325,
      "regime_direction": 1.0,
      "entry_phase": "normal",
      "flip_count": 0,
      "is_flip": false,
      "depth_usd_top20": 261731.50531440004,
      "sprt_confidence": 0.0,
      "sprt_status": "SKIP",
      "adverse_selection_30s": 0.5714285714285714
    }
  },
  "exit_reason": "resolution",
  "seconds_remaining_at_exit": 0.0,
  "exit_timestamp": "2026-05-04T12:49:32.142347+00:00",
  "timestamp": "2026-05-04T12:49:32.142347+00:00"
}