{
  "position_id": 4801,
  "market_id": "btc-updown-5m-1777906500",
  "question": "Bitcoin Up or Down - May 4, 10:55AM-11:00AM ET",
  "side": "Up",
  "signal_score": 0.41559689248660764,
  "correct": false,
  "entry_price": 0.23588033026540658,
  "exit_price": 0.0,
  "log_return": -10.0,
  "size": 14.32,
  "pnl": -14.32,
  "fees": 0.19695899999999963,
  "gain_pct": -1.0,
  "realized_edge": 0.1797,
  "fill_slippage": -0.0141,
  "weight_version": "weights_v001",
  "category": "crypto-5min",
  "indicator_snapshot": {
    "rsi": {
      "rsi": 64.31,
      "score": -0.2146,
      "norm_score": 1.9233212741951875
    },
    "macd": {
      "macd": 218.7247,
      "signal": 242.8921,
      "histogram": -24.1674,
      "score": -0.1314,
      "norm_score": -1.5795355039779377
    },
    "stochastic": {
      "k": 53.4,
      "d": 57.61,
      "score": -0.034,
      "norm_score": 1.8898751514988068
    },
    "ema": {
      "trend": "bullish",
      "fast_ema": 80400.21243509455,
      "slow_ema": 80293.09048060392
    },
    "obv": {
      "obv_slope": -0.0,
      "price_slope": -14.5433,
      "score": -0.0028,
      "norm_score": -1.1975654888495841
    },
    "vwap": {
      "vwap": 79039.37,
      "deviation": 2.5799,
      "score": -0.774,
      "norm_score": 1.2894798278332
    },
    "atr": {
      "atr": 147.57,
      "passes": true,
      "reason": "ok"
    },
    "weights": {
      "rsi": 0.2,
      "macd": 0.25,
      "stochastic": 0.2,
      "obv": 0.15,
      "vwap": 0.2,
      "entry_threshold": 0.6
    },
    "trade_context": {
      "btc_price": 80349.79,
      "strike_price": 80453.69303232075,
      "seconds_remaining": 211.372447,
      "market_price_up": 0.25,
      "market_price_down": 0.76,
      "model_probability": 0.41559689248660764,
      "model_probability_raw": 0.41559689248660764,
      "edge": 0.16559689248660764,
      "atr": 147.57,
      "size": 14.32,
      "iv_ratio": 0.5,
      "prev_resolution_margin": 494.99447716597933,
      "flow_score": -0.2011,
      "spot_flow_signal": -0.7879116957870895,
      "liquidation_pressure": 0.008879976900439814,
      "regime_state": "volatile",
      "regime_autocorr": -0.1728,
      "regime_direction": 0.0,
      "entry_phase": "normal",
      "flip_count": 0,
      "is_flip": false,
      "depth_usd_top20": 258896.4262024,
      "sprt_confidence": 0.0,
      "sprt_status": "SKIP",
      "adverse_selection_30s": 0.26666666666666666
    }
  },
  "exit_reason": "resolution",
  "seconds_remaining_at_exit": 0.0,
  "exit_timestamp": "2026-05-04T15:03:53.078483+00:00",
  "timestamp": "2026-05-04T15:03:53.078483+00:00"
}