{
  "position_id": 4802,
  "market_id": "btc-updown-5m-1777906800",
  "question": "Bitcoin Up or Down - May 4, 11:00AM-11:05AM ET",
  "side": "Down",
  "signal_score": 0.3859018732983408,
  "correct": true,
  "entry_price": 0.22,
  "exit_price": 0.4199,
  "log_return": 0.6463890413377861,
  "size": 13.55,
  "pnl": 11.682664928181818,
  "fees": 0.4564969999999994,
  "gain_pct": 0.862189,
  "realized_edge": 0.1659,
  "fill_slippage": 0.0,
  "weight_version": "weights_v001",
  "category": "crypto-5min",
  "indicator_snapshot": {
    "rsi": {
      "rsi": 69.69,
      "score": -0.2953,
      "norm_score": -1.80330778493154
    },
    "macd": {
      "macd": 74.0368,
      "signal": 95.1305,
      "histogram": -21.0937,
      "score": -0.2202,
      "norm_score": 1.361233429400989
    },
    "stochastic": {
      "k": 94.72,
      "d": 56.08,
      "score": -0.8154,
      "norm_score": -1.9176046591858695
    },
    "ema": {
      "trend": "bullish",
      "fast_ema": 80272.6853885967,
      "slow_ema": 80254.90138082606
    },
    "obv": {
      "obv_slope": -0.0,
      "price_slope": 13.04,
      "score": -0.0002,
      "norm_score": -1.4581832290171952
    },
    "vwap": {
      "vwap": 79056.01,
      "deviation": 2.2977,
      "score": -0.6893,
      "norm_score": -1.494481793135688
    },
    "atr": {
      "atr": 119.62,
      "passes": true,
      "reason": "ok"
    },
    "weights": {
      "rsi": 0.2,
      "macd": 0.25,
      "stochastic": 0.2,
      "obv": 0.15,
      "vwap": 0.2,
      "entry_threshold": 0.6
    },
    "trade_context": {
      "btc_price": 80354.05,
      "strike_price": 80222.39894751782,
      "seconds_remaining": 183.495348,
      "market_price_up": 0.79,
      "market_price_down": 0.22,
      "model_probability": 0.3859018732983408,
      "model_probability_raw": 0.3859018732983408,
      "edge": 0.1659018732983408,
      "atr": 119.62,
      "size": 13.55,
      "iv_ratio": 0.5,
      "prev_resolution_margin": 494.99447716597933,
      "flow_score": 0.0893,
      "spot_flow_signal": -0.1329831031726772,
      "liquidation_pressure": 0.0,
      "regime_state": "volatile",
      "regime_autocorr": -0.1157,
      "regime_direction": 1.0,
      "entry_phase": "normal",
      "flip_count": 0,
      "is_flip": false,
      "depth_usd_top20": 260527.35554079994,
      "sprt_confidence": 0.0,
      "sprt_status": "SKIP",
      "adverse_selection_30s": 0.3125
    }
  },
  "exit_reason": "scalp",
  "seconds_remaining_at_exit": 57.801547,
  "exit_timestamp": "2026-05-04T15:04:03.099284+00:00",
  "timestamp": "2026-05-04T15:04:03.099284+00:00"
}