{
  "position_id": 4806,
  "market_id": "btc-updown-5m-1777907700",
  "question": "Bitcoin Up or Down - May 4, 11:15AM-11:20AM ET",
  "side": "Down",
  "signal_score": 0.37222742110947504,
  "correct": true,
  "entry_price": 0.22,
  "exit_price": 0.5,
  "log_return": 0.8209805520698303,
  "size": 12.76,
  "pnl": 15.575504909090911,
  "fees": 0.43648599999999965,
  "gain_pct": 1.220651,
  "realized_edge": 0.1522,
  "fill_slippage": 0.0,
  "weight_version": "weights_v001",
  "category": "crypto-5min",
  "indicator_snapshot": {
    "rsi": {
      "rsi": 64.08,
      "score": -0.2111,
      "norm_score": -0.9540422896861392
    },
    "macd": {
      "macd": -19.1383,
      "signal": -32.8159,
      "histogram": 13.6776,
      "score": 0.2404,
      "norm_score": 1.0006643241918451
    },
    "stochastic": {
      "k": 100.0,
      "d": 83.97,
      "score": -1.0,
      "norm_score": -1.01432177074831
    },
    "ema": {
      "trend": "chop",
      "fast_ema": 80110.08264711846,
      "slow_ema": 80105.40843955442
    },
    "obv": {
      "obv_slope": 0.02,
      "price_slope": 33.11,
      "score": 0.0207,
      "norm_score": 0.8141141729990481
    },
    "vwap": {
      "vwap": 79315.83,
      "deviation": 1.2498,
      "score": -0.3749,
      "norm_score": -0.22741169885260012
    },
    "atr": {
      "atr": 98.02,
      "passes": true,
      "reason": "ok"
    },
    "weights": {
      "rsi": 0.2,
      "macd": 0.25,
      "stochastic": 0.2,
      "obv": 0.15,
      "vwap": 0.2,
      "entry_threshold": 0.6
    },
    "trade_context": {
      "btc_price": 80214.93,
      "strike_price": 80085.27266630852,
      "seconds_remaining": 254.483889,
      "market_price_up": 0.79,
      "market_price_down": 0.22,
      "model_probability": 0.37222742110947504,
      "model_probability_raw": 0.37222742110947504,
      "edge": 0.15222742110947504,
      "atr": 98.02,
      "size": 12.76,
      "iv_ratio": 0.5,
      "prev_resolution_margin": 494.99447716597933,
      "flow_score": 0.0425,
      "spot_flow_signal": 0.2914865867015543,
      "liquidation_pressure": 0.0,
      "regime_state": "neutral",
      "regime_autocorr": -0.0321,
      "regime_direction": 1.0,
      "entry_phase": "normal",
      "flip_count": 0,
      "is_flip": false,
      "depth_usd_top20": 219087.53381959998,
      "sprt_confidence": 0.0,
      "sprt_status": "SKIP",
      "adverse_selection_30s": 0.3157894736842105
    }
  },
  "exit_reason": "scalp",
  "seconds_remaining_at_exit": 152.336743,
  "exit_timestamp": "2026-05-04T15:17:29.136274+00:00",
  "timestamp": "2026-05-04T15:17:29.136274+00:00"
}