{
  "position_id": 480,
  "market_id": "btc-updown-5m-1776083400",
  "question": "Bitcoin Up or Down - April 13, 8:30AM-8:35AM ET",
  "side": "Down",
  "signal_score": 0.9837526219838653,
  "correct": true,
  "entry_price": 0.79,
  "exit_price": 0.81,
  "log_return": 0.025001302205417186,
  "size": 5.78,
  "pnl": 0.12606111392405062,
  "fees": 0.020268,
  "gain_pct": 0.02181,
  "weight_version": "weights_v001",
  "category": "crypto-5min",
  "indicator_snapshot": {
    "rsi": {
      "rsi": 100.0,
      "score": -1.0,
      "norm_score": -0.013207163426487718
    },
    "macd": {
      "macd": -4.0209,
      "signal": -4.8274,
      "histogram": 0.8065,
      "score": 0.1713,
      "norm_score": 0.48595227946760994
    },
    "stochastic": {
      "k": 50.0,
      "d": 50.0,
      "score": -0.0,
      "norm_score": -0.013224035314116478
    },
    "ema": {
      "trend": "chop",
      "fast_ema": 70949.22159897035,
      "slow_ema": 70950.84725246683
    },
    "obv": {
      "obv_slope": 0.0,
      "price_slope": 0.0,
      "score": 0.0,
      "norm_score": 1.827889538222472e-09
    },
    "vwap": {
      "vwap": 70965.29,
      "deviation": -0.2706,
      "score": 0.0812,
      "norm_score": 1.5459654650755128
    },
    "atr": {
      "atr": 4.76,
      "passes": true,
      "reason": "ok"
    },
    "weights": {
      "rsi": 0.2,
      "macd": 0.25,
      "stochastic": 0.2,
      "obv": 0.15,
      "vwap": 0.2,
      "entry_threshold": 0.6
    },
    "trade_context": {
      "btc_price": 70827.83,
      "strike_price": 70949.21,
      "seconds_remaining": 170.53333,
      "market_price_up": 0.2,
      "market_price_down": 0.79,
      "model_probability_raw": 0.9837526219838653,
      "model_probability": 0.9837526219838653,
      "edge": 0.19375262198386523,
      "momentum_score": 0.4253949234080676,
      "atr": 4.76,
      "size": 5.78,
      "flow_score": -0.1354,
      "flow_book_imbalance": -0.2462,
      "flow_trade_count": 200,
      "spot_flow_signal": -0.010132277151255503,
      "wall_pressure": 1.0,
      "iv_ratio": 3.0,
      "prev_resolution_margin": 158.4082074502512,
      "bybit_perp_price": 70780.0,
      "funding_rate": -2.558e-05,
      "depth_usd_top20": 365108.2641767999,
      "entry_phase": "normal",
      "cvd_120s": 0.0,
      "taker_ratio_60s": 0.5,
      "volume_surge": false,
      "liquidation_pressure": 0.0,
      "gex_signal": 1.0,
      "gex_regime": "stabilizing",
      "cvd_acceleration": 0.0,
      "clob_velocity_up": 0.0,
      "clob_velocity_down": 0.0,
      "coinbase_btc": 70827.83,
      "regime_state": "neutral",
      "regime_kelly_mult": 1.0,
      "sprt_confidence": 1.0,
      "sprt_status": "ENTER",
      "signal_consensus": 1.3,
      "adverse_selection_30s": 0.5,
      "alpha_decay_rate": -6.2043394495994235e-06,
      "garch_vol_ratio": 2.0,
      "crowd_bias": {
        "flb": -0.018,
        "recency_fade": 0.0,
        "round_number_dampening": 0.96,
        "composite_logit_adjustment": -0.018
      },
      "oracle_divergence": 6.88266499999736,
      "edge_realization_ratio": 0.8584600815857893
    }
  },
  "exit_reason": "scalp",
  "timestamp": "2026-04-13T12:32:11.715968+00:00"
}