{
  "position_id": 4838,
  "market_id": "btc-updown-5m-1777919400",
  "question": "Bitcoin Up or Down - May 4, 2:30PM-2:35PM ET",
  "side": "Up",
  "signal_score": 0.5805629366971524,
  "correct": true,
  "entry_price": 0.47,
  "exit_price": 1.0,
  "log_return": 0.7550225842780328,
  "size": 15.68,
  "pnl": 17.363431914893617,
  "fees": 0.149587000000001,
  "gain_pct": 1.107362,
  "realized_edge": 0.1106,
  "fill_slippage": 0.0,
  "weight_version": "weights_v001",
  "category": "crypto-5min",
  "indicator_snapshot": {
    "rsi": {
      "rsi": 0.0,
      "score": 1.0,
      "norm_score": 2.6645352591003757e-09
    },
    "macd": {
      "macd": -45.5909,
      "signal": -47.6431,
      "histogram": 2.0521,
      "score": 0.0698,
      "norm_score": 3.0
    },
    "stochastic": {
      "k": 0.0,
      "d": 0.0,
      "score": 1.0,
      "norm_score": 2.6645352591003757e-09
    },
    "ema": {
      "trend": "bearish",
      "fast_ema": 80165.12462960456,
      "slow_ema": 80191.01783118834
    },
    "obv": {
      "obv_slope": 0.0,
      "price_slope": 0.0,
      "score": 0.0,
      "norm_score": 8.140233985579094e-10
    },
    "vwap": {
      "vwap": 80280.05,
      "deviation": -0.3754,
      "score": 0.1126,
      "norm_score": 3.0
    },
    "atr": {
      "atr": 23.86,
      "passes": true,
      "reason": "ok"
    },
    "weights": {
      "rsi": 0.2,
      "macd": 0.25,
      "stochastic": 0.2,
      "obv": 0.15,
      "vwap": 0.2,
      "entry_threshold": 0.6
    },
    "trade_context": {
      "btc_price": 80264.75,
      "strike_price": 80238.71268321376,
      "seconds_remaining": 235.433636,
      "market_price_up": 0.47,
      "market_price_down": 0.54,
      "model_probability": 0.5805629366971524,
      "model_probability_raw": 0.5805629366971524,
      "edge": 0.11056293669715245,
      "atr": 23.86,
      "size": 15.68,
      "iv_ratio": 1.778083861352742,
      "prev_resolution_margin": -120.46317267703125,
      "flow_score": 0.228,
      "spot_flow_signal": -0.08392291477273205,
      "liquidation_pressure": -0.002739517920251244,
      "regime_state": "neutral",
      "regime_autocorr": -0.2222,
      "regime_direction": 0.0,
      "entry_phase": "normal",
      "flip_count": 0,
      "is_flip": false,
      "depth_usd_top20": 279658.95643839997,
      "sprt_confidence": 0.0,
      "sprt_status": "SKIP",
      "adverse_selection_30s": 0.42105263157894735
    }
  },
  "exit_reason": "resolution",
  "seconds_remaining_at_exit": 0.0,
  "exit_timestamp": "2026-05-04T18:37:40.253469+00:00",
  "timestamp": "2026-05-04T18:37:40.253469+00:00"
}