{
  "position_id": 4851,
  "market_id": "btc-updown-5m-1777922700",
  "question": "Bitcoin Up or Down - May 4, 3:25PM-3:30PM ET",
  "side": "Up",
  "signal_score": 0.4080952086165228,
  "correct": false,
  "entry_price": 0.22,
  "exit_price": 0.0,
  "log_return": -10.0,
  "size": 16.07,
  "pnl": -16.07,
  "fees": 0.22562299999999852,
  "gain_pct": -1.0,
  "realized_edge": 0.1881,
  "fill_slippage": 0.0,
  "weight_version": "weights_v001",
  "category": "crypto-5min",
  "indicator_snapshot": {
    "rsi": {
      "rsi": 0.0,
      "score": 1.0,
      "norm_score": 0.9490814266431638
    },
    "macd": {
      "macd": -38.4753,
      "signal": -33.5735,
      "histogram": -4.9018,
      "score": -0.129,
      "norm_score": -1.0056664383304188
    },
    "stochastic": {
      "k": 28.87,
      "d": 28.87,
      "score": 0.2113,
      "norm_score": 0.4751314766651389
    },
    "ema": {
      "trend": "bearish",
      "fast_ema": 79926.01977273886,
      "slow_ema": 79957.00346592478
    },
    "obv": {
      "obv_slope": -0.0,
      "price_slope": -23.5,
      "score": -0.0049,
      "norm_score": -1.0031230438028087
    },
    "vwap": {
      "vwap": 80414.05,
      "deviation": -3.9403,
      "score": 1.0,
      "norm_score": 0.00116177625319047
    },
    "atr": {
      "atr": 35.68,
      "passes": true,
      "reason": "ok"
    },
    "weights": {
      "rsi": 0.2,
      "macd": 0.25,
      "stochastic": 0.2,
      "obv": 0.15,
      "vwap": 0.2,
      "entry_threshold": 0.6
    },
    "trade_context": {
      "btc_price": 79909.19,
      "strike_price": 79955.39191899501,
      "seconds_remaining": 163.912857,
      "market_price_up": 0.22,
      "market_price_down": 0.79,
      "model_probability": 0.4080952086165228,
      "model_probability_raw": 0.4080952086165228,
      "edge": 0.18809520861652282,
      "atr": 35.68,
      "size": 16.07,
      "iv_ratio": 1.2168307758862933,
      "prev_resolution_margin": -112.24400405047345,
      "flow_score": 0.0269,
      "spot_flow_signal": 0.6539068010201325,
      "liquidation_pressure": -0.02305828605693168,
      "regime_state": "neutral",
      "regime_autocorr": -0.0454,
      "regime_direction": 0.0,
      "entry_phase": "late",
      "flip_count": 0,
      "is_flip": false,
      "depth_usd_top20": 289025.20847699995,
      "sprt_confidence": 0.0,
      "sprt_status": "SKIP",
      "adverse_selection_30s": 0.6363636363636364
    }
  },
  "exit_reason": "resolution",
  "seconds_remaining_at_exit": 0.0,
  "exit_timestamp": "2026-05-04T19:36:24.188097+00:00",
  "timestamp": "2026-05-04T19:36:24.188097+00:00"
}