{
  "position_id": 4860,
  "market_id": "btc-updown-5m-1777924500",
  "question": "Bitcoin Up or Down - May 4, 3:55PM-4:00PM ET",
  "side": "Up",
  "signal_score": 0.6162267961926016,
  "correct": true,
  "entry_price": 0.47,
  "exit_price": 0.7899,
  "log_return": 0.5191736604662692,
  "size": 16.78,
  "pnl": 11.046438378936177,
  "fees": 0.2657149999999996,
  "gain_pct": 0.65831,
  "realized_edge": 0.1462,
  "fill_slippage": 0.0,
  "weight_version": "weights_v001",
  "category": "crypto-5min",
  "indicator_snapshot": {
    "rsi": {
      "rsi": 61.25,
      "score": -0.1688,
      "norm_score": -0.9490749744121622
    },
    "macd": {
      "macd": 3.7835,
      "signal": 7.0477,
      "histogram": -3.2642,
      "score": -0.1606,
      "norm_score": -0.6129818073438167
    },
    "stochastic": {
      "k": 38.05,
      "d": 38.05,
      "score": 0.1195,
      "norm_score": 0.1226264889441913
    },
    "ema": {
      "trend": "chop",
      "fast_ema": 79994.866199696,
      "slow_ema": 79996.6047435858
    },
    "obv": {
      "obv_slope": -0.0,
      "price_slope": -2.5433,
      "score": -0.0021,
      "norm_score": -0.30865898516284235
    },
    "vwap": {
      "vwap": 80417.24,
      "deviation": -3.4994,
      "score": 1.0,
      "norm_score": 0.023655440070961813
    },
    "atr": {
      "atr": 19.95,
      "passes": true,
      "reason": "ok"
    },
    "weights": {
      "rsi": 0.2,
      "macd": 0.25,
      "stochastic": 0.2,
      "obv": 0.15,
      "vwap": 0.2,
      "entry_threshold": 0.6
    },
    "trade_context": {
      "btc_price": 80002.17,
      "strike_price": 79983.27110878752,
      "seconds_remaining": 193.240045,
      "market_price_up": 0.47,
      "market_price_down": 0.54,
      "model_probability": 0.6162267961926016,
      "model_probability_raw": 0.6162267961926016,
      "edge": 0.1462267961926016,
      "atr": 19.95,
      "size": 16.78,
      "iv_ratio": 2.0,
      "prev_resolution_margin": 84.25753457202518,
      "flow_score": 0.0503,
      "spot_flow_signal": 0.3337089359402304,
      "liquidation_pressure": 0.0007960494148466919,
      "regime_state": "neutral",
      "regime_autocorr": -0.13,
      "regime_direction": 0.0,
      "entry_phase": "normal",
      "flip_count": 1,
      "is_flip": true,
      "depth_usd_top20": 267785.6851239,
      "sprt_confidence": 0.0,
      "sprt_status": "SKIP",
      "adverse_selection_30s": 0.6428571428571429
    }
  },
  "exit_reason": "scalp",
  "seconds_remaining_at_exit": 143.317637,
  "exit_timestamp": "2026-05-04T19:57:39.689274+00:00",
  "timestamp": "2026-05-04T19:57:39.689274+00:00"
}