{
  "position_id": 4885,
  "market_id": "btc-updown-5m-1777932600",
  "question": "Bitcoin Up or Down - May 4, 6:10PM-6:15PM ET",
  "side": "Down",
  "signal_score": 0.4159518272367656,
  "correct": false,
  "entry_price": 0.32,
  "exit_price": 0.0,
  "log_return": -10.0,
  "size": 8.98,
  "pnl": -8.98,
  "fees": 0.10991499999999974,
  "gain_pct": -1.0,
  "realized_edge": 0.096,
  "fill_slippage": 0.0,
  "weight_version": "weights_v001",
  "category": "crypto-5min",
  "indicator_snapshot": {
    "rsi": {
      "rsi": 41.07,
      "score": 0.1339,
      "norm_score": -0.4737959046325893
    },
    "macd": {
      "macd": -13.5364,
      "signal": -10.5345,
      "histogram": -3.0018,
      "score": -0.1146,
      "norm_score": 0.017341819518572086
    },
    "stochastic": {
      "k": 41.66,
      "d": 35.82,
      "score": 0.0834,
      "norm_score": 0.12977323352251305
    },
    "ema": {
      "trend": "bearish",
      "fast_ema": 80293.28241330784,
      "slow_ema": 80306.06168875005
    },
    "obv": {
      "obv_slope": -0.0,
      "price_slope": -4.5533,
      "score": -0.0001,
      "norm_score": 0.06980603639775977
    },
    "vwap": {
      "vwap": 80098.9,
      "deviation": 1.9411,
      "score": -0.5823,
      "norm_score": 0.6478530545678891
    },
    "atr": {
      "atr": 34.96,
      "passes": true,
      "reason": "ok"
    },
    "weights": {
      "rsi": 0.2,
      "macd": 0.25,
      "stochastic": 0.2,
      "obv": 0.15,
      "vwap": 0.2,
      "entry_threshold": 0.6
    },
    "trade_context": {
      "btc_price": 80332.71,
      "strike_price": 80302.34952,
      "seconds_remaining": 209.79958,
      "market_price_up": 0.69,
      "market_price_down": 0.32,
      "model_probability": 0.4159518272367656,
      "model_probability_raw": 0.4159518272367656,
      "edge": 0.0959518272367656,
      "atr": 34.96,
      "size": 8.98,
      "iv_ratio": 1.049427635132781,
      "prev_resolution_margin": -17.546284081967315,
      "flow_score": -0.0935,
      "spot_flow_signal": 0.04580573576253181,
      "liquidation_pressure": 0.0,
      "regime_state": "neutral",
      "regime_autocorr": 0.1683,
      "regime_direction": 0.0,
      "entry_phase": "normal",
      "flip_count": 0,
      "is_flip": false,
      "depth_usd_top20": 223189.390186,
      "sprt_confidence": 0.0,
      "sprt_status": "SKIP",
      "adverse_selection_30s": 0.2857142857142857
    }
  },
  "exit_reason": "resolution",
  "seconds_remaining_at_exit": 0.0,
  "exit_timestamp": "2026-05-04T22:19:44.797500+00:00",
  "timestamp": "2026-05-04T22:19:44.797500+00:00"
}