{
  "position_id": 4893,
  "market_id": "btc-updown-5m-1777935300",
  "question": "Bitcoin Up or Down - May 4, 6:55PM-7:00PM ET",
  "side": "Up",
  "signal_score": 0.5993933760902229,
  "correct": true,
  "entry_price": 0.42,
  "exit_price": 0.7794816033908513,
  "log_return": 0.6183743764170344,
  "size": 12.31,
  "pnl": 10.207982666666668,
  "fees": 0.21825400000000028,
  "gain_pct": 0.829243,
  "realized_edge": 0.1794,
  "fill_slippage": -0.04,
  "weight_version": "weights_v001",
  "category": "crypto-5min",
  "indicator_snapshot": {
    "rsi": {
      "rsi": 0.0,
      "score": 1.0,
      "norm_score": 0.9961807765057941
    },
    "macd": {
      "macd": -16.694,
      "signal": -5.1218,
      "histogram": -11.5722,
      "score": -0.5685,
      "norm_score": -0.9908997169225767
    },
    "stochastic": {
      "k": 3.37,
      "d": 26.69,
      "score": 0.882,
      "norm_score": 1.0279897188315743
    },
    "ema": {
      "trend": "bearish",
      "fast_ema": 80143.38555013051,
      "slow_ema": 80169.52482432476
    },
    "obv": {
      "obv_slope": -0.02,
      "price_slope": -33.9267,
      "score": -0.0244,
      "norm_score": -1.1107284662654555
    },
    "vwap": {
      "vwap": 80137.08,
      "deviation": -0.3852,
      "score": 0.1156,
      "norm_score": 1.0091855256982452
    },
    "atr": {
      "atr": 17.35,
      "passes": true,
      "reason": "ok"
    },
    "weights": {
      "rsi": 0.2,
      "macd": 0.25,
      "stochastic": 0.2,
      "obv": 0.15,
      "vwap": 0.2,
      "entry_threshold": 0.6
    },
    "trade_context": {
      "btc_price": 80078.89,
      "strike_price": 80067.843035,
      "seconds_remaining": 139.53707,
      "market_price_up": 0.46,
      "market_price_down": 0.56,
      "model_probability": 0.5993933760902229,
      "model_probability_raw": 0.5993933760902229,
      "edge": 0.1393933760902229,
      "atr": 17.35,
      "size": 12.31,
      "iv_ratio": 2.0,
      "prev_resolution_margin": -17.546284081967315,
      "flow_score": -0.2249,
      "spot_flow_signal": 0.808607221605538,
      "liquidation_pressure": -0.007284682182414376,
      "regime_state": "neutral",
      "regime_autocorr": -0.1701,
      "regime_direction": -1.0,
      "entry_phase": "late",
      "flip_count": 0,
      "is_flip": false,
      "depth_usd_top20": 243606.85152240001,
      "sprt_confidence": 0.0,
      "sprt_status": "SKIP",
      "adverse_selection_30s": 0.4
    }
  },
  "exit_reason": "scalp",
  "seconds_remaining_at_exit": 68.960781,
  "exit_timestamp": "2026-05-04T22:58:52.801854+00:00",
  "timestamp": "2026-05-04T22:58:52.801854+00:00"
}