{
  "position_id": 4894,
  "market_id": "btc-updown-5m-1777935300",
  "question": "Bitcoin Up or Down - May 4, 6:55PM-7:00PM ET",
  "side": "Down",
  "signal_score": 0.41030972740114147,
  "correct": true,
  "entry_price": 0.22,
  "exit_price": 0.3915795452361685,
  "log_return": 0.5765611291199659,
  "size": 11.4,
  "pnl": 8.386957272727278,
  "fees": 0.3791539999999999,
  "gain_pct": 0.735698,
  "realized_edge": 0.1903,
  "fill_slippage": 0.0,
  "weight_version": "weights_v001",
  "category": "crypto-5min",
  "indicator_snapshot": {
    "rsi": {
      "rsi": 0.0,
      "score": 1.0,
      "norm_score": 9.325873406851315e-09
    },
    "macd": {
      "macd": -27.1216,
      "signal": -13.9217,
      "histogram": -13.1999,
      "score": -0.6485,
      "norm_score": -9.357292718448207e-06
    },
    "stochastic": {
      "k": 3.37,
      "d": 3.37,
      "score": 0.882,
      "norm_score": 4.440892098500626e-09
    },
    "ema": {
      "trend": "bearish",
      "fast_ema": 80117.96277506524,
      "slow_ema": 80152.41708558593
    },
    "obv": {
      "obv_slope": -0.02,
      "price_slope": -33.9267,
      "score": -0.0244,
      "norm_score": -1.3183898417423734e-10
    },
    "vwap": {
      "vwap": 80137.08,
      "deviation": -0.3852,
      "score": 0.1156,
      "norm_score": 6.09956529729061e-07
    },
    "atr": {
      "atr": 16.23,
      "passes": true,
      "reason": "ok"
    },
    "weights": {
      "rsi": 0.2,
      "macd": 0.25,
      "stochastic": 0.2,
      "obv": 0.15,
      "vwap": 0.2,
      "entry_threshold": 0.6
    },
    "trade_context": {
      "btc_price": 80086.99,
      "strike_price": 80067.843035,
      "seconds_remaining": 66.484815,
      "market_price_up": 0.79,
      "market_price_down": 0.22,
      "model_probability": 0.41030972740114147,
      "model_probability_raw": 0.41030972740114147,
      "edge": 0.19030972740114147,
      "atr": 16.23,
      "size": 11.4,
      "iv_ratio": 2.0,
      "prev_resolution_margin": -17.546284081967315,
      "flow_score": 0.0896,
      "spot_flow_signal": 0.6017913530639212,
      "liquidation_pressure": -0.007284682182414376,
      "regime_state": "neutral",
      "regime_autocorr": -0.1494,
      "regime_direction": 0.0,
      "entry_phase": "late",
      "flip_count": 1,
      "is_flip": true,
      "depth_usd_top20": 271657.5888694,
      "sprt_confidence": 0.0,
      "sprt_status": "SKIP",
      "adverse_selection_30s": 0.4230769230769231
    }
  },
  "exit_reason": "scalp",
  "seconds_remaining_at_exit": 58.434902,
  "exit_timestamp": "2026-05-04T22:59:02.877076+00:00",
  "timestamp": "2026-05-04T22:59:02.877076+00:00"
}