{
  "position_id": 4900,
  "market_id": "btc-updown-5m-1777936500",
  "question": "Bitcoin Up or Down - May 4, 7:15PM-7:20PM ET",
  "side": "Down",
  "signal_score": 0.6652778931102243,
  "correct": true,
  "entry_price": 0.54,
  "exit_price": 0.7899,
  "log_return": 0.3803372156120533,
  "size": 13.36,
  "pnl": 5.947602170555552,
  "fees": 0.18391600000000075,
  "gain_pct": 0.44518,
  "realized_edge": 0.1253,
  "fill_slippage": -0.02,
  "weight_version": "weights_v001",
  "category": "crypto-5min",
  "indicator_snapshot": {
    "rsi": {
      "rsi": 29.51,
      "score": 0.3114,
      "norm_score": 1.7099129321353017
    },
    "macd": {
      "macd": -18.3763,
      "signal": -20.9651,
      "histogram": 2.5888,
      "score": 0.3509,
      "norm_score": -1.6327966578436985
    },
    "stochastic": {
      "k": 0.0,
      "d": 50.0,
      "score": 1.0,
      "norm_score": 1.866192262788219
    },
    "ema": {
      "trend": "chop",
      "fast_ema": 79924.88391329077,
      "slow_ema": 79932.64218056416
    },
    "obv": {
      "obv_slope": -0.0,
      "price_slope": -8.2867,
      "score": -0.0002,
      "norm_score": -0.2700252575543498
    },
    "vwap": {
      "vwap": 80132.01,
      "deviation": -1.8655,
      "score": 0.5596,
      "norm_score": 1.8592657113390056
    },
    "atr": {
      "atr": 14.12,
      "passes": true,
      "reason": "ok"
    },
    "weights": {
      "rsi": 0.2,
      "macd": 0.25,
      "stochastic": 0.2,
      "obv": 0.15,
      "vwap": 0.2,
      "entry_threshold": 0.6
    },
    "trade_context": {
      "btc_price": 79885.61,
      "strike_price": 79911.698045,
      "seconds_remaining": 94.994178,
      "market_price_up": 0.45,
      "market_price_down": 0.56,
      "model_probability": 0.6652778931102243,
      "model_probability_raw": 0.6652778931102243,
      "edge": 0.10527789311022429,
      "atr": 14.12,
      "size": 13.36,
      "iv_ratio": 2.0,
      "prev_resolution_margin": -17.546284081967315,
      "flow_score": 0.1252,
      "spot_flow_signal": -0.27956291123349714,
      "liquidation_pressure": 0.0,
      "regime_state": "neutral",
      "regime_autocorr": -0.069,
      "regime_direction": -1.0,
      "entry_phase": "late",
      "flip_count": 1,
      "is_flip": true,
      "depth_usd_top20": 217224.5189406,
      "sprt_confidence": 0.0,
      "sprt_status": "SKIP",
      "adverse_selection_30s": 0.5
    }
  },
  "exit_reason": "scalp",
  "seconds_remaining_at_exit": 46.855368,
  "exit_timestamp": "2026-05-04T23:19:16.509650+00:00",
  "timestamp": "2026-05-04T23:19:16.509650+00:00"
}