{
  "position_id": 4918,
  "market_id": "btc-updown-5m-1777941000",
  "question": "Bitcoin Up or Down - May 4, 8:30PM-8:35PM ET",
  "side": "Down",
  "signal_score": 0.4183736410702411,
  "correct": true,
  "entry_price": 0.2974827096903945,
  "exit_price": 0.37,
  "log_return": 0.21814690102929163,
  "size": 17.75,
  "pnl": 3.800558234442068,
  "fees": 0.4716399999999994,
  "gain_pct": 0.214116,
  "realized_edge": 0.1209,
  "fill_slippage": -0.0025,
  "weight_version": "weights_v001",
  "category": "crypto-5min",
  "indicator_snapshot": {
    "rsi": {
      "rsi": 0.0,
      "score": 1.0,
      "norm_score": 0.43128777653124595
    },
    "macd": {
      "macd": -23.3106,
      "signal": -22.3095,
      "histogram": -1.0011,
      "score": -0.0592,
      "norm_score": 0.41617538379153285
    },
    "stochastic": {
      "k": 0.0,
      "d": 0.0,
      "score": 1.0,
      "norm_score": 0.0003173259380080016
    },
    "ema": {
      "trend": "bearish",
      "fast_ema": 79865.38229422603,
      "slow_ema": 79881.81099381634
    },
    "obv": {
      "obv_slope": -0.0,
      "price_slope": -5.8267,
      "score": -0.0023,
      "norm_score": -0.7944837339146589
    },
    "vwap": {
      "vwap": 80055.3,
      "deviation": -0.9697,
      "score": 0.2909,
      "norm_score": 0.7167169890663937
    },
    "atr": {
      "atr": 9.08,
      "passes": true,
      "reason": "ok"
    },
    "weights": {
      "rsi": 0.2,
      "macd": 0.25,
      "stochastic": 0.2,
      "obv": 0.15,
      "vwap": 0.2,
      "entry_threshold": 0.6
    },
    "trade_context": {
      "btc_price": 79876.99,
      "strike_price": 79853.61413639672,
      "seconds_remaining": 286.349515,
      "market_price_up": 0.71,
      "market_price_down": 0.3,
      "model_probability": 0.4183736410702411,
      "model_probability_raw": 0.4183736410702411,
      "edge": 0.11837364107024112,
      "atr": 9.08,
      "size": 17.75,
      "iv_ratio": 2.0,
      "prev_resolution_margin": -53.465238524076995,
      "flow_score": 0.1569,
      "spot_flow_signal": 0.5707986806427923,
      "liquidation_pressure": 0.0,
      "regime_state": "neutral",
      "regime_autocorr": 0.0309,
      "regime_direction": 0.0,
      "entry_phase": "normal",
      "flip_count": 0,
      "is_flip": false,
      "depth_usd_top20": 240394.5844934,
      "sprt_confidence": 0.05231858073725922,
      "sprt_status": "ACCUMULATING",
      "adverse_selection_30s": 0.5714285714285714
    }
  },
  "exit_reason": "scalp",
  "seconds_remaining_at_exit": 231.878548,
  "exit_timestamp": "2026-05-05T00:31:10.621767+00:00",
  "timestamp": "2026-05-05T00:31:10.621767+00:00"
}