{
  "position_id": 4920,
  "market_id": "btc-updown-5m-1777941300",
  "question": "Bitcoin Up or Down - May 4, 8:35PM-8:40PM ET",
  "side": "Up",
  "signal_score": 0.4145570238412364,
  "correct": false,
  "entry_price": 0.25964318605298664,
  "exit_price": 0.0,
  "log_return": -10.0,
  "size": 17.96,
  "pnl": -17.96,
  "fees": 0.2393429999999984,
  "gain_pct": -1.0,
  "realized_edge": 0.1549,
  "fill_slippage": -0.0104,
  "weight_version": "weights_v001",
  "category": "crypto-5min",
  "indicator_snapshot": {
    "rsi": {
      "rsi": 100.0,
      "score": -1.0,
      "norm_score": -0.2898487423512385
    },
    "macd": {
      "macd": 54.4214,
      "signal": 33.2443,
      "histogram": 21.1771,
      "score": 0.4857,
      "norm_score": 0.17268826730999084
    },
    "stochastic": {
      "k": 100.0,
      "d": 100.0,
      "score": -1.0,
      "norm_score": -0.12326874250879723
    },
    "ema": {
      "trend": "bullish",
      "fast_ema": 80046.85230147229,
      "slow_ema": 79984.3426336745
    },
    "obv": {
      "obv_slope": 0.0,
      "price_slope": 35.4367,
      "score": 0.0,
      "norm_score": 0.13757743442682574
    },
    "vwap": {
      "vwap": 80054.86,
      "deviation": 0.1177,
      "score": -0.0353,
      "norm_score": -0.36780527367929666
    },
    "atr": {
      "atr": 26.53,
      "passes": true,
      "reason": "ok"
    },
    "weights": {
      "rsi": 0.2,
      "macd": 0.25,
      "stochastic": 0.2,
      "obv": 0.15,
      "vwap": 0.2,
      "entry_threshold": 0.6
    },
    "trade_context": {
      "btc_price": 80055.5,
      "strike_price": 80081.95279653638,
      "seconds_remaining": 190.360023,
      "market_price_up": 0.27,
      "market_price_down": 0.75,
      "model_probability": 0.4145570238412364,
      "model_probability_raw": 0.4145570238412364,
      "edge": 0.14455702384123637,
      "atr": 26.53,
      "size": 17.96,
      "iv_ratio": 1.6161945450676696,
      "prev_resolution_margin": -53.465238524076995,
      "flow_score": -0.1025,
      "spot_flow_signal": 0.13546287070134722,
      "liquidation_pressure": 0.0,
      "regime_state": "neutral",
      "regime_autocorr": -0.0204,
      "regime_direction": 0.0,
      "entry_phase": "normal",
      "flip_count": 0,
      "is_flip": false,
      "depth_usd_top20": 234797.18576839997,
      "sprt_confidence": 0.0,
      "sprt_status": "SKIP",
      "adverse_selection_30s": 0.5172413793103449
    }
  },
  "exit_reason": "resolution",
  "seconds_remaining_at_exit": 0.0,
  "exit_timestamp": "2026-05-05T00:44:21.341252+00:00",
  "timestamp": "2026-05-05T00:44:21.341252+00:00"
}