{
  "position_id": 4921,
  "market_id": "btc-updown-5m-1777941600",
  "question": "Bitcoin Up or Down - May 4, 8:40PM-8:45PM ET",
  "side": "Down",
  "signal_score": 0.6589791051193206,
  "correct": true,
  "entry_price": 0.571545189504373,
  "exit_price": 0.7797,
  "log_return": 0.3105656784580105,
  "size": 16.9,
  "pnl": 5.886401486708838,
  "fees": 0.22105300000000006,
  "gain_pct": 0.348308,
  "realized_edge": 0.0874,
  "fill_slippage": -0.0285,
  "weight_version": "weights_v001",
  "category": "crypto-5min",
  "indicator_snapshot": {
    "rsi": {
      "rsi": 0.0,
      "score": 1.0,
      "norm_score": 0.46866479374673514
    },
    "macd": {
      "macd": 38.0549,
      "signal": 43.3101,
      "histogram": -5.2552,
      "score": -0.1415,
      "norm_score": -1.1289433682575558
    },
    "stochastic": {
      "k": 61.68,
      "d": 61.68,
      "score": -0.1168,
      "norm_score": 0.4633583074990693
    },
    "ema": {
      "trend": "bullish",
      "fast_ema": 80068.59034846051,
      "slow_ema": 80050.70670371532
    },
    "obv": {
      "obv_slope": 0.0,
      "price_slope": 0.0,
      "score": 0.0,
      "norm_score": 0.4511132461502352
    },
    "vwap": {
      "vwap": 80052.47,
      "deviation": 0.0802,
      "score": -0.0241,
      "norm_score": -0.9820395128582471
    },
    "atr": {
      "atr": 13.91,
      "passes": true,
      "reason": "ok"
    },
    "weights": {
      "rsi": 0.2,
      "macd": 0.25,
      "stochastic": 0.2,
      "obv": 0.15,
      "vwap": 0.2,
      "entry_threshold": 0.6
    },
    "trade_context": {
      "btc_price": 80020.5,
      "strike_price": 80050.7269747773,
      "seconds_remaining": 159.510273,
      "market_price_up": 0.41,
      "market_price_down": 0.6,
      "model_probability": 0.6589791051193206,
      "model_probability_raw": 0.6589791051193206,
      "edge": 0.058979105119320585,
      "atr": 13.91,
      "size": 16.9,
      "iv_ratio": 2.0,
      "prev_resolution_margin": -53.465238524076995,
      "flow_score": 0.0924,
      "spot_flow_signal": -0.24939451899431755,
      "liquidation_pressure": 0.0,
      "regime_state": "neutral",
      "regime_autocorr": -0.0099,
      "regime_direction": 0.0,
      "entry_phase": "late",
      "flip_count": 0,
      "is_flip": false,
      "depth_usd_top20": 229808.23380849994,
      "sprt_confidence": 0.0,
      "sprt_status": "SKIP",
      "adverse_selection_30s": 0.5
    }
  },
  "exit_reason": "scalp",
  "seconds_remaining_at_exit": 1.929652,
  "exit_timestamp": "2026-05-05T00:44:59.611645+00:00",
  "timestamp": "2026-05-05T00:44:59.611645+00:00"
}