{
  "position_id": 4931,
  "market_id": "btc-updown-5m-1777944000",
  "question": "Bitcoin Up or Down - May 4, 9:20PM-9:25PM ET",
  "side": "Down",
  "signal_score": 0.40833620183823094,
  "correct": true,
  "entry_price": 0.22,
  "exit_price": 0.3698,
  "log_return": 0.519334772600663,
  "size": 13.01,
  "pnl": 8.307006418181816,
  "fees": 0.4272460000000002,
  "gain_pct": 0.638509,
  "realized_edge": 0.1883,
  "fill_slippage": 0.0,
  "weight_version": "weights_v001",
  "category": "crypto-5min",
  "indicator_snapshot": {
    "rsi": {
      "rsi": 0.0,
      "score": 1.0,
      "norm_score": 2.7218739551583404
    },
    "macd": {
      "macd": 12.1539,
      "signal": 19.6168,
      "histogram": -7.4629,
      "score": -0.9951,
      "norm_score": -2.574665967680859
    },
    "stochastic": {
      "k": 0.0,
      "d": 50.0,
      "score": 1.0,
      "norm_score": 2.459321252871862
    },
    "ema": {
      "trend": "chop",
      "fast_ema": 80240.23402727536,
      "slow_ema": 80242.78793454127
    },
    "obv": {
      "obv_slope": -0.0,
      "price_slope": -12.4667,
      "score": -0.003,
      "norm_score": -2.6763114379783945
    },
    "vwap": {
      "vwap": 80031.05,
      "deviation": 1.042,
      "score": -0.3126,
      "norm_score": 2.729946826299936
    },
    "atr": {
      "atr": 16.0,
      "passes": true,
      "reason": "ok"
    },
    "weights": {
      "rsi": 0.2,
      "macd": 0.25,
      "stochastic": 0.2,
      "obv": 0.15,
      "vwap": 0.2,
      "entry_threshold": 0.6
    },
    "trade_context": {
      "btc_price": 80223.84,
      "strike_price": 80202.95264805129,
      "seconds_remaining": 159.145872,
      "market_price_up": 0.79,
      "market_price_down": 0.22,
      "model_probability": 0.40833620183823094,
      "model_probability_raw": 0.40833620183823094,
      "edge": 0.18833620183823094,
      "atr": 16.0,
      "size": 13.01,
      "iv_ratio": 2.0,
      "prev_resolution_margin": -53.465238524076995,
      "flow_score": 0.0109,
      "spot_flow_signal": -0.7726469928767861,
      "liquidation_pressure": 0.0,
      "regime_state": "neutral",
      "regime_autocorr": -0.0391,
      "regime_direction": -1.0,
      "entry_phase": "late",
      "flip_count": 0,
      "is_flip": false,
      "depth_usd_top20": 160729.7765951,
      "sprt_confidence": 0.0,
      "sprt_status": "SKIP",
      "adverse_selection_30s": 0.43333333333333335
    }
  },
  "exit_reason": "scalp",
  "seconds_remaining_at_exit": 87.866739,
  "exit_timestamp": "2026-05-05T01:23:34.716908+00:00",
  "timestamp": "2026-05-05T01:23:34.716908+00:00"
}