{
  "position_id": 501,
  "market_id": "btc-updown-5m-1776233100",
  "question": "Bitcoin Up or Down - April 15, 2:05AM-2:10AM ET",
  "side": "Down",
  "signal_score": 0.3192861387823086,
  "correct": true,
  "entry_price": 0.24,
  "exit_price": 0.35,
  "log_return": 0.377294231141468,
  "size": 2.37,
  "pnl": 0.9990829166666666,
  "fees": 0.07230699999999982,
  "gain_pct": 0.421554,
  "weight_version": "weights_v001",
  "category": "crypto-5min",
  "indicator_snapshot": {
    "rsi": {
      "rsi": 100.0,
      "score": -1.0,
      "norm_score": -0.8402058936225067
    },
    "macd": {
      "macd": -18.1236,
      "signal": -15.3868,
      "histogram": -2.7367,
      "score": -0.1281,
      "norm_score": 0.7411430100544361
    },
    "stochastic": {
      "k": 0.0,
      "d": 0.0,
      "score": 1.0,
      "norm_score": 0.008302423085108418
    },
    "ema": {
      "trend": "bearish",
      "fast_ema": 73930.16393362742,
      "slow_ema": 73945.19124478188
    },
    "obv": {
      "obv_slope": 0.0,
      "price_slope": 0.0,
      "score": 0.0,
      "norm_score": 0.023976488786016145
    },
    "vwap": {
      "vwap": 74187.68,
      "deviation": -1.7853,
      "score": 0.5356,
      "norm_score": -0.021286864971708484
    },
    "atr": {
      "atr": 19.38,
      "passes": true,
      "reason": "ok"
    },
    "weights": {
      "rsi": 0.2,
      "macd": 0.25,
      "stochastic": 0.2,
      "obv": 0.15,
      "vwap": 0.2,
      "entry_threshold": 0.6
    },
    "trade_context": {
      "btc_price": 74014.32,
      "strike_price": 73963.46615,
      "seconds_remaining": 256.17052,
      "market_price_up": 0.74,
      "market_price_down": 0.24,
      "model_probability_raw": 0.3192861387823086,
      "model_probability": 0.3192861387823086,
      "edge": 0.07928613878230861,
      "momentum_score": 0.018244158729690062,
      "atr": 19.38,
      "size": 2.37,
      "flow_score": 0.066,
      "flow_book_imbalance": 0.1898,
      "flow_trade_count": 200,
      "spot_flow_signal": 0.21458111089310636,
      "wall_pressure": 0.0,
      "iv_ratio": 2.2678141369868814,
      "prev_resolution_margin": 49.34254836717446,
      "bybit_perp_price": 73939.5,
      "funding_rate": -8.194e-05,
      "depth_usd_top20": 283215.5359504,
      "entry_phase": "normal",
      "flip_count": 0,
      "is_flip": false,
      "cvd_120s": 0.0,
      "taker_ratio_60s": 0.5,
      "volume_surge": false,
      "liquidation_pressure": -0.014241638487184596,
      "gex_signal": 1.0,
      "gex_regime": "stabilizing",
      "cvd_acceleration": 0.0,
      "clob_velocity_up": 0.0,
      "clob_velocity_down": 0.0,
      "coinbase_btc": 74013.83,
      "regime_state": "volatile",
      "regime_kelly_mult": 0.7,
      "sprt_confidence": 0.0,
      "sprt_status": "SKIP",
      "signal_consensus": 0.6,
      "adverse_selection_30s": 0.5,
      "alpha_decay_rate": 0.006682182798824078,
      "garch_vol_ratio": 2.0,
      "crowd_bias": {
        "flb": 0.0144,
        "recency_fade": 0.0,
        "round_number_dampening": 0.92,
        "composite_logit_adjustment": 0.0144
      },
      "oracle_divergence": 2.967827380867675,
      "edge_realization_ratio": 1.0
    }
  },
  "exit_reason": "scalp",
  "timestamp": "2026-04-15T06:06:12.380122+00:00"
}