{
  "position_id": 505,
  "market_id": "btc-updown-5m-1776233700",
  "question": "Bitcoin Up or Down - April 15, 2:15AM-2:20AM ET",
  "side": "Down",
  "signal_score": 0.3939152306010465,
  "correct": true,
  "entry_price": 0.32,
  "exit_price": 0.34,
  "log_return": 0.06062462181643484,
  "size": 2.35,
  "pnl": 0.08701325000000004,
  "fees": 0.058063999999999893,
  "gain_pct": 0.037027,
  "weight_version": "weights_v001",
  "category": "crypto-5min",
  "indicator_snapshot": {
    "rsi": {
      "rsi": 43.94,
      "score": 0.091,
      "norm_score": 0.38444926226198944
    },
    "macd": {
      "macd": 6.0834,
      "signal": 6.5917,
      "histogram": -0.5083,
      "score": -0.0317,
      "norm_score": 0.02230310139477234
    },
    "stochastic": {
      "k": 24.66,
      "d": 14.73,
      "score": 0.2534,
      "norm_score": -0.6135020140646747
    },
    "ema": {
      "trend": "chop",
      "fast_ema": 73971.47923191739,
      "slow_ema": 73967.89491042148
    },
    "obv": {
      "obv_slope": 0.0,
      "price_slope": 3.4367,
      "score": 0.0001,
      "norm_score": -0.8769074690858594
    },
    "vwap": {
      "vwap": 74157.96,
      "deviation": -1.0944,
      "score": 0.3283,
      "norm_score": -0.4871449482901057
    },
    "atr": {
      "atr": 23.6,
      "passes": true,
      "reason": "ok"
    },
    "weights": {
      "rsi": 0.2,
      "macd": 0.25,
      "stochastic": 0.2,
      "obv": 0.15,
      "vwap": 0.2,
      "entry_threshold": 0.6
    },
    "trade_context": {
      "btc_price": 74003.7,
      "strike_price": 73968.78216,
      "seconds_remaining": 157.196954,
      "market_price_up": 0.67,
      "market_price_down": 0.32,
      "model_probability_raw": 0.3939152306010465,
      "model_probability": 0.3939152306010465,
      "edge": 0.07391523060104649,
      "momentum_score": -0.26919988503274406,
      "atr": 23.6,
      "size": 2.35,
      "flow_score": 0.0582,
      "flow_book_imbalance": 0.1444,
      "flow_trade_count": 200,
      "spot_flow_signal": -0.3623013666983074,
      "wall_pressure": 0.0,
      "iv_ratio": 1.8615984784926172,
      "prev_resolution_margin": -82.74611000000732,
      "bybit_perp_price": 73931.4,
      "funding_rate": -8.086e-05,
      "depth_usd_top20": 281946.6540271,
      "entry_phase": "late",
      "flip_count": 0,
      "is_flip": false,
      "cvd_120s": 0.00027,
      "taker_ratio_60s": 1.0,
      "volume_surge": false,
      "liquidation_pressure": 0.0,
      "gex_signal": 1.0,
      "gex_regime": "stabilizing",
      "cvd_acceleration": -6e-06,
      "clob_velocity_up": 0.0,
      "clob_velocity_down": 0.0,
      "coinbase_btc": 74003.7,
      "regime_state": "neutral",
      "regime_kelly_mult": 1.0,
      "sprt_confidence": 0.0,
      "sprt_status": "SKIP",
      "signal_consensus": 0.8,
      "adverse_selection_30s": 0.5,
      "alpha_decay_rate": 0.001452994095962133,
      "garch_vol_ratio": 2.0,
      "crowd_bias": {
        "flb": 0.0102,
        "recency_fade": 0.0,
        "round_number_dampening": 0.92,
        "composite_logit_adjustment": 0.0102
      },
      "oracle_divergence": 9.831709999998566,
      "edge_realization_ratio": 1.0
    }
  },
  "exit_reason": "scalp",
  "timestamp": "2026-04-15T06:18:12.015586+00:00"
}