{
  "position_id": 506,
  "market_id": "btc-updown-5m-1776233700",
  "question": "Bitcoin Up or Down - April 15, 2:15AM-2:20AM ET",
  "side": "Down",
  "signal_score": 0.13728979426579047,
  "correct": false,
  "entry_price": 0.04,
  "exit_price": 0.0,
  "log_return": -10.0,
  "size": 2.04,
  "pnl": -2.04,
  "fees": 0.03525100000000009,
  "gain_pct": -1.0,
  "weight_version": "weights_v001",
  "category": "crypto-5min",
  "indicator_snapshot": {
    "rsi": {
      "rsi": 100.0,
      "score": -1.0,
      "norm_score": -0.7951672745018228
    },
    "macd": {
      "macd": 20.3289,
      "signal": 14.2539,
      "histogram": 6.075,
      "score": 0.3145,
      "norm_score": 0.688160970373203
    },
    "stochastic": {
      "k": 100.0,
      "d": 100.0,
      "score": -1.0,
      "norm_score": -0.6571332610436708
    },
    "ema": {
      "trend": "bullish",
      "fast_ema": 74011.80730797935,
      "slow_ema": 73990.55371124262
    },
    "obv": {
      "obv_slope": 0.0,
      "price_slope": 16.6767,
      "score": 0.0004,
      "norm_score": 0.34309583152748263
    },
    "vwap": {
      "vwap": 74157.8,
      "deviation": -0.7939,
      "score": 0.2382,
      "norm_score": -0.6608351973693346
    },
    "atr": {
      "atr": 23.47,
      "passes": true,
      "reason": "ok"
    },
    "weights": {
      "rsi": 0.2,
      "macd": 0.25,
      "stochastic": 0.2,
      "obv": 0.15,
      "vwap": 0.2,
      "entry_threshold": 0.6
    },
    "trade_context": {
      "btc_price": 74028.94,
      "strike_price": 73968.78216,
      "seconds_remaining": 30.907168,
      "market_price_up": 0.95,
      "market_price_down": 0.04,
      "model_probability_raw": 0.13728979426579047,
      "model_probability": 0.13728979426579047,
      "edge": 0.09728979426579046,
      "momentum_score": -0.19912252926054252,
      "atr": 23.47,
      "size": 2.04,
      "flow_score": 0.4233,
      "flow_book_imbalance": 0.6198,
      "flow_trade_count": 200,
      "spot_flow_signal": 0.4912303612837525,
      "wall_pressure": 0.0,
      "iv_ratio": 1.815553904119067,
      "prev_resolution_margin": 8.472909999996773,
      "bybit_perp_price": 73959.2,
      "funding_rate": -8.086e-05,
      "depth_usd_top20": 293175.72417500004,
      "entry_phase": "late",
      "flip_count": 1,
      "is_flip": true,
      "cvd_120s": 0.00135,
      "taker_ratio_60s": 1.0,
      "volume_surge": false,
      "liquidation_pressure": 0.0,
      "gex_signal": 1.0,
      "gex_regime": "stabilizing",
      "cvd_acceleration": -3e-05,
      "clob_velocity_up": 0.0,
      "clob_velocity_down": 0.0,
      "coinbase_btc": 74028.94,
      "regime_state": "neutral",
      "regime_kelly_mult": 1.0,
      "sprt_confidence": 0.0,
      "sprt_status": "SKIP",
      "signal_consensus": 0.6,
      "adverse_selection_30s": 0.5,
      "alpha_decay_rate": 0.0011708589978044767,
      "garch_vol_ratio": 2.0,
      "crowd_bias": {
        "flb": 0.027,
        "recency_fade": 0.0,
        "round_number_dampening": 0.92,
        "composite_logit_adjustment": 0.027
      },
      "oracle_divergence": 2.964560000007623,
      "edge_realization_ratio": 1.0
    }
  },
  "exit_reason": "resolution",
  "timestamp": "2026-04-15T06:28:28.952264+00:00"
}