{
  "position_id": 514,
  "market_id": "btc-updown-5m-1776236100",
  "question": "Bitcoin Up or Down - April 15, 2:55AM-3:00AM ET",
  "side": "Up",
  "signal_score": 0.5866206749119551,
  "correct": false,
  "entry_price": 0.45,
  "exit_price": 0.27,
  "log_return": -0.5108256237659907,
  "size": 11.71,
  "pnl": -4.8449654,
  "fees": 0.2073369999999997,
  "gain_pct": -0.413746,
  "weight_version": "weights_v001",
  "category": "crypto-5min",
  "indicator_snapshot": {
    "rsi": {
      "rsi": 0.0,
      "score": 1.0,
      "norm_score": 0.059613543822877826
    },
    "macd": {
      "macd": -15.687,
      "signal": -11.642,
      "histogram": -4.045,
      "score": -0.2962,
      "norm_score": 2.745142456990549
    },
    "stochastic": {
      "k": 0.0,
      "d": 0.0,
      "score": 1.0,
      "norm_score": 0.05961314876966258
    },
    "ema": {
      "trend": "bearish",
      "fast_ema": 73927.07213670856,
      "slow_ema": 73942.26546755404
    },
    "obv": {
      "obv_slope": 0.0,
      "price_slope": 0.0,
      "score": 0.0,
      "norm_score": 0.6118583759812298
    },
    "vwap": {
      "vwap": 74139.31,
      "deviation": -1.2388,
      "score": 0.3716,
      "norm_score": 0.030800877245931734
    },
    "atr": {
      "atr": 6.93,
      "passes": true,
      "reason": "ok"
    },
    "weights": {
      "rsi": 0.2,
      "macd": 0.25,
      "stochastic": 0.2,
      "obv": 0.15,
      "vwap": 0.2,
      "entry_threshold": 0.6
    },
    "trade_context": {
      "btc_price": 73941.58,
      "strike_price": 73929.05102,
      "seconds_remaining": 298.392894,
      "market_price_up": 0.45,
      "market_price_down": 0.54,
      "model_probability_raw": 0.5866206749119551,
      "model_probability": 0.5866206749119551,
      "edge": 0.13662067491195512,
      "momentum_score": 0.8080698846125162,
      "atr": 6.93,
      "size": 11.71,
      "flow_score": 0.3896,
      "flow_book_imbalance": 0.01,
      "flow_trade_count": 39,
      "spot_flow_signal": 0.49425875107727446,
      "wall_pressure": 0.0,
      "iv_ratio": 3.0,
      "prev_resolution_margin": 29.864220000003115,
      "bybit_perp_price": 73863.2,
      "funding_rate": -8.141e-05,
      "depth_usd_top20": 256491.924658,
      "entry_phase": "normal",
      "flip_count": 0,
      "is_flip": false,
      "cvd_120s": 0.0,
      "taker_ratio_60s": 0.5,
      "volume_surge": false,
      "liquidation_pressure": -0.007859738057537218,
      "gex_signal": 1.0,
      "gex_regime": "stabilizing",
      "cvd_acceleration": 0.0,
      "clob_velocity_up": 0.02392007600945786,
      "clob_velocity_down": -0.02392007600945786,
      "coinbase_btc": 73943.51,
      "regime_state": "neutral",
      "regime_kelly_mult": 1.0,
      "sprt_confidence": 0.0,
      "sprt_status": "ACCUMULATING",
      "signal_consensus": 1.3,
      "adverse_selection_30s": 0.5,
      "alpha_decay_rate": 0.0,
      "garch_vol_ratio": 2.0,
      "crowd_bias": {
        "flb": 0.0,
        "recency_fade": 0.0,
        "round_number_dampening": 0.96,
        "composite_logit_adjustment": 0.0
      },
      "oracle_divergence": 12.527490000007674,
      "edge_realization_ratio": 1.0
    }
  },
  "exit_reason": "scalp",
  "timestamp": "2026-04-15T06:55:22.542027+00:00"
}