{
  "position_id": 5196,
  "market_id": "btc-updown-5m-1778046300",
  "question": "Bitcoin Up or Down - May 6, 1:45AM-1:50AM ET",
  "side": "Down",
  "signal_score": 0.41554474265335173,
  "correct": true,
  "entry_price": 0.28,
  "exit_price": 0.47,
  "log_return": 0.5179430915348545,
  "size": 14.85,
  "pnl": 9.519014571428565,
  "fees": 0.42717600000000056,
  "gain_pct": 0.641011,
  "realized_edge": 0.1355,
  "fill_slippage": 0.0,
  "weight_version": "weights_v001",
  "category": "crypto-5min",
  "indicator_snapshot": {
    "rsi": {
      "rsi": 100.0,
      "score": -1.0,
      "norm_score": -0.37820501763610165
    },
    "macd": {
      "macd": 0.6042,
      "signal": -8.8688,
      "histogram": 9.4729,
      "score": 0.3746,
      "norm_score": -0.7269775244812708
    },
    "stochastic": {
      "k": 100.0,
      "d": 100.0,
      "score": -1.0,
      "norm_score": -2.6645352591003757e-09
    },
    "ema": {
      "trend": "bullish",
      "fast_ema": 81170.60011641469,
      "slow_ema": 81157.83842160812
    },
    "obv": {
      "obv_slope": 0.0,
      "price_slope": 0.0,
      "score": 0.0,
      "norm_score": -0.378205017647943
    },
    "vwap": {
      "vwap": 81373.97,
      "deviation": -1.5821,
      "score": 0.4746,
      "norm_score": 0.9572528412232499
    },
    "atr": {
      "atr": 18.86,
      "passes": true,
      "reason": "ok"
    },
    "weights": {
      "rsi": 0.2,
      "macd": 0.25,
      "stochastic": 0.2,
      "obv": 0.15,
      "vwap": 0.2,
      "entry_threshold": 0.6
    },
    "trade_context": {
      "btc_price": 81185.81,
      "strike_price": 81154.39920255028,
      "seconds_remaining": 209.05587,
      "market_price_up": 0.74,
      "market_price_down": 0.28,
      "model_probability": 0.41554474265335173,
      "model_probability_raw": 0.41554474265335173,
      "edge": 0.1355447426533517,
      "atr": 18.86,
      "size": 14.85,
      "iv_ratio": 2.0,
      "prev_resolution_margin": 27.030227780822315,
      "flow_score": 0.0474,
      "spot_flow_signal": 0.2800393947243624,
      "liquidation_pressure": 0.0,
      "regime_state": "neutral",
      "regime_autocorr": -0.1413,
      "regime_direction": 0.0,
      "entry_phase": "normal",
      "flip_count": 0,
      "is_flip": false,
      "depth_usd_top20": 234680.59979099996,
      "sprt_confidence": 0.0,
      "sprt_status": "SKIP",
      "adverse_selection_30s": 0.4
    }
  },
  "exit_reason": "scalp",
  "seconds_remaining_at_exit": 198.411478,
  "exit_timestamp": "2026-05-06T05:46:43.767794+00:00",
  "timestamp": "2026-05-06T05:46:43.767794+00:00"
}