{
  "position_id": 5207,
  "market_id": "btc-updown-5m-1778056200",
  "question": "Bitcoin Up or Down - May 6, 4:30AM-4:35AM ET",
  "side": "Down",
  "signal_score": 0.41888302615504036,
  "correct": false,
  "entry_price": 0.25,
  "exit_price": 0.0,
  "log_return": -10.0,
  "size": 18.73,
  "pnl": -18.73,
  "fees": 0.2528550000000003,
  "gain_pct": -1.0,
  "realized_edge": 0.1689,
  "fill_slippage": 0.0,
  "weight_version": "weights_v001",
  "category": "crypto-5min",
  "indicator_snapshot": {
    "rsi": {
      "rsi": 100.0,
      "score": -1.0,
      "norm_score": 0.0
    },
    "macd": {
      "macd": 13.9221,
      "signal": 8.4377,
      "histogram": 5.4844,
      "score": 0.6086,
      "norm_score": 0.34839678777063576
    },
    "stochastic": {
      "k": 100.0,
      "d": 100.0,
      "score": -1.0,
      "norm_score": -0.31900032580795135
    },
    "ema": {
      "trend": "bullish",
      "fast_ema": 81568.4150242464,
      "slow_ema": 81552.50811296634
    },
    "obv": {
      "obv_slope": 0.0,
      "price_slope": 15.02,
      "score": 0.0031,
      "norm_score": 0.3189325543171469
    },
    "vwap": {
      "vwap": 81344.32,
      "deviation": 2.2203,
      "score": -0.6661,
      "norm_score": -0.3197072672784268
    },
    "atr": {
      "atr": 6.74,
      "passes": true,
      "reason": "ok"
    },
    "weights": {
      "rsi": 0.2,
      "macd": 0.25,
      "stochastic": 0.2,
      "obv": 0.15,
      "vwap": 0.2,
      "entry_threshold": 0.6
    },
    "trade_context": {
      "btc_price": 81604.01,
      "strike_price": 81560.2283213294,
      "seconds_remaining": 196.236268,
      "market_price_up": 0.76,
      "market_price_down": 0.25,
      "model_probability": 0.41888302615504036,
      "model_probability_raw": 0.41888302615504036,
      "edge": 0.16888302615504036,
      "atr": 6.74,
      "size": 18.73,
      "iv_ratio": 2.0,
      "prev_resolution_margin": 98.33638628986955,
      "flow_score": 0.1814,
      "spot_flow_signal": -0.24431616857262972,
      "liquidation_pressure": 0.0009594007517097618,
      "regime_state": "volatile",
      "regime_autocorr": 0.0836,
      "regime_direction": 0.0,
      "entry_phase": "normal",
      "flip_count": 0,
      "is_flip": false,
      "depth_usd_top20": 162358.3956678,
      "sprt_confidence": 0.0,
      "sprt_status": "SKIP",
      "adverse_selection_30s": 0.5
    }
  },
  "exit_reason": "resolution",
  "seconds_remaining_at_exit": 0.0,
  "exit_timestamp": "2026-05-06T08:42:00.515873+00:00",
  "timestamp": "2026-05-06T08:42:00.515873+00:00"
}