{
  "position_id": 5225,
  "market_id": "btc-updown-5m-1778064000",
  "question": "Bitcoin Up or Down - May 6, 6:40AM-6:45AM ET",
  "side": "Down",
  "signal_score": 0.4004712403571451,
  "correct": true,
  "entry_price": 0.2309319996152736,
  "exit_price": 0.4478,
  "log_return": 0.6622234109392345,
  "size": 24.01,
  "pnl": 21.446897044480803,
  "fees": 0.7887349999999993,
  "gain_pct": 0.893249,
  "realized_edge": 0.1695,
  "fill_slippage": -0.0291,
  "weight_version": "weights_v001",
  "category": "crypto-5min",
  "indicator_snapshot": {
    "rsi": {
      "rsi": 0.0,
      "score": 1.0,
      "norm_score": 0.050352409670418
    },
    "macd": {
      "macd": 7.5099,
      "signal": 11.9394,
      "histogram": -4.4294,
      "score": -0.2652,
      "norm_score": 0.05035240440957628
    },
    "stochastic": {
      "k": 0.0,
      "d": 0.0,
      "score": 1.0,
      "norm_score": 8.530287514610483e-06
    },
    "ema": {
      "trend": "chop",
      "fast_ema": 82221.07112562214,
      "slow_ema": 82222.37601807405
    },
    "obv": {
      "obv_slope": 0.0,
      "price_slope": 0.0,
      "score": 0.0,
      "norm_score": 5.594815834238953e-06
    },
    "vwap": {
      "vwap": 81795.36,
      "deviation": 1.9728,
      "score": -0.5918,
      "norm_score": 1.1016743073355428e-06
    },
    "atr": {
      "atr": 48.52,
      "passes": true,
      "reason": "ok"
    },
    "weights": {
      "rsi": 0.2,
      "macd": 0.25,
      "stochastic": 0.2,
      "obv": 0.15,
      "vwap": 0.2,
      "entry_threshold": 0.6
    },
    "trade_context": {
      "btc_price": 82285.94,
      "strike_price": 82239.26663976802,
      "seconds_remaining": 40.220956,
      "market_price_up": 0.75,
      "market_price_down": 0.26,
      "model_probability": 0.4004712403571451,
      "model_probability_raw": 0.4004712403571451,
      "edge": 0.1404712403571451,
      "atr": 48.52,
      "size": 24.01,
      "iv_ratio": 0.8215455951774254,
      "prev_resolution_margin": 151.65632496480248,
      "flow_score": 0.0553,
      "spot_flow_signal": 0.5085683000425217,
      "liquidation_pressure": 0.0,
      "regime_state": "neutral",
      "regime_autocorr": -0.2139,
      "regime_direction": 0.0,
      "entry_phase": "late",
      "flip_count": 1,
      "is_flip": true,
      "depth_usd_top20": 317606.3575842001,
      "sprt_confidence": 0.0,
      "sprt_status": "SKIP",
      "adverse_selection_30s": 0.058823529411764705
    }
  },
  "exit_reason": "scalp",
  "seconds_remaining_at_exit": 7.381849,
  "exit_timestamp": "2026-05-06T10:44:54.856583+00:00",
  "timestamp": "2026-05-06T10:44:54.856583+00:00"
}