{
  "position_id": 526,
  "market_id": "btc-updown-5m-1776239100",
  "question": "Bitcoin Up or Down - April 15, 3:45AM-3:50AM ET",
  "side": "Down",
  "signal_score": 0.588681010469126,
  "correct": false,
  "entry_price": 0.51,
  "exit_price": 0.51,
  "log_return": 0,
  "size": 3.81,
  "pnl": -0.06691199999999986,
  "fees": 0.06691199999999994,
  "gain_pct": -0.017562,
  "weight_version": "weights_v001",
  "category": "crypto-5min",
  "indicator_snapshot": {
    "rsi": {
      "rsi": 22.2,
      "score": 0.4819,
      "norm_score": 1.6186619919808443
    },
    "macd": {
      "macd": -20.9961,
      "signal": -22.2291,
      "histogram": 1.233,
      "score": 0.0683,
      "norm_score": 2.0107751618311496
    },
    "stochastic": {
      "k": 28.54,
      "d": 28.54,
      "score": 0.2146,
      "norm_score": -0.748502475071342
    },
    "ema": {
      "trend": "bearish",
      "fast_ema": 73608.23901064642,
      "slow_ema": 73619.49395990274
    },
    "obv": {
      "obv_slope": 0.0,
      "price_slope": 8.5867,
      "score": 0.0003,
      "norm_score": 1.968969862092726
    },
    "vwap": {
      "vwap": 74001.95,
      "deviation": -1.6162,
      "score": 0.4848,
      "norm_score": -0.7522495675092633
    },
    "atr": {
      "atr": 26.29,
      "passes": true,
      "reason": "ok"
    },
    "weights": {
      "rsi": 0.2,
      "macd": 0.25,
      "stochastic": 0.2,
      "obv": 0.15,
      "vwap": 0.2,
      "entry_threshold": 0.6
    },
    "trade_context": {
      "btc_price": 73614.29,
      "strike_price": 73618.47,
      "seconds_remaining": 297.322466,
      "market_price_up": 0.5,
      "market_price_down": 0.51,
      "model_probability_raw": 0.588681010469126,
      "model_probability": 0.588681010469126,
      "edge": 0.07868101046912601,
      "momentum_score": 0.821621259651744,
      "atr": 26.29,
      "size": 3.81,
      "flow_score": -0.3015,
      "flow_book_imbalance": 0.0124,
      "flow_trade_count": 36,
      "spot_flow_signal": 0.29618693299436594,
      "wall_pressure": 0.0,
      "iv_ratio": 1.8144995957895824,
      "prev_resolution_margin": -85.08999999999651,
      "bybit_perp_price": 73536.2,
      "funding_rate": -7.936e-05,
      "depth_usd_top20": 263403.22154959996,
      "entry_phase": "normal",
      "flip_count": 0,
      "is_flip": false,
      "cvd_120s": 0.0,
      "taker_ratio_60s": 1.0,
      "volume_surge": false,
      "liquidation_pressure": -0.018038293421463226,
      "gex_signal": 1.0,
      "gex_regime": "stabilizing",
      "cvd_acceleration": -2.2222222222222223e-05,
      "clob_velocity_up": -0.33014577626649033,
      "clob_velocity_down": 0.33014577626649,
      "coinbase_btc": 73614.29,
      "regime_state": "neutral",
      "regime_kelly_mult": 1.0,
      "sprt_confidence": 0.0,
      "sprt_status": "ACCUMULATING",
      "signal_consensus": 0.8,
      "adverse_selection_30s": 0.5,
      "alpha_decay_rate": 0.04951665281693168,
      "garch_vol_ratio": 2.0,
      "crowd_bias": {
        "flb": 0.0,
        "recency_fade": 0.0,
        "round_number_dampening": 1.0,
        "composite_logit_adjustment": 0.0
      },
      "oracle_divergence": 4.889999999999418,
      "edge_realization_ratio": 1.0
    }
  },
  "exit_reason": "scalp",
  "timestamp": "2026-04-15T07:46:27.638409+00:00"
}