{
  "position_id": 527,
  "market_id": "btc-updown-5m-1776239100",
  "question": "Bitcoin Up or Down - April 15, 3:45AM-3:50AM ET",
  "side": "Down",
  "signal_score": 0.4069289989733469,
  "correct": true,
  "entry_price": 0.3,
  "exit_price": 0.49,
  "log_return": 0.4906229164484712,
  "size": 3.62,
  "pnl": 2.1645730666666667,
  "fees": 0.09920599999999985,
  "gain_pct": 0.597948,
  "weight_version": "weights_v001",
  "category": "crypto-5min",
  "indicator_snapshot": {
    "rsi": {
      "rsi": 54.85,
      "score": -0.0728,
      "norm_score": -1.0782757453090022
    },
    "macd": {
      "macd": -11.7008,
      "signal": -18.5463,
      "histogram": 6.8454,
      "score": 0.3048,
      "norm_score": 1.6750171863046552
    },
    "stochastic": {
      "k": 100.0,
      "d": 100.0,
      "score": -1.0,
      "norm_score": -1.0475266074034826
    },
    "ema": {
      "trend": "chop",
      "fast_ema": 73620.0685026616,
      "slow_ema": 73617.99958342538
    },
    "obv": {
      "obv_slope": 0.0,
      "price_slope": 23.4467,
      "score": 0.0003,
      "norm_score": 2.511650807676307
    },
    "vwap": {
      "vwap": 73935.23,
      "deviation": -1.1157,
      "score": 0.3347,
      "norm_score": -0.9729829435289761
    },
    "atr": {
      "atr": 35.48,
      "passes": true,
      "reason": "ok"
    },
    "weights": {
      "rsi": 0.2,
      "macd": 0.25,
      "stochastic": 0.2,
      "obv": 0.15,
      "vwap": 0.2,
      "entry_threshold": 0.6
    },
    "trade_context": {
      "btc_price": 73669.68,
      "strike_price": 73618.47,
      "seconds_remaining": 179.68375,
      "market_price_up": 0.69,
      "market_price_down": 0.3,
      "model_probability_raw": 0.4069289989733469,
      "model_probability": 0.4069289989733469,
      "edge": 0.1069289989733469,
      "momentum_score": 0.17574485847931764,
      "atr": 35.48,
      "size": 3.62,
      "flow_score": 0.0527,
      "flow_book_imbalance": 0.3091,
      "flow_trade_count": 200,
      "spot_flow_signal": -0.048962351883330035,
      "wall_pressure": 0.0,
      "iv_ratio": 1.2200765866801293,
      "prev_resolution_margin": -85.08999999999651,
      "bybit_perp_price": 73582.6,
      "funding_rate": -7.93e-05,
      "depth_usd_top20": 250570.6287271,
      "entry_phase": "late",
      "flip_count": 1,
      "is_flip": true,
      "cvd_120s": -0.28303999999999996,
      "taker_ratio_60s": 1.0,
      "volume_surge": false,
      "liquidation_pressure": -0.03216760860525193,
      "gex_signal": 1.0,
      "gex_regime": "stabilizing",
      "cvd_acceleration": -2.2222222222222223e-05,
      "clob_velocity_up": 0.0,
      "clob_velocity_down": 0.0,
      "coinbase_btc": 73669.68,
      "regime_state": "neutral",
      "regime_kelly_mult": 1.0,
      "sprt_confidence": 0.10612966788511322,
      "sprt_status": "SKIP",
      "signal_consensus": 0.6,
      "adverse_selection_30s": 0.5,
      "alpha_decay_rate": 0.0006560161030374939,
      "garch_vol_ratio": 2.0,
      "crowd_bias": {
        "flb": 0.0114,
        "recency_fade": 0.0,
        "round_number_dampening": 1.0,
        "composite_logit_adjustment": 0.0114
      },
      "oracle_divergence": 10.25,
      "edge_realization_ratio": 1.0
    }
  },
  "exit_reason": "scalp",
  "timestamp": "2026-04-15T07:48:15.794650+00:00"
}