{
  "position_id": 5368,
  "market_id": "btc-updown-5m-1778226600",
  "question": "Bitcoin Up or Down - May 8, 3:50AM-3:55AM ET",
  "side": "Up",
  "signal_score": 0.6681622220006712,
  "correct": true,
  "entry_price": 0.4799999999999999,
  "exit_price": 1.0,
  "log_return": 0.7339691750802005,
  "size": 32.53,
  "pnl": 34.60649791666667,
  "fees": 0.3044810000000029,
  "gain_pct": 1.063833,
  "realized_edge": 0.1882,
  "fill_slippage": -0.0,
  "weight_version": "weights_v001",
  "category": "crypto-5min",
  "indicator_snapshot": {
    "rsi": {
      "rsi": 76.82,
      "score": -0.4591,
      "norm_score": -0.01210775114077164
    },
    "macd": {
      "macd": 55.5624,
      "signal": 46.4297,
      "histogram": 9.1327,
      "score": 0.3006,
      "norm_score": 1.3480158382046095
    },
    "stochastic": {
      "k": 100.0,
      "d": 100.0,
      "score": -1.0,
      "norm_score": -1.5705375830673272e-06
    },
    "ema": {
      "trend": "bullish",
      "fast_ema": 79669.07043179922,
      "slow_ema": 79622.38659255864
    },
    "obv": {
      "obv_slope": 0.0,
      "price_slope": 15.0033,
      "score": 0.0,
      "norm_score": -3.0
    },
    "vwap": {
      "vwap": 79608.59,
      "deviation": 0.7918,
      "score": -0.2376,
      "norm_score": -0.013626148231842935
    },
    "atr": {
      "atr": 40.94,
      "passes": true,
      "reason": "ok"
    },
    "weights": {
      "rsi": 0.2,
      "macd": 0.25,
      "stochastic": 0.2,
      "obv": 0.15,
      "vwap": 0.2
    },
    "trade_context": {
      "btc_price": 79688.95,
      "strike_price": 79666.244315,
      "seconds_remaining": 297.098415,
      "market_price_up": 0.48,
      "market_price_down": 0.53,
      "model_probability": 0.6681622220006712,
      "model_probability_raw": 0.6681622220006712,
      "edge": 0.18816222200067123,
      "atr": 40.94,
      "size": 32.53,
      "prev_resolution_margin": 33.30748396238778,
      "flow_score": 0.0458,
      "spot_flow_signal": 0.0,
      "liquidation_pressure": -0.0012506068112363075,
      "regime_state": "volatile",
      "regime_autocorr": 0.0054,
      "regime_direction": 0.0,
      "entry_phase": "normal",
      "flip_count": 0,
      "is_flip": false,
      "depth_usd_top20": 262273.9058406,
      "sprt_confidence": 0.12075129078657959,
      "sprt_status": "ACCUMULATING",
      "adverse_selection_30s": 0.5
    }
  },
  "exit_reason": "resolution",
  "seconds_remaining_at_exit": 0.0,
  "exit_timestamp": "2026-05-08T07:59:45.847897+00:00",
  "timestamp": "2026-05-08T07:59:45.847897+00:00"
}