{
  "position_id": 536,
  "market_id": "btc-updown-5m-1776240600",
  "question": "Bitcoin Up or Down - April 15, 4:10AM-4:15AM ET",
  "side": "Down",
  "signal_score": 0.3711458011489097,
  "correct": false,
  "entry_price": 0.27,
  "exit_price": 0.0,
  "log_return": -10.0,
  "size": 6.86,
  "pnl": -6.86,
  "fees": 0.09013999999999965,
  "gain_pct": -1.0,
  "weight_version": "weights_v001",
  "category": "crypto-5min",
  "indicator_snapshot": {
    "rsi": {
      "rsi": 0.0,
      "score": 1.0,
      "norm_score": 1.2269486628406898
    },
    "macd": {
      "macd": -9.8012,
      "signal": 1.3564,
      "histogram": -11.1575,
      "score": -0.4574,
      "norm_score": 0.7800581289446683
    },
    "stochastic": {
      "k": 0.0,
      "d": 0.0,
      "score": 1.0,
      "norm_score": 0.08812581606272339
    },
    "ema": {
      "trend": "bearish",
      "fast_ema": 73735.63814874689,
      "slow_ema": 73756.62899200823
    },
    "obv": {
      "obv_slope": 0.0,
      "price_slope": 0.0,
      "score": 0.0,
      "norm_score": 1.380607344911132
    },
    "vwap": {
      "vwap": 73858.16,
      "deviation": -0.569,
      "score": 0.1707,
      "norm_score": 0.14799228515415147
    },
    "atr": {
      "atr": 21.85,
      "passes": true,
      "reason": "ok"
    },
    "weights": {
      "rsi": 0.2,
      "macd": 0.25,
      "stochastic": 0.2,
      "obv": 0.15,
      "vwap": 0.2,
      "entry_threshold": 0.6
    },
    "trade_context": {
      "btc_price": 73810.29,
      "strike_price": 73771.08471,
      "seconds_remaining": 169.361821,
      "market_price_up": 0.72,
      "market_price_down": 0.27,
      "model_probability_raw": 0.3711458011489097,
      "model_probability": 0.3711458011489097,
      "edge": 0.1011458011489097,
      "momentum_score": 0.6947189867843498,
      "atr": 21.85,
      "size": 6.86,
      "flow_score": -0.0557,
      "flow_book_imbalance": 0.1627,
      "flow_trade_count": 200,
      "spot_flow_signal": -0.1536797805761787,
      "wall_pressure": 0.0,
      "iv_ratio": 1.969097790230459,
      "prev_resolution_margin": -85.08999999999651,
      "bybit_perp_price": 73742.1,
      "funding_rate": -8.37e-05,
      "depth_usd_top20": 315002.7530595001,
      "entry_phase": "late",
      "flip_count": 1,
      "is_flip": true,
      "cvd_120s": -0.03389,
      "taker_ratio_60s": 0.5,
      "volume_surge": false,
      "liquidation_pressure": -0.03740352012109576,
      "gex_signal": 1.0,
      "gex_regime": "stabilizing",
      "cvd_acceleration": 0.0,
      "clob_velocity_up": 0.0,
      "clob_velocity_down": 0.0,
      "coinbase_btc": 73810.29,
      "regime_state": "neutral",
      "regime_kelly_mult": 1.0,
      "sprt_confidence": 0.0,
      "sprt_status": "SKIP",
      "signal_consensus": 1.3,
      "adverse_selection_30s": 0.5,
      "alpha_decay_rate": 0.0007654777474031771,
      "garch_vol_ratio": 2.0,
      "crowd_bias": {
        "flb": 0.0132,
        "recency_fade": 0.0,
        "round_number_dampening": 1.0,
        "composite_logit_adjustment": 0.0132
      },
      "oracle_divergence": 24.096999999994296,
      "edge_realization_ratio": 1.0
    }
  },
  "exit_reason": "resolution",
  "timestamp": "2026-04-15T08:21:56.718897+00:00"
}