{
  "position_id": 5383,
  "market_id": "btc-updown-5m-1778230800",
  "question": "Bitcoin Up or Down - May 8, 5:00AM-5:05AM ET",
  "side": "Up",
  "signal_score": 0.6647732713991509,
  "correct": false,
  "entry_price": 0.47,
  "exit_price": 0.36,
  "log_return": -0.2666286632539486,
  "size": 23.7,
  "pnl": -5.927119957446806,
  "fees": 0.4332279999999994,
  "gain_pct": -0.250089,
  "realized_edge": 0.1948,
  "fill_slippage": 0.0,
  "weight_version": "weights_v001",
  "category": "crypto-5min",
  "indicator_snapshot": {
    "rsi": {
      "rsi": 100.0,
      "score": -1.0,
      "norm_score": -0.1489393937265526
    },
    "macd": {
      "macd": 6.775,
      "signal": 9.6212,
      "histogram": -2.8462,
      "score": -0.2652,
      "norm_score": 0.7224705220196981
    },
    "stochastic": {
      "k": 50.0,
      "d": 50.0,
      "score": -0.0,
      "norm_score": -0.23188134385453585
    },
    "ema": {
      "trend": "chop",
      "fast_ema": 79929.6980050802,
      "slow_ema": 79929.78393436881
    },
    "obv": {
      "obv_slope": 0.0,
      "price_slope": 0.0,
      "score": 0.0,
      "norm_score": 9.518874303358034e-05
    },
    "vwap": {
      "vwap": 79553.38,
      "deviation": 2.1116,
      "score": -0.6335,
      "norm_score": -0.7673278938297199
    },
    "atr": {
      "atr": 7.7,
      "passes": true,
      "reason": "ok"
    },
    "weights": {
      "rsi": 0.2,
      "macd": 0.25,
      "stochastic": 0.2,
      "obv": 0.15,
      "vwap": 0.2
    },
    "trade_context": {
      "btc_price": 79880.02,
      "strike_price": 79873.72814143031,
      "seconds_remaining": 265.455275,
      "market_price_up": 0.47,
      "market_price_down": 0.54,
      "model_probability": 0.6647732713991509,
      "model_probability_raw": 0.6647732713991509,
      "edge": 0.1947732713991509,
      "atr": 7.7,
      "size": 23.7,
      "prev_resolution_margin": 33.30748396238778,
      "flow_score": -0.2031,
      "spot_flow_signal": 0.0021273173117120287,
      "liquidation_pressure": 0.0,
      "regime_state": "neutral",
      "regime_autocorr": 0.0609,
      "regime_direction": 0.0,
      "entry_phase": "normal",
      "flip_count": 0,
      "is_flip": false,
      "depth_usd_top20": 288494.147492,
      "sprt_confidence": 0.6680206696681793,
      "sprt_status": "ACCUMULATING",
      "adverse_selection_30s": 0.4375
    }
  },
  "exit_reason": "scalp",
  "seconds_remaining_at_exit": 240.656222,
  "exit_timestamp": "2026-05-08T09:01:01.478428+00:00",
  "timestamp": "2026-05-08T09:01:01.478428+00:00"
}