{
  "position_id": 538,
  "market_id": "btc-updown-5m-1776240900",
  "question": "Bitcoin Up or Down - April 15, 4:15AM-4:20AM ET",
  "side": "Up",
  "signal_score": 0.5809683837687655,
  "correct": true,
  "entry_price": 0.52,
  "exit_price": 1.0,
  "log_return": 0.6539264674066639,
  "size": 2.96,
  "pnl": 2.683126923076922,
  "fees": 0.025574000000000156,
  "gain_pct": 0.906462,
  "weight_version": "weights_v001",
  "category": "crypto-5min",
  "indicator_snapshot": {
    "rsi": {
      "rsi": 100.0,
      "score": -1.0,
      "norm_score": -0.1063797000666997
    },
    "macd": {
      "macd": 17.7345,
      "signal": 16.7328,
      "histogram": 1.0016,
      "score": 0.0433,
      "norm_score": -0.8197285554993301
    },
    "stochastic": {
      "k": 100.0,
      "d": 100.0,
      "score": -1.0,
      "norm_score": -0.014477798972703975
    },
    "ema": {
      "trend": "bullish",
      "fast_ema": 73817.88853589835,
      "slow_ema": 73805.81875707397
    },
    "obv": {
      "obv_slope": 0.0,
      "price_slope": 0.0,
      "score": 0.0,
      "norm_score": -0.07650281974176759
    },
    "vwap": {
      "vwap": 73858.12,
      "deviation": -0.1673,
      "score": 0.0502,
      "norm_score": -0.013553841388321875
    },
    "atr": {
      "atr": 16.53,
      "passes": true,
      "reason": "ok"
    },
    "weights": {
      "rsi": 0.2,
      "macd": 0.25,
      "stochastic": 0.2,
      "obv": 0.15,
      "vwap": 0.2,
      "entry_threshold": 0.6
    },
    "trade_context": {
      "btc_price": 73884.0,
      "strike_price": 73863.92,
      "seconds_remaining": 156.063813,
      "market_price_up": 0.52,
      "market_price_down": 0.47,
      "model_probability_raw": 0.5809683837687655,
      "model_probability": 0.5809683837687655,
      "edge": 0.060968383768765455,
      "momentum_score": -0.24328982992164275,
      "atr": 16.53,
      "size": 2.96,
      "flow_score": 0.0062,
      "flow_book_imbalance": 0.0296,
      "flow_trade_count": 200,
      "spot_flow_signal": 0.013751585837168255,
      "wall_pressure": 0.0,
      "iv_ratio": 2.6048131823505374,
      "prev_resolution_margin": -85.08999999999651,
      "bybit_perp_price": 73803.7,
      "funding_rate": -8.567e-05,
      "depth_usd_top20": 344571.26164680003,
      "entry_phase": "late",
      "flip_count": 1,
      "is_flip": true,
      "cvd_120s": 0.0,
      "taker_ratio_60s": 0.5,
      "volume_surge": false,
      "liquidation_pressure": 0.01043055760883904,
      "gex_signal": 1.0,
      "gex_regime": "stabilizing",
      "cvd_acceleration": 0.0,
      "clob_velocity_up": 0.0,
      "clob_velocity_down": 0.0,
      "coinbase_btc": 73884.0,
      "regime_state": "neutral",
      "regime_kelly_mult": 1.0,
      "sprt_confidence": 0.0,
      "sprt_status": "SKIP",
      "signal_consensus": 1.0,
      "adverse_selection_30s": 0.5,
      "alpha_decay_rate": 0.0012603156202948883,
      "garch_vol_ratio": 2.0,
      "crowd_bias": {
        "flb": 0.0,
        "recency_fade": 0.0,
        "round_number_dampening": 1.0,
        "composite_logit_adjustment": 0.0
      },
      "oracle_divergence": 8.002732706867391,
      "edge_realization_ratio": 1.0
    }
  },
  "exit_reason": "resolution",
  "timestamp": "2026-04-15T08:26:45.972821+00:00"
}