{
  "position_id": 5391,
  "market_id": "btc-updown-5m-1778233200",
  "question": "Bitcoin Up or Down - May 8, 5:40AM-5:45AM ET",
  "side": "Down",
  "signal_score": 0.6984224486792707,
  "correct": true,
  "entry_price": 0.58,
  "exit_price": 0.68,
  "log_return": 0.15906469462968748,
  "size": 38.62,
  "pnl": 6.057481551724145,
  "fees": 0.5507999999999993,
  "gain_pct": 0.156848,
  "realized_edge": 0.1184,
  "fill_slippage": 0.0,
  "weight_version": "weights_v001",
  "category": "crypto-5min",
  "indicator_snapshot": {
    "rsi": {
      "rsi": 0.0,
      "score": 1.0,
      "norm_score": 0.1335520361591794
    },
    "macd": {
      "macd": -35.4597,
      "signal": -29.7374,
      "histogram": -5.7223,
      "score": -0.187,
      "norm_score": -0.04891167134117082
    },
    "stochastic": {
      "k": 0.0,
      "d": 0.0,
      "score": 1.0,
      "norm_score": 0.1323766889947292
    },
    "ema": {
      "trend": "bearish",
      "fast_ema": 79870.62479056913,
      "slow_ema": 79900.84615894215
    },
    "obv": {
      "obv_slope": -0.0,
      "price_slope": -10.49,
      "score": -0.0,
      "norm_score": 0.4649148775934456
    },
    "vwap": {
      "vwap": 79743.81,
      "deviation": 0.4499,
      "score": -0.135,
      "norm_score": 0.5407440846854277
    },
    "atr": {
      "atr": 12.85,
      "passes": true,
      "reason": "ok"
    },
    "weights": {
      "rsi": 0.2,
      "macd": 0.25,
      "stochastic": 0.2,
      "obv": 0.15,
      "vwap": 0.2
    },
    "trade_context": {
      "btc_price": 79850.0,
      "strike_price": 79857.44627025226,
      "seconds_remaining": 290.038902,
      "market_price_up": 0.43,
      "market_price_down": 0.58,
      "model_probability": 0.6984224486792707,
      "model_probability_raw": 0.6984224486792707,
      "edge": 0.11842244867927076,
      "atr": 12.85,
      "size": 38.62,
      "prev_resolution_margin": 33.30748396238778,
      "flow_score": -0.2861,
      "spot_flow_signal": -0.4844258344943499,
      "liquidation_pressure": -5.2818362920361205e-05,
      "regime_state": "neutral",
      "regime_autocorr": 0.0841,
      "regime_direction": 0.0,
      "entry_phase": "normal",
      "flip_count": 0,
      "is_flip": false,
      "depth_usd_top20": 256536.17479410002,
      "sprt_confidence": 0.0,
      "sprt_status": "ACCUMULATING",
      "adverse_selection_30s": 0.4166666666666667
    }
  },
  "exit_reason": "scalp",
  "seconds_remaining_at_exit": 244.949465,
  "exit_timestamp": "2026-05-08T09:40:56.345751+00:00",
  "timestamp": "2026-05-08T09:40:56.345751+00:00"
}