{
  "position_id": 5403,
  "market_id": "btc-updown-5m-1778236200",
  "question": "Bitcoin Up or Down - May 8, 6:30AM-6:35AM ET",
  "side": "Up",
  "signal_score": 0.7403261029330057,
  "correct": true,
  "entry_price": 0.64,
  "exit_price": 1.0,
  "log_return": 0.44628710262841953,
  "size": 18.13,
  "pnl": 10.014559374999997,
  "fees": 0.11748199999999998,
  "gain_pct": 0.552375,
  "realized_edge": 0.1003,
  "fill_slippage": 0.0,
  "weight_version": "weights_v001",
  "category": "crypto-5min",
  "indicator_snapshot": {
    "rsi": {
      "rsi": 100.0,
      "score": -1.0,
      "norm_score": -2.6645352591003757e-09
    },
    "macd": {
      "macd": 16.4659,
      "signal": 13.029,
      "histogram": 3.4369,
      "score": 0.2431,
      "norm_score": -1.3501895725544129
    },
    "stochastic": {
      "k": 100.0,
      "d": 100.0,
      "score": -1.0,
      "norm_score": -0.0616695602798463
    },
    "ema": {
      "trend": "bullish",
      "fast_ema": 79899.45799938144,
      "slow_ema": 79884.27044585359
    },
    "obv": {
      "obv_slope": 0.0,
      "price_slope": 0.0,
      "score": 0.0,
      "norm_score": -3.6350697093568054e-26
    },
    "vwap": {
      "vwap": 79875.62,
      "deviation": 0.1687,
      "score": -0.0506,
      "norm_score": 0.2103135418682393
    },
    "atr": {
      "atr": 7.59,
      "passes": true,
      "reason": "ok"
    },
    "weights": {
      "rsi": 0.2,
      "macd": 0.25,
      "stochastic": 0.2,
      "obv": 0.15,
      "vwap": 0.2
    },
    "trade_context": {
      "btc_price": 79894.35,
      "strike_price": 79883.77351767659,
      "seconds_remaining": 274.903588,
      "market_price_up": 0.64,
      "market_price_down": 0.37,
      "model_probability": 0.7403261029330057,
      "model_probability_raw": 0.7403261029330057,
      "edge": 0.1003261029330057,
      "atr": 7.59,
      "size": 18.13,
      "prev_resolution_margin": 18.797533995035337,
      "flow_score": 0.0371,
      "spot_flow_signal": -0.23689357456894353,
      "liquidation_pressure": 0.0007976990246682058,
      "regime_state": "neutral",
      "regime_autocorr": 0.0314,
      "regime_direction": 0.0,
      "entry_phase": "normal",
      "flip_count": 0,
      "is_flip": false,
      "depth_usd_top20": 229457.28316420008,
      "sprt_confidence": 0.2695118283102305,
      "sprt_status": "ACCUMULATING",
      "adverse_selection_30s": 0.46153846153846156
    }
  },
  "exit_reason": "resolution",
  "seconds_remaining_at_exit": 0.0,
  "exit_timestamp": "2026-05-08T10:40:13.671027+00:00",
  "timestamp": "2026-05-08T10:40:13.671027+00:00"
}