{
  "position_id": 5414,
  "market_id": "btc-updown-5m-1778239200",
  "question": "Bitcoin Up or Down - May 8, 7:20AM-7:25AM ET",
  "side": "Up",
  "signal_score": 0.6495166558831649,
  "correct": false,
  "entry_price": 0.51,
  "exit_price": 0.3197,
  "log_return": -0.46702766965257575,
  "size": 36.39,
  "pnl": -14.05653557254902,
  "fees": 0.597833000000001,
  "gain_pct": -0.386275,
  "realized_edge": 0.1395,
  "fill_slippage": -0.01,
  "weight_version": "weights_v001",
  "category": "crypto-5min",
  "indicator_snapshot": {
    "rsi": {
      "rsi": 100.0,
      "score": -1.0,
      "norm_score": -0.4421610280942403
    },
    "macd": {
      "macd": 4.189,
      "signal": 4.6793,
      "histogram": -0.4903,
      "score": -0.0932,
      "norm_score": -1.3930654654226224
    },
    "stochastic": {
      "k": 50.0,
      "d": 75.0,
      "score": -0.0,
      "norm_score": 3.0
    },
    "ema": {
      "trend": "chop",
      "fast_ema": 80246.19317771232,
      "slow_ema": 80244.35172894926
    },
    "obv": {
      "obv_slope": 0.0,
      "price_slope": 0.0,
      "score": 0.0,
      "norm_score": 0.09258596383980247
    },
    "vwap": {
      "vwap": 79981.51,
      "deviation": 1.7827,
      "score": -0.5348,
      "norm_score": -0.09954554383153781
    },
    "atr": {
      "atr": 8.3,
      "passes": true,
      "reason": "ok"
    },
    "weights": {
      "rsi": 0.2,
      "macd": 0.25,
      "stochastic": 0.2,
      "obv": 0.15,
      "vwap": 0.2
    },
    "trade_context": {
      "btc_price": 80212.39,
      "strike_price": 80207.20947129304,
      "seconds_remaining": 298.534444,
      "market_price_up": 0.52,
      "market_price_down": 0.49,
      "model_probability": 0.6495166558831649,
      "model_probability_raw": 0.6495166558831649,
      "edge": 0.12951665588316486,
      "atr": 8.3,
      "size": 36.39,
      "prev_resolution_margin": 29.220857082036673,
      "flow_score": 0.14,
      "spot_flow_signal": 0.06992319760285062,
      "liquidation_pressure": 0.0014980956879674199,
      "regime_state": "neutral",
      "regime_autocorr": 0.0136,
      "regime_direction": 0.0,
      "entry_phase": "normal",
      "flip_count": 0,
      "is_flip": false,
      "depth_usd_top20": 286460.5577938,
      "sprt_confidence": 0.09051444016045906,
      "sprt_status": "ACCUMULATING",
      "adverse_selection_30s": 0.38461538461538464
    }
  },
  "exit_reason": "scalp",
  "seconds_remaining_at_exit": 83.175047,
  "exit_timestamp": "2026-05-08T11:23:39.178559+00:00",
  "timestamp": "2026-05-08T11:23:39.178559+00:00"
}