{
  "position_id": 541,
  "market_id": "btc-updown-5m-1776241800",
  "question": "Bitcoin Up or Down - April 15, 4:30AM-4:35AM ET",
  "side": "Up",
  "signal_score": 0.6064715503175929,
  "correct": true,
  "entry_price": 0.51,
  "exit_price": 1.0,
  "log_return": 0.6733445532637655,
  "size": 4.88,
  "pnl": 4.604231372549019,
  "fees": 0.04304200000000039,
  "gain_pct": 0.94349,
  "weight_version": "weights_v001",
  "category": "crypto-5min",
  "indicator_snapshot": {
    "rsi": {
      "rsi": 100.0,
      "score": -1.0,
      "norm_score": -0.056638768793893284
    },
    "macd": {
      "macd": 37.8161,
      "signal": 38.6121,
      "histogram": -0.796,
      "score": -0.0251,
      "norm_score": 0.4968929034144705
    },
    "stochastic": {
      "k": 100.0,
      "d": 100.0,
      "score": -1.0,
      "norm_score": -0.4449085667513271
    },
    "ema": {
      "trend": "bullish",
      "fast_ema": 73969.79900983104,
      "slow_ema": 73946.83653946457
    },
    "obv": {
      "obv_slope": 0.0,
      "price_slope": 10.5333,
      "score": 0.0,
      "norm_score": -0.0006053744037534254
    },
    "vwap": {
      "vwap": 73810.68,
      "deviation": 0.9311,
      "score": -0.2793,
      "norm_score": -0.518607723221502
    },
    "atr": {
      "atr": 12.14,
      "passes": true,
      "reason": "ok"
    },
    "weights": {
      "rsi": 0.2,
      "macd": 0.25,
      "stochastic": 0.2,
      "obv": 0.15,
      "vwap": 0.2,
      "entry_threshold": 0.6
    },
    "trade_context": {
      "btc_price": 74031.36,
      "strike_price": 74010.52733,
      "seconds_remaining": 258.002774,
      "market_price_up": 0.51,
      "market_price_down": 0.48,
      "model_probability_raw": 0.6064715503175929,
      "model_probability": 0.6064715503175929,
      "edge": 0.09647155031759291,
      "momentum_score": -0.07989859206028987,
      "atr": 12.14,
      "size": 4.88,
      "flow_score": 0.1453,
      "flow_book_imbalance": 0.0572,
      "flow_trade_count": 200,
      "spot_flow_signal": 0.04421011563125401,
      "wall_pressure": 0.0,
      "iv_ratio": 3.0,
      "prev_resolution_margin": 17.50262999998813,
      "bybit_perp_price": 73947.3,
      "funding_rate": -8.603e-05,
      "depth_usd_top20": 387243.03203900007,
      "entry_phase": "normal",
      "flip_count": 0,
      "is_flip": false,
      "cvd_120s": 5e-05,
      "taker_ratio_60s": 0.5,
      "volume_surge": false,
      "liquidation_pressure": 0.013465385118609398,
      "gex_signal": 1.0,
      "gex_regime": "stabilizing",
      "cvd_acceleration": 0.0,
      "clob_velocity_up": 0.0,
      "clob_velocity_down": 0.0,
      "coinbase_btc": 74031.36,
      "regime_state": "neutral",
      "regime_kelly_mult": 1.0,
      "sprt_confidence": 0.0,
      "sprt_status": "SKIP",
      "signal_consensus": 1.3,
      "adverse_selection_30s": 0.5,
      "alpha_decay_rate": -2.95649463180243e-05,
      "garch_vol_ratio": 2.0,
      "crowd_bias": {
        "flb": 0.0,
        "recency_fade": 0.0,
        "round_number_dampening": 0.92,
        "composite_logit_adjustment": 0.0
      },
      "oracle_divergence": 22.110069999995176,
      "edge_realization_ratio": 1.0
    }
  },
  "exit_reason": "resolution",
  "timestamp": "2026-04-15T08:39:05.157325+00:00"
}