{
  "position_id": 5425,
  "market_id": "btc-updown-5m-1778244900",
  "question": "Bitcoin Up or Down - May 8, 8:55AM-9:00AM ET",
  "side": "Up",
  "signal_score": 0.6215099282895699,
  "correct": false,
  "entry_price": 0.52,
  "exit_price": 0.4799,
  "log_return": -0.08025106271127329,
  "size": 32.27,
  "pnl": -3.022224689807693,
  "fees": 0.5552119999999996,
  "gain_pct": -0.093654,
  "realized_edge": 0.1015,
  "fill_slippage": 0.0,
  "weight_version": "weights_v001",
  "category": "crypto-5min",
  "indicator_snapshot": {
    "rsi": {
      "rsi": 45.71,
      "score": 0.0643,
      "norm_score": -3.0
    },
    "macd": {
      "macd": -56.0775,
      "signal": -59.7936,
      "histogram": 3.716,
      "score": 0.0799,
      "norm_score": 1.3120199043420155
    },
    "stochastic": {
      "k": 41.46,
      "d": 31.07,
      "score": 0.0854,
      "norm_score": -1.399593636290096
    },
    "ema": {
      "trend": "bearish",
      "fast_ema": 80031.73614874625,
      "slow_ema": 80062.56624268428
    },
    "obv": {
      "obv_slope": 0.0,
      "price_slope": 0.0,
      "score": 0.0,
      "norm_score": 0.09771366117597131
    },
    "vwap": {
      "vwap": 80159.11,
      "deviation": -0.844,
      "score": 0.2532,
      "norm_score": -0.25774866355266185
    },
    "atr": {
      "atr": 26.11,
      "passes": true,
      "reason": "ok"
    },
    "weights": {
      "rsi": 0.2,
      "macd": 0.25,
      "stochastic": 0.2,
      "obv": 0.15,
      "vwap": 0.2
    },
    "trade_context": {
      "btc_price": 80112.88,
      "strike_price": 80105.56905655636,
      "seconds_remaining": 299.337686,
      "market_price_up": 0.52,
      "market_price_down": 0.49,
      "model_probability": 0.6215099282895699,
      "model_probability_raw": 0.6215099282895699,
      "edge": 0.10150992828956984,
      "atr": 26.11,
      "size": 32.27,
      "prev_resolution_margin": 19.315575561864534,
      "flow_score": 0.3687,
      "spot_flow_signal": 0.10935965189630413,
      "liquidation_pressure": 0.0,
      "regime_state": "neutral",
      "regime_autocorr": 0.055,
      "regime_direction": 0.0,
      "entry_phase": "normal",
      "flip_count": 0,
      "is_flip": false,
      "depth_usd_top20": 268645.1460339,
      "sprt_confidence": 0.07526498504160527,
      "sprt_status": "ACCUMULATING",
      "adverse_selection_30s": 0.4375
    }
  },
  "exit_reason": "scalp",
  "seconds_remaining_at_exit": 295.7239,
  "exit_timestamp": "2026-05-08T12:55:05.100652+00:00",
  "timestamp": "2026-05-08T12:55:05.100652+00:00"
}