{
  "position_id": 5428,
  "market_id": "btc-updown-5m-1778247000",
  "question": "Bitcoin Up or Down - May 8, 9:30AM-9:35AM ET",
  "side": "Up",
  "signal_score": 0.8608848442025858,
  "correct": true,
  "entry_price": 0.69,
  "exit_price": 1.0,
  "log_return": 0.3710636813908321,
  "size": 76.92,
  "pnl": 33.936211594202916,
  "fees": 0.42921399999999715,
  "gain_pct": 0.441188,
  "realized_edge": 0.1709,
  "fill_slippage": -0.02,
  "weight_version": "weights_v001",
  "category": "crypto-5min",
  "indicator_snapshot": {
    "rsi": {
      "rsi": 0.0,
      "score": 1.0,
      "norm_score": 0.00014767278134984017
    },
    "macd": {
      "macd": -59.2669,
      "signal": -58.003,
      "histogram": -1.2639,
      "score": -0.035,
      "norm_score": 1.242652012107986
    },
    "stochastic": {
      "k": 0.0,
      "d": 0.0,
      "score": 1.0,
      "norm_score": 0.00013625879040020123
    },
    "ema": {
      "trend": "bearish",
      "fast_ema": 79636.84122693137,
      "slow_ema": 79675.31329618244
    },
    "obv": {
      "obv_slope": 0.0,
      "price_slope": 0.0,
      "score": 0.0,
      "norm_score": 1.2846989880132438
    },
    "vwap": {
      "vwap": 79885.64,
      "deviation": -1.0201,
      "score": 0.306,
      "norm_score": -0.10260698931887947
    },
    "atr": {
      "atr": 26.17,
      "passes": true,
      "reason": "ok"
    },
    "weights": {
      "rsi": 0.2,
      "macd": 0.25,
      "stochastic": 0.2,
      "obv": 0.15,
      "vwap": 0.2
    },
    "trade_context": {
      "btc_price": 79630.32,
      "strike_price": 79595.85203,
      "seconds_remaining": 264.564314,
      "market_price_up": 0.71,
      "market_price_down": 0.3,
      "model_probability": 0.8608848442025858,
      "model_probability_raw": 0.8608848442025858,
      "edge": 0.15088484420258585,
      "atr": 26.17,
      "size": 76.92,
      "prev_resolution_margin": 19.315575561864534,
      "flow_score": 0.0529,
      "spot_flow_signal": 0.5001718342492297,
      "liquidation_pressure": 0.0,
      "regime_state": "trending_down",
      "regime_autocorr": -0.1349,
      "regime_direction": 0.0,
      "entry_phase": "normal",
      "flip_count": 0,
      "is_flip": false,
      "depth_usd_top20": 282551.96807039995,
      "sprt_confidence": 0.3519048848518452,
      "sprt_status": "ACCUMULATING",
      "adverse_selection_30s": 0.46153846153846156
    }
  },
  "exit_reason": "resolution",
  "seconds_remaining_at_exit": 0.0,
  "exit_timestamp": "2026-05-08T13:41:18.122246+00:00",
  "timestamp": "2026-05-08T13:41:18.122246+00:00"
}