{
  "position_id": 549,
  "market_id": "btc-updown-5m-1780126800",
  "question": "Bitcoin Up or Down - May 30, 3:40AM-3:45AM ET",
  "side": "Up",
  "signal_score": 0.6415137010070976,
  "correct": false,
  "entry_price": 0.55,
  "exit_price": 0.0,
  "log_return": -10.0,
  "size": 1.23,
  "pnl": -1.23,
  "fees": 0.0099629999999999,
  "gain_pct": -1.0,
  "realized_edge": 0.0915,
  "fill_slippage": 0.0,
  "indicator_snapshot": {
    "rsi": {
      "rsi": 71.71,
      "score": -0.34
    },
    "macd": {
      "macd": -12.4487,
      "signal": -14.3221,
      "histogram": 1.8734,
      "score": 0.112
    },
    "stochastic": {
      "k": 60.54,
      "d": 61.3,
      "score": -0.1054
    },
    "ema": {
      "trend": "chop",
      "fast_ema": 73505.2260162539,
      "slow_ema": 73510.92889949259
    },
    "obv": {
      "obv_slope": -0.8,
      "price_slope": -2.15,
      "score": -0.0266
    },
    "vwap": {
      "vwap": 73497.74,
      "deviation": 0.0528,
      "score": -0.0158
    },
    "atr": {
      "atr": 8.78,
      "passes": true,
      "reason": "ok"
    },
    "weights": {
      "rsi": 0.2,
      "macd": 0.3,
      "stochastic": 0.15,
      "obv": 0.15,
      "vwap": 0.2
    },
    "trade_context": {
      "btc_price": 73400.3,
      "strike_price": 73396.51188957563,
      "seconds_remaining": 91.936439,
      "market_price_up": 0.55,
      "market_price_down": 0.46,
      "closes_tail": [
        73504.6,
        73504.6
      ],
      "model_probability": 0.6415137010070976,
      "model_probability_raw": 0.6415137010070976,
      "edge": 0.09151370100709755,
      "atr": 8.78,
      "atr_rolling_20": 8.78,
      "atr_long_term_mean": 8.78,
      "size": 1.23,
      "prev_resolution_margin": 0.0,
      "flow_score": -0.0715,
      "spot_flow_signal": 0.07049853149755772,
      "regime_state": "neutral",
      "regime_autocorr": 0.1027,
      "regime_direction": -1.0,
      "entry_phase": "late",
      "flip_count": 1,
      "is_flip": true,
      "depth_usd_top20": 518106.92995640007,
      "coinbase_cvd_60s": 0.2392,
      "coinbase_taker_60s": 0.6603,
      "coinbase_taker_n": 86,
      "sprt_confidence": 0.132776868359723,
      "sprt_status": "ACCUMULATING",
      "adverse_rate_at_30s": 0.5384615384615384,
      "adverse_kelly_mult": 0.867,
      "token_id_up": "80699423327928757594480123415976049655128516450894667867763526427884957988092",
      "token_id_down": "94002116140998137164951044257064207047420997709805810305693561666960631577860"
    }
  },
  "exit_reason": "resolution",
  "seconds_remaining_at_exit": 0.0,
  "edge_decay": {
    "midprice_at_fill": 0.505,
    "deltas": {
      "5s": 0.09,
      "10s": 0.11,
      "15s": 0.1,
      "30s": 0.09,
      "60s": -0.03
    },
    "resolved_windows": 5
  },
  "exit_timestamp": "2026-05-30T07:49:55.114834+00:00",
  "timestamp": "2026-05-30T07:49:55.114834+00:00"
}