{
  "position_id": 549,
  "market_id": "btc-updown-5m-1776243600",
  "question": "Bitcoin Up or Down - April 15, 5:00AM-5:05AM ET",
  "side": "Up",
  "signal_score": 0.3485236535176617,
  "correct": false,
  "entry_price": 0.25,
  "exit_price": 0.0,
  "log_return": -10.0,
  "size": 2.83,
  "pnl": -2.83,
  "fees": 0.038205000000000044,
  "gain_pct": -1.0,
  "weight_version": "weights_v001",
  "category": "crypto-5min",
  "indicator_snapshot": {
    "rsi": {
      "rsi": 23.92,
      "score": 0.4419,
      "norm_score": 0.504492441715385
    },
    "macd": {
      "macd": -16.7201,
      "signal": 0.3977,
      "histogram": -17.1178,
      "score": -0.6864,
      "norm_score": -0.9237841013165756
    },
    "stochastic": {
      "k": 0.0,
      "d": 0.0,
      "score": 1.0,
      "norm_score": 0.38991207364811586
    },
    "ema": {
      "trend": "bearish",
      "fast_ema": 74075.78679366114,
      "slow_ema": 74108.98808273616
    },
    "obv": {
      "obv_slope": -0.0,
      "price_slope": -41.5533,
      "score": -0.0006,
      "norm_score": -1.210205996575194
    },
    "vwap": {
      "vwap": 73736.69,
      "deviation": 2.1397,
      "score": -0.6419,
      "norm_score": 0.8095579942541095
    },
    "atr": {
      "atr": 41.69,
      "passes": true,
      "reason": "ok"
    },
    "weights": {
      "rsi": 0.2,
      "macd": 0.25,
      "stochastic": 0.2,
      "obv": 0.15,
      "vwap": 0.2,
      "entry_threshold": 0.6
    },
    "trade_context": {
      "btc_price": 74112.41,
      "strike_price": 74136.38346,
      "seconds_remaining": 109.456502,
      "market_price_up": 0.25,
      "market_price_down": 0.74,
      "model_probability_raw": 0.3485236535176617,
      "model_probability": 0.3485236535176617,
      "edge": 0.09852365351766168,
      "momentum_score": -0.07168442289190091,
      "atr": 41.69,
      "size": 2.83,
      "flow_score": -0.2349,
      "flow_book_imbalance": -0.2735,
      "flow_trade_count": 200,
      "spot_flow_signal": -0.02185004598303639,
      "wall_pressure": 0.0,
      "iv_ratio": 1.0963167069009665,
      "prev_resolution_margin": -31.463369999997667,
      "bybit_perp_price": 74041.9,
      "funding_rate": -9.09e-05,
      "depth_usd_top20": 306753.48895669996,
      "entry_phase": "late",
      "flip_count": 1,
      "is_flip": true,
      "cvd_120s": 0.001,
      "taker_ratio_60s": 0.3988095238095238,
      "volume_surge": false,
      "liquidation_pressure": -0.0001471725764664957,
      "gex_signal": 1.0,
      "gex_regime": "stabilizing",
      "cvd_acceleration": 7.555555555555556e-06,
      "clob_velocity_up": 0.0,
      "clob_velocity_down": 0.0,
      "coinbase_btc": 74112.41,
      "regime_state": "neutral",
      "regime_kelly_mult": 1.0,
      "sprt_confidence": 0.2935916572176407,
      "sprt_status": "SKIP",
      "signal_consensus": 0.6,
      "adverse_selection_30s": 0.5,
      "alpha_decay_rate": 0.003088644029693927,
      "garch_vol_ratio": 2.0,
      "crowd_bias": {
        "flb": -0.015,
        "recency_fade": 0.0,
        "round_number_dampening": 1.0,
        "composite_logit_adjustment": -0.015
      },
      "oracle_divergence": 9.569180000005872,
      "edge_realization_ratio": 4.331142347635707
    }
  },
  "exit_reason": "resolution",
  "timestamp": "2026-04-15T09:09:15.409371+00:00"
}