{
  "position_id": 550,
  "market_id": "btc-updown-5m-1776243900",
  "question": "Bitcoin Up or Down - April 15, 5:05AM-5:10AM ET",
  "side": "Down",
  "signal_score": 0.5866548452479932,
  "correct": true,
  "entry_price": 0.51,
  "exit_price": 0.95,
  "log_return": 0.6220512588762149,
  "size": 4.15,
  "pnl": 3.505314098039216,
  "fees": 0.04349900000000001,
  "gain_pct": 0.844654,
  "weight_version": "weights_v001",
  "category": "crypto-5min",
  "indicator_snapshot": {
    "rsi": {
      "rsi": 34.17,
      "score": 0.2375,
      "norm_score": -2.825682095025513
    },
    "macd": {
      "macd": -23.004,
      "signal": -14.1864,
      "histogram": -8.8176,
      "score": -0.3537,
      "norm_score": 3.0
    },
    "stochastic": {
      "k": 8.43,
      "d": 8.43,
      "score": 0.7049,
      "norm_score": -0.7385933352607027
    },
    "ema": {
      "trend": "bearish",
      "fast_ema": 74063.18169841528,
      "slow_ema": 74089.23180313669
    },
    "obv": {
      "obv_slope": 0.0,
      "price_slope": 3.5033,
      "score": 0.0023,
      "norm_score": 0.8206597574662288
    },
    "vwap": {
      "vwap": 73740.12,
      "deviation": 2.1453,
      "score": -0.6436,
      "norm_score": 0.41510390960441307
    },
    "atr": {
      "atr": 31.91,
      "passes": true,
      "reason": "ok"
    },
    "weights": {
      "rsi": 0.2,
      "macd": 0.25,
      "stochastic": 0.2,
      "obv": 0.15,
      "vwap": 0.2,
      "entry_threshold": 0.6
    },
    "trade_context": {
      "btc_price": 74064.98,
      "strike_price": 74074.59,
      "seconds_remaining": 298.051166,
      "market_price_up": 0.48,
      "market_price_down": 0.51,
      "model_probability_raw": 0.5866548452479932,
      "model_probability": 0.5866548452479932,
      "edge": 0.07665484524799315,
      "momentum_score": 0.2432646594835738,
      "atr": 31.91,
      "size": 4.15,
      "flow_score": -0.1559,
      "flow_book_imbalance": 0.0242,
      "flow_trade_count": 24,
      "spot_flow_signal": 0.9960438029493843,
      "wall_pressure": 0.0,
      "iv_ratio": 1.3612932255972265,
      "prev_resolution_margin": -31.463369999997667,
      "bybit_perp_price": 73992.9,
      "funding_rate": -9.33e-05,
      "depth_usd_top20": 325212.56922729994,
      "entry_phase": "normal",
      "flip_count": 0,
      "is_flip": false,
      "cvd_120s": 0.00694,
      "taker_ratio_60s": 1.0,
      "volume_surge": false,
      "liquidation_pressure": -0.0001471725764664957,
      "gex_signal": 1.0,
      "gex_regime": "stabilizing",
      "cvd_acceleration": -0.00015422222222222223,
      "clob_velocity_up": -0.041750071171047454,
      "clob_velocity_down": 0.041750071171047454,
      "coinbase_btc": 74064.98,
      "regime_state": "neutral",
      "regime_kelly_mult": 1.0,
      "sprt_confidence": 0.0,
      "sprt_status": "ACCUMULATING",
      "signal_consensus": 0.8,
      "adverse_selection_30s": 0.5,
      "alpha_decay_rate": 0.0,
      "garch_vol_ratio": 2.0,
      "crowd_bias": {
        "flb": 0.0,
        "recency_fade": 0.0,
        "round_number_dampening": 0.96,
        "composite_logit_adjustment": 0.0
      },
      "oracle_divergence": 9.60000000000582,
      "edge_realization_ratio": 4.35233452590162
    }
  },
  "exit_reason": "scalp",
  "timestamp": "2026-04-15T09:09:16.534042+00:00"
}