{
  "position_id": 557,
  "market_id": "btc-updown-5m-1776245400",
  "question": "Bitcoin Up or Down - April 15, 5:30AM-5:35AM ET",
  "side": "Up",
  "signal_score": 0.7357031069918979,
  "correct": false,
  "entry_price": 0.67,
  "exit_price": 0.27,
  "log_return": -0.908855753386637,
  "size": 9.39,
  "pnl": -5.677874447761194,
  "fees": 0.10520400000000038,
  "gain_pct": -0.604672,
  "weight_version": "weights_v001",
  "category": "crypto-5min",
  "indicator_snapshot": {
    "rsi": {
      "rsi": 0.0,
      "score": 1.0,
      "norm_score": 0.019658814609107927
    },
    "macd": {
      "macd": -29.7228,
      "signal": -27.7418,
      "histogram": -1.981,
      "score": -0.1202,
      "norm_score": 0.43421885123002607
    },
    "stochastic": {
      "k": 0.0,
      "d": 0.0,
      "score": 1.0,
      "norm_score": 0.019658814609327283
    },
    "ema": {
      "trend": "bearish",
      "fast_ema": 73934.044802728,
      "slow_ema": 73955.24319984528
    },
    "obv": {
      "obv_slope": 0.0,
      "price_slope": 0.0,
      "score": 0.0,
      "norm_score": 0.00883865928491183
    },
    "vwap": {
      "vwap": 73723.37,
      "deviation": 1.4845,
      "score": -0.4453,
      "norm_score": -0.011061516071602924
    },
    "atr": {
      "atr": 11.1,
      "passes": true,
      "reason": "ok"
    },
    "weights": {
      "rsi": 0.2,
      "macd": 0.25,
      "stochastic": 0.2,
      "obv": 0.15,
      "vwap": 0.2,
      "entry_threshold": 0.6
    },
    "trade_context": {
      "btc_price": 74005.25,
      "strike_price": 73976.20162,
      "seconds_remaining": 130.59892,
      "market_price_up": 0.67,
      "market_price_down": 0.31,
      "model_probability_raw": 0.7357031069918979,
      "model_probability": 0.7357031069918979,
      "edge": 0.06570310699189785,
      "momentum_score": 0.11553173432960974,
      "atr": 11.1,
      "size": 9.39,
      "flow_score": 0.129,
      "flow_book_imbalance": 0.2535,
      "flow_trade_count": 200,
      "spot_flow_signal": -0.06945588042899417,
      "wall_pressure": 0.0,
      "iv_ratio": 3.0,
      "prev_resolution_margin": -34.93593999999575,
      "bybit_perp_price": 73930.7,
      "funding_rate": -9.693e-05,
      "depth_usd_top20": 363633.1060821,
      "entry_phase": "late",
      "flip_count": 1,
      "is_flip": true,
      "cvd_120s": 0.0,
      "taker_ratio_60s": 0.5,
      "volume_surge": false,
      "liquidation_pressure": 0.0,
      "gex_signal": 1.0,
      "gex_regime": "stabilizing",
      "cvd_acceleration": 0.0,
      "clob_velocity_up": 0.015624106912700591,
      "clob_velocity_down": -0.015624106912700591,
      "coinbase_btc": 74005.25,
      "regime_state": "mean_reverting",
      "regime_kelly_mult": 0.8,
      "sprt_confidence": 0.0,
      "sprt_status": "SKIP",
      "signal_consensus": 0.8,
      "adverse_selection_30s": 0.5,
      "alpha_decay_rate": 0.0007782206263326489,
      "garch_vol_ratio": 2.0,
      "crowd_bias": {
        "flb": 0.0102,
        "recency_fade": 0.0,
        "round_number_dampening": 0.92,
        "composite_logit_adjustment": 0.0102
      },
      "oracle_divergence": 9.726169999994454,
      "edge_realization_ratio": 4.202071098435998
    }
  },
  "exit_reason": "scalp",
  "timestamp": "2026-04-15T09:34:44.167025+00:00"
}