{
  "position_id": 570,
  "market_id": "btc-updown-5m-1776249300",
  "question": "Bitcoin Up or Down - April 15, 6:35AM-6:40AM ET",
  "side": "Down",
  "signal_score": 0.5811937995292235,
  "correct": true,
  "entry_price": 0.45,
  "exit_price": 0.66,
  "log_return": 0.3829922522561059,
  "size": 6.16,
  "pnl": 2.730478466666666,
  "fees": 0.11572899999999983,
  "gain_pct": 0.443259,
  "weight_version": "weights_v001",
  "category": "crypto-5min",
  "indicator_snapshot": {
    "rsi": {
      "rsi": 0.0,
      "score": 1.0,
      "norm_score": 4.4833471323474135e-05
    },
    "macd": {
      "macd": -49.3367,
      "signal": -51.0178,
      "histogram": 1.6811,
      "score": 0.0627,
      "norm_score": 2.1203846027007653
    },
    "stochastic": {
      "k": 0.0,
      "d": 0.0,
      "score": 1.0,
      "norm_score": 0.020549835366481008
    },
    "ema": {
      "trend": "bearish",
      "fast_ema": 73835.84650399422,
      "slow_ema": 73864.74627149272
    },
    "obv": {
      "obv_slope": 0.0,
      "price_slope": 0.0,
      "score": 0.0,
      "norm_score": 0.029154675282311457
    },
    "vwap": {
      "vwap": 73832.45,
      "deviation": 0.0057,
      "score": -0.0017,
      "norm_score": 0.02062583944570118
    },
    "atr": {
      "atr": 17.02,
      "passes": true,
      "reason": "ok"
    },
    "weights": {
      "rsi": 0.2,
      "macd": 0.25,
      "stochastic": 0.2,
      "obv": 0.15,
      "vwap": 0.2,
      "entry_threshold": 0.6
    },
    "trade_context": {
      "btc_price": 73855.8,
      "strike_price": 73856.78,
      "seconds_remaining": 296.69726,
      "market_price_up": 0.54,
      "market_price_down": 0.45,
      "model_probability_raw": 0.5811937995292235,
      "model_probability": 0.5811937995292235,
      "edge": 0.13119379952922344,
      "momentum_score": 0.5427134536242392,
      "atr": 17.02,
      "size": 6.16,
      "flow_score": -0.1808,
      "flow_book_imbalance": 0.0343,
      "flow_trade_count": 59,
      "spot_flow_signal": -0.12001696105008595,
      "wall_pressure": 0.0,
      "iv_ratio": 2.5294544635420704,
      "prev_resolution_margin": -34.93593999999575,
      "bybit_perp_price": 73778.1,
      "funding_rate": -7.143e-05,
      "depth_usd_top20": 304931.8158976,
      "entry_phase": "normal",
      "flip_count": 0,
      "is_flip": false,
      "cvd_120s": 0.0,
      "taker_ratio_60s": 0.5,
      "volume_surge": false,
      "liquidation_pressure": 0.0,
      "gex_signal": 1.0,
      "gex_regime": "stabilizing",
      "cvd_acceleration": 0.0,
      "clob_velocity_up": 0.0,
      "clob_velocity_down": 0.0,
      "coinbase_btc": 73855.8,
      "regime_state": "neutral",
      "regime_kelly_mult": 1.0,
      "sprt_confidence": 0.0,
      "sprt_status": "ACCUMULATING",
      "signal_consensus": 1.3,
      "adverse_selection_30s": 0.5,
      "alpha_decay_rate": 0.029516891564959968,
      "garch_vol_ratio": 2.0,
      "crowd_bias": {
        "flb": 0.0,
        "recency_fade": 0.0,
        "round_number_dampening": 1.0,
        "composite_logit_adjustment": 0.0
      },
      "oracle_divergence": 0.4899999999906868,
      "edge_realization_ratio": 4.343600839478341
    }
  },
  "exit_reason": "scalp",
  "timestamp": "2026-04-15T10:36:46.261751+00:00"
}