{
  "position_id": 573,
  "market_id": "btc-updown-5m-1780132500",
  "question": "Bitcoin Up or Down - May 30, 5:15AM-5:20AM ET",
  "side": "Down",
  "signal_score": 0.943130489620034,
  "correct": true,
  "entry_price": 0.8,
  "exit_price": 1.0,
  "log_return": 0.22314355131420976,
  "size": 3.85,
  "pnl": 0.9451750000000003,
  "fees": 0.013859999999999673,
  "gain_pct": 0.2455,
  "realized_edge": 0.1431,
  "fill_slippage": 0.0,
  "indicator_snapshot": {
    "rsi": {
      "rsi": 56.85,
      "score": -0.1028
    },
    "macd": {
      "macd": 9.828,
      "signal": 10.6422,
      "histogram": -0.8142,
      "score": -0.0792
    },
    "stochastic": {
      "k": 24.1,
      "d": 51.78,
      "score": 0.259
    },
    "ema": {
      "trend": "chop",
      "fast_ema": 73561.02773678207,
      "slow_ema": 73556.03748563785
    },
    "obv": {
      "obv_slope": -3.01,
      "price_slope": -12.405,
      "score": -0.1001
    },
    "vwap": {
      "vwap": 73561.47,
      "deviation": -0.1646,
      "score": 0.0494
    },
    "atr": {
      "atr": 10.36,
      "passes": true,
      "reason": "ok"
    },
    "weights": {
      "rsi": 0.2,
      "macd": 0.3,
      "stochastic": 0.15,
      "obv": 0.15,
      "vwap": 0.2
    },
    "trade_context": {
      "btc_price": 73441.67,
      "strike_price": 73450.79658,
      "seconds_remaining": 30.339324,
      "market_price_up": 0.22,
      "market_price_down": 0.8,
      "closes_tail": [
        73570.84,
        73554.26
      ],
      "model_probability": 0.943130489620034,
      "model_probability_raw": 0.943130489620034,
      "edge": 0.14313048962003394,
      "atr": 10.36,
      "atr_rolling_20": 8.974,
      "atr_long_term_mean": 8.8354,
      "size": 3.85,
      "prev_resolution_margin": 15.338029977952829,
      "flow_score": 0.1459,
      "spot_flow_signal": 0.12690274426119216,
      "regime_state": "volatile",
      "regime_autocorr": -0.1189,
      "regime_direction": -1.0,
      "entry_phase": "late",
      "flip_count": 2,
      "is_flip": true,
      "depth_usd_top20": 728446.1334178001,
      "coinbase_cvd_60s": 0.9395,
      "coinbase_taker_60s": 0.7639,
      "coinbase_taker_n": 125,
      "sprt_confidence": 0.28707319578230467,
      "sprt_status": "ACCUMULATING",
      "adverse_rate_at_30s": 0.4,
      "adverse_kelly_mult": 1.0,
      "token_id_up": "2722818862131632269259192861760959312249457248542353399461171852328713212784",
      "token_id_down": "105086988342634201179243777731993732309267597353144693837340136277616054237280"
    }
  },
  "exit_reason": "resolution",
  "seconds_remaining_at_exit": 0.0,
  "edge_decay": {
    "midprice_at_fill": 0.51,
    "deltas": {
      "5s": -0.12,
      "10s": -0.26,
      "15s": -0.285,
      "30s": -0.415,
      "60s": null
    },
    "resolved_windows": 4
  },
  "exit_timestamp": "2026-05-30T09:25:38.062499+00:00",
  "timestamp": "2026-05-30T09:25:38.062499+00:00"
}