{
  "position_id": 574,
  "market_id": "btc-updown-5m-1780133100",
  "question": "Bitcoin Up or Down - May 30, 5:25AM-5:30AM ET",
  "side": "Down",
  "signal_score": 0.5814664169999701,
  "correct": false,
  "entry_price": 0.39,
  "exit_price": 0.39,
  "log_return": 0,
  "size": 3.59,
  "pnl": -0.10122878299999938,
  "fees": 0.10122878299999945,
  "gain_pct": -0.028197,
  "realized_edge": 0.1915,
  "fill_slippage": 0.0,
  "indicator_snapshot": {
    "rsi": {
      "rsi": 39.87,
      "score": 0.152
    },
    "macd": {
      "macd": -0.195,
      "signal": 0.0547,
      "histogram": -0.2496,
      "score": -0.0293
    },
    "stochastic": {
      "k": 66.35,
      "d": 47.37,
      "score": -0.1635
    },
    "ema": {
      "trend": "chop",
      "fast_ema": 73545.50465213723,
      "slow_ema": 73545.96464362413
    },
    "obv": {
      "obv_slope": 4.04,
      "price_slope": 6.63,
      "score": 0.1338
    },
    "vwap": {
      "vwap": 73554.23,
      "deviation": -0.1076,
      "score": 0.0323
    },
    "atr": {
      "atr": 9.87,
      "passes": true,
      "reason": "ok"
    },
    "weights": {
      "rsi": 0.2,
      "macd": 0.3,
      "stochastic": 0.15,
      "obv": 0.15,
      "vwap": 0.2
    },
    "trade_context": {
      "btc_price": 73446.62,
      "strike_price": 73449.38079926258,
      "seconds_remaining": 273.489655,
      "market_price_up": 0.62,
      "market_price_down": 0.39,
      "closes_tail": [
        73542.19,
        73549.78
      ],
      "model_probability": 0.5814664169999701,
      "model_probability_raw": 0.5814664169999701,
      "edge": 0.19146641699997013,
      "atr": 9.87,
      "atr_rolling_20": 9.87,
      "atr_long_term_mean": 9.75585,
      "size": 3.59,
      "prev_resolution_margin": 3.4189517334016273,
      "flow_score": -0.2105,
      "spot_flow_signal": -0.003281499854357217,
      "regime_state": "neutral",
      "regime_autocorr": -0.2124,
      "regime_direction": -1.0,
      "entry_phase": "normal",
      "flip_count": 0,
      "is_flip": false,
      "depth_usd_top20": 506406.726253,
      "coinbase_cvd_60s": -0.0122,
      "coinbase_taker_60s": 0.4926,
      "coinbase_taker_n": 75,
      "sprt_confidence": 0.0,
      "sprt_status": "ACCUMULATING",
      "adverse_rate_at_30s": 0.4375,
      "adverse_kelly_mult": 1.0,
      "token_id_up": "15631298197752013010022157575284139417656350060746347347579808114244870048333",
      "token_id_down": "76056475244225320795161351408082476364363210524309172326168713423431532674478"
    }
  },
  "exit_reason": "scalp",
  "seconds_remaining_at_exit": 254.108263,
  "edge_decay": {
    "midprice_at_fill": 0.505,
    "deltas": {
      "5s": 0.12,
      "10s": 0.09,
      "15s": 0.13,
      "30s": null,
      "60s": null
    },
    "resolved_windows": 3
  },
  "exit_timestamp": "2026-05-30T09:25:46.676481+00:00",
  "timestamp": "2026-05-30T09:25:46.676481+00:00"
}