{
  "position_id": 585,
  "market_id": "btc-updown-5m-1776252900",
  "question": "Bitcoin Up or Down - April 15, 7:35AM-7:40AM ET",
  "side": "Up",
  "signal_score": 0.6167672032506389,
  "correct": true,
  "entry_price": 0.48,
  "exit_price": 1.0,
  "log_return": 0.7339691750802005,
  "size": 6.72,
  "pnl": 7.148960416666667,
  "fees": 0.06289899999999989,
  "gain_pct": 1.063833,
  "weight_version": "weights_v001",
  "category": "crypto-5min",
  "indicator_snapshot": {
    "rsi": {
      "rsi": 100.0,
      "score": -1.0,
      "norm_score": -3.0
    },
    "macd": {
      "macd": -6.5175,
      "signal": -5.5863,
      "histogram": -0.9312,
      "score": -0.0731,
      "norm_score": 3.0
    },
    "stochastic": {
      "k": 50.0,
      "d": 25.0,
      "score": -0.0,
      "norm_score": -3.0
    },
    "ema": {
      "trend": "chop",
      "fast_ema": 73978.87887428916,
      "slow_ema": 73984.11723678201
    },
    "obv": {
      "obv_slope": 0.0,
      "price_slope": 0.0,
      "score": 0.0,
      "norm_score": 0.015648271589639905
    },
    "vwap": {
      "vwap": 73944.76,
      "deviation": 0.6808,
      "score": -0.2042,
      "norm_score": 0.43010872818772056
    },
    "atr": {
      "atr": 8.03,
      "passes": true,
      "reason": "ok"
    },
    "weights": {
      "rsi": 0.2,
      "macd": 0.25,
      "stochastic": 0.2,
      "obv": 0.15,
      "vwap": 0.2,
      "entry_threshold": 0.6
    },
    "trade_context": {
      "btc_price": 74019.0,
      "strike_price": 74002.75,
      "seconds_remaining": 299.29231,
      "market_price_up": 0.48,
      "market_price_down": 0.51,
      "model_probability_raw": 0.6167672032506389,
      "model_probability": 0.6167672032506389,
      "edge": 0.13676720325063896,
      "momentum_score": -0.36163101362401007,
      "atr": 8.03,
      "size": 6.72,
      "flow_score": -0.0654,
      "flow_book_imbalance": -0.0001,
      "flow_trade_count": 6,
      "spot_flow_signal": 0.7298368080960415,
      "wall_pressure": 0.0,
      "iv_ratio": 3.0,
      "prev_resolution_margin": -34.93593999999575,
      "bybit_perp_price": 73938.2,
      "funding_rate": -7.406e-05,
      "depth_usd_top20": 158161.70197589995,
      "entry_phase": "normal",
      "flip_count": 0,
      "is_flip": false,
      "cvd_120s": 0.00141,
      "taker_ratio_60s": 1.0,
      "volume_surge": false,
      "liquidation_pressure": 0.007184363687867246,
      "gex_signal": 1.0,
      "gex_regime": "stabilizing",
      "cvd_acceleration": -3.1333333333333334e-05,
      "clob_velocity_up": 0.0,
      "clob_velocity_down": 0.0,
      "coinbase_btc": 74019.0,
      "regime_state": "neutral",
      "regime_kelly_mult": 1.0,
      "sprt_confidence": 0.07261472487706945,
      "sprt_status": "ACCUMULATING",
      "signal_consensus": 0.8,
      "adverse_selection_30s": 0.5,
      "alpha_decay_rate": 0.0,
      "garch_vol_ratio": 2.0,
      "crowd_bias": {
        "flb": 0.0,
        "recency_fade": 0.0,
        "round_number_dampening": 0.92,
        "composite_logit_adjustment": 0.0
      },
      "oracle_divergence": 16.75999999999476,
      "edge_realization_ratio": 4.7807457006714715
    }
  },
  "exit_reason": "resolution",
  "timestamp": "2026-04-15T11:43:28.557251+00:00"
}