{
  "position_id": 586,
  "market_id": "btc-updown-5m-1776253200",
  "question": "Bitcoin Up or Down - April 15, 7:40AM-7:45AM ET",
  "side": "Up",
  "signal_score": 0.6984400745155314,
  "correct": true,
  "entry_price": 0.53,
  "exit_price": 1.0,
  "log_return": 0.6348782724359694,
  "size": 9.63,
  "pnl": 8.386094339622643,
  "fees": 0.08146999999999946,
  "gain_pct": 0.87083,
  "weight_version": "weights_v001",
  "category": "crypto-5min",
  "indicator_snapshot": {
    "rsi": {
      "rsi": 100.0,
      "score": -1.0,
      "norm_score": -0.0009302477200228786
    },
    "macd": {
      "macd": 1.8772,
      "signal": -2.2853,
      "histogram": 4.1625,
      "score": 0.4768,
      "norm_score": 3.0
    },
    "stochastic": {
      "k": 100.0,
      "d": 75.0,
      "score": -1.0,
      "norm_score": -3.0
    },
    "ema": {
      "trend": "chop",
      "fast_ema": 73993.56902732153,
      "slow_ema": 73986.72539854351
    },
    "obv": {
      "obv_slope": 0.0,
      "price_slope": 10.1867,
      "score": 0.0001,
      "norm_score": 3.0
    },
    "vwap": {
      "vwap": 73944.95,
      "deviation": 1.2997,
      "score": -0.3899,
      "norm_score": -3.0
    },
    "atr": {
      "atr": 8.08,
      "passes": true,
      "reason": "ok"
    },
    "weights": {
      "rsi": 0.2,
      "macd": 0.25,
      "stochastic": 0.2,
      "obv": 0.15,
      "vwap": 0.2,
      "entry_threshold": 0.6
    },
    "trade_context": {
      "btc_price": 74055.41,
      "strike_price": 74031.15,
      "seconds_remaining": 269.203469,
      "market_price_up": 0.53,
      "market_price_down": 0.46,
      "model_probability_raw": 0.6984400745155314,
      "model_probability": 0.6984400745155314,
      "edge": 0.16844007451553134,
      "momentum_score": -0.0001860495440048071,
      "atr": 8.08,
      "size": 9.63,
      "flow_score": 0.0501,
      "flow_book_imbalance": 0.0141,
      "flow_trade_count": 200,
      "spot_flow_signal": -0.20240624799433593,
      "wall_pressure": 0.0,
      "iv_ratio": 3.0,
      "prev_resolution_margin": 22.600506822796888,
      "bybit_perp_price": 73970.5,
      "funding_rate": -7.362e-05,
      "depth_usd_top20": 168008.41450749998,
      "entry_phase": "normal",
      "flip_count": 0,
      "is_flip": false,
      "cvd_120s": -0.00023,
      "taker_ratio_60s": 0.0,
      "volume_surge": true,
      "liquidation_pressure": 0.012511337225502798,
      "gex_signal": 1.0,
      "gex_regime": "stabilizing",
      "cvd_acceleration": -1.5333333333333334e-05,
      "clob_velocity_up": 0.0,
      "clob_velocity_down": 0.0,
      "coinbase_btc": 74053.99,
      "regime_state": "neutral",
      "regime_kelly_mult": 1.0,
      "sprt_confidence": 0.0,
      "sprt_status": "ACCUMULATING",
      "signal_consensus": 0.8,
      "adverse_selection_30s": 0.5,
      "alpha_decay_rate": 0.0008758046670021419,
      "garch_vol_ratio": 2.0,
      "crowd_bias": {
        "flb": 0.0,
        "recency_fade": 0.0,
        "round_number_dampening": 0.92,
        "composite_logit_adjustment": 0.0
      },
      "oracle_divergence": 17.90000000000873,
      "edge_realization_ratio": 4.677220465623504
    }
  },
  "exit_reason": "resolution",
  "timestamp": "2026-04-15T11:48:56.484607+00:00"
}