{
  "position_id": 590,
  "market_id": "btc-updown-5m-1776253800",
  "question": "Bitcoin Up or Down - April 15, 7:50AM-7:55AM ET",
  "side": "Down",
  "signal_score": 0.3038737328736433,
  "correct": false,
  "entry_price": 0.12,
  "exit_price": 0.0,
  "log_return": -10.0,
  "size": 12.24,
  "pnl": -12.24,
  "fees": 0.1938820000000004,
  "gain_pct": -1.0,
  "weight_version": "weights_v001",
  "category": "crypto-5min",
  "indicator_snapshot": {
    "rsi": {
      "rsi": 32.28,
      "score": 0.2657,
      "norm_score": 0.4597768889722383
    },
    "macd": {
      "macd": 27.8489,
      "signal": 25.6867,
      "histogram": 2.1622,
      "score": 0.0534,
      "norm_score": 0.3258419273678467
    },
    "stochastic": {
      "k": 47.67,
      "d": 47.67,
      "score": 0.0233,
      "norm_score": -0.13116724407045138
    },
    "ema": {
      "trend": "bullish",
      "fast_ema": 74097.39311475944,
      "slow_ema": 74076.35640356346
    },
    "obv": {
      "obv_slope": 0.0,
      "price_slope": 21.1167,
      "score": 0.0,
      "norm_score": -0.10890406946521025
    },
    "vwap": {
      "vwap": 73946.8,
      "deviation": 3.1938,
      "score": -0.9581,
      "norm_score": -0.13518031756426394
    },
    "atr": {
      "atr": 30.68,
      "passes": true,
      "reason": "ok"
    },
    "weights": {
      "rsi": 0.2,
      "macd": 0.25,
      "stochastic": 0.2,
      "obv": 0.15,
      "vwap": 0.2,
      "entry_threshold": 0.6
    },
    "trade_context": {
      "btc_price": 74199.4,
      "strike_price": 74119.45923821464,
      "seconds_remaining": 205.747214,
      "market_price_up": 0.87,
      "market_price_down": 0.12,
      "model_probability_raw": 0.3038737328736433,
      "model_probability": 0.3038737328736433,
      "edge": 0.18387373287364328,
      "momentum_score": 0.1038107368896847,
      "atr": 30.68,
      "size": 12.24,
      "flow_score": 0.0941,
      "flow_book_imbalance": 0.3301,
      "flow_trade_count": 200,
      "spot_flow_signal": -0.038190320400329464,
      "wall_pressure": 0.0,
      "iv_ratio": 1.488159849597847,
      "prev_resolution_margin": 22.600506822796888,
      "bybit_perp_price": 74126.4,
      "funding_rate": -7.536e-05,
      "depth_usd_top20": 125552.5396197,
      "entry_phase": "normal",
      "flip_count": 1,
      "is_flip": true,
      "cvd_120s": -7e-05,
      "taker_ratio_60s": 0.5,
      "volume_surge": false,
      "liquidation_pressure": -0.016151016156290787,
      "gex_signal": 1.0,
      "gex_regime": "stabilizing",
      "cvd_acceleration": 0.0,
      "clob_velocity_up": 0.0,
      "clob_velocity_down": 0.0,
      "coinbase_btc": 74199.4,
      "regime_state": "volatile",
      "regime_kelly_mult": 0.7,
      "sprt_confidence": 0.05910108748541703,
      "sprt_status": "SKIP",
      "signal_consensus": 0.6,
      "adverse_selection_30s": 0.5,
      "alpha_decay_rate": 0.0018344236727756411,
      "garch_vol_ratio": 2.0,
      "crowd_bias": {
        "flb": 0.0222,
        "recency_fade": -0.3,
        "round_number_dampening": 1.0,
        "composite_logit_adjustment": 0.0162
      },
      "oracle_divergence": 2.349999999991269,
      "edge_realization_ratio": 4.648790421923661
    }
  },
  "exit_reason": "resolution",
  "timestamp": "2026-04-15T11:57:12.103599+00:00"
}