{
  "position_id": 592,
  "market_id": "btc-updown-5m-1780136400",
  "question": "Bitcoin Up or Down - May 30, 6:20AM-6:25AM ET",
  "side": "Down",
  "signal_score": 0.9820137900379085,
  "correct": false,
  "entry_price": 0.8,
  "exit_price": 0.0,
  "log_return": -10.0,
  "size": 5.42,
  "pnl": -5.42,
  "fees": 0.019512000000000286,
  "gain_pct": -1.0,
  "realized_edge": 0.182,
  "fill_slippage": 0.0,
  "indicator_snapshot": {
    "rsi": {
      "rsi": 37.8,
      "score": 0.183
    },
    "macd": {
      "macd": 4.9811,
      "signal": 7.3548,
      "histogram": -2.3737,
      "score": -0.4813
    },
    "stochastic": {
      "k": 0.0,
      "d": 3.16,
      "score": 1.0
    },
    "ema": {
      "trend": "chop",
      "fast_ema": 73644.59866277594,
      "slow_ema": 73644.73506425478
    },
    "obv": {
      "obv_slope": -4.26,
      "price_slope": -8.445,
      "score": -0.141
    },
    "vwap": {
      "vwap": 73551.09,
      "deviation": 2.3278,
      "score": -0.6983
    },
    "atr": {
      "atr": 9.26,
      "passes": true,
      "reason": "ok"
    },
    "weights": {
      "rsi": 0.2,
      "macd": 0.3,
      "stochastic": 0.15,
      "obv": 0.15,
      "vwap": 0.2
    },
    "trade_context": {
      "btc_price": 73527.55,
      "strike_price": 73566.5448027426,
      "seconds_remaining": 235.32013,
      "market_price_up": 0.21,
      "market_price_down": 0.8,
      "closes_tail": [
        73644.89,
        73640.0
      ],
      "model_probability": 0.9820137900379085,
      "model_probability_raw": 0.9820137900379085,
      "edge": 0.1820137900379084,
      "atr": 9.26,
      "atr_rolling_20": 9.938,
      "atr_long_term_mean": 9.00715,
      "size": 5.42,
      "prev_resolution_margin": 19.610016451275442,
      "flow_score": -0.0755,
      "spot_flow_signal": 0.07045027624684305,
      "regime_state": "neutral",
      "regime_autocorr": -0.1715,
      "regime_direction": -1.0,
      "entry_phase": "normal",
      "flip_count": 0,
      "is_flip": false,
      "depth_usd_top20": 1110988.6720200002,
      "coinbase_cvd_60s": 0.446,
      "coinbase_taker_60s": 0.6472,
      "coinbase_taker_n": 128,
      "sprt_confidence": 1.0,
      "sprt_status": "ENTER",
      "adverse_rate_at_30s": 0.55,
      "adverse_kelly_mult": 0.85,
      "token_id_up": "56861883468859100363557544173145748294297810031183986952821519164587040663139",
      "token_id_down": "70630736989435401173542476850580907016374999290042342573191760159956187885750"
    }
  },
  "exit_reason": "resolution",
  "seconds_remaining_at_exit": 0.0,
  "edge_decay": {
    "midprice_at_fill": 0.505,
    "deltas": {
      "5s": -0.29,
      "10s": -0.29,
      "15s": -0.27,
      "30s": -0.25,
      "60s": -0.23
    },
    "resolved_windows": 5
  },
  "exit_timestamp": "2026-05-30T10:27:50.473466+00:00",
  "timestamp": "2026-05-30T10:27:50.473466+00:00"
}