{
  "position_id": 598,
  "market_id": "btc-updown-5m-1776255600",
  "question": "Bitcoin Up or Down - April 15, 8:20AM-8:25AM ET",
  "side": "Up",
  "signal_score": 0.7860936003338548,
  "correct": true,
  "entry_price": 0.68,
  "exit_price": 1.0,
  "log_return": 0.38566248081198456,
  "size": 14.6,
  "pnl": 6.746917647058821,
  "fees": 0.08409600000000111,
  "gain_pct": 0.462118,
  "weight_version": "weights_v001",
  "category": "crypto-5min",
  "indicator_snapshot": {
    "rsi": {
      "rsi": 0.0,
      "score": 1.0,
      "norm_score": 0.20213704654461315
    },
    "macd": {
      "macd": 1.8979,
      "signal": 4.9997,
      "histogram": -3.1018,
      "score": -0.2867,
      "norm_score": 2.212387786623397
    },
    "stochastic": {
      "k": 0.0,
      "d": 0.0,
      "score": 1.0,
      "norm_score": 0.01967242368487714
    },
    "ema": {
      "trend": "chop",
      "fast_ema": 74194.5538880586,
      "slow_ema": 74197.47288887115
    },
    "obv": {
      "obv_slope": 0.0,
      "price_slope": 0.0,
      "score": 0.0,
      "norm_score": 0.15402096467345477
    },
    "vwap": {
      "vwap": 73975.43,
      "deviation": 2.3862,
      "score": -0.7159,
      "norm_score": 0.008196503740943294
    },
    "atr": {
      "atr": 15.88,
      "passes": true,
      "reason": "ok"
    },
    "weights": {
      "rsi": 0.2,
      "macd": 0.25,
      "stochastic": 0.2,
      "obv": 0.15,
      "vwap": 0.2,
      "entry_threshold": 0.6
    },
    "trade_context": {
      "btc_price": 74276.18,
      "strike_price": 74225.64112,
      "seconds_remaining": 115.918692,
      "market_price_up": 0.68,
      "market_price_down": 0.31,
      "model_probability_raw": 0.7860936003338548,
      "model_probability": 0.7860936003338548,
      "edge": 0.10609360033385473,
      "momentum_score": 0.6222012861509543,
      "atr": 15.88,
      "size": 14.6,
      "flow_score": -0.0881,
      "flow_book_imbalance": 0.1058,
      "flow_trade_count": 200,
      "spot_flow_signal": 0.06502764608268151,
      "wall_pressure": 0.0,
      "iv_ratio": 2.874859110045794,
      "prev_resolution_margin": -18.05000000000291,
      "bybit_perp_price": 74198.3,
      "funding_rate": -7.32e-05,
      "depth_usd_top20": 301182.0487943,
      "entry_phase": "late",
      "flip_count": 1,
      "is_flip": true,
      "cvd_120s": 0.0,
      "taker_ratio_60s": 0.5,
      "volume_surge": false,
      "liquidation_pressure": 0.0,
      "gex_signal": 1.0,
      "gex_regime": "stabilizing",
      "cvd_acceleration": 0.0,
      "clob_velocity_up": 0.06587077448825862,
      "clob_velocity_down": -0.06587077448825862,
      "coinbase_btc": 74274.03,
      "regime_state": "neutral",
      "regime_kelly_mult": 1.0,
      "sprt_confidence": 0.0,
      "sprt_status": "SKIP",
      "signal_consensus": 0.8,
      "adverse_selection_30s": 0.5,
      "alpha_decay_rate": -0.0016017066777524902,
      "garch_vol_ratio": 2.0,
      "crowd_bias": {
        "flb": 0.0108,
        "recency_fade": 0.0,
        "round_number_dampening": 1.0,
        "composite_logit_adjustment": 0.0108
      },
      "oracle_divergence": 26.49174113603658,
      "edge_realization_ratio": 3.5974239176762643
    }
  },
  "exit_reason": "resolution",
  "timestamp": "2026-04-15T12:29:09.683936+00:00"
}