{
  "position_id": 600,
  "market_id": "btc-updown-5m-1780137600",
  "question": "Bitcoin Up or Down - May 30, 6:40AM-6:45AM ET",
  "side": "Down",
  "signal_score": 0.9820137900379085,
  "correct": false,
  "entry_price": 0.8199999999999998,
  "exit_price": 0.0,
  "log_return": -10.0,
  "size": 8.73,
  "pnl": -8.73,
  "fees": 0.028284999999999907,
  "gain_pct": -1.0,
  "realized_edge": 0.162,
  "fill_slippage": -0.0,
  "indicator_snapshot": {
    "rsi": {
      "rsi": 99.96,
      "score": -0.9992
    },
    "macd": {
      "macd": 2.5611,
      "signal": 0.999,
      "histogram": 1.5621,
      "score": 0.2797
    },
    "stochastic": {
      "k": 84.27,
      "d": 84.29,
      "score": -0.4496
    },
    "ema": {
      "trend": "chop",
      "fast_ema": 73640.9192744164,
      "slow_ema": 73637.25231978967
    },
    "obv": {
      "obv_slope": -1.99,
      "price_slope": -0.005,
      "score": -0.0662
    },
    "vwap": {
      "vwap": 73563.51,
      "deviation": 1.6434,
      "score": -0.493
    },
    "atr": {
      "atr": 9.05,
      "passes": true,
      "reason": "ok"
    },
    "weights": {
      "rsi": 0.2,
      "macd": 0.3,
      "stochastic": 0.15,
      "obv": 0.15,
      "vwap": 0.2
    },
    "trade_context": {
      "btc_price": 73522.7,
      "strike_price": 73533.14615506784,
      "seconds_remaining": 22.92192,
      "market_price_up": 0.19,
      "market_price_down": 0.82,
      "closes_tail": [
        73642.49,
        73642.48
      ],
      "model_probability": 0.9820137900379085,
      "model_probability_raw": 0.9820137900379085,
      "edge": 0.1620137900379085,
      "atr": 9.05,
      "atr_rolling_20": 9.05,
      "atr_long_term_mean": 9.05,
      "size": 8.73,
      "prev_resolution_margin": -3.209945107548265,
      "flow_score": -0.0774,
      "spot_flow_signal": -0.14439107510222657,
      "regime_state": "neutral",
      "regime_autocorr": -0.1776,
      "regime_direction": -1.0,
      "entry_phase": "final",
      "flip_count": 1,
      "is_flip": true,
      "depth_usd_top20": 889924.6794807002,
      "coinbase_cvd_60s": -2.3565,
      "coinbase_taker_60s": 0.2958,
      "coinbase_taker_n": 233,
      "sprt_confidence": 1.0,
      "sprt_status": "ENTER",
      "adverse_rate_at_30s": 0.5,
      "adverse_kelly_mult": 0.925,
      "token_id_up": "93086794618063300745832655822074485079180869223437935515606316752940772467461",
      "token_id_down": "91399711419006848274202260299838346077418365577417275484231259432478382195355"
    }
  },
  "exit_reason": "resolution",
  "seconds_remaining_at_exit": 0.0,
  "edge_decay": {
    "midprice_at_fill": 0.505,
    "deltas": {
      "5s": -0.18,
      "10s": -0.155,
      "15s": -0.27,
      "30s": 0.38,
      "60s": null
    },
    "resolved_windows": 4
  },
  "exit_timestamp": "2026-05-30T10:48:09.266701+00:00",
  "timestamp": "2026-05-30T10:48:09.266701+00:00"
}