{
  "position_id": 609,
  "market_id": "btc-updown-5m-1776258000",
  "question": "Bitcoin Up or Down - April 15, 9:00AM-9:05AM ET",
  "side": "Down",
  "signal_score": 0.6408557338216601,
  "correct": false,
  "entry_price": 0.57,
  "exit_price": 0.53,
  "log_return": -0.07275935428242819,
  "size": 3.58,
  "pnl": -0.3049355789473682,
  "fees": 0.05565200000000012,
  "gain_pct": -0.085178,
  "weight_version": "weights_v001",
  "category": "crypto-5min",
  "indicator_snapshot": {
    "rsi": {
      "rsi": 0.0,
      "score": 1.0,
      "norm_score": 0.0001464856505656143
    },
    "macd": {
      "macd": -14.7377,
      "signal": -9.6983,
      "histogram": -5.0394,
      "score": -0.4204,
      "norm_score": 1.5374500040883918
    },
    "stochastic": {
      "k": 0.0,
      "d": 0.0,
      "score": 1.0,
      "norm_score": 0.0001464655994933853
    },
    "ema": {
      "trend": "bearish",
      "fast_ema": 74297.60520000255,
      "slow_ema": 74313.9910292004
    },
    "obv": {
      "obv_slope": -0.0,
      "price_slope": -6.0833,
      "score": -0.0045,
      "norm_score": -0.0906395528025061
    },
    "vwap": {
      "vwap": 74100.1,
      "deviation": 1.0219,
      "score": -0.3066,
      "norm_score": 2.9387931952577353
    },
    "atr": {
      "atr": 11.08,
      "passes": true,
      "reason": "ok"
    },
    "weights": {
      "rsi": 0.2,
      "macd": 0.25,
      "stochastic": 0.2,
      "obv": 0.15,
      "vwap": 0.2,
      "entry_threshold": 0.6
    },
    "trade_context": {
      "btc_price": 74288.0,
      "strike_price": 74295.82,
      "seconds_remaining": 297.314645,
      "market_price_up": 0.44,
      "market_price_down": 0.57,
      "model_probability_raw": 0.6408557338216601,
      "model_probability": 0.6408557338216601,
      "edge": 0.0708557338216601,
      "momentum_score": 0.9585837974032809,
      "atr": 11.08,
      "size": 3.58,
      "flow_score": -0.1688,
      "flow_book_imbalance": -0.0031,
      "flow_trade_count": 23,
      "spot_flow_signal": -0.3235373424713012,
      "wall_pressure": 0.0,
      "iv_ratio": 3.0,
      "prev_resolution_margin": -50.62505981144204,
      "bybit_perp_price": 74209.8,
      "funding_rate": -8.2e-05,
      "depth_usd_top20": 256693.9794648,
      "entry_phase": "normal",
      "flip_count": 0,
      "is_flip": false,
      "cvd_120s": 0.014429999999999998,
      "taker_ratio_60s": 1.0,
      "volume_surge": false,
      "liquidation_pressure": -0.04006793091533341,
      "gex_signal": 1.0,
      "gex_regime": "stabilizing",
      "cvd_acceleration": -0.0002862222222222222,
      "clob_velocity_up": -0.0656344516775161,
      "clob_velocity_down": 0.06563445167751633,
      "coinbase_btc": 74288.0,
      "regime_state": "trending_down",
      "regime_kelly_mult": 1.2,
      "sprt_confidence": 0.0,
      "sprt_status": "ACCUMULATING",
      "signal_consensus": 1.3,
      "adverse_selection_30s": 0.5,
      "alpha_decay_rate": 0.0,
      "garch_vol_ratio": 2.0,
      "crowd_bias": {
        "flb": 0.0,
        "recency_fade": 0.0,
        "round_number_dampening": 1.0,
        "composite_logit_adjustment": 0.0
      },
      "oracle_divergence": 7.169999999998254,
      "edge_realization_ratio": 3.5891449416646486
    }
  },
  "exit_reason": "scalp",
  "timestamp": "2026-04-15T13:00:13.250930+00:00"
}