{
  "position_id": 610,
  "market_id": "btc-updown-5m-1780140300",
  "question": "Bitcoin Up or Down - May 30, 7:25AM-7:30AM ET",
  "side": "Down",
  "signal_score": 0.7154423988718382,
  "correct": true,
  "entry_price": 0.53,
  "exit_price": 0.67,
  "log_return": 0.23440070583884418,
  "size": 1.31,
  "pnl": 0.31166397446226446,
  "fees": 0.029215960499999947,
  "gain_pct": 0.237911,
  "realized_edge": 0.1854,
  "fill_slippage": 0.0,
  "indicator_snapshot": {
    "rsi": {
      "rsi": 67.84,
      "score": -0.2676
    },
    "macd": {
      "macd": -7.6972,
      "signal": -11.761,
      "histogram": 4.0638,
      "score": 0.3542
    },
    "stochastic": {
      "k": 99.97,
      "d": 99.97,
      "score": -0.9989
    },
    "ema": {
      "trend": "chop",
      "fast_ema": 73590.61531695924,
      "slow_ema": 73590.08587392082
    },
    "obv": {
      "obv_slope": 5.44,
      "price_slope": 16.22,
      "score": 0.1793
    },
    "vwap": {
      "vwap": 73581.09,
      "deviation": 0.3111,
      "score": -0.0933
    },
    "atr": {
      "atr": 9.0,
      "passes": true,
      "reason": "ok"
    },
    "weights": {
      "rsi": 0.2,
      "macd": 0.3,
      "stochastic": 0.15,
      "obv": 0.15,
      "vwap": 0.2
    },
    "trade_context": {
      "btc_price": 73478.02,
      "strike_price": 73486.82686524591,
      "seconds_remaining": 292.491026,
      "market_price_up": 0.48,
      "market_price_down": 0.53,
      "closes_tail": [
        73596.63,
        73597.06
      ],
      "model_probability": 0.7154423988718382,
      "model_probability_raw": 0.7154423988718382,
      "edge": 0.18544239887183822,
      "atr": 9.0,
      "atr_rolling_20": 9.2925,
      "atr_long_term_mean": 9.37685,
      "size": 1.31,
      "prev_resolution_margin": -3.209945107548265,
      "flow_score": -0.223,
      "spot_flow_signal": 0.41814635072613376,
      "regime_state": "neutral",
      "regime_autocorr": -0.1951,
      "regime_direction": -1.0,
      "entry_phase": "normal",
      "flip_count": 0,
      "is_flip": false,
      "depth_usd_top20": 766533.3968178,
      "coinbase_cvd_60s": 9.0511,
      "coinbase_taker_60s": 0.9366,
      "coinbase_taker_n": 281,
      "sprt_confidence": 0.2308705545815559,
      "sprt_status": "ACCUMULATING",
      "adverse_rate_at_30s": 0.625,
      "adverse_kelly_mult": 0.738,
      "token_id_up": "80656445085700646560484033441892148296242582753326448218609255883035045054359",
      "token_id_down": "36610114718913215758869388905634436291479558772323733354576624312713044317143"
    }
  },
  "exit_reason": "scalp",
  "seconds_remaining_at_exit": 261.866167,
  "edge_decay": {
    "midprice_at_fill": 0.505,
    "deltas": {
      "5s": -0.11,
      "10s": -0.04,
      "15s": -0.03,
      "30s": null,
      "60s": null
    },
    "resolved_windows": 3
  },
  "exit_timestamp": "2026-05-30T11:25:40.622498+00:00",
  "timestamp": "2026-05-30T11:25:40.622498+00:00"
}