{
  "position_id": 615,
  "market_id": "btc-updown-5m-1780141200",
  "question": "Bitcoin Up or Down - May 30, 7:40AM-7:45AM ET",
  "side": "Down",
  "signal_score": 0.5645266262820281,
  "correct": false,
  "entry_price": 0.44,
  "exit_price": 0.34,
  "log_return": -0.2578291093020997,
  "size": 1.31,
  "pnl": -0.32627158397727263,
  "fees": 0.03346116749999991,
  "gain_pct": -0.249062,
  "realized_edge": 0.1245,
  "fill_slippage": 0.0,
  "indicator_snapshot": {
    "rsi": {
      "rsi": 93.87,
      "score": -0.8569
    },
    "macd": {
      "macd": 8.6395,
      "signal": 7.1,
      "histogram": 1.5395,
      "score": 0.2113
    },
    "stochastic": {
      "k": 99.97,
      "d": 96.31,
      "score": -0.9988
    },
    "ema": {
      "trend": "bullish",
      "fast_ema": 73617.03585038199,
      "slow_ema": 73609.43406131766
    },
    "obv": {
      "obv_slope": -0.46,
      "price_slope": 0.71,
      "score": -0.0076
    },
    "vwap": {
      "vwap": 73584.46,
      "deviation": 0.722,
      "score": -0.2166
    },
    "atr": {
      "atr": 5.62,
      "passes": true,
      "reason": "ok"
    },
    "weights": {
      "rsi": 0.2,
      "macd": 0.3,
      "stochastic": 0.15,
      "obv": 0.15,
      "vwap": 0.2
    },
    "trade_context": {
      "btc_price": 73513.54,
      "strike_price": 73514.42896556045,
      "seconds_remaining": 286.84018,
      "market_price_up": 0.57,
      "market_price_down": 0.44,
      "closes_tail": [
        73616.0,
        73619.42
      ],
      "model_probability": 0.5645266262820281,
      "model_probability_raw": 0.5645266262820281,
      "edge": 0.1245266262820281,
      "atr": 5.62,
      "atr_rolling_20": 5.7125,
      "atr_long_term_mean": 5.96225,
      "size": 1.31,
      "prev_resolution_margin": -3.209945107548265,
      "flow_score": -0.1204,
      "spot_flow_signal": -0.16002806597572705,
      "regime_state": "neutral",
      "regime_autocorr": -0.1795,
      "regime_direction": -1.0,
      "entry_phase": "normal",
      "flip_count": 0,
      "is_flip": false,
      "depth_usd_top20": 740730.8568822001,
      "coinbase_cvd_60s": -1.0078,
      "coinbase_taker_60s": 0.1712,
      "coinbase_taker_n": 142,
      "sprt_confidence": 0.0,
      "sprt_status": "ACCUMULATING",
      "adverse_rate_at_30s": 0.47058823529411764,
      "adverse_kelly_mult": 0.969,
      "token_id_up": "49523811409333192363111954112253430748072212302393597092370914148295425732445",
      "token_id_down": "95350589242554007780789149661331097712417521745344028714820230008847046992045"
    }
  },
  "exit_reason": "scalp",
  "seconds_remaining_at_exit": 231.752157,
  "edge_decay": {
    "midprice_at_fill": 0.505,
    "deltas": {
      "5s": 0.09,
      "10s": 0.07,
      "15s": 0.06,
      "30s": 0.25,
      "60s": null
    },
    "resolved_windows": 4
  },
  "exit_timestamp": "2026-05-30T11:41:09.050214+00:00",
  "timestamp": "2026-05-30T11:41:09.050214+00:00"
}