{
  "position_id": 6167,
  "market_id": "btc-updown-5m-1778827500",
  "question": "Bitcoin Up or Down - May 15, 2:45AM-2:50AM ET",
  "side": "Down",
  "signal_score": 0.7073385147603283,
  "correct": true,
  "entry_price": 0.65,
  "exit_price": 0.71,
  "log_return": 0.08829260714567821,
  "size": 3.14,
  "pnl": 0.25044712307692274,
  "fees": 0.037572999999999926,
  "gain_pct": 0.07976,
  "realized_edge": 0.0573,
  "fill_slippage": 0.0,
  "indicator_snapshot": {
    "rsi": {
      "rsi": 100.0,
      "score": -1.0,
      "norm_score": 0.0
    },
    "macd": {
      "macd": 35.289,
      "signal": 36.0192,
      "histogram": -0.7302,
      "score": -0.0319,
      "norm_score": 0.0
    },
    "stochastic": {
      "k": 100.0,
      "d": 100.0,
      "score": -1.0,
      "norm_score": 0.0
    },
    "ema": {
      "trend": "bullish",
      "fast_ema": 80631.10238583348,
      "slow_ema": 80609.95166184504
    },
    "obv": {
      "obv_slope": 0.0,
      "price_slope": 0.0,
      "score": 0.0,
      "norm_score": 0.0
    },
    "vwap": {
      "vwap": 80777.68,
      "deviation": -0.6253,
      "score": 0.1876,
      "norm_score": 0.0
    },
    "atr": {
      "atr": 11.27,
      "passes": true,
      "reason": "ok"
    },
    "weights": {
      "rsi": 0.05,
      "macd": 0.5,
      "stochastic": 0.05,
      "obv": 0.3,
      "vwap": 0.1
    },
    "trade_context": {
      "btc_price": 80572.0,
      "strike_price": 80583.43236957234,
      "seconds_remaining": 220.372102,
      "market_price_up": 0.36,
      "market_price_down": 0.65,
      "model_probability": 0.7073385147603283,
      "model_probability_raw": 0.7906498095458252,
      "edge": 0.05733851476032825,
      "atr": 11.27,
      "size": 3.14,
      "prev_resolution_margin": -37.48454763607879,
      "flow_score": 0.0684,
      "spot_flow_signal": 0.0320909800590603,
      "liquidation_pressure": 0.0,
      "regime_state": "neutral",
      "regime_autocorr": -0.1282,
      "regime_direction": 0.0,
      "entry_phase": "normal",
      "flip_count": 2,
      "is_flip": true,
      "depth_usd_top20": 386737.003708,
      "sprt_confidence": 0.05287820534473657,
      "sprt_status": "ACCUMULATING",
      "adverse_selection_30s": 0.0,
      "token_id_up": "31509610958576283427749314012809466763805279953309564479052422901358365177159",
      "token_id_down": "98622800711858833189903525226937594702756034692415942766528844019425345164734"
    }
  },
  "exit_reason": "scalp",
  "seconds_remaining_at_exit": 168.305377,
  "exit_timestamp": "2026-05-15T06:47:12.401702+00:00",
  "timestamp": "2026-05-15T06:47:12.401702+00:00"
}