{
  "position_id": 6168,
  "market_id": "btc-updown-5m-1778827800",
  "question": "Bitcoin Up or Down - May 15, 2:50AM-2:55AM ET",
  "side": "Up",
  "signal_score": 0.5924655772853724,
  "correct": false,
  "entry_price": 0.52,
  "exit_price": 0.38,
  "log_return": -0.31365755885504165,
  "size": 6.66,
  "pnl": -1.8889728461538455,
  "fees": 0.11138799999999976,
  "gain_pct": -0.28363,
  "realized_edge": 0.0725,
  "fill_slippage": 0.0,
  "indicator_snapshot": {
    "rsi": {
      "rsi": 0.0,
      "score": 1.0,
      "norm_score": 0.0
    },
    "macd": {
      "macd": 4.0033,
      "signal": 11.8711,
      "histogram": -7.8678,
      "score": -0.4319,
      "norm_score": 0.0
    },
    "stochastic": {
      "k": 18.5,
      "d": 18.5,
      "score": 0.3526,
      "norm_score": 0.0
    },
    "ema": {
      "trend": "chop",
      "fast_ema": 80582.9782741146,
      "slow_ema": 80590.81498858253
    },
    "obv": {
      "obv_slope": 0.0,
      "price_slope": 0.0,
      "score": 0.0,
      "norm_score": 0.0
    },
    "vwap": {
      "vwap": 80768.14,
      "deviation": -0.8274,
      "score": 0.2482,
      "norm_score": 0.0
    },
    "atr": {
      "atr": 13.23,
      "passes": true,
      "reason": "ok"
    },
    "weights": {
      "rsi": 0.05,
      "macd": 0.5,
      "stochastic": 0.05,
      "obv": 0.3,
      "vwap": 0.1
    },
    "trade_context": {
      "btc_price": 80582.49,
      "strike_price": 80578.44684668352,
      "seconds_remaining": 298.912888,
      "market_price_up": 0.52,
      "market_price_down": 0.49,
      "model_probability": 0.5924655772853724,
      "model_probability_raw": 0.5847354766790542,
      "edge": 0.0724655772853724,
      "atr": 13.23,
      "size": 6.66,
      "prev_resolution_margin": -37.48454763607879,
      "flow_score": 0.2469,
      "spot_flow_signal": 9.94694209939915e-05,
      "liquidation_pressure": 0.0,
      "regime_state": "volatile",
      "regime_autocorr": -0.1242,
      "regime_direction": 0.0,
      "entry_phase": "normal",
      "flip_count": 0,
      "is_flip": false,
      "depth_usd_top20": 333240.5287767999,
      "sprt_confidence": 0.0,
      "sprt_status": "ACCUMULATING",
      "adverse_selection_30s": 0.2857142857142857,
      "token_id_up": "68818355729717239244703771649013443400037818203234110454085602267948047425158",
      "token_id_down": "32997699585954757567621782098025863275154632767477992686295377780958168906669"
    }
  },
  "exit_reason": "scalp",
  "seconds_remaining_at_exit": 239.862469,
  "exit_timestamp": "2026-05-15T06:51:00.990555+00:00",
  "timestamp": "2026-05-15T06:51:00.990555+00:00"
}