{
  "position_id": 616,
  "market_id": "btc-updown-5m-1776260700",
  "question": "Bitcoin Up or Down - April 15, 9:45AM-9:50AM ET",
  "side": "Down",
  "signal_score": 0.6386389912851145,
  "correct": false,
  "entry_price": 0.51,
  "exit_price": 0.0,
  "log_return": -10.0,
  "size": 5.37,
  "pnl": -5.37,
  "fees": 0.04736300000000037,
  "gain_pct": -1.0,
  "weight_version": "weights_v001",
  "category": "crypto-5min",
  "indicator_snapshot": {
    "rsi": {
      "rsi": 49.4,
      "score": 0.009,
      "norm_score": 0.5179213816188434
    },
    "macd": {
      "macd": -76.6498,
      "signal": -79.041,
      "histogram": 2.3911,
      "score": 0.0441,
      "norm_score": -1.2271451003433298
    },
    "stochastic": {
      "k": 0.0,
      "d": 0.0,
      "score": 1.0,
      "norm_score": 1.0250329009297618
    },
    "ema": {
      "trend": "bearish",
      "fast_ema": 73890.16061055931,
      "slow_ema": 73935.90064967972
    },
    "obv": {
      "obv_slope": -0.0,
      "price_slope": -36.44,
      "score": -0.0025,
      "norm_score": -1.2062566067181208
    },
    "vwap": {
      "vwap": 74160.45,
      "deviation": -1.5373,
      "score": 0.4612,
      "norm_score": 1.0347524565220934
    },
    "atr": {
      "atr": 67.3,
      "passes": true,
      "reason": "ok"
    },
    "weights": {
      "rsi": 0.2,
      "macd": 0.25,
      "stochastic": 0.2,
      "obv": 0.15,
      "vwap": 0.2,
      "entry_threshold": 0.6
    },
    "trade_context": {
      "btc_price": 73870.4,
      "strike_price": 73896.79562183417,
      "seconds_remaining": 59.281943,
      "market_price_up": 0.48,
      "market_price_down": 0.51,
      "model_probability_raw": 0.6386389912851145,
      "model_probability": 0.6386389912851145,
      "edge": 0.12863899128511447,
      "momentum_score": 0.02781658172058918,
      "atr": 67.3,
      "size": 5.37,
      "flow_score": 0.0109,
      "flow_book_imbalance": 0.0516,
      "flow_trade_count": 200,
      "spot_flow_signal": 0.12308968074290927,
      "wall_pressure": 0.0,
      "iv_ratio": 0.6543535618137896,
      "prev_resolution_margin": 0.0,
      "bybit_perp_price": 73818.9,
      "funding_rate": -8.917e-05,
      "depth_usd_top20": 250442.2168877,
      "entry_phase": "late",
      "flip_count": 0,
      "is_flip": false,
      "cvd_120s": -0.026359999999999998,
      "taker_ratio_60s": 1.0,
      "volume_surge": false,
      "liquidation_pressure": 0.0,
      "gex_signal": 1.0,
      "gex_regime": "stabilizing",
      "cvd_acceleration": -0.0001648888888888889,
      "clob_velocity_up": 0.0,
      "clob_velocity_down": 0.0,
      "coinbase_btc": 73876.0,
      "regime_state": "volatile",
      "regime_kelly_mult": 0.7,
      "sprt_confidence": 0.0,
      "sprt_status": "SKIP",
      "signal_consensus": 0.6,
      "adverse_selection_30s": 0.5,
      "alpha_decay_rate": -0.002869939490132236,
      "garch_vol_ratio": 2.0,
      "crowd_bias": {
        "flb": 0.0,
        "recency_fade": 0.0,
        "round_number_dampening": 1.0,
        "composite_logit_adjustment": 0.0
      },
      "oracle_divergence": 5.330000000001746,
      "edge_realization_ratio": 1.0
    }
  },
  "exit_reason": "resolution",
  "timestamp": "2026-04-15T13:55:37.080777+00:00"
}