{
  "position_id": 6177,
  "market_id": "btc-updown-5m-1778830500",
  "question": "Bitcoin Up or Down - May 15, 3:35AM-3:40AM ET",
  "side": "Up",
  "signal_score": 0.8101026134166592,
  "correct": false,
  "entry_price": 0.63,
  "exit_price": 0.0,
  "log_return": -10.0,
  "size": 22.41,
  "pnl": -22.41,
  "fees": 0.14925100000000072,
  "gain_pct": -1.0,
  "realized_edge": 0.1801,
  "fill_slippage": 0.0,
  "indicator_snapshot": {
    "rsi": {
      "rsi": 0.0,
      "score": 1.0,
      "norm_score": 1.3870044619866777
    },
    "macd": {
      "macd": -11.732,
      "signal": 1.6631,
      "histogram": -13.395,
      "score": -0.4965,
      "norm_score": -0.8446312328464577
    },
    "stochastic": {
      "k": 0.0,
      "d": 0.0,
      "score": 1.0,
      "norm_score": 0.892322236889856
    },
    "ema": {
      "trend": "bearish",
      "fast_ema": 80825.27814289276,
      "slow_ema": 80850.68768432549
    },
    "obv": {
      "obv_slope": 0.0,
      "price_slope": 0.0,
      "score": 0.0,
      "norm_score": 0.0002474757059885337
    },
    "vwap": {
      "vwap": 80728.76,
      "deviation": 0.4232,
      "score": -0.127,
      "norm_score": -0.4929663880184679
    },
    "atr": {
      "atr": 26.35,
      "passes": true,
      "reason": "ok"
    },
    "weights": {
      "rsi": 0.05,
      "macd": 0.5,
      "stochastic": 0.05,
      "obv": 0.3,
      "vwap": 0.1
    },
    "trade_context": {
      "btc_price": 80815.92,
      "strike_price": 80783.78749054515,
      "seconds_remaining": 296.48927,
      "market_price_up": 0.63,
      "market_price_down": 0.38,
      "model_probability": 0.8101026134166592,
      "model_probability_raw": 0.8549262154792171,
      "edge": 0.18010261341665923,
      "atr": 26.35,
      "size": 22.41,
      "prev_resolution_margin": -37.48454763607879,
      "flow_score": 0.3744,
      "spot_flow_signal": 0.7935862339421372,
      "liquidation_pressure": 0.00026537257928048056,
      "regime_state": "neutral",
      "regime_autocorr": 0.136,
      "regime_direction": 0.0,
      "entry_phase": "normal",
      "flip_count": 0,
      "is_flip": false,
      "depth_usd_top20": 378605.37897200003,
      "sprt_confidence": 0.13199598908091942,
      "sprt_status": "ACCUMULATING",
      "adverse_selection_30s": 0.4,
      "token_id_up": "65993562903143251885795286372036559295175181709747437221935019751510945377383",
      "token_id_down": "75868537929123638906512122859471896020202946083281587338722094103824886993599"
    }
  },
  "exit_reason": "resolution",
  "seconds_remaining_at_exit": 0.0,
  "exit_timestamp": "2026-05-15T07:42:45.579241+00:00",
  "timestamp": "2026-05-15T07:42:45.579241+00:00"
}