{
  "position_id": 618,
  "market_id": "btc-updown-5m-1780141800",
  "question": "Bitcoin Up or Down - May 30, 7:50AM-7:55AM ET",
  "side": "Down",
  "signal_score": 0.6400692614617605,
  "correct": false,
  "entry_price": 0.49,
  "exit_price": 0.0,
  "log_return": -10.0,
  "size": 1.12,
  "pnl": -1.12,
  "fees": 0.010281999999999906,
  "gain_pct": -1.0,
  "realized_edge": 0.1501,
  "fill_slippage": 0.0,
  "indicator_snapshot": {
    "rsi": {
      "rsi": 16.02,
      "score": 0.6261
    },
    "macd": {
      "macd": -0.79,
      "signal": 2.5654,
      "histogram": -3.3554,
      "score": -0.6757
    },
    "stochastic": {
      "k": 0.05,
      "d": 0.05,
      "score": 0.9982
    },
    "ema": {
      "trend": "chop",
      "fast_ema": 73614.02153486403,
      "slow_ema": 73618.93884550313
    },
    "obv": {
      "obv_slope": -1.6,
      "price_slope": -7.28,
      "score": -0.0534
    },
    "vwap": {
      "vwap": 73585.89,
      "deviation": 0.5062,
      "score": -0.1519
    },
    "atr": {
      "atr": 5.42,
      "passes": true,
      "reason": "ok"
    },
    "weights": {
      "rsi": 0.2,
      "macd": 0.3,
      "stochastic": 0.15,
      "obv": 0.15,
      "vwap": 0.2
    },
    "trade_context": {
      "btc_price": 73496.66,
      "strike_price": 73502.62850457837,
      "seconds_remaining": 299.290569,
      "market_price_up": 0.52,
      "market_price_down": 0.49,
      "closes_tail": [
        73610.35,
        73610.35
      ],
      "model_probability": 0.6400692614617605,
      "model_probability_raw": 0.6400692614617605,
      "edge": 0.15006926146176047,
      "atr": 5.42,
      "atr_rolling_20": 5.42,
      "atr_long_term_mean": 5.6135,
      "size": 1.12,
      "prev_resolution_margin": 6.137851302453782,
      "flow_score": -0.4474,
      "spot_flow_signal": 0.09513026090673232,
      "regime_state": "neutral",
      "regime_autocorr": -0.0868,
      "regime_direction": -1.0,
      "entry_phase": "normal",
      "flip_count": 0,
      "is_flip": false,
      "depth_usd_top20": 917605.001376,
      "coinbase_cvd_60s": 0.3752,
      "coinbase_taker_60s": 0.7119,
      "coinbase_taker_n": 92,
      "sprt_confidence": 0.08544516546543322,
      "sprt_status": "ACCUMULATING",
      "adverse_rate_at_30s": 0.3684210526315789,
      "adverse_kelly_mult": 1.0,
      "token_id_up": "2767519240671425078799184699673735558978364007169813800552106646902107683525",
      "token_id_down": "41390649042692155676792230567514270963899666794961744103477328172923830268853"
    }
  },
  "exit_reason": "resolution",
  "seconds_remaining_at_exit": 0.0,
  "edge_decay": {
    "midprice_at_fill": 0.505,
    "deltas": {
      "5s": -0.02,
      "10s": -0.01,
      "15s": -0.01,
      "30s": -0.08,
      "60s": -0.15
    },
    "resolved_windows": 5
  },
  "exit_timestamp": "2026-05-30T12:00:39.552663+00:00",
  "timestamp": "2026-05-30T12:00:39.552663+00:00"
}