{
  "position_id": 6202,
  "market_id": "btc-updown-5m-1778836800",
  "question": "Bitcoin Up or Down - May 15, 5:20AM-5:25AM ET",
  "side": "Up",
  "signal_score": 0.6524268182214014,
  "correct": false,
  "entry_price": 0.5,
  "exit_price": 0.38,
  "log_return": -0.2744368457017603,
  "size": 5.9,
  "pnl": -1.505947,
  "fees": 0.1026909999999997,
  "gain_pct": -0.255245,
  "realized_edge": 0.1524,
  "fill_slippage": 0.0,
  "indicator_snapshot": {
    "rsi": {
      "rsi": 0.0,
      "score": 1.0,
      "norm_score": 1.1323027380128208
    },
    "macd": {
      "macd": -19.858,
      "signal": -15.4511,
      "histogram": -4.407,
      "score": -0.2347,
      "norm_score": -0.7254605760500802
    },
    "stochastic": {
      "k": 0.0,
      "d": 0.0,
      "score": 1.0,
      "norm_score": 1.0404624781262908
    },
    "ema": {
      "trend": "bearish",
      "fast_ema": 80545.60792250835,
      "slow_ema": 80563.87341336312
    },
    "obv": {
      "obv_slope": 0.0,
      "price_slope": 0.0,
      "score": 0.0,
      "norm_score": 0.0034665299849966844
    },
    "vwap": {
      "vwap": 80684.57,
      "deviation": -1.4062,
      "score": 0.4219,
      "norm_score": 1.267531282549278
    },
    "atr": {
      "atr": 13.75,
      "passes": true,
      "reason": "ok"
    },
    "weights": {
      "rsi": 0.05,
      "macd": 0.5,
      "stochastic": 0.05,
      "obv": 0.3,
      "vwap": 0.1
    },
    "trade_context": {
      "btc_price": 80521.23,
      "strike_price": 80512.6,
      "seconds_remaining": 299.064263,
      "market_price_up": 0.5,
      "market_price_down": 0.51,
      "model_probability": 0.6524268182214014,
      "model_probability_raw": 0.6642026487806668,
      "edge": 0.15242681822140136,
      "atr": 13.75,
      "size": 5.9,
      "prev_resolution_margin": -37.48454763607879,
      "flow_score": -0.3869,
      "spot_flow_signal": 3.507123551996305e-05,
      "liquidation_pressure": 0.012848623914557964,
      "regime_state": "neutral",
      "regime_autocorr": 0.07,
      "regime_direction": 0.0,
      "entry_phase": "normal",
      "flip_count": 0,
      "is_flip": false,
      "depth_usd_top20": 294625.2600689999,
      "sprt_confidence": 0.0934358011655228,
      "sprt_status": "ACCUMULATING",
      "adverse_selection_30s": 0.625,
      "token_id_up": "8397965425907674004640442478057567945045208150035234146893644831841719520145",
      "token_id_down": "111605409275943618622282254717997515792688058286022959515509380667566841069814"
    }
  },
  "exit_reason": "scalp",
  "seconds_remaining_at_exit": 279.470575,
  "exit_timestamp": "2026-05-15T09:20:21.367413+00:00",
  "timestamp": "2026-05-15T09:20:21.367413+00:00"
}