{
  "position_id": 620,
  "market_id": "btc-updown-5m-1780142400",
  "question": "Bitcoin Up or Down - May 30, 8:00AM-8:05AM ET",
  "side": "Up",
  "signal_score": 0.6678377766180397,
  "correct": true,
  "entry_price": 0.57,
  "exit_price": 0.72,
  "log_return": 0.23361485118150527,
  "size": 1.25,
  "pnl": 0.2986975947368422,
  "fees": 0.025582112499999955,
  "gain_pct": 0.238958,
  "realized_edge": 0.0978,
  "fill_slippage": 0.0,
  "indicator_snapshot": {
    "rsi": {
      "rsi": 50.82,
      "score": -0.0123
    },
    "macd": {
      "macd": -0.7709,
      "signal": -1.9416,
      "histogram": 1.1707,
      "score": 0.1905
    },
    "stochastic": {
      "k": 100.0,
      "d": 56.73,
      "score": -1.0
    },
    "ema": {
      "trend": "chop",
      "fast_ema": 73604.54534987055,
      "slow_ema": 73603.51579186947
    },
    "obv": {
      "obv_slope": 3.06,
      "price_slope": 2.47,
      "score": 0.1016
    },
    "vwap": {
      "vwap": 73588.69,
      "deviation": 0.39,
      "score": -0.117
    },
    "atr": {
      "atr": 5.7,
      "passes": true,
      "reason": "ok"
    },
    "weights": {
      "rsi": 0.2,
      "macd": 0.3,
      "stochastic": 0.15,
      "obv": 0.15,
      "vwap": 0.2
    },
    "trade_context": {
      "btc_price": 73506.69,
      "strike_price": 73501.45756541601,
      "seconds_remaining": 294.492169,
      "market_price_up": 0.57,
      "market_price_down": 0.44,
      "closes_tail": [
        73602.02,
        73606.95
      ],
      "model_probability": 0.6678377766180397,
      "model_probability_raw": 0.6678377766180397,
      "edge": 0.09783777661803972,
      "atr": 5.7,
      "atr_rolling_20": 5.814,
      "atr_long_term_mean": 5.8194,
      "size": 1.25,
      "prev_resolution_margin": 9.357028707541758,
      "flow_score": 0.4559,
      "spot_flow_signal": 0.11582469711877019,
      "regime_state": "neutral",
      "regime_autocorr": -0.0481,
      "regime_direction": -1.0,
      "entry_phase": "normal",
      "flip_count": 0,
      "is_flip": false,
      "depth_usd_top20": 1302499.6137379007,
      "coinbase_cvd_60s": 0.5313,
      "coinbase_taker_60s": 0.7534,
      "coinbase_taker_n": 139,
      "sprt_confidence": 0.07743201030813049,
      "sprt_status": "ACCUMULATING",
      "adverse_rate_at_30s": 0.4117647058823529,
      "adverse_kelly_mult": 1.0,
      "token_id_up": "59444611857697772108106598080427226957154611947893936227377508328990512095973",
      "token_id_down": "96134259604160887410502960550678709741917439044543996468851969125363439840971"
    }
  },
  "exit_reason": "scalp",
  "seconds_remaining_at_exit": 226.747797,
  "edge_decay": {
    "midprice_at_fill": 0.505,
    "deltas": {
      "5s": 0.17,
      "10s": 0.16,
      "15s": 0.11,
      "30s": 0.17,
      "60s": 0.22
    },
    "resolved_windows": 5
  },
  "exit_timestamp": "2026-05-30T12:01:14.180639+00:00",
  "timestamp": "2026-05-30T12:01:14.180639+00:00"
}