{
  "position_id": 6211,
  "market_id": "btc-updown-5m-1778838900",
  "question": "Bitcoin Up or Down - May 15, 5:55AM-6:00AM ET",
  "side": "Up",
  "signal_score": 0.5648021435695867,
  "correct": true,
  "entry_price": 0.431578947368421,
  "exit_price": 1.0,
  "log_return": 0.8403048248962331,
  "size": 4.1,
  "pnl": 5.302801097560977,
  "fees": 0.04194899999999967,
  "gain_pct": 1.293366,
  "realized_edge": 0.1332,
  "fill_slippage": -0.0184,
  "indicator_snapshot": {
    "rsi": {
      "rsi": 4.51,
      "score": 0.8948,
      "norm_score": 0.9622248454702957
    },
    "macd": {
      "macd": -35.2014,
      "signal": -34.4487,
      "histogram": -0.7528,
      "score": -0.0441,
      "norm_score": -0.1971550203209998
    },
    "stochastic": {
      "k": 0.0,
      "d": 0.0,
      "score": 1.0,
      "norm_score": 0.9734099980643384
    },
    "ema": {
      "trend": "bearish",
      "fast_ema": 80384.73192457011,
      "slow_ema": 80407.97441443139
    },
    "obv": {
      "obv_slope": -0.0,
      "price_slope": -8.7367,
      "score": -0.0,
      "norm_score": 0.0037338280592224466
    },
    "vwap": {
      "vwap": 80696.09,
      "deviation": -3.3888,
      "score": 1.0,
      "norm_score": 1.7586540614524921
    },
    "atr": {
      "atr": 11.81,
      "passes": true,
      "reason": "ok"
    },
    "weights": {
      "rsi": 0.05,
      "macd": 0.5,
      "stochastic": 0.05,
      "obv": 0.3,
      "vwap": 0.1
    },
    "trade_context": {
      "btc_price": 80390.51,
      "strike_price": 80385.14881688466,
      "seconds_remaining": 249.632578,
      "market_price_up": 0.45,
      "market_price_down": 0.57,
      "model_probability": 0.5648021435695867,
      "model_probability_raw": 0.5476853195964254,
      "edge": 0.11480214356958668,
      "atr": 11.81,
      "size": 4.1,
      "prev_resolution_margin": -37.48454763607879,
      "flow_score": -0.205,
      "spot_flow_signal": -0.7960438029493844,
      "liquidation_pressure": 0.0,
      "regime_state": "neutral",
      "regime_autocorr": -0.0153,
      "regime_direction": 1.0,
      "entry_phase": "normal",
      "flip_count": 1,
      "is_flip": true,
      "depth_usd_top20": 413177.37837789994,
      "sprt_confidence": 0.1982381984893675,
      "sprt_status": "ACCUMULATING",
      "adverse_selection_30s": 0.42857142857142855,
      "token_id_up": "47849675970762201864775292329401451331350007293494391827482091699744809351480",
      "token_id_down": "24070442786214962756062648642685413490352439347611459141958484666008447841617"
    }
  },
  "exit_reason": "resolution",
  "seconds_remaining_at_exit": 0.0,
  "exit_timestamp": "2026-05-15T10:02:22.103687+00:00",
  "timestamp": "2026-05-15T10:02:22.103687+00:00"
}