{
  "position_id": 6218,
  "market_id": "btc-updown-5m-1778839800",
  "question": "Bitcoin Up or Down - May 15, 6:10AM-6:15AM ET",
  "side": "Up",
  "signal_score": 0.6745650708057939,
  "correct": true,
  "entry_price": 0.46,
  "exit_price": 0.76,
  "log_return": 0.5020919437972361,
  "size": 4.7,
  "pnl": 2.9565194782608692,
  "fees": 0.07890400000000025,
  "gain_pct": 0.629047,
  "realized_edge": 0.2146,
  "fill_slippage": -0.14,
  "indicator_snapshot": {
    "rsi": {
      "rsi": 100.0,
      "score": -1.0,
      "norm_score": -1.0232277492986597
    },
    "macd": {
      "macd": 30.4098,
      "signal": 31.7997,
      "histogram": -1.3898,
      "score": -0.0623,
      "norm_score": -0.4574953212071296
    },
    "stochastic": {
      "k": 50.0,
      "d": 75.0,
      "score": -0.0,
      "norm_score": 0.013677541889121701
    },
    "ema": {
      "trend": "bullish",
      "fast_ema": 80556.81543859043,
      "slow_ema": 80539.06390341892
    },
    "obv": {
      "obv_slope": 0.0,
      "price_slope": 0.0,
      "score": 0.0,
      "norm_score": -0.0028619912521975124
    },
    "vwap": {
      "vwap": 80673.17,
      "deviation": -0.9968,
      "score": 0.299,
      "norm_score": -0.290016547043996
    },
    "atr": {
      "atr": 11.16,
      "passes": true,
      "reason": "ok"
    },
    "weights": {
      "rsi": 0.05,
      "macd": 0.5,
      "stochastic": 0.05,
      "obv": 0.3,
      "vwap": 0.1
    },
    "trade_context": {
      "btc_price": 80558.07,
      "strike_price": 80553.40360045135,
      "seconds_remaining": 168.265277,
      "market_price_up": 0.6,
      "market_price_down": 0.41,
      "model_probability": 0.6745650708057939,
      "model_probability_raw": 0.6929548901582321,
      "edge": 0.07456507080579389,
      "atr": 11.16,
      "size": 4.7,
      "prev_resolution_margin": -37.48454763607879,
      "flow_score": -0.1686,
      "spot_flow_signal": 0.5877707601460492,
      "liquidation_pressure": 0.0,
      "regime_state": "neutral",
      "regime_autocorr": 0.0418,
      "regime_direction": 0.0,
      "entry_phase": "late",
      "flip_count": 1,
      "is_flip": true,
      "depth_usd_top20": 478095.4613165999,
      "sprt_confidence": 0.23587248683802253,
      "sprt_status": "ACCUMULATING",
      "adverse_selection_30s": 0.35714285714285715,
      "token_id_up": "38786977973554163863091884431798748023678481462634339246744016335782201800251",
      "token_id_down": "69306388318831784138608776704706527365061657712267519407844528400214297506069"
    }
  },
  "exit_reason": "scalp",
  "seconds_remaining_at_exit": 140.118124,
  "exit_timestamp": "2026-05-15T10:12:40.922052+00:00",
  "timestamp": "2026-05-15T10:12:40.922052+00:00"
}