{
  "position_id": 6222,
  "market_id": "btc-updown-5m-1778840400",
  "question": "Bitcoin Up or Down - May 15, 6:20AM-6:25AM ET",
  "side": "Up",
  "signal_score": 0.6077035910082635,
  "correct": true,
  "entry_price": 0.51,
  "exit_price": 1.0,
  "log_return": 0.6733445532637655,
  "size": 4.02,
  "pnl": 3.792831372549019,
  "fees": 0.03545599999999993,
  "gain_pct": 0.94349,
  "realized_edge": 0.0977,
  "fill_slippage": 0.0,
  "indicator_snapshot": {
    "rsi": {
      "rsi": 0.0,
      "score": 1.0,
      "norm_score": 1.344468654188206
    },
    "macd": {
      "macd": -15.2864,
      "signal": -1.2448,
      "histogram": -14.0416,
      "score": -0.5881,
      "norm_score": -1.8277054035335925
    },
    "stochastic": {
      "k": 0.0,
      "d": 0.0,
      "score": 1.0,
      "norm_score": 1.1600157822418824
    },
    "ema": {
      "trend": "bearish",
      "fast_ema": 80502.875685307,
      "slow_ema": 80531.06856007577
    },
    "obv": {
      "obv_slope": -0.0,
      "price_slope": -10.8267,
      "score": -0.0001,
      "norm_score": -0.0036251777190136943
    },
    "vwap": {
      "vwap": 80674.64,
      "deviation": -1.5867,
      "score": 0.476,
      "norm_score": 0.2671604752334596
    },
    "atr": {
      "atr": 18.43,
      "passes": true,
      "reason": "ok"
    },
    "weights": {
      "rsi": 0.05,
      "macd": 0.5,
      "stochastic": 0.05,
      "obv": 0.3,
      "vwap": 0.1
    },
    "trade_context": {
      "btc_price": 80499.42,
      "strike_price": 80491.049281594,
      "seconds_remaining": 296.137353,
      "market_price_up": 0.51,
      "market_price_down": 0.5,
      "model_probability": 0.6077035910082635,
      "model_probability_raw": 0.6050825716450063,
      "edge": 0.09770359100826354,
      "atr": 18.43,
      "size": 4.02,
      "prev_resolution_margin": -37.48454763607879,
      "flow_score": -0.358,
      "spot_flow_signal": -0.23064522481162336,
      "liquidation_pressure": -9.486159740332178e-05,
      "regime_state": "neutral",
      "regime_autocorr": 0.0446,
      "regime_direction": 0.0,
      "entry_phase": "normal",
      "flip_count": 0,
      "is_flip": false,
      "depth_usd_top20": 224113.1561755,
      "sprt_confidence": 0.0,
      "sprt_status": "ACCUMULATING",
      "adverse_selection_30s": 0.4666666666666667,
      "token_id_up": "68312988850239921142234600793149073519662041512738744755313322640635039094919",
      "token_id_down": "95824628723828888551829621189546666549158298639494623913667393444716564670754"
    }
  },
  "exit_reason": "resolution",
  "seconds_remaining_at_exit": 0.0,
  "exit_timestamp": "2026-05-15T10:27:38.931369+00:00",
  "timestamp": "2026-05-15T10:27:38.931369+00:00"
}