{
  "position_id": 6224,
  "market_id": "btc-updown-5m-1778840700",
  "question": "Bitcoin Up or Down - May 15, 6:25AM-6:30AM ET",
  "side": "Up",
  "signal_score": 0.5699671869611345,
  "correct": true,
  "entry_price": 0.41,
  "exit_price": 0.57,
  "log_return": 0.32947920113024226,
  "size": 7.58,
  "pnl": 2.7654361463414627,
  "fees": 0.16119799999999962,
  "gain_pct": 0.364833,
  "realized_edge": 0.16,
  "fill_slippage": 0.0,
  "indicator_snapshot": {
    "rsi": {
      "rsi": 100.0,
      "score": -1.0,
      "norm_score": -0.9613689273697785
    },
    "macd": {
      "macd": 3.8787,
      "signal": 2.5029,
      "histogram": 1.3758,
      "score": 0.0568,
      "norm_score": 0.10556409499388153
    },
    "stochastic": {
      "k": 100.0,
      "d": 100.0,
      "score": -1.0,
      "norm_score": -1.0455452209898872
    },
    "ema": {
      "trend": "chop",
      "fast_ema": 80549.92040133291,
      "slow_ema": 80546.2587755637
    },
    "obv": {
      "obv_slope": 0.0,
      "price_slope": 0.0,
      "score": 0.0,
      "norm_score": -0.0024646399345579864
    },
    "vwap": {
      "vwap": 80674.69,
      "deviation": -1.0586,
      "score": 0.3176,
      "norm_score": -0.19942317148450184
    },
    "atr": {
      "atr": 12.08,
      "passes": true,
      "reason": "ok"
    },
    "weights": {
      "rsi": 0.05,
      "macd": 0.5,
      "stochastic": 0.05,
      "obv": 0.3,
      "vwap": 0.1
    },
    "trade_context": {
      "btc_price": 80541.17,
      "strike_price": 80539.11904902883,
      "seconds_remaining": 217.954581,
      "market_price_up": 0.41,
      "market_price_down": 0.6,
      "model_probability": 0.5699671869611345,
      "model_probability_raw": 0.5546075369337515,
      "edge": 0.1599671869611345,
      "atr": 12.08,
      "size": 7.58,
      "prev_resolution_margin": -37.48454763607879,
      "flow_score": -0.0973,
      "spot_flow_signal": 0.06854380690192736,
      "liquidation_pressure": -0.0013971440494679357,
      "regime_state": "neutral",
      "regime_autocorr": 0.0487,
      "regime_direction": 0.0,
      "entry_phase": "normal",
      "flip_count": 1,
      "is_flip": true,
      "depth_usd_top20": 479614.6507529998,
      "sprt_confidence": 0.09072781921833523,
      "sprt_status": "ACCUMULATING",
      "adverse_selection_30s": 0.4166666666666667,
      "token_id_up": "94548857019976625604897154770836024665625205379562614134256040915598978066872",
      "token_id_down": "19385732425088359018378050557916068700191889430900624011640522750414712184097"
    }
  },
  "exit_reason": "scalp",
  "seconds_remaining_at_exit": 150.730869,
  "exit_timestamp": "2026-05-15T10:27:29.986253+00:00",
  "timestamp": "2026-05-15T10:27:29.986253+00:00"
}