{
  "position_id": 6226,
  "market_id": "btc-updown-5m-1778841000",
  "question": "Bitcoin Up or Down - May 15, 6:30AM-6:35AM ET",
  "side": "Up",
  "signal_score": 0.5716221987638939,
  "correct": true,
  "entry_price": 0.47,
  "exit_price": 1.0,
  "log_return": 0.7550225842780328,
  "size": 3.92,
  "pnl": 4.340857446808512,
  "fees": 0.03739699999999976,
  "gain_pct": 1.107362,
  "realized_edge": 0.1016,
  "fill_slippage": 0.0,
  "indicator_snapshot": {
    "rsi": {
      "rsi": 0.0,
      "score": 1.0,
      "norm_score": 1.4143944395615282
    },
    "macd": {
      "macd": -9.9913,
      "signal": -4.0503,
      "histogram": -5.941,
      "score": -0.4737,
      "norm_score": -1.52816360788244
    },
    "stochastic": {
      "k": 0.0,
      "d": 0.0,
      "score": 1.0,
      "norm_score": 1.229298143495675
    },
    "ema": {
      "trend": "bearish",
      "fast_ema": 80516.87502508331,
      "slow_ema": 80531.28032314105
    },
    "obv": {
      "obv_slope": -0.0,
      "price_slope": -15.0033,
      "score": -0.0,
      "norm_score": -0.002367039623646189
    },
    "vwap": {
      "vwap": 80675.61,
      "deviation": -1.4363,
      "score": 0.4309,
      "norm_score": 0.17126129265599851
    },
    "atr": {
      "atr": 12.03,
      "passes": true,
      "reason": "ok"
    },
    "weights": {
      "rsi": 0.05,
      "macd": 0.5,
      "stochastic": 0.05,
      "obv": 0.3,
      "vwap": 0.1
    },
    "trade_context": {
      "btc_price": 80506.75,
      "strike_price": 80503.59215062516,
      "seconds_remaining": 288.354616,
      "market_price_up": 0.47,
      "market_price_down": 0.54,
      "model_probability": 0.5716221987638939,
      "model_probability_raw": 0.5568254851355271,
      "edge": 0.10162219876389389,
      "atr": 12.03,
      "size": 3.92,
      "prev_resolution_margin": -37.48454763607879,
      "flow_score": -0.0787,
      "spot_flow_signal": -0.1981724591335289,
      "liquidation_pressure": 0.0,
      "regime_state": "neutral",
      "regime_autocorr": -0.0265,
      "regime_direction": 0.0,
      "entry_phase": "normal",
      "flip_count": 0,
      "is_flip": false,
      "depth_usd_top20": 488058.2795862999,
      "sprt_confidence": 0.1674654679746447,
      "sprt_status": "ACCUMULATING",
      "adverse_selection_30s": 0.42857142857142855,
      "token_id_up": "56307027861401810931655390599716244345607793026428190067270968745302488159834",
      "token_id_down": "79952177465047742996573105930451438510351643132417443691563305029022250665899"
    }
  },
  "exit_reason": "resolution",
  "seconds_remaining_at_exit": 0.0,
  "exit_timestamp": "2026-05-15T10:37:41.010928+00:00",
  "timestamp": "2026-05-15T10:37:41.010928+00:00"
}