{
  "position_id": 6236,
  "market_id": "btc-updown-5m-1778842500",
  "question": "Bitcoin Up or Down - May 15, 6:55AM-7:00AM ET",
  "side": "Up",
  "signal_score": 0.6189836153330133,
  "correct": false,
  "entry_price": 0.43,
  "exit_price": 0.4099,
  "log_return": -0.04787198117731625,
  "size": 14.87,
  "pnl": -0.9895384730232557,
  "fees": 0.3015839999999986,
  "gain_pct": -0.066546,
  "realized_edge": 0.189,
  "fill_slippage": 0.0,
  "indicator_snapshot": {
    "rsi": {
      "rsi": 100.0,
      "score": -1.0,
      "norm_score": -0.9252448665104238
    },
    "macd": {
      "macd": 34.9715,
      "signal": 40.1994,
      "histogram": -5.2279,
      "score": -0.2214,
      "norm_score": -0.8160092268797208
    },
    "stochastic": {
      "k": 50.0,
      "d": 75.0,
      "score": -0.0,
      "norm_score": 0.13498663723350002
    },
    "ema": {
      "trend": "bullish",
      "fast_ema": 80707.33081690926,
      "slow_ema": 80691.84820434518
    },
    "obv": {
      "obv_slope": 0.0,
      "price_slope": 0.0,
      "score": 0.0,
      "norm_score": -0.007588010222875024
    },
    "vwap": {
      "vwap": 80652.92,
      "deviation": 0.5003,
      "score": -0.1501,
      "norm_score": -1.4276585192716118
    },
    "atr": {
      "atr": 14.91,
      "passes": true,
      "reason": "ok"
    },
    "weights": {
      "rsi": 0.05,
      "macd": 0.5,
      "stochastic": 0.05,
      "obv": 0.3,
      "vwap": 0.1
    },
    "trade_context": {
      "btc_price": 80738.97,
      "strike_price": 80733.90335,
      "seconds_remaining": 154.81379,
      "market_price_up": 0.43,
      "market_price_down": 0.58,
      "model_probability": 0.6189836153330133,
      "model_probability_raw": 0.6200927815178018,
      "edge": 0.18898361533301328,
      "atr": 14.91,
      "size": 14.87,
      "prev_resolution_margin": -37.48454763607879,
      "flow_score": -0.0331,
      "spot_flow_signal": 0.1985754498476963,
      "liquidation_pressure": 0.000320477949021779,
      "regime_state": "neutral",
      "regime_autocorr": 0.1699,
      "regime_direction": 0.0,
      "entry_phase": "late",
      "flip_count": 3,
      "is_flip": true,
      "depth_usd_top20": 460687.6772346999,
      "sprt_confidence": 0.20907363454703953,
      "sprt_status": "ACCUMULATING",
      "adverse_selection_30s": 0.5454545454545454,
      "token_id_up": "43948176026378523095553854896497590789935859161947791231444211028433037398570",
      "token_id_down": "14248776219336719047092492403783730015168278584754526028482927073821460249233"
    }
  },
  "exit_reason": "scalp",
  "seconds_remaining_at_exit": 150.302221,
  "exit_timestamp": "2026-05-15T10:57:30.581398+00:00",
  "timestamp": "2026-05-15T10:57:30.581398+00:00"
}