{
  "position_id": 6238,
  "market_id": "btc-updown-5m-1778842500",
  "question": "Bitcoin Up or Down - May 15, 6:55AM-7:00AM ET",
  "side": "Up",
  "signal_score": 0.6821282571689133,
  "correct": false,
  "entry_price": 0.4868885895709063,
  "exit_price": 0.33,
  "log_return": -0.38894267360223755,
  "size": 12.91,
  "pnl": -4.345315613481876,
  "fees": 0.2237880000000008,
  "gain_pct": -0.336585,
  "realized_edge": 0.1952,
  "fill_slippage": -0.0631,
  "indicator_snapshot": {
    "rsi": {
      "rsi": 100.0,
      "score": -1.0,
      "norm_score": -0.9252448665104238
    },
    "macd": {
      "macd": 34.9715,
      "signal": 40.1994,
      "histogram": -5.2279,
      "score": -0.2214,
      "norm_score": -0.8160092268797208
    },
    "stochastic": {
      "k": 50.0,
      "d": 75.0,
      "score": -0.0,
      "norm_score": 0.13498663723350002
    },
    "ema": {
      "trend": "bullish",
      "fast_ema": 80707.33081690926,
      "slow_ema": 80691.84820434518
    },
    "obv": {
      "obv_slope": 0.0,
      "price_slope": 0.0,
      "score": 0.0,
      "norm_score": -0.007588010222875024
    },
    "vwap": {
      "vwap": 80652.92,
      "deviation": 0.5003,
      "score": -0.1501,
      "norm_score": -1.4276585192716118
    },
    "atr": {
      "atr": 14.91,
      "passes": true,
      "reason": "ok"
    },
    "weights": {
      "rsi": 0.05,
      "macd": 0.5,
      "stochastic": 0.05,
      "obv": 0.3,
      "vwap": 0.1
    },
    "trade_context": {
      "btc_price": 80742.02,
      "strike_price": 80733.90335,
      "seconds_remaining": 141.863954,
      "market_price_up": 0.55,
      "market_price_down": 0.46,
      "model_probability": 0.6821282571689133,
      "model_probability_raw": 0.702674468882301,
      "edge": 0.1321282571689133,
      "atr": 14.91,
      "size": 12.91,
      "prev_resolution_margin": -37.48454763607879,
      "flow_score": 0.1198,
      "spot_flow_signal": 0.15678629281581558,
      "liquidation_pressure": -0.00039273123521567686,
      "regime_state": "neutral",
      "regime_autocorr": 0.1699,
      "regime_direction": 0.0,
      "entry_phase": "late",
      "flip_count": 5,
      "is_flip": true,
      "depth_usd_top20": 450552.2609161998,
      "sprt_confidence": 0.4127373263508178,
      "sprt_status": "ACCUMULATING",
      "adverse_selection_30s": 0.5,
      "token_id_up": "43948176026378523095553854896497590789935859161947791231444211028433037398570",
      "token_id_down": "14248776219336719047092492403783730015168278584754526028482927073821460249233"
    }
  },
  "exit_reason": "scalp",
  "seconds_remaining_at_exit": 112.276042,
  "exit_timestamp": "2026-05-15T10:58:08.395695+00:00",
  "timestamp": "2026-05-15T10:58:08.395695+00:00"
}