{
  "position_id": 6241,
  "market_id": "btc-updown-5m-1778842800",
  "question": "Bitcoin Up or Down - May 15, 7:00AM-7:05AM ET",
  "side": "Down",
  "signal_score": 0.9093332940097584,
  "correct": true,
  "entry_price": 0.78,
  "exit_price": 0.88,
  "log_return": 0.12062798778861472,
  "size": 27.62,
  "pnl": 3.3505872051282033,
  "fees": 0.17641599999999902,
  "gain_pct": 0.12131,
  "realized_edge": 0.1293,
  "fill_slippage": 0.0,
  "indicator_snapshot": {
    "rsi": {
      "rsi": 100.0,
      "score": -1.0,
      "norm_score": -0.8449310615173271
    },
    "macd": {
      "macd": 29.1983,
      "signal": 30.9024,
      "histogram": -1.7041,
      "score": -0.0818,
      "norm_score": -0.2665326791581361
    },
    "stochastic": {
      "k": 100.0,
      "d": 100.0,
      "score": -1.0,
      "norm_score": -1.0537497486888412
    },
    "ema": {
      "trend": "bullish",
      "fast_ema": 80739.02096302842,
      "slow_ema": 80723.1713568465
    },
    "obv": {
      "obv_slope": 0.0,
      "price_slope": 0.0,
      "score": 0.0,
      "norm_score": -0.00850883914516594
    },
    "vwap": {
      "vwap": 80653.96,
      "deviation": 0.8121,
      "score": -0.2436,
      "norm_score": -1.4935186077074396
    },
    "atr": {
      "atr": 13.88,
      "passes": true,
      "reason": "ok"
    },
    "weights": {
      "rsi": 0.05,
      "macd": 0.5,
      "stochastic": 0.05,
      "obv": 0.3,
      "vwap": 0.1
    },
    "trade_context": {
      "btc_price": 80672.07,
      "strike_price": 80697.1477177992,
      "seconds_remaining": 159.861891,
      "market_price_up": 0.24,
      "market_price_down": 0.78,
      "model_probability": 0.9093332940097584,
      "model_probability_raw": 0.9616232957858024,
      "edge": 0.12933329400975835,
      "atr": 13.88,
      "size": 27.62,
      "prev_resolution_margin": -37.48454763607879,
      "flow_score": -0.0404,
      "spot_flow_signal": -0.6321801321764955,
      "liquidation_pressure": -0.010388554072040323,
      "regime_state": "neutral",
      "regime_autocorr": 0.1657,
      "regime_direction": -1.0,
      "entry_phase": "late",
      "flip_count": 1,
      "is_flip": true,
      "depth_usd_top20": 488647.8274133999,
      "sprt_confidence": 0.47679004177341544,
      "sprt_status": "ACCUMULATING",
      "adverse_selection_30s": 0.6428571428571429,
      "token_id_up": "72707593902514685649892206623297290247622119516099556579001668283737839942383",
      "token_id_down": "77367314320583154235157254815854275962239872125252685701548973352514183022569"
    }
  },
  "exit_reason": "scalp",
  "seconds_remaining_at_exit": 117.432161,
  "exit_timestamp": "2026-05-15T11:03:03.291374+00:00",
  "timestamp": "2026-05-15T11:03:03.291374+00:00"
}