{
  "position_id": 6265,
  "market_id": "btc-updown-5m-1778848200",
  "question": "Bitcoin Up or Down - May 15, 8:30AM-8:35AM ET",
  "side": "Up",
  "signal_score": 0.774417164189155,
  "correct": false,
  "entry_price": 0.68,
  "exit_price": 0.54,
  "log_return": -0.23052365861183238,
  "size": 11.78,
  "pnl": -2.556188382352941,
  "fees": 0.14486399999999908,
  "gain_pct": -0.216994,
  "realized_edge": 0.0944,
  "fill_slippage": -0.02,
  "indicator_snapshot": {
    "rsi": {
      "rsi": 0.0,
      "score": 1.0,
      "norm_score": 0.9426459738963182
    },
    "macd": {
      "macd": -29.4573,
      "signal": -19.2586,
      "histogram": -10.1987,
      "score": -0.3592,
      "norm_score": -1.1111928702415064
    },
    "stochastic": {
      "k": 0.0,
      "d": 0.0,
      "score": 1.0,
      "norm_score": 0.9511377869594905
    },
    "ema": {
      "trend": "bearish",
      "fast_ema": 80446.17154951498,
      "slow_ema": 80477.87001361825
    },
    "obv": {
      "obv_slope": 0.0,
      "price_slope": 0.0,
      "score": 0.0,
      "norm_score": 0.006436847017285132
    },
    "vwap": {
      "vwap": 80554.86,
      "deviation": -1.2124,
      "score": 0.3637,
      "norm_score": 1.1778252474725661
    },
    "atr": {
      "atr": 31.65,
      "passes": true,
      "reason": "ok"
    },
    "weights": {
      "rsi": 0.05,
      "macd": 0.5,
      "stochastic": 0.05,
      "obv": 0.3,
      "vwap": 0.1
    },
    "trade_context": {
      "btc_price": 80545.08,
      "strike_price": 80524.9590493035,
      "seconds_remaining": 122.467093,
      "market_price_up": 0.7,
      "market_price_down": 0.32,
      "model_probability": 0.774417164189155,
      "model_probability_raw": 0.8153072442389788,
      "edge": 0.074417164189155,
      "atr": 31.65,
      "size": 11.78,
      "prev_resolution_margin": -37.48454763607879,
      "flow_score": 0.1738,
      "spot_flow_signal": 0.7431687859131475,
      "liquidation_pressure": 0.0,
      "regime_state": "neutral",
      "regime_autocorr": 0.0917,
      "regime_direction": 1.0,
      "entry_phase": "late",
      "flip_count": 1,
      "is_flip": true,
      "depth_usd_top20": 428663.3510484999,
      "sprt_confidence": 0.6562975485460244,
      "sprt_status": "ACCUMULATING",
      "adverse_selection_30s": 0.5,
      "token_id_up": "5370397922420609198794645501781031583453138931961793042071323539658193309431",
      "token_id_down": "102073389367679950843220378713386261629299559313064133286845313948078307215951"
    }
  },
  "exit_reason": "scalp",
  "seconds_remaining_at_exit": 91.129894,
  "exit_timestamp": "2026-05-15T12:33:29.588461+00:00",
  "timestamp": "2026-05-15T12:33:29.588461+00:00"
}