{
  "position_id": 6266,
  "market_id": "btc-updown-5m-1778848500",
  "question": "Bitcoin Up or Down - May 15, 8:35AM-8:40AM ET",
  "side": "Up",
  "signal_score": 0.6577254041564342,
  "correct": false,
  "entry_price": 0.53,
  "exit_price": 0.35,
  "log_return": -0.41494385206270823,
  "size": 13.6,
  "pnl": -4.799038301886794,
  "fees": 0.21924599999999927,
  "gain_pct": -0.35287,
  "realized_edge": 0.1277,
  "fill_slippage": 0.0,
  "indicator_snapshot": {
    "rsi": {
      "rsi": 100.0,
      "score": -1.0,
      "norm_score": -1.1837771679397595
    },
    "macd": {
      "macd": 13.6357,
      "signal": 4.4898,
      "histogram": 9.1459,
      "score": 0.3221,
      "norm_score": 1.16668434816027
    },
    "stochastic": {
      "k": 100.0,
      "d": 100.0,
      "score": -1.0,
      "norm_score": -1.3661018299261678
    },
    "ema": {
      "trend": "bullish",
      "fast_ema": 80547.02894368937,
      "slow_ema": 80526.70296479798
    },
    "obv": {
      "obv_slope": 0.0,
      "price_slope": 0.0,
      "score": 0.0,
      "norm_score": -0.005220079739716922
    },
    "vwap": {
      "vwap": 80549.65,
      "deviation": 0.0715,
      "score": -0.0215,
      "norm_score": -0.25021078113154815
    },
    "atr": {
      "atr": 34.33,
      "passes": true,
      "reason": "ok"
    },
    "weights": {
      "rsi": 0.05,
      "macd": 0.5,
      "stochastic": 0.05,
      "obv": 0.3,
      "vwap": 0.1
    },
    "trade_context": {
      "btc_price": 80547.57,
      "strike_price": 80525.48795998805,
      "seconds_remaining": 299.120916,
      "market_price_up": 0.53,
      "market_price_down": 0.48,
      "model_probability": 0.6577254041564342,
      "model_probability_raw": 0.6711218862535419,
      "edge": 0.12772540415643419,
      "atr": 34.33,
      "size": 13.6,
      "prev_resolution_margin": -37.48454763607879,
      "flow_score": 0.1177,
      "spot_flow_signal": 0.0014082506306610856,
      "liquidation_pressure": 0.000576833972899313,
      "regime_state": "neutral",
      "regime_autocorr": 0.1255,
      "regime_direction": 0.0,
      "entry_phase": "normal",
      "flip_count": 0,
      "is_flip": false,
      "depth_usd_top20": 440163.66770459997,
      "sprt_confidence": 0.07807424844895955,
      "sprt_status": "ACCUMULATING",
      "adverse_selection_30s": 0.5,
      "token_id_up": "104447873944388551268672228539731545947586509929755373926667349764411426889854",
      "token_id_down": "40484368143007566765878529310920911261215289860117759754691238530594068703162"
    }
  },
  "exit_reason": "scalp",
  "seconds_remaining_at_exit": 214.526312,
  "exit_timestamp": "2026-05-15T12:36:26.633408+00:00",
  "timestamp": "2026-05-15T12:36:26.633408+00:00"
}