{
  "position_id": 6272,
  "market_id": "btc-updown-5m-1778850600",
  "question": "Bitcoin Up or Down - May 15, 9:10AM-9:15AM ET",
  "side": "Up",
  "signal_score": 0.6029679406622986,
  "correct": true,
  "entry_price": 0.51,
  "exit_price": 0.6556480594485944,
  "log_return": 0.25121342451792333,
  "size": 9.11,
  "pnl": 2.4264244509803916,
  "fees": 0.1523029999999994,
  "gain_pct": 0.266347,
  "realized_edge": 0.093,
  "fill_slippage": 0.0,
  "indicator_snapshot": {
    "rsi": {
      "rsi": 0.0,
      "score": 1.0,
      "norm_score": 0.9693887755542321
    },
    "macd": {
      "macd": -71.7478,
      "signal": -76.6887,
      "histogram": 4.941,
      "score": 0.0897,
      "norm_score": 0.4534130042893578
    },
    "stochastic": {
      "k": 0.0,
      "d": 0.0,
      "score": 1.0,
      "norm_score": 0.9721742762082238
    },
    "ema": {
      "trend": "bearish",
      "fast_ema": 80097.41593166349,
      "slow_ema": 80136.63698190915
    },
    "obv": {
      "obv_slope": -0.0,
      "price_slope": -1.3,
      "score": -0.0002,
      "norm_score": -0.06857352183675816
    },
    "vwap": {
      "vwap": 80426.35,
      "deviation": -2.8804,
      "score": 0.8641,
      "norm_score": 1.8033917737365597
    },
    "atr": {
      "atr": 35.47,
      "passes": true,
      "reason": "ok"
    },
    "weights": {
      "rsi": 0.05,
      "macd": 0.5,
      "stochastic": 0.05,
      "obv": 0.3,
      "vwap": 0.1
    },
    "trade_context": {
      "btc_price": 80079.45,
      "strike_price": 80074.254235,
      "seconds_remaining": 273.474607,
      "market_price_up": 0.51,
      "market_price_down": 0.5,
      "model_probability": 0.6029679406622986,
      "model_probability_raw": 0.5987665721831271,
      "edge": 0.09296794066229863,
      "atr": 35.47,
      "size": 9.11,
      "prev_resolution_margin": -37.48454763607879,
      "flow_score": 0.1636,
      "spot_flow_signal": 0.6218025517866271,
      "liquidation_pressure": 0.010297351603142251,
      "regime_state": "neutral",
      "regime_autocorr": 0.0956,
      "regime_direction": 1.0,
      "entry_phase": "normal",
      "flip_count": 0,
      "is_flip": false,
      "depth_usd_top20": 313981.60769150004,
      "sprt_confidence": 0.0,
      "sprt_status": "ACCUMULATING",
      "adverse_selection_30s": 0.5,
      "token_id_up": "87122570713499967613338919733694616836740425937422669567935167737309767190097",
      "token_id_down": "65507186862376766812553996558103152614299544920756579496835574344698151632076"
    }
  },
  "exit_reason": "scalp",
  "seconds_remaining_at_exit": 247.98286,
  "exit_timestamp": "2026-05-15T13:10:53.763107+00:00",
  "timestamp": "2026-05-15T13:10:53.763107+00:00"
}