{
  "position_id": 628,
  "market_id": "btc-updown-5m-1776263400",
  "question": "Bitcoin Up or Down - April 15, 10:30AM-10:35AM ET",
  "side": "Down",
  "signal_score": 0.6170645170432318,
  "correct": true,
  "entry_price": 0.56,
  "exit_price": 1.0,
  "log_return": 0.579818495252942,
  "size": 3.76,
  "pnl": 2.9011089285714284,
  "fees": 0.02977899999999977,
  "gain_pct": 0.771572,
  "weight_version": "weights_v001",
  "category": "crypto-5min",
  "indicator_snapshot": {
    "rsi": {
      "rsi": 23.81,
      "score": 0.4445,
      "norm_score": 1.4938432388013207
    },
    "macd": {
      "macd": 62.2488,
      "signal": 77.6211,
      "histogram": -15.3723,
      "score": -0.2546,
      "norm_score": -0.7234951472223015
    },
    "stochastic": {
      "k": 0.0,
      "d": 23.57,
      "score": 1.0,
      "norm_score": 1.5306919293311694
    },
    "ema": {
      "trend": "bullish",
      "fast_ema": 74431.2656386252,
      "slow_ema": 74412.3776269193
    },
    "obv": {
      "obv_slope": 0.0,
      "price_slope": 0.0,
      "score": 0.0,
      "norm_score": -0.21460825570380726
    },
    "vwap": {
      "vwap": 74238.59,
      "deviation": 1.2061,
      "score": -0.3618,
      "norm_score": 0.08552160258556485
    },
    "atr": {
      "atr": 51.63,
      "passes": true,
      "reason": "ok"
    },
    "weights": {
      "rsi": 0.2,
      "macd": 0.25,
      "stochastic": 0.2,
      "obv": 0.15,
      "vwap": 0.2,
      "entry_threshold": 0.6
    },
    "trade_context": {
      "btc_price": 74415.0,
      "strike_price": 74447.68471955264,
      "seconds_remaining": 286.657363,
      "market_price_up": 0.44,
      "market_price_down": 0.56,
      "model_probability_raw": 0.6170645170432318,
      "model_probability": 0.6170645170432318,
      "edge": 0.05706451704323179,
      "momentum_score": 0.4089463289824646,
      "atr": 51.63,
      "size": 3.76,
      "flow_score": -0.1736,
      "flow_book_imbalance": -0.0699,
      "flow_trade_count": 200,
      "spot_flow_signal": 0.36844002429862055,
      "wall_pressure": 0.0,
      "iv_ratio": 0.9290229951972793,
      "prev_resolution_margin": 36.172478721724474,
      "bybit_perp_price": 74348.2,
      "funding_rate": -8.84e-05,
      "depth_usd_top20": 228415.42172530002,
      "entry_phase": "normal",
      "flip_count": 0,
      "is_flip": false,
      "cvd_120s": 0.0,
      "taker_ratio_60s": 0.5,
      "volume_surge": false,
      "liquidation_pressure": 0.0,
      "gex_signal": 1.0,
      "gex_regime": "stabilizing",
      "cvd_acceleration": 0.0,
      "clob_velocity_up": -0.05540699525362654,
      "clob_velocity_down": 0.05540699525362654,
      "coinbase_btc": 74414.18,
      "regime_state": "neutral",
      "regime_kelly_mult": 1.0,
      "sprt_confidence": 0.0,
      "sprt_status": "ACCUMULATING",
      "signal_consensus": 0.8,
      "adverse_selection_30s": 0.5,
      "alpha_decay_rate": 0.0038718616880256953,
      "garch_vol_ratio": 2.0,
      "crowd_bias": {
        "flb": 0.0,
        "recency_fade": 0.0,
        "round_number_dampening": 1.0,
        "composite_logit_adjustment": 0.0
      },
      "oracle_divergence": 36.21894999999495,
      "edge_realization_ratio": 1.0
    }
  },
  "exit_reason": "resolution",
  "timestamp": "2026-04-15T14:38:52.244673+00:00"
}