{
  "position_id": 634,
  "market_id": "btc-updown-5m-1780146000",
  "question": "Bitcoin Up or Down - May 30, 9:00AM-9:05AM ET",
  "side": "Up",
  "signal_score": 0.8717405103412903,
  "correct": true,
  "entry_price": 0.64,
  "exit_price": 1.0,
  "log_return": 0.44628710262841953,
  "size": 1.17,
  "pnl": 0.6462781249999998,
  "fees": 0.007582000000000022,
  "gain_pct": 0.552374,
  "realized_edge": 0.2317,
  "fill_slippage": -0.05,
  "indicator_snapshot": {
    "rsi": {
      "rsi": 99.95,
      "score": -0.9988
    },
    "macd": {
      "macd": 13.8089,
      "signal": 11.0579,
      "histogram": 2.751,
      "score": 0.2195
    },
    "stochastic": {
      "k": 99.8,
      "d": 99.9,
      "score": -0.9929
    },
    "ema": {
      "trend": "bullish",
      "fast_ema": 73708.67273768016,
      "slow_ema": 73696.1414439801
    },
    "obv": {
      "obv_slope": 1.82,
      "price_slope": 9.775,
      "score": 0.0605
    },
    "vwap": {
      "vwap": 73634.52,
      "deviation": 2.5633,
      "score": -0.769
    },
    "atr": {
      "atr": 7.82,
      "passes": true,
      "reason": "ok"
    },
    "weights": {
      "rsi": 0.2,
      "macd": 0.3,
      "stochastic": 0.15,
      "obv": 0.15,
      "vwap": 0.2
    },
    "trade_context": {
      "btc_price": 73606.44,
      "strike_price": 73592.00195926799,
      "seconds_remaining": 156.350604,
      "market_price_up": 0.69,
      "market_price_down": 0.32,
      "closes_tail": [
        73703.04,
        73717.72
      ],
      "model_probability": 0.8717405103412903,
      "model_probability_raw": 0.8717405103412903,
      "edge": 0.18174051034129035,
      "atr": 7.82,
      "atr_rolling_20": 7.425,
      "atr_long_term_mean": 6.2529,
      "size": 1.17,
      "prev_resolution_margin": 29.690652354984195,
      "flow_score": -0.216,
      "spot_flow_signal": 0.3273893924128536,
      "regime_state": "neutral",
      "regime_autocorr": 0.0497,
      "regime_direction": -1.0,
      "entry_phase": "normal",
      "flip_count": 0,
      "is_flip": false,
      "depth_usd_top20": 740604.1615149999,
      "coinbase_cvd_60s": 7.8482,
      "coinbase_taker_60s": 0.9067,
      "coinbase_taker_n": 515,
      "sprt_confidence": 0.6082437283838747,
      "sprt_status": "ACCUMULATING",
      "adverse_rate_at_30s": 0.625,
      "adverse_kelly_mult": 0.738,
      "token_id_up": "53815870540511415978506403390807557032370304966920968877741273533743464247531",
      "token_id_down": "58192044681609444554747193020131643290544186823472127369716778463383376619070"
    }
  },
  "exit_reason": "resolution",
  "seconds_remaining_at_exit": 0.0,
  "edge_decay": {
    "midprice_at_fill": 0.505,
    "deltas": {
      "5s": 0.16,
      "10s": 0.17,
      "15s": 0.18,
      "30s": 0.38,
      "60s": 0.38
    },
    "resolved_windows": 5
  },
  "exit_timestamp": "2026-05-30T13:08:04.100237+00:00",
  "timestamp": "2026-05-30T13:08:04.100237+00:00"
}