{
  "position_id": 637,
  "market_id": "btc-updown-5m-1780147200",
  "question": "Bitcoin Up or Down - May 30, 9:20AM-9:25AM ET",
  "side": "Up",
  "signal_score": 0.7537813173012997,
  "correct": true,
  "entry_price": 0.6,
  "exit_price": 1.0,
  "log_return": 0.5108256237659907,
  "size": 1.14,
  "pnl": 0.7463200000000001,
  "fees": 0.008207999999999948,
  "gain_pct": 0.654667,
  "realized_edge": 0.1538,
  "fill_slippage": 0.0,
  "indicator_snapshot": {
    "rsi": {
      "rsi": 99.98,
      "score": -0.9995
    },
    "macd": {
      "macd": 6.7715,
      "signal": 4.4624,
      "histogram": 2.3091,
      "score": 0.1896
    },
    "stochastic": {
      "k": 99.98,
      "d": 99.98,
      "score": -0.9993
    },
    "ema": {
      "trend": "chop",
      "fast_ema": 73762.17398940177,
      "slow_ema": 73755.13139863727
    },
    "obv": {
      "obv_slope": 1.88,
      "price_slope": 10.09,
      "score": 0.0625
    },
    "vwap": {
      "vwap": 73645.3,
      "deviation": 2.905,
      "score": -0.8715
    },
    "atr": {
      "atr": 11.53,
      "passes": true,
      "reason": "ok"
    },
    "weights": {
      "rsi": 0.2,
      "macd": 0.3,
      "stochastic": 0.15,
      "obv": 0.15,
      "vwap": 0.2
    },
    "trade_context": {
      "btc_price": 73669.1,
      "strike_price": 73656.86782196494,
      "seconds_remaining": 240.606873,
      "market_price_up": 0.6,
      "market_price_down": 0.41,
      "closes_tail": [
        73763.99,
        73770.18
      ],
      "model_probability": 0.7537813173012997,
      "model_probability_raw": 0.7537813173012997,
      "edge": 0.15378131730129974,
      "atr": 11.53,
      "atr_rolling_20": 11.53,
      "atr_long_term_mean": 11.50885,
      "size": 1.14,
      "prev_resolution_margin": 29.690652354984195,
      "flow_score": 0.1764,
      "spot_flow_signal": 0.040023332423509674,
      "regime_state": "neutral",
      "regime_autocorr": 0.1498,
      "regime_direction": -1.0,
      "entry_phase": "normal",
      "flip_count": 0,
      "is_flip": false,
      "depth_usd_top20": 1120102.6551608995,
      "coinbase_cvd_60s": 0.1902,
      "coinbase_taker_60s": 0.5874,
      "coinbase_taker_n": 200,
      "sprt_confidence": 0.7054025754519223,
      "sprt_status": "ACCUMULATING",
      "adverse_rate_at_30s": 0.5333333333333333,
      "adverse_kelly_mult": 0.875,
      "token_id_up": "39590562695423487656474436093872611817417834849816308279876301253935502962306",
      "token_id_down": "53283363142788750228964553522402729643707373584530602401569926443551179305467"
    }
  },
  "exit_reason": "resolution",
  "seconds_remaining_at_exit": 0.0,
  "edge_decay": {
    "midprice_at_fill": 0.505,
    "deltas": {
      "5s": 0.1,
      "10s": 0.14,
      "15s": 0.355,
      "30s": 0.25,
      "60s": 0.31
    },
    "resolved_windows": 5
  },
  "exit_timestamp": "2026-05-30T13:28:16.741524+00:00",
  "timestamp": "2026-05-30T13:28:16.741524+00:00"
}