{
  "position_id": 638,
  "market_id": "btc-updown-5m-1780147800",
  "question": "Bitcoin Up or Down - May 30, 9:30AM-9:35AM ET",
  "side": "Down",
  "signal_score": 0.916491360805257,
  "correct": true,
  "entry_price": 0.75,
  "exit_price": 1.0,
  "log_return": 0.28768207245178085,
  "size": 1.42,
  "pnl": 0.4648133333333333,
  "fees": 0.006390000000000062,
  "gain_pct": 0.327333,
  "realized_edge": 0.1665,
  "fill_slippage": 0.0,
  "indicator_snapshot": {
    "rsi": {
      "rsi": 0.0,
      "score": 1.0
    },
    "macd": {
      "macd": -2.9044,
      "signal": 0.8799,
      "histogram": -3.7843,
      "score": -0.3697
    },
    "stochastic": {
      "k": 0.04,
      "d": 0.04,
      "score": 0.9985
    },
    "ema": {
      "trend": "chop",
      "fast_ema": 73766.69072704561,
      "slow_ema": 73773.63036957881
    },
    "obv": {
      "obv_slope": -0.81,
      "price_slope": -5.445,
      "score": -0.0271
    },
    "vwap": {
      "vwap": 73654.21,
      "deviation": 2.0271,
      "score": -0.6081
    },
    "atr": {
      "atr": 7.97,
      "passes": true,
      "reason": "ok"
    },
    "weights": {
      "rsi": 0.2,
      "macd": 0.3,
      "stochastic": 0.15,
      "obv": 0.15,
      "vwap": 0.2
    },
    "trade_context": {
      "btc_price": 73640.02,
      "strike_price": 73665.85688578672,
      "seconds_remaining": 231.531377,
      "market_price_up": 0.26,
      "market_price_down": 0.75,
      "closes_tail": [
        73765.11,
        73762.55
      ],
      "model_probability": 0.916491360805257,
      "model_probability_raw": 0.916491360805257,
      "edge": 0.16649136080525695,
      "atr": 7.97,
      "atr_rolling_20": 8.24,
      "atr_long_term_mean": 7.855,
      "size": 1.42,
      "prev_resolution_margin": 29.690652354984195,
      "flow_score": -0.1431,
      "spot_flow_signal": 0.06759937421431549,
      "regime_state": "neutral",
      "regime_autocorr": 0.1204,
      "regime_direction": -1.0,
      "entry_phase": "normal",
      "flip_count": 0,
      "is_flip": false,
      "depth_usd_top20": 1086059.6345605,
      "coinbase_cvd_60s": 0.7247,
      "coinbase_taker_60s": 0.6214,
      "coinbase_taker_n": 302,
      "sprt_confidence": 0.9425636187621006,
      "sprt_status": "ACCUMULATING",
      "adverse_rate_at_30s": 0.42857142857142855,
      "adverse_kelly_mult": 1.0,
      "token_id_up": "10890953117239785660422187925597885178234537090670994092214586251470984111184",
      "token_id_down": "97891816877821404416176769640116090339832482143533093340738124717375001618603"
    }
  },
  "exit_reason": "resolution",
  "seconds_remaining_at_exit": 0.0,
  "edge_decay": {
    "midprice_at_fill": 0.505,
    "deltas": {
      "5s": -0.28,
      "10s": -0.29,
      "15s": -0.29,
      "30s": -0.28,
      "60s": -0.38
    },
    "resolved_windows": 5
  },
  "exit_timestamp": "2026-05-30T13:38:36.222300+00:00",
  "timestamp": "2026-05-30T13:38:36.222300+00:00"
}