{
  "position_id": 63,
  "market_id": "btc-updown-5m-1776128400",
  "question": "Bitcoin Up or Down - April 13, 9:00PM-9:05PM ET",
  "side": "Up",
  "signal_score": 0.6965882842284162,
  "correct": true,
  "entry_price": 0.52,
  "exit_price": 1.0,
  "log_return": 0.6539264674066639,
  "size": 4.91,
  "pnl": 4.450726923076923,
  "fees": 0.04242199999999969,
  "gain_pct": 0.906462,
  "weight_version": "weights_v001",
  "category": "crypto-5min",
  "indicator_snapshot": {
    "rsi": {
      "rsi": 47.35,
      "score": 0.0398,
      "norm_score": -1.6710947846578472
    },
    "macd": {
      "macd": -35.0258,
      "signal": -39.6442,
      "histogram": 4.6184,
      "score": 0.1494,
      "norm_score": 1.8325390213723571
    },
    "stochastic": {
      "k": 29.35,
      "d": 31.61,
      "score": 0.2065,
      "norm_score": 0.4399860021295472
    },
    "ema": {
      "trend": "bearish",
      "fast_ema": 74145.48576122179,
      "slow_ema": 74161.82264278592
    },
    "obv": {
      "obv_slope": 0.0,
      "price_slope": 0.0,
      "score": 0.0,
      "norm_score": -2.147112504012069
    },
    "vwap": {
      "vwap": 74296.86,
      "deviation": -0.4966,
      "score": 0.149,
      "norm_score": 0.3483111872430201
    },
    "atr": {
      "atr": 44.38,
      "passes": true,
      "reason": "ok"
    },
    "weights": {
      "rsi": 0.2,
      "macd": 0.25,
      "stochastic": 0.2,
      "obv": 0.15,
      "vwap": 0.2,
      "entry_threshold": 0.6
    },
    "trade_context": {
      "btc_price": 74192.08,
      "strike_price": 74160.50443062349,
      "seconds_remaining": 297.396535,
      "market_price_up": 0.52,
      "market_price_down": 0.47,
      "model_probability_raw": 0.6965882842284162,
      "model_probability": 0.6965882842284162,
      "edge": 0.17658828422841621,
      "momentum_score": -0.040491639315776984,
      "atr": 44.38,
      "size": 4.91,
      "flow_score": 0.192,
      "flow_book_imbalance": 0.0098,
      "flow_trade_count": 14,
      "spot_flow_signal": 0.06074822662532136,
      "wall_pressure": 0.0,
      "iv_ratio": 1.0388129763479763,
      "prev_resolution_margin": -128.40217635555018,
      "bybit_perp_price": 74132.1,
      "funding_rate": 8.982e-05,
      "depth_usd_top20": 349063.1924676,
      "entry_phase": "normal",
      "flip_count": 0,
      "is_flip": false,
      "cvd_120s": 0.00045,
      "taker_ratio_60s": 0.5,
      "volume_surge": false,
      "liquidation_pressure": -0.06437745539476908,
      "gex_signal": 1.0,
      "gex_regime": "stabilizing",
      "cvd_acceleration": 0.0,
      "clob_velocity_up": 0.0,
      "clob_velocity_down": 0.0,
      "coinbase_btc": 74192.71,
      "regime_state": "neutral",
      "regime_kelly_mult": 1.0,
      "sprt_confidence": 0.11472103543635298,
      "sprt_status": "ACCUMULATING",
      "signal_consensus": 1.3,
      "adverse_selection_30s": 0.5,
      "alpha_decay_rate": 0.0,
      "garch_vol_ratio": 2.0,
      "crowd_bias": {
        "flb": 0.0,
        "recency_fade": 0.0,
        "round_number_dampening": 1.0,
        "composite_logit_adjustment": 0.0
      },
      "oracle_divergence": 3.060056327129132,
      "edge_realization_ratio": 1.0
    }
  },
  "exit_reason": "resolution",
  "timestamp": "2026-04-14T01:07:13.851334+00:00"
}