{
  "position_id": 641,
  "market_id": "btc-updown-5m-1776266100",
  "question": "Bitcoin Up or Down - April 15, 11:15AM-11:20AM ET",
  "side": "Up",
  "signal_score": 0.2469125886095309,
  "correct": false,
  "entry_price": 0.05,
  "exit_price": 0.0,
  "log_return": -10.0,
  "size": 5.99,
  "pnl": -5.99,
  "fees": 0.10242900000000006,
  "gain_pct": -1.0,
  "weight_version": "weights_v001",
  "category": "crypto-5min",
  "indicator_snapshot": {
    "rsi": {
      "rsi": 60.26,
      "score": -0.1539,
      "norm_score": 0.66484499797014
    },
    "macd": {
      "macd": 33.6281,
      "signal": 32.9194,
      "histogram": 0.7087,
      "score": 0.011,
      "norm_score": -0.7348169193974173
    },
    "stochastic": {
      "k": 34.06,
      "d": 49.47,
      "score": 0.1594,
      "norm_score": 0.7023832903935348
    },
    "ema": {
      "trend": "bullish",
      "fast_ema": 74182.552369006,
      "slow_ema": 74161.41095387406
    },
    "obv": {
      "obv_slope": -0.01,
      "price_slope": -53.3167,
      "score": -0.0136,
      "norm_score": -1.0147204886769055
    },
    "vwap": {
      "vwap": 74226.99,
      "deviation": -0.5412,
      "score": 0.1623,
      "norm_score": 0.8432100204259767
    },
    "atr": {
      "atr": 77.22,
      "passes": true,
      "reason": "ok"
    },
    "weights": {
      "rsi": 0.2,
      "macd": 0.25,
      "stochastic": 0.2,
      "obv": 0.15,
      "vwap": 0.2,
      "entry_threshold": 0.6
    },
    "trade_context": {
      "btc_price": 74169.06,
      "strike_price": 74300.10933297516,
      "seconds_remaining": 137.935676,
      "market_price_up": 0.05,
      "market_price_down": 0.94,
      "model_probability_raw": 0.2469125886095309,
      "model_probability": 0.2469125886095309,
      "edge": 0.19691258860953087,
      "momentum_score": 0.10617535860704017,
      "atr": 77.22,
      "size": 5.99,
      "flow_score": -0.129,
      "flow_book_imbalance": -0.4672,
      "flow_trade_count": 200,
      "spot_flow_signal": 0.8495263359012792,
      "wall_pressure": 0.0,
      "iv_ratio": 0.591278634327378,
      "prev_resolution_margin": -100.7353687848663,
      "bybit_perp_price": 74102.7,
      "funding_rate": -7.319e-05,
      "depth_usd_top20": 306556.195934,
      "entry_phase": "late",
      "flip_count": 1,
      "is_flip": true,
      "cvd_120s": 0.026189999999999998,
      "taker_ratio_60s": 0.817608537472714,
      "volume_surge": false,
      "liquidation_pressure": 0.1250829828356563,
      "gex_signal": 1.0,
      "gex_regime": "stabilizing",
      "cvd_acceleration": -0.0005819999999999999,
      "clob_velocity_up": 0.0,
      "clob_velocity_down": 0.0,
      "coinbase_btc": 74169.06,
      "regime_state": "neutral",
      "regime_kelly_mult": 1.0,
      "sprt_confidence": 0.0,
      "sprt_status": "SKIP",
      "signal_consensus": 0.8,
      "adverse_selection_30s": 0.5,
      "alpha_decay_rate": 0.0012815245963798216,
      "garch_vol_ratio": 2.0,
      "crowd_bias": {
        "flb": -0.027,
        "recency_fade": 0.0,
        "round_number_dampening": 1.0,
        "composite_logit_adjustment": -0.027
      },
      "oracle_divergence": 4.726883403171087,
      "edge_realization_ratio": 1.0
    }
  },
  "exit_reason": "resolution",
  "timestamp": "2026-04-15T15:22:55.565704+00:00"
}