{
  "position_id": 642,
  "market_id": "btc-updown-5m-1776266400",
  "question": "Bitcoin Up or Down - April 15, 11:20AM-11:25AM ET",
  "side": "Down",
  "signal_score": 0.5849181454852106,
  "correct": true,
  "entry_price": 0.5,
  "exit_price": 1.0,
  "log_return": 0.6931471805599453,
  "size": 5.2,
  "pnl": 5.1064,
  "fees": 0.046800000000000175,
  "gain_pct": 0.982,
  "weight_version": "weights_v001",
  "category": "crypto-5min",
  "indicator_snapshot": {
    "rsi": {
      "rsi": 1.55,
      "score": 0.9638,
      "norm_score": 1.2638165210057892
    },
    "macd": {
      "macd": 10.7228,
      "signal": 18.3382,
      "histogram": -7.6154,
      "score": -0.118,
      "norm_score": -0.445618835585847
    },
    "stochastic": {
      "k": 1.58,
      "d": 1.58,
      "score": 0.9449,
      "norm_score": 0.7248587509973733
    },
    "ema": {
      "trend": "chop",
      "fast_ema": 74151.40029612575,
      "slow_ema": 74153.60583975144
    },
    "obv": {
      "obv_slope": 0.0,
      "price_slope": 0.84,
      "score": 0.0046,
      "norm_score": 0.6526403445489604
    },
    "vwap": {
      "vwap": 74227.06,
      "deviation": -0.5237,
      "score": 0.1571,
      "norm_score": 0.4760668361423096
    },
    "atr": {
      "atr": 62.38,
      "passes": true,
      "reason": "ok"
    },
    "weights": {
      "rsi": 0.2,
      "macd": 0.25,
      "stochastic": 0.2,
      "obv": 0.15,
      "vwap": 0.2,
      "entry_threshold": 0.6
    },
    "trade_context": {
      "btc_price": 74155.05,
      "strike_price": 74159.8409458142,
      "seconds_remaining": 297.171017,
      "market_price_up": 0.5,
      "market_price_down": 0.5,
      "model_probability_raw": 0.5849181454852106,
      "model_probability": 0.5849181454852106,
      "edge": 0.0849181454852106,
      "momentum_score": 0.4794397644149767,
      "atr": 62.38,
      "size": 5.2,
      "flow_score": -0.2514,
      "flow_book_imbalance": 0.0123,
      "flow_trade_count": 34,
      "spot_flow_signal": -0.3732972364493437,
      "wall_pressure": 0.0,
      "iv_ratio": 0.7319676194438066,
      "prev_resolution_margin": -100.7353687848663,
      "bybit_perp_price": 74088.6,
      "funding_rate": -7.285e-05,
      "depth_usd_top20": 297515.6509829,
      "entry_phase": "normal",
      "flip_count": 0,
      "is_flip": false,
      "cvd_120s": 0.01376,
      "taker_ratio_60s": 1.0,
      "volume_surge": false,
      "liquidation_pressure": 0.1250829828356563,
      "gex_signal": 1.0,
      "gex_regime": "stabilizing",
      "cvd_acceleration": -0.00030577777777777775,
      "clob_velocity_up": 0.0,
      "clob_velocity_down": 0.0,
      "coinbase_btc": 74152.14,
      "regime_state": "neutral",
      "regime_kelly_mult": 1.0,
      "sprt_confidence": 0.0,
      "sprt_status": "ACCUMULATING",
      "signal_consensus": 1.3,
      "adverse_selection_30s": 0.5,
      "alpha_decay_rate": 0.0,
      "garch_vol_ratio": 2.0,
      "crowd_bias": {
        "flb": 0.0,
        "recency_fade": 0.0,
        "round_number_dampening": 1.0,
        "composite_logit_adjustment": 0.0
      },
      "oracle_divergence": 3.929999999993015,
      "edge_realization_ratio": 1.0
    }
  },
  "exit_reason": "resolution",
  "timestamp": "2026-04-15T15:30:04.092172+00:00"
}