{
  "position_id": 64,
  "market_id": "btc-updown-5m-1776128700",
  "question": "Bitcoin Up or Down - April 13, 9:05PM-9:10PM ET",
  "side": "Up",
  "signal_score": 0.6563737233992142,
  "correct": true,
  "entry_price": 0.61,
  "exit_price": 1.0,
  "log_return": 0.49429632181478017,
  "size": 0.76,
  "pnl": 0.47715573770491804,
  "fees": 0.005335000000000023,
  "gain_pct": 0.627836,
  "weight_version": "weights_v001",
  "category": "crypto-5min",
  "indicator_snapshot": {
    "rsi": {
      "rsi": 88.86,
      "score": -0.7401,
      "norm_score": -0.9066237424696538
    },
    "macd": {
      "macd": 7.733,
      "signal": -10.8872,
      "histogram": 18.6202,
      "score": 0.6993,
      "norm_score": 0.41495161384123547
    },
    "stochastic": {
      "k": 100.0,
      "d": 95.01,
      "score": -1.0,
      "norm_score": -3.0
    },
    "ema": {
      "trend": "bullish",
      "fast_ema": 74191.9309493941,
      "slow_ema": 74162.23373687558
    },
    "obv": {
      "obv_slope": 0.0,
      "price_slope": 14.1467,
      "score": 0.0012,
      "norm_score": 0.625186757063717
    },
    "vwap": {
      "vwap": 74294.85,
      "deviation": -0.2707,
      "score": 0.0812,
      "norm_score": -1.2345000810637716
    },
    "atr": {
      "atr": 88.96,
      "passes": true,
      "reason": "ok"
    },
    "weights": {
      "rsi": 0.2,
      "macd": 0.25,
      "stochastic": 0.2,
      "obv": 0.15,
      "vwap": 0.2,
      "entry_threshold": 0.6
    },
    "trade_context": {
      "btc_price": 74233.1,
      "strike_price": 74192.43034,
      "seconds_remaining": 238.414963,
      "market_price_up": 0.61,
      "market_price_down": 0.38,
      "model_probability_raw": 0.6563737233992142,
      "model_probability": 0.6563737233992142,
      "edge": 0.046373723399214195,
      "momentum_score": -0.8307088476868189,
      "atr": 88.96,
      "size": 0.76,
      "flow_score": -0.228,
      "flow_book_imbalance": -0.068,
      "flow_trade_count": 200,
      "spot_flow_signal": 0.3662745336731196,
      "wall_pressure": 0.0,
      "iv_ratio": 0.5184101864212284,
      "prev_resolution_margin": -128.40217635555018,
      "bybit_perp_price": 74164.7,
      "funding_rate": 0.0001,
      "depth_usd_top20": 289004.7614149001,
      "entry_phase": "normal",
      "flip_count": 0,
      "is_flip": false,
      "cvd_120s": 0.00359,
      "taker_ratio_60s": 0.9614325068870523,
      "volume_surge": false,
      "liquidation_pressure": 0.013369336682295419,
      "gex_signal": 1.0,
      "gex_regime": "stabilizing",
      "cvd_acceleration": -4.3333333333333334e-05,
      "clob_velocity_up": 0.0,
      "clob_velocity_down": 0.0,
      "coinbase_btc": 74233.1,
      "regime_state": "volatile",
      "regime_kelly_mult": 0.7,
      "sprt_confidence": 0.0,
      "sprt_status": "SKIP",
      "signal_consensus": 0.8,
      "adverse_selection_30s": 0.5,
      "alpha_decay_rate": 0.0019181212243375664,
      "garch_vol_ratio": 2.0,
      "crowd_bias": {
        "flb": 0.0,
        "recency_fade": 0.0,
        "round_number_dampening": 1.0,
        "composite_logit_adjustment": 0.0
      },
      "oracle_divergence": 9.628133976235404,
      "edge_realization_ratio": 1.0
    }
  },
  "exit_reason": "resolution",
  "timestamp": "2026-04-14T01:15:09.870944+00:00"
}