{
  "position_id": 654,
  "market_id": "btc-updown-5m-1780152300",
  "question": "Bitcoin Up or Down - May 30, 10:45AM-10:50AM ET",
  "side": "Down",
  "signal_score": 0.8211322052470513,
  "correct": true,
  "entry_price": 0.67,
  "exit_price": 1.0,
  "log_return": 0.40047756659712525,
  "size": 1.08,
  "pnl": 0.522365671641791,
  "fees": 0.0064149999999999485,
  "gain_pct": 0.483672,
  "realized_edge": 0.1511,
  "fill_slippage": 0.0,
  "indicator_snapshot": {
    "rsi": {
      "rsi": 50.57,
      "score": -0.0085
    },
    "macd": {
      "macd": -8.6634,
      "signal": -13.1322,
      "histogram": 4.4688,
      "score": 0.1553
    },
    "stochastic": {
      "k": 80.23,
      "d": 88.25,
      "score": -0.3081
    },
    "ema": {
      "trend": "chop",
      "fast_ema": 73995.74175980041,
      "slow_ema": 73995.66849345117
    },
    "obv": {
      "obv_slope": 1.42,
      "price_slope": 21.93,
      "score": 0.0475
    },
    "vwap": {
      "vwap": 73807.46,
      "deviation": 1.2241,
      "score": -0.3672
    },
    "atr": {
      "atr": 30.73,
      "passes": true,
      "reason": "ok"
    },
    "weights": {
      "rsi": 0.2,
      "macd": 0.3,
      "stochastic": 0.15,
      "obv": 0.15,
      "vwap": 0.2
    },
    "trade_context": {
      "btc_price": 73885.78,
      "strike_price": 73902.1506140796,
      "seconds_remaining": 42.278781,
      "market_price_up": 0.34,
      "market_price_down": 0.67,
      "closes_tail": [
        74018.34,
        74002.12
      ],
      "model_probability": 0.8211322052470513,
      "model_probability_raw": 0.8211322052470513,
      "edge": 0.1511322052470513,
      "atr": 30.73,
      "atr_rolling_20": 29.707,
      "atr_long_term_mean": 30.1238,
      "size": 1.08,
      "prev_resolution_margin": 29.690652354984195,
      "flow_score": -0.3794,
      "spot_flow_signal": -0.11495871576363646,
      "regime_state": "neutral",
      "regime_autocorr": 0.0897,
      "regime_direction": -1.0,
      "entry_phase": "late",
      "flip_count": 1,
      "is_flip": true,
      "depth_usd_top20": 858639.8715344998,
      "coinbase_cvd_60s": -1.548,
      "coinbase_taker_60s": 0.3136,
      "coinbase_taker_n": 932,
      "sprt_confidence": 0.17120473776612039,
      "sprt_status": "ACCUMULATING",
      "adverse_rate_at_30s": 0.6153846153846154,
      "adverse_kelly_mult": 0.752,
      "token_id_up": "54236541188810504719039544287569524482269735316882329683089938581991605346882",
      "token_id_down": "6600604662547690981701239175068883078473162365330360412175849304080326770131"
    }
  },
  "exit_reason": "resolution",
  "seconds_remaining_at_exit": 0.0,
  "edge_decay": {
    "midprice_at_fill": 0.505,
    "deltas": {
      "5s": -0.37,
      "10s": -0.38,
      "15s": -0.37,
      "30s": -0.38,
      "60s": null
    },
    "resolved_windows": 4
  },
  "exit_timestamp": "2026-05-30T14:55:23.692231+00:00",
  "timestamp": "2026-05-30T14:55:23.692231+00:00"
}