{
  "position_id": 664,
  "market_id": "btc-updown-5m-1780155600",
  "question": "Bitcoin Up or Down - May 30, 11:40AM-11:45AM ET",
  "side": "Down",
  "signal_score": 0.6375365262327966,
  "correct": true,
  "entry_price": 0.43999999999999995,
  "exit_price": 1.0,
  "log_return": 0.8209805520698303,
  "size": 1.29,
  "pnl": 1.6122659090909095,
  "fees": 0.013002999999999928,
  "gain_pct": 1.249819,
  "realized_edge": 0.1975,
  "fill_slippage": -0.0,
  "indicator_snapshot": {
    "rsi": {
      "rsi": 24.08,
      "score": 0.438
    },
    "macd": {
      "macd": -14.3221,
      "signal": -11.1509,
      "histogram": -3.1711,
      "score": -0.2232
    },
    "stochastic": {
      "k": 8.92,
      "d": 4.46,
      "score": 0.6879
    },
    "ema": {
      "trend": "bearish",
      "fast_ema": 73878.70311487299,
      "slow_ema": 73891.87137888173
    },
    "obv": {
      "obv_slope": -1.28,
      "price_slope": -3.905,
      "score": -0.0427
    },
    "vwap": {
      "vwap": 73854.19,
      "deviation": 0.1443,
      "score": -0.0433
    },
    "atr": {
      "atr": 19.14,
      "passes": true,
      "reason": "ok"
    },
    "weights": {
      "rsi": 0.2,
      "macd": 0.3,
      "stochastic": 0.15,
      "obv": 0.15,
      "vwap": 0.2
    },
    "trade_context": {
      "btc_price": 73765.86,
      "strike_price": 73773.52203391392,
      "seconds_remaining": 269.625196,
      "market_price_up": 0.57,
      "market_price_down": 0.44,
      "closes_tail": [
        73868.98,
        73874.2
      ],
      "model_probability": 0.6375365262327966,
      "model_probability_raw": 0.6375365262327966,
      "edge": 0.19753652623279655,
      "atr": 19.14,
      "atr_rolling_20": 19.14,
      "atr_long_term_mean": 19.4864,
      "size": 1.29,
      "prev_resolution_margin": -34.01818397171155,
      "flow_score": -0.1147,
      "spot_flow_signal": 0.027546438096696477,
      "regime_state": "neutral",
      "regime_autocorr": -0.0209,
      "regime_direction": -1.0,
      "entry_phase": "normal",
      "flip_count": 0,
      "is_flip": false,
      "depth_usd_top20": 549617.4317251999,
      "coinbase_cvd_60s": 0.2028,
      "coinbase_taker_60s": 0.5551,
      "coinbase_taker_n": 596,
      "sprt_confidence": 0.6764163773125902,
      "sprt_status": "ACCUMULATING",
      "adverse_rate_at_30s": 0.6,
      "adverse_kelly_mult": 0.775,
      "token_id_up": "74228370455718289910836253197016163830267613405377529674080988857932542920739",
      "token_id_down": "32462287946280875758987468185525590634238645050388300324661268853402196416569"
    }
  },
  "exit_reason": "resolution",
  "seconds_remaining_at_exit": 0.0,
  "edge_decay": {
    "midprice_at_fill": 0.505,
    "deltas": {
      "5s": 0.04,
      "10s": 0.05,
      "15s": 0.03,
      "30s": -0.02,
      "60s": 0.04
    },
    "resolved_windows": 5
  },
  "exit_timestamp": "2026-05-30T15:47:38.358530+00:00",
  "timestamp": "2026-05-30T15:47:38.358530+00:00"
}