{
  "position_id": 668,
  "market_id": "btc-updown-5m-1776272700",
  "question": "Bitcoin Up or Down - April 15, 1:05PM-1:10PM ET",
  "side": "Up",
  "signal_score": 0.39407466166046196,
  "correct": false,
  "entry_price": 0.22,
  "exit_price": 0.0,
  "log_return": -10.0,
  "size": 4.87,
  "pnl": -4.87,
  "fees": 0.06837500000000034,
  "gain_pct": -1.0,
  "weight_version": "weights_v001",
  "category": "crypto-5min",
  "indicator_snapshot": {
    "rsi": {
      "rsi": 99.8,
      "score": -0.9952,
      "norm_score": -0.030668460906842443
    },
    "macd": {
      "macd": 51.6694,
      "signal": 48.7457,
      "histogram": 2.9237,
      "score": 0.0581,
      "norm_score": -0.37637864220241596
    },
    "stochastic": {
      "k": 84.06,
      "d": 84.29,
      "score": -0.442,
      "norm_score": 0.5193897500472519
    },
    "ema": {
      "trend": "bullish",
      "fast_ema": 74093.80123990888,
      "slow_ema": 74056.45575164894
    },
    "obv": {
      "obv_slope": 0.0,
      "price_slope": 10.3067,
      "score": 0.0002,
      "norm_score": 0.501418947644061
    },
    "vwap": {
      "vwap": 74026.05,
      "deviation": 0.5203,
      "score": -0.1561,
      "norm_score": -0.24047482545144294
    },
    "atr": {
      "atr": 37.89,
      "passes": true,
      "reason": "ok"
    },
    "weights": {
      "rsi": 0.2,
      "macd": 0.25,
      "stochastic": 0.2,
      "obv": 0.15,
      "vwap": 0.2,
      "entry_threshold": 0.6
    },
    "trade_context": {
      "btc_price": 74053.44,
      "strike_price": 74063.23,
      "seconds_remaining": 70.585768,
      "market_price_up": 0.22,
      "market_price_down": 0.77,
      "model_probability_raw": 0.39407466166046196,
      "model_probability": 0.39407466166046196,
      "edge": 0.17407466166046195,
      "momentum_score": 0.03076747433379847,
      "atr": 37.89,
      "size": 4.87,
      "flow_score": -0.0713,
      "flow_book_imbalance": -0.3744,
      "flow_trade_count": 200,
      "spot_flow_signal": 0.006564301815042584,
      "wall_pressure": 0.0,
      "iv_ratio": 1.2044980977926947,
      "prev_resolution_margin": 85.00233695766656,
      "bybit_perp_price": 73992.8,
      "funding_rate": -3.604e-05,
      "depth_usd_top20": 288451.1249273,
      "entry_phase": "late",
      "flip_count": 1,
      "is_flip": true,
      "cvd_120s": 0.0006500000000000001,
      "taker_ratio_60s": 1.0,
      "volume_surge": false,
      "liquidation_pressure": 0.0,
      "gex_signal": 1.0,
      "gex_regime": "stabilizing",
      "cvd_acceleration": -1.2888888888888889e-05,
      "clob_velocity_up": 0.0,
      "clob_velocity_down": 0.0,
      "coinbase_btc": 74053.44,
      "regime_state": "neutral",
      "regime_kelly_mult": 1.0,
      "sprt_confidence": 0.0,
      "sprt_status": "SKIP",
      "signal_consensus": 0.6,
      "adverse_selection_30s": 0.5,
      "alpha_decay_rate": -0.0007188024932434197,
      "garch_vol_ratio": 2.0,
      "crowd_bias": {
        "flb": -0.0168,
        "recency_fade": 0.0,
        "round_number_dampening": 0.96,
        "composite_logit_adjustment": -0.0168
      },
      "oracle_divergence": 0.3727599999983795,
      "edge_realization_ratio": 4.158929067096269
    }
  },
  "exit_reason": "resolution",
  "timestamp": "2026-04-15T17:12:45.975842+00:00"
}