{
  "position_id": 687,
  "market_id": "btc-updown-5m-1780161600",
  "question": "Bitcoin Up or Down - May 30, 1:20PM-1:25PM ET",
  "side": "Up",
  "signal_score": 0.7880255656894817,
  "correct": true,
  "entry_price": 0.65,
  "exit_price": 1.0,
  "log_return": 0.43078291609245417,
  "size": 1.1,
  "pnl": 0.5816461538461537,
  "fees": 0.0069300000000000255,
  "gain_pct": 0.528769,
  "realized_edge": 0.138,
  "fill_slippage": 0.0,
  "indicator_snapshot": {
    "rsi": {
      "rsi": 67.49,
      "score": -0.2623
    },
    "macd": {
      "macd": 4.2421,
      "signal": 2.3412,
      "histogram": 1.9009,
      "score": 0.2192
    },
    "stochastic": {
      "k": 88.92,
      "d": 49.08,
      "score": -0.6123
    },
    "ema": {
      "trend": "chop",
      "fast_ema": 73919.30434467016,
      "slow_ema": 73913.88213095802
    },
    "obv": {
      "obv_slope": 0.27,
      "price_slope": 5.835,
      "score": 0.009
    },
    "vwap": {
      "vwap": 73953.04,
      "deviation": -0.503,
      "score": 0.1509
    },
    "atr": {
      "atr": 11.52,
      "passes": true,
      "reason": "ok"
    },
    "weights": {
      "rsi": 0.2,
      "macd": 0.3,
      "stochastic": 0.15,
      "obv": 0.15,
      "vwap": 0.2
    },
    "trade_context": {
      "btc_price": 73817.59,
      "strike_price": 73805.46382968167,
      "seconds_remaining": 291.266801,
      "market_price_up": 0.65,
      "market_price_down": 0.36,
      "closes_tail": [
        73911.06,
        73925.35
      ],
      "model_probability": 0.7880255656894817,
      "model_probability_raw": 0.7880255656894817,
      "edge": 0.13802556568948166,
      "atr": 11.52,
      "atr_rolling_20": 11.329,
      "atr_long_term_mean": 11.0779,
      "size": 1.1,
      "prev_resolution_margin": -34.01818397171155,
      "flow_score": 0.422,
      "spot_flow_signal": 0.23847118424355015,
      "regime_state": "neutral",
      "regime_autocorr": -0.069,
      "regime_direction": -1.0,
      "entry_phase": "normal",
      "flip_count": 0,
      "is_flip": false,
      "depth_usd_top20": 572822.924848,
      "coinbase_cvd_60s": 3.0344,
      "coinbase_taker_60s": 0.9023,
      "coinbase_taker_n": 181,
      "sprt_confidence": 0.124723809122402,
      "sprt_status": "ACCUMULATING",
      "adverse_rate_at_30s": 0.5714285714285714,
      "adverse_kelly_mult": 0.818,
      "token_id_up": "85675182351273179475984786056293039792498432012975677266762679616963432677376",
      "token_id_down": "65013317928539785342800345803364129819158814606734310047648499635620711880177"
    }
  },
  "exit_reason": "resolution",
  "seconds_remaining_at_exit": 0.0,
  "edge_decay": {
    "midprice_at_fill": 0.505,
    "deltas": {
      "5s": 0.18,
      "10s": 0.18,
      "15s": 0.15,
      "30s": 0.31,
      "60s": 0.41
    },
    "resolved_windows": 5
  },
  "exit_timestamp": "2026-05-30T17:29:47.448748+00:00",
  "timestamp": "2026-05-30T17:29:47.448748+00:00"
}