{
  "position_id": 697,
  "market_id": "btc-updown-5m-1776279300",
  "question": "Bitcoin Up or Down - April 15, 2:55PM-3:00PM ET",
  "side": "Up",
  "signal_score": 0.3971309071714771,
  "correct": true,
  "entry_price": 0.33,
  "exit_price": 0.56,
  "log_return": 0.528844129268669,
  "size": 3.35,
  "pnl": 2.221808212121212,
  "fees": 0.08488199999999974,
  "gain_pct": 0.663226,
  "weight_version": "weights_v001",
  "category": "crypto-5min",
  "indicator_snapshot": {
    "rsi": {
      "rsi": 56.68,
      "score": -0.1002,
      "norm_score": 1.0035161639656085
    },
    "macd": {
      "macd": 25.2075,
      "signal": 26.7912,
      "histogram": -1.5838,
      "score": -0.0637,
      "norm_score": -0.20662200453989993
    },
    "stochastic": {
      "k": 80.67,
      "d": 81.88,
      "score": -0.3234,
      "norm_score": 0.31099561782567653
    },
    "ema": {
      "trend": "bullish",
      "fast_ema": 74371.75177581175,
      "slow_ema": 74357.60448815409
    },
    "obv": {
      "obv_slope": 0.0,
      "price_slope": 5.53,
      "score": 0.0001,
      "norm_score": 0.9442932880627406
    },
    "vwap": {
      "vwap": 74069.37,
      "deviation": 2.239,
      "score": -0.6717,
      "norm_score": -0.6151181568412849
    },
    "atr": {
      "atr": 16.08,
      "passes": true,
      "reason": "ok"
    },
    "weights": {
      "rsi": 0.2,
      "macd": 0.25,
      "stochastic": 0.2,
      "obv": 0.15,
      "vwap": 0.2,
      "entry_threshold": 0.6
    },
    "trade_context": {
      "btc_price": 74366.01,
      "strike_price": 74374.84,
      "seconds_remaining": 279.570416,
      "market_price_up": 0.33,
      "market_price_down": 0.66,
      "model_probability_raw": 0.3971309071714771,
      "model_probability": 0.3971309071714771,
      "edge": 0.06713090717147707,
      "momentum_score": 0.22986721706443614,
      "atr": 16.08,
      "size": 3.35,
      "flow_score": 0.0713,
      "flow_book_imbalance": -0.0761,
      "flow_trade_count": 177,
      "spot_flow_signal": 0.515727216026673,
      "wall_pressure": 0.0,
      "iv_ratio": 2.983514328397941,
      "prev_resolution_margin": 32.81156000000192,
      "bybit_perp_price": 74300.0,
      "funding_rate": -3.405e-05,
      "depth_usd_top20": 259701.17799989998,
      "entry_phase": "normal",
      "flip_count": 0,
      "is_flip": false,
      "cvd_120s": 0.00019999999999999998,
      "taker_ratio_60s": 1.0,
      "volume_surge": false,
      "liquidation_pressure": 0.0,
      "gex_signal": 1.0,
      "gex_regime": "stabilizing",
      "cvd_acceleration": -4.444444444444444e-06,
      "clob_velocity_up": 0.0,
      "clob_velocity_down": 0.0,
      "coinbase_btc": 74366.01,
      "regime_state": "neutral",
      "regime_kelly_mult": 1.0,
      "sprt_confidence": 0.0,
      "sprt_status": "ACCUMULATING",
      "signal_consensus": 1.3,
      "adverse_selection_30s": 0.5,
      "alpha_decay_rate": 0.003947893058468864,
      "garch_vol_ratio": 2.0,
      "crowd_bias": {
        "flb": -0.0102,
        "recency_fade": 0.0,
        "round_number_dampening": 1.0,
        "composite_logit_adjustment": -0.0102
      },
      "oracle_divergence": 61.2899999999936,
      "edge_realization_ratio": 3.9504599511827556
    }
  },
  "exit_reason": "scalp",
  "timestamp": "2026-04-15T18:57:51.944588+00:00"
}