{
  "position_id": 697,
  "market_id": "btc-updown-5m-1780165500",
  "question": "Bitcoin Up or Down - May 30, 2:25PM-2:30PM ET",
  "side": "Down",
  "signal_score": 0.7287436584451843,
  "correct": true,
  "entry_price": 0.53,
  "exit_price": 1.0,
  "log_return": 0.6348782724359694,
  "size": 2.61,
  "pnl": 2.2728660377358483,
  "fees": 0.022081000000000017,
  "gain_pct": 0.87083,
  "realized_edge": 0.1987,
  "fill_slippage": 0.0,
  "indicator_snapshot": {
    "rsi": {
      "rsi": 42.86,
      "score": 0.1072
    },
    "macd": {
      "macd": 6.1789,
      "signal": 11.6024,
      "histogram": -5.4235,
      "score": -0.2782
    },
    "stochastic": {
      "k": 0.0,
      "d": 10.6,
      "score": 1.0
    },
    "ema": {
      "trend": "chop",
      "fast_ema": 74052.1101362108,
      "slow_ema": 74055.3657651956
    },
    "obv": {
      "obv_slope": -0.25,
      "price_slope": -9.255,
      "score": -0.0084
    },
    "vwap": {
      "vwap": 73949.89,
      "deviation": 1.5578,
      "score": -0.4673
    },
    "atr": {
      "atr": 21.81,
      "passes": true,
      "reason": "ok"
    },
    "weights": {
      "rsi": 0.2,
      "macd": 0.3,
      "stochastic": 0.15,
      "obv": 0.15,
      "vwap": 0.2
    },
    "trade_context": {
      "btc_price": 73915.98,
      "strike_price": 73927.65631247917,
      "seconds_remaining": 297.903032,
      "market_price_up": 0.49,
      "market_price_down": 0.53,
      "closes_tail": [
        74066.61,
        74038.04
      ],
      "model_probability": 0.7287436584451843,
      "model_probability_raw": 0.7287436584451843,
      "edge": 0.19874365844518427,
      "atr": 21.81,
      "atr_rolling_20": 21.81,
      "atr_long_term_mean": 21.81,
      "size": 2.61,
      "prev_resolution_margin": 10.244266128589516,
      "flow_score": -0.6896,
      "spot_flow_signal": -0.14310365350595886,
      "regime_state": "volatile",
      "regime_autocorr": -0.3806,
      "regime_direction": -1.0,
      "entry_phase": "normal",
      "flip_count": 0,
      "is_flip": false,
      "depth_usd_top20": 593946.3920424001,
      "coinbase_cvd_60s": -2.0124,
      "coinbase_taker_60s": 0.2762,
      "coinbase_taker_n": 307,
      "sprt_confidence": 0.1285120642928721,
      "sprt_status": "ACCUMULATING",
      "adverse_rate_at_30s": 0.42857142857142855,
      "adverse_kelly_mult": 1.0,
      "token_id_up": "88551203264741230562212224720119666132223243254685004895902961961032824146530",
      "token_id_down": "86338472876002086352656153444119520451008453544653991321944635744738700206747"
    }
  },
  "exit_reason": "resolution",
  "seconds_remaining_at_exit": 0.0,
  "edge_decay": {
    "midprice_at_fill": 0.51,
    "deltas": {
      "5s": -0.025,
      "10s": -0.135,
      "15s": -0.165,
      "30s": -0.305,
      "60s": -0.295
    },
    "resolved_windows": 5
  },
  "exit_timestamp": "2026-05-30T18:36:25.315485+00:00",
  "timestamp": "2026-05-30T18:36:25.315485+00:00"
}