{
  "position_id": 699,
  "market_id": "btc-updown-5m-1776279600",
  "question": "Bitcoin Up or Down - April 15, 3:00PM-3:05PM ET",
  "side": "Up",
  "signal_score": 0.8127214688000725,
  "correct": true,
  "entry_price": 0.7,
  "exit_price": 0.99,
  "log_return": 0.346624608085231,
  "size": 18.0,
  "pnl": 7.315116285714286,
  "fees": 0.1017580000000012,
  "gain_pct": 0.406395,
  "weight_version": "weights_v001",
  "category": "crypto-5min",
  "indicator_snapshot": {
    "rsi": {
      "rsi": 83.12,
      "score": -0.6061,
      "norm_score": -1.4269421135137608
    },
    "macd": {
      "macd": 19.9992,
      "signal": 19.9862,
      "histogram": 0.0131,
      "score": 0.0011,
      "norm_score": 3.0
    },
    "stochastic": {
      "k": 100.0,
      "d": 83.86,
      "score": -1.0,
      "norm_score": -1.3370113196516618
    },
    "ema": {
      "trend": "bullish",
      "fast_ema": 74402.49774824853,
      "slow_ema": 74389.80599988584
    },
    "obv": {
      "obv_slope": 0.0,
      "price_slope": 9.5033,
      "score": 0.0019,
      "norm_score": 0.6064208479563774
    },
    "vwap": {
      "vwap": 74082.98,
      "deviation": 2.4219,
      "score": -0.7266,
      "norm_score": -3.0
    },
    "atr": {
      "atr": 12.87,
      "passes": true,
      "reason": "ok"
    },
    "weights": {
      "rsi": 0.2,
      "macd": 0.25,
      "stochastic": 0.2,
      "obv": 0.15,
      "vwap": 0.2,
      "entry_threshold": 0.6
    },
    "trade_context": {
      "btc_price": 74439.54,
      "strike_price": 74393.62,
      "seconds_remaining": 130.539426,
      "market_price_up": 0.7,
      "market_price_down": 0.29,
      "model_probability_raw": 0.8127214688000725,
      "model_probability": 0.8127214688000725,
      "edge": 0.1127214688000725,
      "momentum_score": -0.311827559439628,
      "atr": 12.87,
      "size": 18.0,
      "flow_score": 0.0857,
      "flow_book_imbalance": 0.3988,
      "flow_trade_count": 200,
      "spot_flow_signal": 0.6789442645875791,
      "wall_pressure": 0.0,
      "iv_ratio": 3.0,
      "prev_resolution_margin": 32.81156000000192,
      "bybit_perp_price": 74376.4,
      "funding_rate": -3.963e-05,
      "depth_usd_top20": 229612.73898199995,
      "entry_phase": "late",
      "flip_count": 0,
      "is_flip": false,
      "cvd_120s": 0.01336,
      "taker_ratio_60s": 0.9985074626865671,
      "volume_surge": true,
      "liquidation_pressure": 0.0,
      "gex_signal": 1.0,
      "gex_regime": "stabilizing",
      "cvd_acceleration": 0.0008906666666666667,
      "clob_velocity_up": 0.06738455750304671,
      "clob_velocity_down": -0.06738455750304664,
      "coinbase_btc": 74448.25,
      "regime_state": "neutral",
      "regime_kelly_mult": 1.0,
      "sprt_confidence": 0.0,
      "sprt_status": "SKIP",
      "signal_consensus": 1.3,
      "adverse_selection_30s": 0.5,
      "alpha_decay_rate": 0.00032354410104028914,
      "garch_vol_ratio": 2.0,
      "crowd_bias": {
        "flb": 0.012,
        "recency_fade": -0.3,
        "round_number_dampening": 1.0,
        "composite_logit_adjustment": 0.006
      },
      "oracle_divergence": 134.81999999999243,
      "edge_realization_ratio": 4.045915680654822
    }
  },
  "exit_reason": "scalp",
  "timestamp": "2026-04-15T19:04:31.607270+00:00"
}