{
  "position_id": 708,
  "market_id": "btc-updown-5m-1780168200",
  "question": "Bitcoin Up or Down - May 30, 3:10PM-3:15PM ET",
  "side": "Down",
  "signal_score": 0.6277516408921918,
  "correct": true,
  "entry_price": 0.51,
  "exit_price": 0.61,
  "log_return": 0.17904823144898546,
  "size": 1.19,
  "pnl": 0.20177022870588246,
  "fees": 0.02800177599999987,
  "gain_pct": 0.169555,
  "realized_edge": 0.1178,
  "fill_slippage": 0.0,
  "indicator_snapshot": {
    "rsi": {
      "rsi": 25.79,
      "score": 0.3982
    },
    "macd": {
      "macd": -7.8739,
      "signal": -5.7775,
      "histogram": -2.0963,
      "score": -0.2205
    },
    "stochastic": {
      "k": 0.0,
      "d": 0.01,
      "score": 1.0
    },
    "ema": {
      "trend": "bearish",
      "fast_ema": 74013.45033895195,
      "slow_ema": 74021.16435582738
    },
    "obv": {
      "obv_slope": -0.9,
      "price_slope": -0.19,
      "score": -0.0299
    },
    "vwap": {
      "vwap": 73972.34,
      "deviation": 0.6445,
      "score": -0.1934
    },
    "atr": {
      "atr": 12.65,
      "passes": true,
      "reason": "ok"
    },
    "weights": {
      "rsi": 0.2,
      "macd": 0.3,
      "stochastic": 0.15,
      "obv": 0.15,
      "vwap": 0.2
    },
    "trade_context": {
      "btc_price": 73896.4,
      "strike_price": 73902.9216171913,
      "seconds_remaining": 299.943417,
      "market_price_up": 0.5,
      "market_price_down": 0.51,
      "closes_tail": [
        74010.47,
        74010.46
      ],
      "model_probability": 0.6277516408921918,
      "model_probability_raw": 0.6277516408921918,
      "edge": 0.11775164089219181,
      "atr": 12.65,
      "atr_rolling_20": 12.65,
      "atr_long_term_mean": 12.65,
      "size": 1.19,
      "prev_resolution_margin": 62.46288437534531,
      "flow_score": 0.0066,
      "spot_flow_signal": 0.03172792298673752,
      "regime_state": "neutral",
      "regime_autocorr": -0.082,
      "regime_direction": -1.0,
      "entry_phase": "normal",
      "flip_count": 0,
      "is_flip": false,
      "depth_usd_top20": 388888.1669434002,
      "coinbase_cvd_60s": 0.1983,
      "coinbase_taker_60s": 0.5661,
      "coinbase_taker_n": 346,
      "sprt_confidence": 0.07872223111671159,
      "sprt_status": "ACCUMULATING",
      "adverse_rate_at_30s": 0.5882352941176471,
      "adverse_kelly_mult": 0.793,
      "token_id_up": "65001387430066780871711557220401632016251574339218840891647909612348967786223",
      "token_id_down": "20837595260654332529081215407800895773316935082401517825150251169982495137841"
    }
  },
  "exit_reason": "scalp",
  "seconds_remaining_at_exit": 98.832805,
  "edge_decay": {
    "midprice_at_fill": 0.505,
    "deltas": {
      "5s": -0.09,
      "10s": -0.1,
      "15s": -0.1,
      "30s": -0.06,
      "60s": -0.09
    },
    "resolved_windows": 5
  },
  "exit_timestamp": "2026-05-30T19:13:22.345463+00:00",
  "timestamp": "2026-05-30T19:13:22.345463+00:00"
}