{
  "position_id": 711,
  "market_id": "btc-updown-5m-1780168800",
  "question": "Bitcoin Up or Down - May 30, 3:20PM-3:25PM ET",
  "side": "Down",
  "signal_score": 0.6817387147968986,
  "correct": true,
  "entry_price": 0.51,
  "exit_price": 1.0,
  "log_return": 0.6733445532637655,
  "size": 1.83,
  "pnl": 1.726586274509804,
  "fees": 0.016141000000000013,
  "gain_pct": 0.94349,
  "realized_edge": 0.1717,
  "fill_slippage": 0.0,
  "indicator_snapshot": {
    "rsi": {
      "rsi": 59.42,
      "score": -0.1413
    },
    "macd": {
      "macd": 10.8742,
      "signal": 9.8777,
      "histogram": 0.9965,
      "score": 0.0755
    },
    "stochastic": {
      "k": 42.4,
      "d": 56.14,
      "score": 0.076
    },
    "ema": {
      "trend": "bullish",
      "fast_ema": 74053.95190462789,
      "slow_ema": 74045.6731817291
    },
    "obv": {
      "obv_slope": 0.66,
      "price_slope": 3.79,
      "score": 0.0221
    },
    "vwap": {
      "vwap": 73978.76,
      "deviation": 1.233,
      "score": -0.3699
    },
    "atr": {
      "atr": 12.82,
      "passes": true,
      "reason": "ok"
    },
    "weights": {
      "rsi": 0.2,
      "macd": 0.3,
      "stochastic": 0.15,
      "obv": 0.15,
      "vwap": 0.2
    },
    "trade_context": {
      "btc_price": 73934.94,
      "strike_price": 73942.7924516727,
      "seconds_remaining": 299.756191,
      "market_price_up": 0.5,
      "market_price_down": 0.51,
      "closes_tail": [
        74056.94,
        74053.97
      ],
      "model_probability": 0.6817387147968986,
      "model_probability_raw": 0.6817387147968986,
      "edge": 0.17173871479689862,
      "atr": 12.82,
      "atr_rolling_20": 12.82,
      "atr_long_term_mean": 12.82,
      "size": 1.83,
      "prev_resolution_margin": -32.9079823072243,
      "flow_score": -0.1403,
      "spot_flow_signal": 0.13906406204877114,
      "regime_state": "neutral",
      "regime_autocorr": -0.0281,
      "regime_direction": -1.0,
      "entry_phase": "normal",
      "flip_count": 0,
      "is_flip": false,
      "depth_usd_top20": 693338.7534430998,
      "coinbase_cvd_60s": 1.6285,
      "coinbase_taker_60s": 0.7392,
      "coinbase_taker_n": 861,
      "sprt_confidence": 0.10726591450839003,
      "sprt_status": "ACCUMULATING",
      "adverse_rate_at_30s": 0.5294117647058824,
      "adverse_kelly_mult": 0.881,
      "token_id_up": "61252822418462044553696071554183273942828997781002765543539133299222559555940",
      "token_id_down": "109569560361915133125696533047356307343753624678537905416136050919677586666615"
    }
  },
  "exit_reason": "resolution",
  "seconds_remaining_at_exit": 0.0,
  "edge_decay": {
    "midprice_at_fill": 0.505,
    "deltas": {
      "5s": 0.01,
      "10s": -0.0,
      "15s": 0.06,
      "30s": 0.02,
      "60s": -0.3
    },
    "resolved_windows": 5
  },
  "exit_timestamp": "2026-05-30T19:27:49.430136+00:00",
  "timestamp": "2026-05-30T19:27:49.430136+00:00"
}