{
  "position_id": 717,
  "market_id": "btc-updown-5m-1780170300",
  "question": "Bitcoin Up or Down - May 30, 3:45PM-3:50PM ET",
  "side": "Up",
  "signal_score": 0.7893302742400911,
  "correct": true,
  "entry_price": 0.6,
  "exit_price": 1.0,
  "log_return": 0.5108256237659907,
  "size": 5.07,
  "pnl": 3.31916,
  "fees": 0.036504000000000404,
  "gain_pct": 0.654667,
  "realized_edge": 0.1893,
  "fill_slippage": 0.0,
  "indicator_snapshot": {
    "rsi": {
      "rsi": 30.39,
      "score": 0.2942
    },
    "macd": {
      "macd": 1.2849,
      "signal": 2.9993,
      "histogram": -1.7144,
      "score": -0.1798
    },
    "stochastic": {
      "k": 43.64,
      "d": 35.67,
      "score": 0.0636
    },
    "ema": {
      "trend": "chop",
      "fast_ema": 74019.42886442367,
      "slow_ema": 74020.5640853696
    },
    "obv": {
      "obv_slope": 0.5,
      "price_slope": 5.245,
      "score": 0.0167
    },
    "vwap": {
      "vwap": 73988.27,
      "deviation": 0.5351,
      "score": -0.1605
    },
    "atr": {
      "atr": 8.5,
      "passes": true,
      "reason": "ok"
    },
    "weights": {
      "rsi": 0.2,
      "macd": 0.3,
      "stochastic": 0.15,
      "obv": 0.15,
      "vwap": 0.2
    },
    "trade_context": {
      "btc_price": 73913.89,
      "strike_price": 73902.41764136417,
      "seconds_remaining": 289.508019,
      "market_price_up": 0.6,
      "market_price_down": 0.42,
      "closes_tail": [
        74017.96,
        74020.0
      ],
      "model_probability": 0.7893302742400911,
      "model_probability_raw": 0.7893302742400911,
      "edge": 0.18933027424009108,
      "atr": 8.5,
      "atr_rolling_20": 8.608,
      "atr_long_term_mean": 8.418,
      "size": 5.07,
      "prev_resolution_margin": -32.9079823072243,
      "flow_score": 0.2028,
      "spot_flow_signal": 0.018174187616567965,
      "regime_state": "neutral",
      "regime_autocorr": -0.1806,
      "regime_direction": -1.0,
      "entry_phase": "normal",
      "flip_count": 0,
      "is_flip": false,
      "depth_usd_top20": 746614.2228633001,
      "coinbase_cvd_60s": 0.1611,
      "coinbase_taker_60s": 0.5348,
      "coinbase_taker_n": 255,
      "sprt_confidence": 0.16112782731645053,
      "sprt_status": "ACCUMULATING",
      "adverse_rate_at_30s": 0.35294117647058826,
      "adverse_kelly_mult": 1.0,
      "token_id_up": "5417419848776026001660575899460755322572559554143396395797208569995123426414",
      "token_id_down": "13472322176200833560236706476796061130998026061500530348971880175130937929246"
    }
  },
  "exit_reason": "resolution",
  "seconds_remaining_at_exit": 0.0,
  "edge_decay": {
    "midprice_at_fill": 0.51,
    "deltas": {
      "5s": 0.215,
      "10s": 0.215,
      "15s": 0.255,
      "30s": 0.295,
      "60s": 0.395
    },
    "resolved_windows": 5
  },
  "exit_timestamp": "2026-05-30T19:54:22.814323+00:00",
  "timestamp": "2026-05-30T19:54:22.814323+00:00"
}