{
  "position_id": 763,
  "market_id": "btc-updown-5m-1776297300",
  "question": "Bitcoin Up or Down - April 15, 7:55PM-8:00PM ET",
  "side": "Down",
  "signal_score": 0.6444608095908391,
  "correct": true,
  "entry_price": 0.49,
  "exit_price": 0.63,
  "log_return": 0.25131442828090617,
  "size": 10.35,
  "pnl": 2.7471712857142876,
  "fees": 0.18282499999999974,
  "gain_pct": 0.265427,
  "weight_version": "weights_v001",
  "category": "crypto-5min",
  "indicator_snapshot": {
    "rsi": {
      "rsi": 100.0,
      "score": -1.0,
      "norm_score": -0.39132255275537015
    },
    "macd": {
      "macd": 39.206,
      "signal": 36.129,
      "histogram": 3.077,
      "score": 0.0857,
      "norm_score": 0.6761313051781493
    },
    "stochastic": {
      "k": 100.0,
      "d": 100.0,
      "score": -1.0,
      "norm_score": -0.5060031184650178
    },
    "ema": {
      "trend": "bullish",
      "fast_ema": 74811.53913825148,
      "slow_ema": 74782.06144014641
    },
    "obv": {
      "obv_slope": 0.01,
      "price_slope": 9.2167,
      "score": 0.0112,
      "norm_score": 0.9403646100910861
    },
    "vwap": {
      "vwap": 74945.43,
      "deviation": -0.7441,
      "score": 0.2232,
      "norm_score": -0.9482103125608856
    },
    "atr": {
      "atr": 19.82,
      "passes": true,
      "reason": "ok"
    },
    "weights": {
      "rsi": 0.2,
      "macd": 0.25,
      "stochastic": 0.2,
      "obv": 0.15,
      "vwap": 0.2,
      "entry_threshold": 0.6
    },
    "trade_context": {
      "btc_price": 74814.6,
      "strike_price": 74826.93050004319,
      "seconds_remaining": 126.685688,
      "market_price_up": 0.5,
      "market_price_down": 0.49,
      "model_probability_raw": 0.6444608095908391,
      "model_probability": 0.6444608095908391,
      "edge": 0.15446080959083908,
      "momentum_score": -0.05901967894805449,
      "atr": 19.82,
      "size": 10.35,
      "flow_score": 0.0427,
      "flow_book_imbalance": 0.0677,
      "flow_trade_count": 200,
      "spot_flow_signal": -0.3981436838831476,
      "wall_pressure": 0.0,
      "iv_ratio": 2.222181054451079,
      "prev_resolution_margin": 37.26296767234453,
      "bybit_perp_price": 74745.4,
      "funding_rate": -1.654e-05,
      "depth_usd_top20": 304273.1488841,
      "entry_phase": "late",
      "flip_count": 0,
      "is_flip": false,
      "cvd_120s": 0.0004699999999999982,
      "taker_ratio_60s": 0.5022348033373063,
      "volume_surge": false,
      "liquidation_pressure": 0.0052599278398103,
      "gex_signal": 1.0,
      "gex_regime": "stabilizing",
      "cvd_acceleration": 0.0007357777777777778,
      "clob_velocity_up": 0.0,
      "clob_velocity_down": 0.0,
      "coinbase_btc": 74811.79,
      "regime_state": "neutral",
      "regime_kelly_mult": 1.0,
      "sprt_confidence": 0.0,
      "sprt_status": "SKIP",
      "signal_consensus": 1.3,
      "adverse_selection_30s": 0.5,
      "alpha_decay_rate": -0.0016575545567472586,
      "garch_vol_ratio": 2.0,
      "crowd_bias": {
        "flb": 0.0,
        "recency_fade": 0.0,
        "round_number_dampening": 1.0,
        "composite_logit_adjustment": 0.0
      },
      "oracle_divergence": 11.619999999995343,
      "edge_realization_ratio": 1.0
    }
  },
  "exit_reason": "scalp",
  "timestamp": "2026-04-15T23:58:55.451080+00:00"
}