{
  "position_id": 7649,
  "market_id": "btc-updown-5m-1779201000",
  "question": "Bitcoin Up or Down - May 19, 10:30AM-10:35AM ET",
  "side": "Down",
  "signal_score": 0.999999,
  "correct": true,
  "entry_price": 0.9,
  "exit_price": 1.0,
  "log_return": 0.10536051565782635,
  "size": 128.53,
  "pnl": 14.024051111111106,
  "fees": 0.23135399999999606,
  "gain_pct": 0.109111,
  "realized_edge": 0.1,
  "fill_slippage": 0.0,
  "indicator_snapshot": {
    "rsi": {
      "rsi": 100.0,
      "score": -1.0,
      "norm_score": 0.0
    },
    "macd": {
      "macd": -0.9014,
      "signal": -14.8903,
      "histogram": 13.9889,
      "score": 0.5159,
      "norm_score": 0.0
    },
    "stochastic": {
      "k": 99.14,
      "d": 99.14,
      "score": -0.9698,
      "norm_score": 0.0
    },
    "ema": {
      "trend": "bullish",
      "fast_ema": 76460.43972891042,
      "slow_ema": 76441.46449243149
    },
    "obv": {
      "obv_slope": 0.0,
      "price_slope": 0.0,
      "score": 0.0,
      "norm_score": 0.0
    },
    "vwap": {
      "vwap": 76747.98,
      "deviation": -1.219,
      "score": 0.3657,
      "norm_score": 0.0
    },
    "atr": {
      "atr": 40.95,
      "passes": true,
      "reason": "ok"
    },
    "weights": {
      "rsi": 0.2,
      "macd": 0.3,
      "stochastic": 0.15,
      "obv": 0.15,
      "vwap": 0.2
    },
    "trade_context": {
      "btc_price": 76291.44,
      "strike_price": 76383.54041141062,
      "seconds_remaining": 98.219321,
      "market_price_up": 0.11,
      "market_price_down": 0.9,
      "model_probability": 0.999999,
      "model_probability_raw": 0.9820137900379085,
      "edge": 0.09999899999999995,
      "atr": 40.95,
      "size": 128.53,
      "prev_resolution_margin": 283.9174792568665,
      "flow_score": 0.335,
      "spot_flow_signal": -0.1540236823124831,
      "liquidation_pressure": 0.0,
      "regime_state": "neutral",
      "regime_autocorr": -0.0724,
      "regime_direction": 0.0,
      "entry_phase": "late",
      "flip_count": 1,
      "is_flip": true,
      "depth_usd_top20": 189532.88071900004,
      "sprt_confidence": 0.31364743138111056,
      "sprt_status": "ACCUMULATING",
      "adverse_selection_30s": 0.5,
      "token_id_up": "4406874236813050181025911866790504523170011627034311779802112109671662807683",
      "token_id_down": "62040766555932157729532587612708829158569828153110979694027380951566607517701"
    }
  },
  "exit_reason": "resolution",
  "seconds_remaining_at_exit": 0.0,
  "exit_timestamp": "2026-05-19T14:37:56.151323+00:00",
  "timestamp": "2026-05-19T14:37:56.151323+00:00"
}