{
  "position_id": 7656,
  "market_id": "btc-updown-5m-1779203100",
  "question": "Bitcoin Up or Down - May 19, 11:05AM-11:10AM ET",
  "side": "Up",
  "signal_score": 0.618946968071916,
  "correct": false,
  "entry_price": 0.42,
  "exit_price": 0.2099,
  "log_return": -0.6936234844508267,
  "size": 29.89,
  "pnl": -15.318294368571427,
  "fees": 0.5222779999999976,
  "gain_pct": -0.512489,
  "realized_edge": 0.1989,
  "fill_slippage": 0.0,
  "indicator_snapshot": {
    "rsi": {
      "rsi": 70.16,
      "score": -0.3037,
      "norm_score": 0.0
    },
    "macd": {
      "macd": 51.8501,
      "signal": 54.5913,
      "histogram": -2.7412,
      "score": -0.0563,
      "norm_score": 0.0
    },
    "stochastic": {
      "k": 63.93,
      "d": 63.93,
      "score": -0.1393,
      "norm_score": 0.0
    },
    "ema": {
      "trend": "bullish",
      "fast_ema": 76528.6763836877,
      "slow_ema": 76498.76760484054
    },
    "obv": {
      "obv_slope": -0.0,
      "price_slope": -9.36,
      "score": -0.0005,
      "norm_score": 0.0
    },
    "vwap": {
      "vwap": 76623.6,
      "deviation": -0.3959,
      "score": 0.1188,
      "norm_score": 0.0
    },
    "atr": {
      "atr": 35.53,
      "passes": true,
      "reason": "ok"
    },
    "weights": {
      "rsi": 0.2,
      "macd": 0.3,
      "stochastic": 0.15,
      "obv": 0.15,
      "vwap": 0.2
    },
    "trade_context": {
      "btc_price": 76455.99,
      "strike_price": 76459.40728597215,
      "seconds_remaining": 83.266051,
      "market_price_up": 0.42,
      "market_price_down": 0.59,
      "model_probability": 0.618946968071916,
      "model_probability_raw": 0.42327840047198945,
      "edge": 0.19894696807191597,
      "atr": 35.53,
      "size": 29.89,
      "prev_resolution_margin": 283.9174792568665,
      "flow_score": -0.2387,
      "spot_flow_signal": -0.36201836106642576,
      "liquidation_pressure": 0.0,
      "regime_state": "volatile",
      "regime_autocorr": 0.0425,
      "regime_direction": 1.0,
      "entry_phase": "late",
      "flip_count": 1,
      "is_flip": true,
      "depth_usd_top20": 159623.01554520003,
      "sprt_confidence": 0.07898202823311522,
      "sprt_status": "ACCUMULATING",
      "adverse_selection_30s": 0.5,
      "token_id_up": "60120089416553824569989438784979219339948768326684698936124013339079082126135",
      "token_id_down": "60176466553118604282531157482962035506990210144931717465415529706399280896472"
    }
  },
  "exit_reason": "scalp",
  "seconds_remaining_at_exit": 74.613584,
  "exit_timestamp": "2026-05-19T15:08:46.120785+00:00",
  "timestamp": "2026-05-19T15:08:46.120785+00:00"
}