{
  "position_id": 767,
  "market_id": "btc-updown-5m-1776298200",
  "question": "Bitcoin Up or Down - April 15, 8:10PM-8:15PM ET",
  "side": "Down",
  "signal_score": 0.40968400288714135,
  "correct": true,
  "entry_price": 0.3,
  "exit_price": 0.44,
  "log_return": 0.3829922522561059,
  "size": 12.48,
  "pnl": 5.4111896,
  "fees": 0.3394280000000006,
  "gain_pct": 0.433589,
  "weight_version": "weights_v001",
  "category": "crypto-5min",
  "indicator_snapshot": {
    "rsi": {
      "rsi": 64.95,
      "score": -0.2243,
      "norm_score": -1.5956248460695897
    },
    "macd": {
      "macd": -30.9682,
      "signal": -30.8466,
      "histogram": -0.1216,
      "score": -0.0034,
      "norm_score": 1.2293326554619817
    },
    "stochastic": {
      "k": 100.0,
      "d": 68.81,
      "score": -1.0,
      "norm_score": -1.6006412211363457
    },
    "ema": {
      "trend": "bearish",
      "fast_ema": 74679.41032155007,
      "slow_ema": 74699.82436064957
    },
    "obv": {
      "obv_slope": 0.0,
      "price_slope": 0.0,
      "score": 0.0,
      "norm_score": -1.304713706218091
    },
    "vwap": {
      "vwap": 74942.09,
      "deviation": -1.6469,
      "score": 0.4941,
      "norm_score": -0.060716751718305685
    },
    "atr": {
      "atr": 25.43,
      "passes": true,
      "reason": "ok"
    },
    "weights": {
      "rsi": 0.2,
      "macd": 0.25,
      "stochastic": 0.2,
      "obv": 0.15,
      "vwap": 0.2,
      "entry_threshold": 0.6
    },
    "trade_context": {
      "btc_price": 74692.54,
      "strike_price": 74652.1,
      "seconds_remaining": 287.099606,
      "market_price_up": 0.69,
      "market_price_down": 0.3,
      "model_probability_raw": 0.40968400288714135,
      "model_probability": 0.40968400288714135,
      "edge": 0.10968400288714136,
      "momentum_score": -0.5397704558520664,
      "atr": 25.43,
      "size": 12.48,
      "flow_score": 0.3302,
      "flow_book_imbalance": 0.1191,
      "flow_trade_count": 157,
      "spot_flow_signal": -0.19448928497805865,
      "wall_pressure": 0.0,
      "iv_ratio": 1.734801755075213,
      "prev_resolution_margin": 55.03320702840574,
      "bybit_perp_price": 74623.3,
      "funding_rate": -0.00010906,
      "depth_usd_top20": 255126.9902546,
      "entry_phase": "normal",
      "flip_count": 0,
      "is_flip": false,
      "cvd_120s": 0.0,
      "taker_ratio_60s": 0.5,
      "volume_surge": false,
      "liquidation_pressure": 0.0,
      "gex_signal": 1.0,
      "gex_regime": "stabilizing",
      "cvd_acceleration": 0.0,
      "clob_velocity_up": 0.0,
      "clob_velocity_down": 0.0,
      "coinbase_btc": 74693.19,
      "regime_state": "neutral",
      "regime_kelly_mult": 1.0,
      "sprt_confidence": 0.0,
      "sprt_status": "ACCUMULATING",
      "signal_consensus": 0.8,
      "adverse_selection_30s": 0.5,
      "alpha_decay_rate": 0.004643072811986141,
      "garch_vol_ratio": 2.0,
      "crowd_bias": {
        "flb": 0.0114,
        "recency_fade": 0.0,
        "round_number_dampening": 1.0,
        "composite_logit_adjustment": 0.0114
      },
      "oracle_divergence": 18.130384788062656,
      "edge_realization_ratio": 1.0
    }
  },
  "exit_reason": "scalp",
  "timestamp": "2026-04-16T00:14:19.365245+00:00"
}