{
  "position_id": 7695,
  "market_id": "btc-updown-5m-1779212100",
  "question": "Bitcoin Up or Down - May 19, 1:35PM-1:40PM ET",
  "side": "Up",
  "signal_score": 0.618946968071916,
  "correct": true,
  "entry_price": 0.51,
  "exit_price": 0.7598,
  "log_return": 0.3986445150351537,
  "size": 28.37,
  "pnl": 13.341826048235294,
  "fees": 0.4313510000000009,
  "gain_pct": 0.470279,
  "realized_edge": 0.1089,
  "fill_slippage": 0.0,
  "indicator_snapshot": {
    "rsi": {
      "rsi": 0.0,
      "score": 1.0,
      "norm_score": 1.4353187920212174
    },
    "macd": {
      "macd": -48.8556,
      "signal": -45.6406,
      "histogram": -3.215,
      "score": -0.0835,
      "norm_score": -0.05666356464746334
    },
    "stochastic": {
      "k": 10.98,
      "d": 10.98,
      "score": 0.6158,
      "norm_score": 1.1785822889972526
    },
    "ema": {
      "trend": "bearish",
      "fast_ema": 76817.97963101455,
      "slow_ema": 76853.67851465354
    },
    "obv": {
      "obv_slope": 0.0,
      "price_slope": 0.0,
      "score": 0.0,
      "norm_score": 0.024639032681614714
    },
    "vwap": {
      "vwap": 76753.37,
      "deviation": 0.2663,
      "score": -0.0799,
      "norm_score": 0.4940026922010006
    },
    "atr": {
      "atr": 27.16,
      "passes": true,
      "reason": "ok"
    },
    "weights": {
      "rsi": 0.2,
      "macd": 0.3,
      "stochastic": 0.15,
      "obv": 0.15,
      "vwap": 0.2
    },
    "trade_context": {
      "btc_price": 76694.76,
      "strike_price": 76699.05236110919,
      "seconds_remaining": 295.406607,
      "market_price_up": 0.51,
      "market_price_down": 0.5,
      "model_probability": 0.618946968071916,
      "model_probability_raw": 0.39032830431825727,
      "edge": 0.10894696807191595,
      "atr": 27.16,
      "size": 28.37,
      "prev_resolution_margin": -50.95062532072188,
      "flow_score": 0.0782,
      "spot_flow_signal": -0.1925748533745473,
      "liquidation_pressure": 0.0,
      "regime_state": "neutral",
      "regime_autocorr": 0.1917,
      "regime_direction": 0.0,
      "entry_phase": "normal",
      "flip_count": 0,
      "is_flip": false,
      "depth_usd_top20": 158165.31158069998,
      "sprt_confidence": 0.0,
      "sprt_status": "ACCUMULATING",
      "adverse_selection_30s": 0.6428571428571429,
      "token_id_up": "92182560246175018479391410396561141439886853374921985955723602769202147839980",
      "token_id_down": "113486394332671704747080473588282417295197658808786681881660323802791472914568"
    }
  },
  "exit_reason": "scalp",
  "seconds_remaining_at_exit": 177.255628,
  "exit_timestamp": "2026-05-19T17:37:03.447467+00:00",
  "timestamp": "2026-05-19T17:37:03.447467+00:00"
}