{
  "position_id": 76,
  "market_id": "btc-updown-5m-1776131400",
  "question": "Bitcoin Up or Down - April 13, 9:50PM-9:55PM ET",
  "side": "Up",
  "signal_score": 0.9862094867001827,
  "correct": true,
  "entry_price": 0.79,
  "exit_price": 1.0,
  "log_return": 0.23572233352106978,
  "size": 6.03,
  "pnl": 1.5740594936708856,
  "fees": 0.02279300000000004,
  "gain_pct": 0.261038,
  "weight_version": "weights_v001",
  "category": "crypto-5min",
  "indicator_snapshot": {
    "rsi": {
      "rsi": 51.35,
      "score": -0.0202,
      "norm_score": -0.258829464583785
    },
    "macd": {
      "macd": 19.5262,
      "signal": 16.5183,
      "histogram": 3.0079,
      "score": 0.1822,
      "norm_score": 0.35573152643146
    },
    "stochastic": {
      "k": 100.0,
      "d": 100.0,
      "score": -1.0,
      "norm_score": -0.25894045912596997
    },
    "ema": {
      "trend": "bullish",
      "fast_ema": 74369.46432960036,
      "slow_ema": 74353.16126529206
    },
    "obv": {
      "obv_slope": 0.0,
      "price_slope": 0.4033,
      "score": 0.0004,
      "norm_score": 0.6678104718796767
    },
    "vwap": {
      "vwap": 74402.01,
      "deviation": -0.1152,
      "score": 0.0346,
      "norm_score": -0.27047692765193987
    },
    "atr": {
      "atr": 24.29,
      "passes": true,
      "reason": "ok"
    },
    "weights": {
      "rsi": 0.2,
      "macd": 0.25,
      "stochastic": 0.2,
      "obv": 0.15,
      "vwap": 0.2,
      "entry_threshold": 0.6
    },
    "trade_context": {
      "btc_price": 74430.2,
      "strike_price": 74375.2,
      "seconds_remaining": 114.745944,
      "market_price_up": 0.79,
      "market_price_down": 0.2,
      "model_probability_raw": 0.9862094867001827,
      "model_probability": 0.9862094867001827,
      "edge": 0.19620948670018268,
      "momentum_score": 0.03145508211747752,
      "atr": 24.29,
      "size": 6.03,
      "flow_score": 0.0417,
      "flow_book_imbalance": 0.2407,
      "flow_trade_count": 200,
      "spot_flow_signal": 0.46769135903775344,
      "wall_pressure": 0.0,
      "iv_ratio": 1.746442557419434,
      "prev_resolution_margin": 21.853547511302168,
      "bybit_perp_price": 74363.5,
      "funding_rate": 5.262e-05,
      "depth_usd_top20": 294909.8072069001,
      "entry_phase": "late",
      "flip_count": 1,
      "is_flip": true,
      "cvd_120s": 0.00093,
      "taker_ratio_60s": 1.0,
      "volume_surge": false,
      "liquidation_pressure": -0.00036048630543830684,
      "gex_signal": 1.0,
      "gex_regime": "stabilizing",
      "cvd_acceleration": -2.4444444444444445e-05,
      "clob_velocity_up": 0.0,
      "clob_velocity_down": 0.0,
      "coinbase_btc": 74430.2,
      "regime_state": "neutral",
      "regime_kelly_mult": 1.0,
      "sprt_confidence": 0.2583390859425711,
      "sprt_status": "SKIP",
      "signal_consensus": 1.3,
      "adverse_selection_30s": 0.5,
      "alpha_decay_rate": 0.002177073053355241,
      "garch_vol_ratio": 2.0,
      "crowd_bias": {
        "flb": 0.0174,
        "recency_fade": 0.0,
        "round_number_dampening": 1.0,
        "composite_logit_adjustment": 0.0174
      },
      "oracle_divergence": 15.218144056168967,
      "edge_realization_ratio": 1.0
    }
  },
  "exit_reason": "resolution",
  "timestamp": "2026-04-14T01:57:21.093353+00:00"
}