{
  "position_id": 7700,
  "market_id": "btc-updown-5m-1779215100",
  "question": "Bitcoin Up or Down - May 19, 2:25PM-2:30PM ET",
  "side": "Up",
  "signal_score": 0.618946968071916,
  "correct": false,
  "entry_price": 0.56,
  "exit_price": 0.31,
  "log_return": -0.5913644862500032,
  "size": 12.02,
  "pnl": -5.500757321428572,
  "fees": 0.1771850000000009,
  "gain_pct": -0.457634,
  "realized_edge": 0.0589,
  "fill_slippage": 0.0,
  "indicator_snapshot": {
    "rsi": {
      "rsi": 78.94,
      "score": -0.5086,
      "norm_score": -0.5930390025567469
    },
    "macd": {
      "macd": -22.654,
      "signal": -22.4216,
      "histogram": -0.2324,
      "score": -0.0105,
      "norm_score": 0.066858283216308
    },
    "stochastic": {
      "k": 17.86,
      "d": 15.57,
      "score": 0.375,
      "norm_score": 0.5700315262498622
    },
    "ema": {
      "trend": "bearish",
      "fast_ema": 76842.97471881099,
      "slow_ema": 76857.9481866466
    },
    "obv": {
      "obv_slope": 0.0,
      "price_slope": 4.66,
      "score": 0.0001,
      "norm_score": 0.016381938109418293
    },
    "vwap": {
      "vwap": 76873.18,
      "deviation": -0.2807,
      "score": 0.0842,
      "norm_score": 0.9971584989122764
    },
    "atr": {
      "atr": 20.81,
      "passes": true,
      "reason": "ok"
    },
    "weights": {
      "rsi": 0.2,
      "macd": 0.3,
      "stochastic": 0.15,
      "obv": 0.15,
      "vwap": 0.2
    },
    "trade_context": {
      "btc_price": 76741.79,
      "strike_price": 76745.44168405041,
      "seconds_remaining": 162.652394,
      "market_price_up": 0.56,
      "market_price_down": 0.46,
      "model_probability": 0.618946968071916,
      "model_probability_raw": 0.3946207751405823,
      "edge": 0.058946968071915906,
      "atr": 20.81,
      "size": 12.02,
      "prev_resolution_margin": -50.95062532072188,
      "flow_score": -0.2371,
      "spot_flow_signal": -0.04877377801482639,
      "liquidation_pressure": -0.0008254919314201374,
      "regime_state": "neutral",
      "regime_autocorr": 0.1836,
      "regime_direction": 0.0,
      "entry_phase": "late",
      "flip_count": 1,
      "is_flip": true,
      "depth_usd_top20": 230679.72098730004,
      "sprt_confidence": 0.07383531078940832,
      "sprt_status": "ACCUMULATING",
      "adverse_selection_30s": 0.5,
      "token_id_up": "1382052708184365132146979897739044303835231932759582433790523473739001824406",
      "token_id_down": "51243202370151432970750039643847465202712009088764711885995937924024929542236"
    }
  },
  "exit_reason": "scalp",
  "seconds_remaining_at_exit": 118.688481,
  "exit_timestamp": "2026-05-19T18:28:02.065175+00:00",
  "timestamp": "2026-05-19T18:28:02.065175+00:00"
}