{
  "position_id": 7702,
  "market_id": "btc-updown-5m-1779216300",
  "question": "Bitcoin Up or Down - May 19, 2:45PM-2:50PM ET",
  "side": "Up",
  "signal_score": 0.618946968071916,
  "correct": false,
  "entry_price": 0.52,
  "exit_price": 0.5099,
  "log_return": -0.019614183514362938,
  "size": 25.84,
  "pnl": -0.9424099503846151,
  "fees": 0.44485400000000075,
  "gain_pct": -0.036471,
  "realized_edge": 0.0989,
  "fill_slippage": 0.0,
  "indicator_snapshot": {
    "rsi": {
      "rsi": 100.0,
      "score": -1.0,
      "norm_score": -1.0627631463515799
    },
    "macd": {
      "macd": 9.3012,
      "signal": 3.8205,
      "histogram": 5.4807,
      "score": 0.5142,
      "norm_score": 1.3580588721975846
    },
    "stochastic": {
      "k": 100.0,
      "d": 100.0,
      "score": -1.0,
      "norm_score": -1.1415258526460033
    },
    "ema": {
      "trend": "bullish",
      "fast_ema": 76859.87280012024,
      "slow_ema": 76846.42755667465
    },
    "obv": {
      "obv_slope": 0.0,
      "price_slope": 12.23,
      "score": 0.0022,
      "norm_score": 0.03305036720954854
    },
    "vwap": {
      "vwap": 76877.64,
      "deviation": -0.0912,
      "score": 0.0274,
      "norm_score": 0.37050905701963815
    },
    "atr": {
      "atr": 7.7,
      "passes": true,
      "reason": "ok"
    },
    "weights": {
      "rsi": 0.2,
      "macd": 0.3,
      "stochastic": 0.15,
      "obv": 0.15,
      "vwap": 0.2
    },
    "trade_context": {
      "btc_price": 76776.97,
      "strike_price": 76776.90425105554,
      "seconds_remaining": 296.067358,
      "market_price_up": 0.52,
      "market_price_down": 0.49,
      "model_probability": 0.618946968071916,
      "model_probability_raw": 0.490858931994902,
      "edge": 0.09894696807191594,
      "atr": 7.7,
      "size": 25.84,
      "prev_resolution_margin": -50.95062532072188,
      "flow_score": 0.5468,
      "spot_flow_signal": -0.14011200497374773,
      "liquidation_pressure": -0.00028002069977618255,
      "regime_state": "neutral",
      "regime_autocorr": 0.0204,
      "regime_direction": 0.0,
      "entry_phase": "normal",
      "flip_count": 0,
      "is_flip": false,
      "depth_usd_top20": 171579.88536160003,
      "sprt_confidence": 0.0,
      "sprt_status": "ACCUMULATING",
      "adverse_selection_30s": 0.5,
      "token_id_up": "113715290867749414565066707030350257002083627911931477301488966207483479130116",
      "token_id_down": "82410272230653777278780617376769848164317043763987081139192931389518538842895"
    }
  },
  "exit_reason": "scalp",
  "seconds_remaining_at_exit": 285.505578,
  "exit_timestamp": "2026-05-19T18:45:15.337190+00:00",
  "timestamp": "2026-05-19T18:45:15.337190+00:00"
}