{
  "position_id": 7709,
  "market_id": "btc-updown-5m-1779216900",
  "question": "Bitcoin Up or Down - May 19, 2:55PM-3:00PM ET",
  "side": "Down",
  "signal_score": 0.999999,
  "correct": true,
  "entry_price": 0.82,
  "exit_price": 0.84,
  "log_return": 0.024097551579060524,
  "size": 208.27,
  "pnl": 3.7760466829268466,
  "fees": 1.2872509999999968,
  "gain_pct": 0.018131,
  "realized_edge": 0.18,
  "fill_slippage": 0.0,
  "indicator_snapshot": {
    "rsi": {
      "rsi": 21.53,
      "score": 0.4976,
      "norm_score": 0.7832320001318472
    },
    "macd": {
      "macd": -17.4658,
      "signal": -12.5468,
      "histogram": -4.9191,
      "score": -0.2042,
      "norm_score": -0.742442961743263
    },
    "stochastic": {
      "k": 27.44,
      "d": 27.44,
      "score": 0.2256,
      "norm_score": 0.4357870140715093
    },
    "ema": {
      "trend": "bearish",
      "fast_ema": 76818.04735751955,
      "slow_ema": 76835.32996493134
    },
    "obv": {
      "obv_slope": 0.0,
      "price_slope": 7.9067,
      "score": 0.0003,
      "norm_score": 0.015061804180968212
    },
    "vwap": {
      "vwap": 76878.54,
      "deviation": -0.6488,
      "score": 0.1947,
      "norm_score": 1.0765877526291898
    },
    "atr": {
      "atr": 21.99,
      "passes": true,
      "reason": "ok"
    },
    "weights": {
      "rsi": 0.2,
      "macd": 0.3,
      "stochastic": 0.15,
      "obv": 0.15,
      "vwap": 0.2
    },
    "trade_context": {
      "btc_price": 76758.6,
      "strike_price": 76790.16709,
      "seconds_remaining": 88.70095,
      "market_price_up": 0.19,
      "market_price_down": 0.82,
      "model_probability": 0.999999,
      "model_probability_raw": 0.9536702816246176,
      "edge": 0.17999900000000002,
      "atr": 21.99,
      "size": 208.27,
      "prev_resolution_margin": -50.95062532072188,
      "flow_score": -0.4557,
      "spot_flow_signal": 0.042150606788313186,
      "liquidation_pressure": 0.0,
      "regime_state": "volatile",
      "regime_autocorr": 0.0071,
      "regime_direction": 0.0,
      "entry_phase": "late",
      "flip_count": 4,
      "is_flip": true,
      "depth_usd_top20": 184929.2476808,
      "sprt_confidence": 1.0,
      "sprt_status": "ENTER",
      "adverse_selection_30s": 0.6,
      "token_id_up": "58537839104851198902414849235819879980383869901245675133690693029042099821128",
      "token_id_down": "36993914958098632359508615804454528173664390433034416477716564362203248175519"
    }
  },
  "exit_reason": "scalp",
  "seconds_remaining_at_exit": 81.502644,
  "exit_timestamp": "2026-05-19T18:58:39.111955+00:00",
  "timestamp": "2026-05-19T18:58:39.111955+00:00"
}