{
  "position_id": 7713,
  "market_id": "btc-updown-5m-1779219300",
  "question": "Bitcoin Up or Down - May 19, 3:35PM-3:40PM ET",
  "side": "Up",
  "signal_score": 0.618946968071916,
  "correct": false,
  "entry_price": 0.56,
  "exit_price": 0.3599,
  "log_return": -0.44211056864421006,
  "size": 16.39,
  "pnl": -6.060327676964286,
  "fees": 0.2502129999999999,
  "gain_pct": -0.369758,
  "realized_edge": 0.0589,
  "fill_slippage": 0.0,
  "indicator_snapshot": {
    "rsi": {
      "rsi": 100.0,
      "score": -1.0,
      "norm_score": -1.0490763349761894
    },
    "macd": {
      "macd": -6.8647,
      "signal": -18.3973,
      "histogram": 11.5327,
      "score": 0.5411,
      "norm_score": 1.7959700516849322
    },
    "stochastic": {
      "k": 100.0,
      "d": 100.0,
      "score": -1.0,
      "norm_score": -1.1728347595442548
    },
    "ema": {
      "trend": "bullish",
      "fast_ema": 76881.93774573121,
      "slow_ema": 76871.35365959606
    },
    "obv": {
      "obv_slope": 0.72,
      "price_slope": 13.8367,
      "score": 0.4169,
      "norm_score": 3.0
    },
    "vwap": {
      "vwap": 76879.12,
      "deviation": 0.1836,
      "score": -0.0551,
      "norm_score": 0.1143581927286393
    },
    "atr": {
      "atr": 25.14,
      "passes": true,
      "reason": "ok"
    },
    "weights": {
      "rsi": 0.2,
      "macd": 0.3,
      "stochastic": 0.15,
      "obv": 0.15,
      "vwap": 0.2
    },
    "trade_context": {
      "btc_price": 76811.99,
      "strike_price": 76811.02289330107,
      "seconds_remaining": 213.630205,
      "market_price_up": 0.56,
      "market_price_down": 0.45,
      "model_probability": 0.618946968071916,
      "model_probability_raw": 0.5112875097303825,
      "edge": 0.058946968071915906,
      "atr": 25.14,
      "size": 16.39,
      "prev_resolution_margin": -56.36690315749729,
      "flow_score": -0.4695,
      "spot_flow_signal": 0.3000310482557327,
      "liquidation_pressure": 0.001648096536482494,
      "regime_state": "neutral",
      "regime_autocorr": -0.0165,
      "regime_direction": 0.0,
      "entry_phase": "normal",
      "flip_count": 1,
      "is_flip": true,
      "depth_usd_top20": 201727.05923370004,
      "sprt_confidence": 0.07383531078940832,
      "sprt_status": "ACCUMULATING",
      "adverse_selection_30s": 0.5,
      "token_id_up": "4113555856625856474076035179456807886843572521344234174209497289946709482436",
      "token_id_down": "10732907903337067433866031127851405275315220198998491056992107010817679417614"
    }
  },
  "exit_reason": "scalp",
  "seconds_remaining_at_exit": 87.152082,
  "exit_timestamp": "2026-05-19T19:38:33.958243+00:00",
  "timestamp": "2026-05-19T19:38:33.958243+00:00"
}