{
  "position_id": 7717,
  "market_id": "btc-updown-5m-1779219600",
  "question": "Bitcoin Up or Down - May 19, 3:40PM-3:45PM ET",
  "side": "Down",
  "signal_score": 0.7578538306123622,
  "correct": false,
  "entry_price": 0.7,
  "exit_price": 0.7,
  "log_return": 0,
  "size": 16.82,
  "pnl": -0.1811659999999975,
  "fees": 0.18116599999999905,
  "gain_pct": -0.010771,
  "realized_edge": 0.0579,
  "fill_slippage": 0.0,
  "indicator_snapshot": {
    "rsi": {
      "rsi": 67.76,
      "score": -0.2665,
      "norm_score": -0.16162887527891118
    },
    "macd": {
      "macd": 3.7263,
      "signal": 2.733,
      "histogram": 0.9933,
      "score": 0.062,
      "norm_score": 0.11161276886700251
    },
    "stochastic": {
      "k": 56.09,
      "d": 63.45,
      "score": -0.0609,
      "norm_score": 0.09786777225564994
    },
    "ema": {
      "trend": "chop",
      "fast_ema": 76891.60091988853,
      "slow_ema": 76887.41109068962
    },
    "obv": {
      "obv_slope": 0.0,
      "price_slope": 0.6267,
      "score": 0.0,
      "norm_score": -0.08033597888337955
    },
    "vwap": {
      "vwap": 76879.22,
      "deviation": 0.1479,
      "score": -0.0444,
      "norm_score": 0.143281327015932
    },
    "atr": {
      "atr": 15.19,
      "passes": true,
      "reason": "ok"
    },
    "weights": {
      "rsi": 0.2,
      "macd": 0.3,
      "stochastic": 0.15,
      "obv": 0.15,
      "vwap": 0.2
    },
    "trade_context": {
      "btc_price": 76808.74,
      "strike_price": 76830.66684875786,
      "seconds_remaining": 103.047786,
      "market_price_up": 0.31,
      "market_price_down": 0.7,
      "model_probability": 0.7578538306123622,
      "model_probability_raw": 0.9428497536053528,
      "edge": 0.05785383061236227,
      "atr": 15.19,
      "size": 16.82,
      "prev_resolution_margin": -56.36690315749729,
      "flow_score": 0.0631,
      "spot_flow_signal": -0.04231859273440316,
      "liquidation_pressure": 0.00029855251767967815,
      "regime_state": "neutral",
      "regime_autocorr": -0.0095,
      "regime_direction": 0.0,
      "entry_phase": "late",
      "flip_count": 2,
      "is_flip": true,
      "depth_usd_top20": 194069.19833590003,
      "sprt_confidence": 0.4575328786026029,
      "sprt_status": "ACCUMULATING",
      "adverse_selection_30s": 0.4,
      "token_id_up": "49689387049692372440055469072346339555702001209566150361334540562853367405490",
      "token_id_down": "10399357575118587178952981258701419773314999204166786800098828765606068861715"
    }
  },
  "exit_reason": "scalp",
  "seconds_remaining_at_exit": 102.344125,
  "exit_timestamp": "2026-05-19T19:43:18.619026+00:00",
  "timestamp": "2026-05-19T19:43:18.619026+00:00"
}