{
  "position_id": 775,
  "market_id": "btc-updown-5m-1776299700",
  "question": "Bitcoin Up or Down - April 15, 8:35PM-8:40PM ET",
  "side": "Up",
  "signal_score": 0.3751133838642166,
  "correct": true,
  "entry_price": 0.3,
  "exit_price": 0.49,
  "log_return": 0.4906229164484712,
  "size": 4.47,
  "pnl": 2.6728284,
  "fees": 0.12250099999999994,
  "gain_pct": 0.597948,
  "weight_version": "weights_v001",
  "category": "crypto-5min",
  "indicator_snapshot": {
    "rsi": {
      "rsi": 98.19,
      "score": -0.9577,
      "norm_score": -0.26827824958086216
    },
    "macd": {
      "macd": 85.2463,
      "signal": 77.7775,
      "histogram": 7.4688,
      "score": 0.1014,
      "norm_score": -0.01143323192426249
    },
    "stochastic": {
      "k": 100.0,
      "d": 99.16,
      "score": -1.0,
      "norm_score": -0.725896134461881
    },
    "ema": {
      "trend": "bullish",
      "fast_ema": 74842.09870464094,
      "slow_ema": 74777.29466509295
    },
    "obv": {
      "obv_slope": 0.03,
      "price_slope": 4.1167,
      "score": 0.0247,
      "norm_score": 2.4207233464264974
    },
    "vwap": {
      "vwap": 74929.82,
      "deviation": -0.4313,
      "score": 0.1294,
      "norm_score": -1.6876594542526253
    },
    "atr": {
      "atr": 39.9,
      "passes": true,
      "reason": "ok"
    },
    "weights": {
      "rsi": 0.2,
      "macd": 0.25,
      "stochastic": 0.2,
      "obv": 0.15,
      "vwap": 0.2,
      "entry_threshold": 0.6
    },
    "trade_context": {
      "btc_price": 74842.81,
      "strike_price": 74871.28,
      "seconds_remaining": 184.951301,
      "market_price_up": 0.3,
      "market_price_down": 0.69,
      "model_probability_raw": 0.3751133838642166,
      "model_probability": 0.3751133838642166,
      "edge": 0.07511338386421662,
      "momentum_score": -0.17611657367616476,
      "atr": 39.9,
      "size": 4.47,
      "flow_score": -0.1115,
      "flow_book_imbalance": -0.1598,
      "flow_trade_count": 200,
      "spot_flow_signal": 0.9529131780953387,
      "wall_pressure": 0.0,
      "iv_ratio": 1.1037490988951069,
      "prev_resolution_margin": 100.13738999998895,
      "bybit_perp_price": 74780.9,
      "funding_rate": -6.047e-05,
      "depth_usd_top20": 313600.2127642,
      "entry_phase": "normal",
      "flip_count": 1,
      "is_flip": true,
      "cvd_120s": 0.06823,
      "taker_ratio_60s": 0.9427450980392158,
      "volume_surge": true,
      "liquidation_pressure": 0.09941995077015695,
      "gex_signal": 1.0,
      "gex_regime": "stabilizing",
      "cvd_acceleration": 0.004905333333333334,
      "clob_velocity_up": 0.0,
      "clob_velocity_down": 0.0,
      "coinbase_btc": 74842.81,
      "regime_state": "neutral",
      "regime_kelly_mult": 1.0,
      "sprt_confidence": 0.0,
      "sprt_status": "SKIP",
      "signal_consensus": 0.8,
      "adverse_selection_30s": 0.5,
      "alpha_decay_rate": -0.00048573702784807625,
      "garch_vol_ratio": 2.0,
      "crowd_bias": {
        "flb": -0.012,
        "recency_fade": 0.0,
        "round_number_dampening": 1.0,
        "composite_logit_adjustment": -0.012
      },
      "oracle_divergence": 2.9553953567228746,
      "edge_realization_ratio": 1.0
    }
  },
  "exit_reason": "scalp",
  "timestamp": "2026-04-16T00:37:14.415274+00:00"
}