{
  "position_id": 785,
  "market_id": "btc-updown-5m-1776302100",
  "question": "Bitcoin Up or Down - April 15, 9:15PM-9:20PM ET",
  "side": "Down",
  "signal_score": 0.3584370806372327,
  "correct": true,
  "entry_price": 0.23,
  "exit_price": 0.26,
  "log_return": 0.12260232209233228,
  "size": 5.32,
  "pnl": 0.5315654347826086,
  "fees": 0.1527300000000003,
  "gain_pct": 0.099918,
  "weight_version": "weights_v001",
  "category": "crypto-5min",
  "indicator_snapshot": {
    "rsi": {
      "rsi": 75.88,
      "score": -0.4373,
      "norm_score": -1.730636422977256
    },
    "macd": {
      "macd": -17.3147,
      "signal": -25.2151,
      "histogram": 7.9003,
      "score": 0.3309,
      "norm_score": 1.655748456429678
    },
    "stochastic": {
      "k": 100.0,
      "d": 50.0,
      "score": -1.0,
      "norm_score": -1.7312850095726573
    },
    "ema": {
      "trend": "chop",
      "fast_ema": 74575.97476754175,
      "slow_ema": 74575.75515405167
    },
    "obv": {
      "obv_slope": 0.0,
      "price_slope": 10.75,
      "score": 0.0002,
      "norm_score": 1.65274783194538
    },
    "vwap": {
      "vwap": 74919.05,
      "deviation": -1.8841,
      "score": 0.5652,
      "norm_score": -1.6487736622515554
    },
    "atr": {
      "atr": 34.28,
      "passes": true,
      "reason": "ok"
    },
    "weights": {
      "rsi": 0.2,
      "macd": 0.25,
      "stochastic": 0.2,
      "obv": 0.15,
      "vwap": 0.2,
      "entry_threshold": 0.6
    },
    "trade_context": {
      "btc_price": 74624.0,
      "strike_price": 74585.82178,
      "seconds_remaining": 74.769777,
      "market_price_up": 0.76,
      "market_price_down": 0.23,
      "model_probability_raw": 0.3584370806372327,
      "model_probability": 0.3584370806372327,
      "edge": 0.12843708063723266,
      "momentum_score": -0.3602897300610673,
      "atr": 34.28,
      "size": 5.32,
      "flow_score": 0.1203,
      "flow_book_imbalance": 0.4583,
      "flow_trade_count": 200,
      "spot_flow_signal": 0.38177302594047724,
      "wall_pressure": 0.0,
      "iv_ratio": 1.4052574162260565,
      "prev_resolution_margin": 46.584123869164614,
      "bybit_perp_price": 74559.9,
      "funding_rate": -2.488e-05,
      "depth_usd_top20": 241139.2024648,
      "entry_phase": "late",
      "flip_count": 1,
      "is_flip": true,
      "cvd_120s": 0.00042,
      "taker_ratio_60s": 0.8088235294117647,
      "volume_surge": false,
      "liquidation_pressure": 0.0,
      "gex_signal": 1.0,
      "gex_regime": "stabilizing",
      "cvd_acceleration": 3.9555555555555556e-05,
      "clob_velocity_up": 0.049919294658403765,
      "clob_velocity_down": -0.049919294658403765,
      "coinbase_btc": 74624.0,
      "regime_state": "neutral",
      "regime_kelly_mult": 1.0,
      "sprt_confidence": 0.0,
      "sprt_status": "SKIP",
      "signal_consensus": 0.6,
      "adverse_selection_30s": 0.5,
      "alpha_decay_rate": 0.0002839568602243222,
      "garch_vol_ratio": 2.0,
      "crowd_bias": {
        "flb": 0.0156,
        "recency_fade": 0.0,
        "round_number_dampening": 1.0,
        "composite_logit_adjustment": 0.0156
      },
      "oracle_divergence": 10.641140000006999,
      "edge_realization_ratio": 1.0
    }
  },
  "exit_reason": "scalp",
  "timestamp": "2026-04-16T01:19:36.509424+00:00"
}