{
  "position_id": 790,
  "market_id": "btc-updown-5m-1776303300",
  "question": "Bitcoin Up or Down - April 15, 9:35PM-9:40PM ET",
  "side": "Down",
  "signal_score": 0.5856390616540219,
  "correct": true,
  "entry_price": 0.51,
  "exit_price": 1.0,
  "log_return": 0.6733445532637655,
  "size": 13.2,
  "pnl": 12.454070588235293,
  "fees": 0.11642399999999928,
  "gain_pct": 0.94349,
  "weight_version": "weights_v001",
  "category": "crypto-5min",
  "indicator_snapshot": {
    "rsi": {
      "rsi": 100.0,
      "score": -1.0,
      "norm_score": -0.026862929606432478
    },
    "macd": {
      "macd": 21.938,
      "signal": 10.5599,
      "histogram": 11.3781,
      "score": 0.5825,
      "norm_score": 1.0345848667943918
    },
    "stochastic": {
      "k": 100.0,
      "d": 100.0,
      "score": -1.0,
      "norm_score": -0.06545100944090322
    },
    "ema": {
      "trend": "bullish",
      "fast_ema": 74673.80207286659,
      "slow_ema": 74644.87694401115
    },
    "obv": {
      "obv_slope": 0.0,
      "price_slope": 28.6967,
      "score": 0.001,
      "norm_score": 1.0481620797526685
    },
    "vwap": {
      "vwap": 74910.14,
      "deviation": -1.2059,
      "score": 0.3618,
      "norm_score": -1.0101017180135134
    },
    "atr": {
      "atr": 25.77,
      "passes": true,
      "reason": "ok"
    },
    "weights": {
      "rsi": 0.2,
      "macd": 0.25,
      "stochastic": 0.2,
      "obv": 0.15,
      "vwap": 0.2,
      "entry_threshold": 0.6
    },
    "trade_context": {
      "btc_price": 74684.03,
      "strike_price": 74693.46058577902,
      "seconds_remaining": 292.5621,
      "market_price_up": 0.48,
      "market_price_down": 0.51,
      "model_probability_raw": 0.5856390616540219,
      "model_probability": 0.5856390616540219,
      "edge": 0.0756390616540219,
      "momentum_score": 0.1953873972493284,
      "atr": 25.77,
      "size": 13.2,
      "flow_score": -0.045,
      "flow_book_imbalance": -0.0065,
      "flow_trade_count": 60,
      "spot_flow_signal": 0.620435063518606,
      "wall_pressure": 0.0,
      "iv_ratio": 1.7117183674800442,
      "prev_resolution_margin": 46.584123869164614,
      "bybit_perp_price": 74625.2,
      "funding_rate": -2.71e-05,
      "depth_usd_top20": 285258.55101500003,
      "entry_phase": "normal",
      "flip_count": 0,
      "is_flip": false,
      "cvd_120s": 0.0030499999999999998,
      "taker_ratio_60s": 1.0,
      "volume_surge": false,
      "liquidation_pressure": 0.0022640042963830843,
      "gex_signal": 1.0,
      "gex_regime": "stabilizing",
      "cvd_acceleration": -4.4444444444444447e-05,
      "clob_velocity_up": 0.0,
      "clob_velocity_down": 0.0,
      "coinbase_btc": 74684.02,
      "regime_state": "neutral",
      "regime_kelly_mult": 1.0,
      "sprt_confidence": 0.0,
      "sprt_status": "ACCUMULATING",
      "signal_consensus": 0.6,
      "adverse_selection_30s": 0.5,
      "alpha_decay_rate": 0.007120319237677084,
      "garch_vol_ratio": 2.0,
      "crowd_bias": {
        "flb": 0.0,
        "recency_fade": 0.3,
        "round_number_dampening": 1.0,
        "composite_logit_adjustment": 0.006
      },
      "oracle_divergence": 6.0505553708499065,
      "edge_realization_ratio": 1.0
    }
  },
  "exit_reason": "resolution",
  "timestamp": "2026-04-16T01:42:19.592273+00:00"
}