{
  "position_id": 797,
  "market_id": "btc-updown-5m-1776304800",
  "question": "Bitcoin Up or Down - April 15, 10:00PM-10:05PM ET",
  "side": "Up",
  "signal_score": 0.6244196317392521,
  "correct": true,
  "entry_price": 0.52,
  "exit_price": 1.0,
  "log_return": 0.6539264674066639,
  "size": 8.71,
  "pnl": 7.895280769230769,
  "fees": 0.07525399999999949,
  "gain_pct": 0.906462,
  "weight_version": "weights_v001",
  "category": "crypto-5min",
  "indicator_snapshot": {
    "rsi": {
      "rsi": 100.0,
      "score": -1.0,
      "norm_score": -0.6112642803712783
    },
    "macd": {
      "macd": 17.5829,
      "signal": 5.8097,
      "histogram": 11.7732,
      "score": 0.5224,
      "norm_score": 0.7145370158806786
    },
    "stochastic": {
      "k": 94.76,
      "d": 97.38,
      "score": -0.8166,
      "norm_score": 0.24180918460172263
    },
    "ema": {
      "trend": "bullish",
      "fast_ema": 74702.01699279205,
      "slow_ema": 74675.21603451802
    },
    "obv": {
      "obv_slope": 0.0,
      "price_slope": 25.08,
      "score": 0.0001,
      "norm_score": -0.18656590764597777
    },
    "vwap": {
      "vwap": 74745.11,
      "deviation": -0.0153,
      "score": 0.0046,
      "norm_score": -0.7204189233508083
    },
    "atr": {
      "atr": 23.84,
      "passes": true,
      "reason": "ok"
    },
    "weights": {
      "rsi": 0.2,
      "macd": 0.25,
      "stochastic": 0.2,
      "obv": 0.15,
      "vwap": 0.2,
      "entry_threshold": 0.6
    },
    "trade_context": {
      "btc_price": 74697.62,
      "strike_price": 74664.91775753803,
      "seconds_remaining": 138.894913,
      "market_price_up": 0.52,
      "market_price_down": 0.48,
      "model_probability_raw": 0.6244196317392521,
      "model_probability": 0.6244196317392521,
      "edge": 0.10441963173925206,
      "momentum_score": -0.06732543600079982,
      "atr": 23.84,
      "size": 8.71,
      "flow_score": -0.1654,
      "flow_book_imbalance": -0.0354,
      "flow_trade_count": 200,
      "spot_flow_signal": 0.7878837810911579,
      "wall_pressure": 0.0,
      "iv_ratio": 1.8506295744975125,
      "prev_resolution_margin": 46.584123869164614,
      "bybit_perp_price": 74628.5,
      "funding_rate": -4.614e-05,
      "depth_usd_top20": 299536.5457927,
      "entry_phase": "late",
      "flip_count": 1,
      "is_flip": true,
      "cvd_120s": 0.00029,
      "taker_ratio_60s": 1.0,
      "volume_surge": false,
      "liquidation_pressure": -0.011448046470774822,
      "gex_signal": 1.0,
      "gex_regime": "stabilizing",
      "cvd_acceleration": -6.4444444444444445e-06,
      "clob_velocity_up": -0.029059024203013244,
      "clob_velocity_down": 0.029059024203013244,
      "coinbase_btc": 74697.62,
      "regime_state": "neutral",
      "regime_kelly_mult": 1.0,
      "sprt_confidence": 0.14668583845033092,
      "sprt_status": "SKIP",
      "signal_consensus": 0.8,
      "adverse_selection_30s": 0.5,
      "alpha_decay_rate": -0.0011261656838604025,
      "garch_vol_ratio": 2.0,
      "crowd_bias": {
        "flb": 0.0,
        "recency_fade": 0.0,
        "round_number_dampening": 1.0,
        "composite_logit_adjustment": 0.0
      },
      "oracle_divergence": 21.897160074528074,
      "edge_realization_ratio": 4.188365472723237
    }
  },
  "exit_reason": "resolution",
  "timestamp": "2026-04-16T02:07:58.559049+00:00"
}