{
  "position_id": 805,
  "market_id": "btc-updown-5m-1776306300",
  "question": "Bitcoin Up or Down - April 15, 10:25PM-10:30PM ET",
  "side": "Down",
  "signal_score": 0.3095065691766793,
  "correct": false,
  "entry_price": 0.11,
  "exit_price": 0.0,
  "log_return": -10.0,
  "size": 9.29,
  "pnl": -9.29,
  "fees": 0.1488260000000004,
  "gain_pct": -1.0,
  "weight_version": "weights_v001",
  "category": "crypto-5min",
  "indicator_snapshot": {
    "rsi": {
      "rsi": 73.13,
      "score": -0.3731,
      "norm_score": 1.3846755156111703
    },
    "macd": {
      "macd": 41.1051,
      "signal": 34.1222,
      "histogram": 6.983,
      "score": 0.2134,
      "norm_score": -3.0
    },
    "stochastic": {
      "k": 65.85,
      "d": 65.85,
      "score": -0.1585,
      "norm_score": 1.2928257665969543
    },
    "ema": {
      "trend": "bullish",
      "fast_ema": 74815.150920162,
      "slow_ema": 74780.03734878915
    },
    "obv": {
      "obv_slope": -0.0,
      "price_slope": -10.4,
      "score": -0.0001,
      "norm_score": -1.6866261841781616
    },
    "vwap": {
      "vwap": 74715.85,
      "deviation": 1.4019,
      "score": -0.4206,
      "norm_score": 0.7189878026471418
    },
    "atr": {
      "atr": 31.93,
      "passes": true,
      "reason": "ok"
    },
    "weights": {
      "rsi": 0.2,
      "macd": 0.25,
      "stochastic": 0.2,
      "obv": 0.15,
      "vwap": 0.2,
      "entry_threshold": 0.6
    },
    "trade_context": {
      "btc_price": 74808.97,
      "strike_price": 74746.69,
      "seconds_remaining": 118.544916,
      "market_price_up": 0.88,
      "market_price_down": 0.11,
      "model_probability_raw": 0.3095065691766793,
      "model_probability": 0.3095065691766793,
      "edge": 0.1995065691766793,
      "momentum_score": -0.32369611065567094,
      "atr": 31.93,
      "size": 9.29,
      "flow_score": 0.08,
      "flow_book_imbalance": 0.4354,
      "flow_trade_count": 200,
      "spot_flow_signal": 0.18414448798764063,
      "wall_pressure": 0.0,
      "iv_ratio": 1.37281364288546,
      "prev_resolution_margin": -43.261006145665306,
      "bybit_perp_price": 74739.8,
      "funding_rate": -4.56e-05,
      "depth_usd_top20": 279621.63410399994,
      "entry_phase": "late",
      "flip_count": 1,
      "is_flip": true,
      "cvd_120s": 0.00082,
      "taker_ratio_60s": 1.0,
      "volume_surge": false,
      "liquidation_pressure": 0.04141623508451202,
      "gex_signal": 1.0,
      "gex_regime": "stabilizing",
      "cvd_acceleration": 1.1333333333333334e-05,
      "clob_velocity_up": 0.0,
      "clob_velocity_down": 0.0,
      "coinbase_btc": 74808.97,
      "regime_state": "neutral",
      "regime_kelly_mult": 1.0,
      "sprt_confidence": 0.0,
      "sprt_status": "SKIP",
      "signal_consensus": 0.6,
      "adverse_selection_30s": 0.5,
      "alpha_decay_rate": -0.0008670732224856841,
      "garch_vol_ratio": 2.0,
      "crowd_bias": {
        "flb": 0.0228,
        "recency_fade": 0.0,
        "round_number_dampening": 1.0,
        "composite_logit_adjustment": 0.0228
      },
      "oracle_divergence": 2.239832692517666,
      "edge_realization_ratio": 4.1455976188549855
    }
  },
  "exit_reason": "resolution",
  "timestamp": "2026-04-16T02:36:28.619916+00:00"
}