{
  "position_id": 808,
  "market_id": "btc-updown-5m-1776307200",
  "question": "Bitcoin Up or Down - April 15, 10:40PM-10:45PM ET",
  "side": "Down",
  "signal_score": 0.41858751111089665,
  "correct": false,
  "entry_price": 0.33,
  "exit_price": 0.0,
  "log_return": -10.0,
  "size": 6.08,
  "pnl": -6.08,
  "fees": 0.07332500000000014,
  "gain_pct": -1.0,
  "weight_version": "weights_v001",
  "category": "crypto-5min",
  "indicator_snapshot": {
    "rsi": {
      "rsi": 95.46,
      "score": -0.8941,
      "norm_score": 0.23601348552894832
    },
    "macd": {
      "macd": 61.7839,
      "signal": 64.6482,
      "histogram": -2.8643,
      "score": -0.0561,
      "norm_score": -1.1030989447142734
    },
    "stochastic": {
      "k": 95.24,
      "d": 97.62,
      "score": -0.8336,
      "norm_score": 1.095983045146587
    },
    "ema": {
      "trend": "bullish",
      "fast_ema": 75056.51198508794,
      "slow_ema": 75021.47325184227
    },
    "obv": {
      "obv_slope": -0.0,
      "price_slope": -1.4367,
      "score": -0.001,
      "norm_score": -1.1850241478470753
    },
    "vwap": {
      "vwap": 74716.78,
      "deviation": 3.7326,
      "score": -1.0,
      "norm_score": -0.016175577479014453
    },
    "atr": {
      "atr": 37.5,
      "passes": true,
      "reason": "ok"
    },
    "weights": {
      "rsi": 0.2,
      "macd": 0.25,
      "stochastic": 0.2,
      "obv": 0.15,
      "vwap": 0.2,
      "entry_threshold": 0.6
    },
    "trade_context": {
      "btc_price": 75118.96,
      "strike_price": 75065.69204,
      "seconds_remaining": 279.767697,
      "market_price_up": 0.66,
      "market_price_down": 0.33,
      "model_probability_raw": 0.41858751111089665,
      "model_probability": 0.41858751111089665,
      "edge": 0.08858751111089663,
      "momentum_score": -0.19036416771632542,
      "atr": 37.5,
      "size": 6.08,
      "flow_score": -0.0616,
      "flow_book_imbalance": 0.087,
      "flow_trade_count": 200,
      "spot_flow_signal": 0.7616397719441024,
      "wall_pressure": 0.0,
      "iv_ratio": 1.2259705826140428,
      "prev_resolution_margin": 159.0901439852023,
      "bybit_perp_price": 75054.1,
      "funding_rate": -4.437e-05,
      "depth_usd_top20": 308292.9683308999,
      "entry_phase": "normal",
      "flip_count": 0,
      "is_flip": false,
      "cvd_120s": 0.00964,
      "taker_ratio_60s": 1.0,
      "volume_surge": false,
      "liquidation_pressure": -0.0047397914896670605,
      "gex_signal": 1.0,
      "gex_regime": "stabilizing",
      "cvd_acceleration": -6.666666666666667e-05,
      "clob_velocity_up": 0.0,
      "clob_velocity_down": 0.0,
      "coinbase_btc": 75118.97,
      "regime_state": "neutral",
      "regime_kelly_mult": 1.0,
      "sprt_confidence": 0.0,
      "sprt_status": "ACCUMULATING",
      "signal_consensus": 0.8,
      "adverse_selection_30s": 0.5,
      "alpha_decay_rate": 0.002961240039959181,
      "garch_vol_ratio": 2.0,
      "crowd_bias": {
        "flb": 0.0096,
        "recency_fade": -0.3,
        "round_number_dampening": 0.96,
        "composite_logit_adjustment": 0.0036
      },
      "oracle_divergence": 14.048450000002049,
      "edge_realization_ratio": 3.96171759848624
    }
  },
  "exit_reason": "resolution",
  "timestamp": "2026-04-16T02:52:17.449857+00:00"
}