{
  "position_id": 821,
  "market_id": "btc-updown-5m-1776313800",
  "question": "Bitcoin Up or Down - April 16, 12:30AM-12:35AM ET",
  "side": "Up",
  "signal_score": 0.8526587012763196,
  "correct": true,
  "entry_price": 0.66,
  "exit_price": 1.0,
  "log_return": 0.4155154439616658,
  "size": 18.0,
  "pnl": 9.10581818181818,
  "fees": 0.1101599999999997,
  "gain_pct": 0.505879,
  "weight_version": "weights_v001",
  "category": "crypto-5min",
  "indicator_snapshot": {
    "rsi": {
      "rsi": 45.06,
      "score": 0.0742,
      "norm_score": -2.0012708447066077
    },
    "macd": {
      "macd": -3.8249,
      "signal": -5.7897,
      "histogram": 1.9649,
      "score": 0.1469,
      "norm_score": 0.6357470657759594
    },
    "stochastic": {
      "k": 79.79,
      "d": 79.79,
      "score": -0.2979,
      "norm_score": -0.9233472538191301
    },
    "ema": {
      "trend": "chop",
      "fast_ema": 74907.00578435799,
      "slow_ema": 74906.75284445753
    },
    "obv": {
      "obv_slope": 0.0,
      "price_slope": 6.2733,
      "score": 0.0007,
      "norm_score": 0.0018000770531085518
    },
    "vwap": {
      "vwap": 74886.32,
      "deviation": 0.4393,
      "score": -0.1318,
      "norm_score": -0.2689069341933763
    },
    "atr": {
      "atr": 17.04,
      "passes": true,
      "reason": "ok"
    },
    "weights": {
      "rsi": 0.2,
      "macd": 0.25,
      "stochastic": 0.2,
      "obv": 0.15,
      "vwap": 0.2,
      "entry_threshold": 0.6
    },
    "trade_context": {
      "btc_price": 74948.16,
      "strike_price": 74895.31,
      "seconds_remaining": 59.426627,
      "market_price_up": 0.66,
      "market_price_down": 0.32,
      "model_probability_raw": 0.8526587012763196,
      "model_probability": 0.8526587012763196,
      "edge": 0.19265870127631957,
      "momentum_score": -0.4794982285418667,
      "atr": 17.04,
      "size": 18.0,
      "flow_score": 0.3135,
      "flow_book_imbalance": 0.2515,
      "flow_trade_count": 200,
      "spot_flow_signal": 0.14594201691753905,
      "wall_pressure": 0.0,
      "iv_ratio": 2.574167117495467,
      "prev_resolution_margin": 0.0,
      "bybit_perp_price": 74882.2,
      "funding_rate": -4.887e-05,
      "depth_usd_top20": 500950.00136170007,
      "entry_phase": "late",
      "flip_count": 0,
      "is_flip": false,
      "cvd_120s": 0.0016,
      "taker_ratio_60s": 0.8571428571428571,
      "volume_surge": true,
      "liquidation_pressure": 0.0,
      "gex_signal": 1.0,
      "gex_regime": "stabilizing",
      "cvd_acceleration": 0.00010666666666666667,
      "clob_velocity_up": 0.003730851639925797,
      "clob_velocity_down": -0.0037308516399257767,
      "coinbase_btc": 74948.16,
      "regime_state": "volatile",
      "regime_kelly_mult": 0.7,
      "sprt_confidence": 0.0,
      "sprt_status": "SKIP",
      "signal_consensus": 1.3,
      "adverse_selection_30s": 0.5,
      "alpha_decay_rate": 0.0014126106066064134,
      "garch_vol_ratio": 2.0,
      "crowd_bias": {
        "flb": 0.0096,
        "recency_fade": 0.0,
        "round_number_dampening": 1.0,
        "composite_logit_adjustment": 0.0096
      },
      "oracle_divergence": 2.0710200000030454,
      "edge_realization_ratio": 1.0
    }
  },
  "exit_reason": "resolution",
  "timestamp": "2026-04-16T04:37:56.236307+00:00"
}