{
  "position_id": 822,
  "market_id": "btc-updown-5m-1776314100",
  "question": "Bitcoin Up or Down - April 16, 12:35AM-12:40AM ET",
  "side": "Down",
  "signal_score": 0.39434724852802505,
  "correct": false,
  "entry_price": 0.3,
  "exit_price": 0.0,
  "log_return": -10.0,
  "size": 6.42,
  "pnl": -6.42,
  "fees": 0.0808919999999997,
  "gain_pct": -1.0,
  "weight_version": "weights_v001",
  "category": "crypto-5min",
  "indicator_snapshot": {
    "rsi": {
      "rsi": 96.75,
      "score": -0.9241,
      "norm_score": -0.46191635640105533
    },
    "macd": {
      "macd": 12.9565,
      "signal": 1.7371,
      "histogram": 11.2194,
      "score": 0.5183,
      "norm_score": 0.5767225852186205
    },
    "stochastic": {
      "k": 100.0,
      "d": 90.58,
      "score": -1.0,
      "norm_score": -0.5909602535777052
    },
    "ema": {
      "trend": "bullish",
      "fast_ema": 74949.052892179,
      "slow_ema": 74925.53492840524
    },
    "obv": {
      "obv_slope": 0.0,
      "price_slope": 26.66,
      "score": 0.0015,
      "norm_score": 0.04204047418438816
    },
    "vwap": {
      "vwap": 74886.35,
      "deviation": 1.8731,
      "score": -0.5619,
      "norm_score": -0.5904253517760235
    },
    "atr": {
      "atr": 25.94,
      "passes": true,
      "reason": "ok"
    },
    "weights": {
      "rsi": 0.2,
      "macd": 0.25,
      "stochastic": 0.2,
      "obv": 0.15,
      "vwap": 0.2,
      "entry_threshold": 0.6
    },
    "trade_context": {
      "btc_price": 75014.15,
      "strike_price": 74969.54328,
      "seconds_remaining": 250.345649,
      "market_price_up": 0.69,
      "market_price_down": 0.3,
      "model_probability_raw": 0.39434724852802505,
      "model_probability": 0.39434724852802505,
      "edge": 0.09434724852802506,
      "momentum_score": -0.17817367491864347,
      "atr": 25.94,
      "size": 6.42,
      "flow_score": 0.0465,
      "flow_book_imbalance": 0.1859,
      "flow_trade_count": 200,
      "spot_flow_signal": 0.2385455764938758,
      "wall_pressure": 0.0,
      "iv_ratio": 1.646589080984152,
      "prev_resolution_margin": 0.0,
      "bybit_perp_price": 74945.8,
      "funding_rate": -4.863e-05,
      "depth_usd_top20": 475650.9392089999,
      "entry_phase": "normal",
      "flip_count": 0,
      "is_flip": false,
      "cvd_120s": 0.0057,
      "taker_ratio_60s": 1.0,
      "volume_surge": false,
      "liquidation_pressure": 0.0,
      "gex_signal": 1.0,
      "gex_regime": "stabilizing",
      "cvd_acceleration": 0.00014177777777777778,
      "clob_velocity_up": 0.10911868463499672,
      "clob_velocity_down": -0.10911868463499651,
      "coinbase_btc": 75014.15,
      "regime_state": "volatile",
      "regime_kelly_mult": 0.7,
      "sprt_confidence": 0.0,
      "sprt_status": "SKIP",
      "signal_consensus": 0.6,
      "adverse_selection_30s": 0.5,
      "alpha_decay_rate": 0.0015081603110014817,
      "garch_vol_ratio": 2.0,
      "crowd_bias": {
        "flb": 0.0114,
        "recency_fade": 0.0,
        "round_number_dampening": 0.92,
        "composite_logit_adjustment": 0.0114
      },
      "oracle_divergence": 19.795189999989816,
      "edge_realization_ratio": 1.0
    }
  },
  "exit_reason": "resolution",
  "timestamp": "2026-04-16T04:45:11.566455+00:00"
}