{
  "position_id": 827,
  "market_id": "btc-updown-5m-1776315600",
  "question": "Bitcoin Up or Down - April 16, 1:00AM-1:05AM ET",
  "side": "Down",
  "signal_score": 0.5841995453791181,
  "correct": false,
  "entry_price": 0.51,
  "exit_price": 0.0,
  "log_return": -10.0,
  "size": 7.54,
  "pnl": -7.54,
  "fees": 0.06650299999999999,
  "gain_pct": -1.0,
  "weight_version": "weights_v001",
  "category": "crypto-5min",
  "indicator_snapshot": {
    "rsi": {
      "rsi": 100.0,
      "score": -1.0,
      "norm_score": -0.0009300656258355403
    },
    "macd": {
      "macd": -7.5547,
      "signal": -11.8861,
      "histogram": 4.3314,
      "score": 0.156,
      "norm_score": 3.0
    },
    "stochastic": {
      "k": 100.0,
      "d": 73.29,
      "score": -1.0,
      "norm_score": -3.0
    },
    "ema": {
      "trend": "chop",
      "fast_ema": 74915.93486516314,
      "slow_ema": 74915.15630622412
    },
    "obv": {
      "obv_slope": 0.0,
      "price_slope": 0.0,
      "score": 0.0,
      "norm_score": -0.06659864786277347
    },
    "vwap": {
      "vwap": 74887.7,
      "deviation": 0.5056,
      "score": -0.1517,
      "norm_score": -0.00218320681499004
    },
    "atr": {
      "atr": 39.5,
      "passes": true,
      "reason": "ok"
    },
    "weights": {
      "rsi": 0.2,
      "macd": 0.25,
      "stochastic": 0.2,
      "obv": 0.15,
      "vwap": 0.2,
      "entry_threshold": 0.6
    },
    "trade_context": {
      "btc_price": 74950.0,
      "strike_price": 74960.10290787437,
      "seconds_remaining": 298.110898,
      "market_price_up": 0.48,
      "market_price_down": 0.51,
      "model_probability_raw": 0.5841995453791181,
      "model_probability": 0.5841995453791181,
      "edge": 0.0741995453791181,
      "momentum_score": 0.1393875483324188,
      "atr": 39.5,
      "size": 7.54,
      "flow_score": -0.2439,
      "flow_book_imbalance": -0.0028,
      "flow_trade_count": 9,
      "spot_flow_signal": 0.03490739024986506,
      "wall_pressure": 0.0,
      "iv_ratio": 1.0869480666230138,
      "prev_resolution_margin": 81.83128462261811,
      "bybit_perp_price": 74883.2,
      "funding_rate": -5.404e-05,
      "depth_usd_top20": 464240.8058735,
      "entry_phase": "normal",
      "flip_count": 0,
      "is_flip": false,
      "cvd_120s": 0.0,
      "taker_ratio_60s": 0.5,
      "volume_surge": false,
      "liquidation_pressure": 0.0,
      "gex_signal": 1.0,
      "gex_regime": "stabilizing",
      "cvd_acceleration": 0.0,
      "clob_velocity_up": -0.10326509094590942,
      "clob_velocity_down": 0.10326509094590942,
      "coinbase_btc": 74950.0,
      "regime_state": "volatile",
      "regime_kelly_mult": 0.7,
      "sprt_confidence": 0.0,
      "sprt_status": "ACCUMULATING",
      "signal_consensus": 1.3,
      "adverse_selection_30s": 0.5,
      "alpha_decay_rate": 0.0,
      "garch_vol_ratio": 2.0,
      "crowd_bias": {
        "flb": 0.0,
        "recency_fade": -0.3,
        "round_number_dampening": 0.92,
        "composite_logit_adjustment": -0.006
      },
      "oracle_divergence": 9.731706060934812,
      "edge_realization_ratio": 1.0
    }
  },
  "exit_reason": "resolution",
  "timestamp": "2026-04-16T05:09:02.385525+00:00"
}