{
  "position_id": 834,
  "market_id": "btc-updown-5m-1776317400",
  "question": "Bitcoin Up or Down - April 16, 1:30AM-1:35AM ET",
  "side": "Down",
  "signal_score": 0.3130583536353905,
  "correct": true,
  "entry_price": 0.23,
  "exit_price": 0.3599,
  "log_return": 0.4477469061617895,
  "size": 9.04,
  "pnl": 4.748852910434781,
  "fees": 0.2860180000000002,
  "gain_pct": 0.525316,
  "weight_version": "weights_v001",
  "category": "crypto-5min",
  "indicator_snapshot": {
    "rsi": {
      "rsi": 40.18,
      "score": 0.1473,
      "norm_score": 0.24924104654209425
    },
    "macd": {
      "macd": 20.9238,
      "signal": 24.7849,
      "histogram": -3.8611,
      "score": -0.2187,
      "norm_score": -0.636915148077739
    },
    "stochastic": {
      "k": 61.35,
      "d": 61.35,
      "score": -0.1135,
      "norm_score": 0.08776339982191952
    },
    "ema": {
      "trend": "bullish",
      "fast_ema": 75072.26351756422,
      "slow_ema": 75064.04273318379
    },
    "obv": {
      "obv_slope": -0.02,
      "price_slope": -3.4367,
      "score": -0.0241,
      "norm_score": -0.270499732560429
    },
    "vwap": {
      "vwap": 74893.39,
      "deviation": 3.3683,
      "score": -1.0,
      "norm_score": -0.1646723877379863
    },
    "atr": {
      "atr": 22.4,
      "passes": true,
      "reason": "ok"
    },
    "weights": {
      "rsi": 0.2,
      "macd": 0.25,
      "stochastic": 0.2,
      "obv": 0.15,
      "vwap": 0.2,
      "entry_threshold": 0.6
    },
    "trade_context": {
      "btc_price": 75114.55,
      "strike_price": 75076.37779821675,
      "seconds_remaining": 97.364999,
      "market_price_up": 0.77,
      "market_price_down": 0.23,
      "model_probability_raw": 0.3130583536353905,
      "model_probability": 0.3130583536353905,
      "edge": 0.08305835363539046,
      "momentum_score": -0.16533733517829358,
      "atr": 22.4,
      "size": 9.04,
      "flow_score": 0.0942,
      "flow_book_imbalance": 0.1778,
      "flow_trade_count": 200,
      "spot_flow_signal": 0.2046398262187022,
      "wall_pressure": 0.0,
      "iv_ratio": 1.8395176710504058,
      "prev_resolution_margin": 0.0,
      "bybit_perp_price": 75058.4,
      "funding_rate": -4.792e-05,
      "depth_usd_top20": 469248.5890191001,
      "entry_phase": "late",
      "flip_count": 1,
      "is_flip": true,
      "cvd_120s": 0.07405,
      "taker_ratio_60s": 0.5,
      "volume_surge": false,
      "liquidation_pressure": 0.0,
      "gex_signal": 1.0,
      "gex_regime": "stabilizing",
      "cvd_acceleration": 0.0,
      "clob_velocity_up": 0.03271335846843323,
      "clob_velocity_down": -0.03271335846843313,
      "coinbase_btc": 75114.55,
      "regime_state": "neutral",
      "regime_kelly_mult": 1.0,
      "sprt_confidence": 0.11167511335455634,
      "sprt_status": "SKIP",
      "signal_consensus": 0.6,
      "adverse_selection_30s": 0.5,
      "alpha_decay_rate": 0.0031153942173635578,
      "garch_vol_ratio": 2.0,
      "crowd_bias": {
        "flb": 0.0162,
        "recency_fade": 0.0,
        "round_number_dampening": 0.96,
        "composite_logit_adjustment": 0.0162
      },
      "oracle_divergence": 11.945680000004359,
      "edge_realization_ratio": 1.0
    }
  },
  "exit_reason": "scalp",
  "timestamp": "2026-04-16T05:34:48.779931+00:00"
}