{
  "position_id": 864,
  "market_id": "btc-updown-5m-1776322800",
  "question": "Bitcoin Up or Down - April 16, 3:00AM-3:05AM ET",
  "side": "Up",
  "signal_score": 0.39930683168081454,
  "correct": true,
  "entry_price": 0.32,
  "exit_price": 0.7698,
  "log_return": 0.8778097450558736,
  "size": 12.33,
  "pnl": 16.846901730625,
  "fees": 0.272318999999999,
  "gain_pct": 1.366334,
  "weight_version": "weights_v001",
  "category": "crypto-5min",
  "indicator_snapshot": {
    "rsi": {
      "rsi": 75.25,
      "score": -0.4226,
      "norm_score": 1.0300609020674139
    },
    "macd": {
      "macd": 14.3246,
      "signal": 13.8325,
      "histogram": 0.492,
      "score": 0.0486,
      "norm_score": -0.8490234994620344
    },
    "stochastic": {
      "k": 29.37,
      "d": 64.69,
      "score": 0.2063,
      "norm_score": 0.8991226792863902
    },
    "ema": {
      "trend": "bullish",
      "fast_ema": 74993.14623300143,
      "slow_ema": 74983.06225862502
    },
    "obv": {
      "obv_slope": -0.0,
      "price_slope": 1.1033,
      "score": -0.0004,
      "norm_score": -1.117671919733113
    },
    "vwap": {
      "vwap": 74961.4,
      "deviation": 0.4253,
      "score": -0.1276,
      "norm_score": 0.714019250244916
    },
    "atr": {
      "atr": 26.28,
      "passes": true,
      "reason": "ok"
    },
    "weights": {
      "rsi": 0.2,
      "macd": 0.25,
      "stochastic": 0.2,
      "obv": 0.15,
      "vwap": 0.2,
      "entry_threshold": 0.6
    },
    "trade_context": {
      "btc_price": 75031.52,
      "strike_price": 75043.61597588328,
      "seconds_remaining": 253.50649,
      "market_price_up": 0.32,
      "market_price_down": 0.66,
      "model_probability_raw": 0.39930683168081454,
      "model_probability": 0.39930683168081454,
      "edge": 0.07930683168081454,
      "momentum_score": 0.1487339034942685,
      "atr": 26.28,
      "size": 12.33,
      "flow_score": 0.0787,
      "flow_book_imbalance": -0.1969,
      "flow_trade_count": 200,
      "spot_flow_signal": 0.9284570066348665,
      "wall_pressure": 0.0,
      "iv_ratio": 1.5957326901055953,
      "prev_resolution_margin": -23.16609333131055,
      "bybit_perp_price": 74965.6,
      "funding_rate": -3.955e-05,
      "depth_usd_top20": 498454.9645882,
      "entry_phase": "normal",
      "flip_count": 1,
      "is_flip": true,
      "cvd_120s": 0.00297,
      "taker_ratio_60s": 1.0,
      "volume_surge": false,
      "liquidation_pressure": -0.00027423289712416745,
      "gex_signal": 1.0,
      "gex_regime": "stabilizing",
      "cvd_acceleration": 6.133333333333332e-05,
      "clob_velocity_up": -0.057085320989788316,
      "clob_velocity_down": 0.057085320989788316,
      "coinbase_btc": 75031.52,
      "regime_state": "neutral",
      "regime_kelly_mult": 1.0,
      "sprt_confidence": 0.21779097987826046,
      "sprt_status": "SKIP",
      "signal_consensus": 1.3,
      "adverse_selection_30s": 0.5,
      "alpha_decay_rate": 0.0019584299804307247,
      "garch_vol_ratio": 2.0,
      "crowd_bias": {
        "flb": -0.0108,
        "recency_fade": 0.0,
        "round_number_dampening": 0.92,
        "composite_logit_adjustment": -0.0108
      },
      "oracle_divergence": 38.16000000000349,
      "edge_realization_ratio": 1.0
    }
  },
  "exit_reason": "scalp",
  "timestamp": "2026-04-16T07:04:47.834802+00:00"
}