{
  "position_id": 872,
  "market_id": "btc-updown-5m-1776324900",
  "question": "Bitcoin Up or Down - April 16, 3:35AM-3:40AM ET",
  "side": "Up",
  "signal_score": 0.4032558927215349,
  "correct": false,
  "entry_price": 0.33,
  "exit_price": 0.32,
  "log_return": -0.03077165866675366,
  "size": 5.86,
  "pnl": -0.31482018181818194,
  "fees": 0.1393859999999998,
  "gain_pct": -0.053724,
  "weight_version": "weights_v001",
  "category": "crypto-5min",
  "indicator_snapshot": {
    "rsi": {
      "rsi": 0.0,
      "score": 1.0,
      "norm_score": 0.12175663330045546
    },
    "macd": {
      "macd": -25.3437,
      "signal": -21.3292,
      "histogram": -4.0145,
      "score": -0.2173,
      "norm_score": 0.525708768606288
    },
    "stochastic": {
      "k": 33.01,
      "d": 33.01,
      "score": 0.1699,
      "norm_score": 0.022071217827839974
    },
    "ema": {
      "trend": "bearish",
      "fast_ema": 74863.37937058636,
      "slow_ema": 74884.66281664502
    },
    "obv": {
      "obv_slope": 0.0,
      "price_slope": 0.0,
      "score": 0.0,
      "norm_score": 0.855032372963198
    },
    "vwap": {
      "vwap": 74961.44,
      "deviation": -1.3802,
      "score": 0.4141,
      "norm_score": 0.0991621642427683
    },
    "atr": {
      "atr": 18.46,
      "passes": true,
      "reason": "ok"
    },
    "weights": {
      "rsi": 0.2,
      "macd": 0.25,
      "stochastic": 0.2,
      "obv": 0.15,
      "vwap": 0.2,
      "entry_threshold": 0.6
    },
    "trade_context": {
      "btc_price": 74890.75,
      "strike_price": 74897.092265528,
      "seconds_remaining": 265.881013,
      "market_price_up": 0.33,
      "market_price_down": 0.66,
      "model_probability_raw": 0.4032558927215349,
      "model_probability": 0.4032558927215349,
      "edge": 0.07325589272153488,
      "momentum_score": 0.30828005117026447,
      "atr": 18.46,
      "size": 5.86,
      "flow_score": 0.0577,
      "flow_book_imbalance": -0.1255,
      "flow_trade_count": 200,
      "spot_flow_signal": 0.15359155065509653,
      "wall_pressure": 0.0,
      "iv_ratio": 2.38832385062736,
      "prev_resolution_margin": -4.25783715385478,
      "bybit_perp_price": 74824.5,
      "funding_rate": -3.767e-05,
      "depth_usd_top20": 412544.6174384001,
      "entry_phase": "normal",
      "flip_count": 0,
      "is_flip": false,
      "cvd_120s": 0.0011200000000000001,
      "taker_ratio_60s": 0.5,
      "volume_surge": false,
      "liquidation_pressure": -0.008807004139266352,
      "gex_signal": 1.0,
      "gex_regime": "stabilizing",
      "cvd_acceleration": 0.0,
      "clob_velocity_up": -0.06540243596280726,
      "clob_velocity_down": 0.06540243596280726,
      "coinbase_btc": 74890.75,
      "regime_state": "neutral",
      "regime_kelly_mult": 1.0,
      "sprt_confidence": 0.0,
      "sprt_status": "ACCUMULATING",
      "signal_consensus": 1.3,
      "adverse_selection_30s": 0.5,
      "alpha_decay_rate": 0.0019826490706640757,
      "garch_vol_ratio": 2.0,
      "crowd_bias": {
        "flb": -0.0102,
        "recency_fade": 0.0,
        "round_number_dampening": 1.0,
        "composite_logit_adjustment": -0.0102
      },
      "oracle_divergence": 6.070000000006985,
      "edge_realization_ratio": 1.0
    }
  },
  "exit_reason": "scalp",
  "timestamp": "2026-04-16T07:35:45.445664+00:00"
}