{
  "position_id": 875,
  "market_id": "btc-updown-5m-1776325800",
  "question": "Bitcoin Up or Down - April 16, 3:50AM-3:55AM ET",
  "side": "Up",
  "signal_score": 0.3358516964858098,
  "correct": true,
  "entry_price": 0.25,
  "exit_price": 0.26,
  "log_return": 0.03922071315328133,
  "size": 6.03,
  "pnl": 0.07413380000000025,
  "fees": 0.16381000000000018,
  "gain_pct": 0.012294,
  "weight_version": "weights_v001",
  "category": "crypto-5min",
  "indicator_snapshot": {
    "rsi": {
      "rsi": 40.49,
      "score": 0.1426,
      "norm_score": -0.569506071668372
    },
    "macd": {
      "macd": -26.1714,
      "signal": -26.9661,
      "histogram": 0.7947,
      "score": 0.0357,
      "norm_score": 0.4691595704871573
    },
    "stochastic": {
      "k": 67.59,
      "d": 47.9,
      "score": -0.1759,
      "norm_score": -0.5274885176348754
    },
    "ema": {
      "trend": "bearish",
      "fast_ema": 74788.66223508821,
      "slow_ema": 74803.94888058356
    },
    "obv": {
      "obv_slope": -0.0,
      "price_slope": -0.22,
      "score": -0.0004,
      "norm_score": 0.0725998097809011
    },
    "vwap": {
      "vwap": 74961.71,
      "deviation": -2.0661,
      "score": 0.6198,
      "norm_score": -0.04580637042879215
    },
    "atr": {
      "atr": 14.67,
      "passes": true,
      "reason": "ok"
    },
    "weights": {
      "rsi": 0.2,
      "macd": 0.25,
      "stochastic": 0.2,
      "obv": 0.15,
      "vwap": 0.2,
      "entry_threshold": 0.6
    },
    "trade_context": {
      "btc_price": 74761.02,
      "strike_price": 74776.43988,
      "seconds_remaining": 255.743709,
      "market_price_up": 0.25,
      "market_price_down": 0.74,
      "model_probability_raw": 0.3358516964858098,
      "model_probability": 0.3358516964858098,
      "edge": 0.08585169648580981,
      "momentum_score": -0.10038032785748341,
      "atr": 14.67,
      "size": 6.03,
      "flow_score": -0.153,
      "flow_book_imbalance": -0.185,
      "flow_trade_count": 200,
      "spot_flow_signal": 0.2376439233302584,
      "wall_pressure": 0.0,
      "iv_ratio": 2.9938157305233672,
      "prev_resolution_margin": -20.802260000054957,
      "bybit_perp_price": 74690.4,
      "funding_rate": -3.696e-05,
      "depth_usd_top20": 468035.8683068,
      "entry_phase": "normal",
      "flip_count": 0,
      "is_flip": false,
      "cvd_120s": 0.00116,
      "taker_ratio_60s": 0.5,
      "volume_surge": false,
      "liquidation_pressure": -0.02504005032264517,
      "gex_signal": 1.0,
      "gex_regime": "stabilizing",
      "cvd_acceleration": 0.0,
      "clob_velocity_up": 0.0,
      "clob_velocity_down": 0.0,
      "coinbase_btc": 74761.02,
      "regime_state": "neutral",
      "regime_kelly_mult": 1.0,
      "sprt_confidence": 0.0,
      "sprt_status": "SKIP",
      "signal_consensus": 0.8,
      "adverse_selection_30s": 0.5,
      "alpha_decay_rate": 0.0042655896613378675,
      "garch_vol_ratio": 2.0,
      "crowd_bias": {
        "flb": -0.015,
        "recency_fade": 0.3,
        "round_number_dampening": 1.0,
        "composite_logit_adjustment": -0.009
      },
      "oracle_divergence": 5.04435999999987,
      "edge_realization_ratio": 1.0
    }
  },
  "exit_reason": "scalp",
  "timestamp": "2026-04-16T07:51:15.041361+00:00"
}