{
  "position_id": 885,
  "market_id": "btc-updown-5m-1776327900",
  "question": "Bitcoin Up or Down - April 16, 4:25AM-4:30AM ET",
  "side": "Down",
  "signal_score": 0.6245491951016715,
  "correct": true,
  "entry_price": 0.58,
  "exit_price": 0.83,
  "log_return": 0.35839759725017867,
  "size": 5.79,
  "pnl": 2.4078874137931043,
  "fees": 0.06893500000000037,
  "gain_pct": 0.41587,
  "weight_version": "weights_v001",
  "category": "crypto-5min",
  "indicator_snapshot": {
    "rsi": {
      "rsi": 91.07,
      "score": -0.7916,
      "norm_score": 3.0
    },
    "macd": {
      "macd": 22.7288,
      "signal": 17.012,
      "histogram": 5.7169,
      "score": 0.2773,
      "norm_score": -0.6777946617450051
    },
    "stochastic": {
      "k": 37.18,
      "d": 55.59,
      "score": 0.1282,
      "norm_score": 0.5826158164678052
    },
    "ema": {
      "trend": "bullish",
      "fast_ema": 74657.99551673306,
      "slow_ema": 74635.53051276342
    },
    "obv": {
      "obv_slope": 0.0,
      "price_slope": 7.6333,
      "score": 0.0023,
      "norm_score": 0.3691327729973667
    },
    "vwap": {
      "vwap": 74797.12,
      "deviation": -0.838,
      "score": 0.2514,
      "norm_score": 0.23603642409932818
    },
    "atr": {
      "atr": 25.08,
      "passes": true,
      "reason": "ok"
    },
    "weights": {
      "rsi": 0.2,
      "macd": 0.25,
      "stochastic": 0.2,
      "obv": 0.15,
      "vwap": 0.2,
      "entry_threshold": 0.6
    },
    "trade_context": {
      "btc_price": 74670.0,
      "strike_price": 74688.74294,
      "seconds_remaining": 248.631826,
      "market_price_up": 0.41,
      "market_price_down": 0.58,
      "model_probability_raw": 0.6245491951016715,
      "model_probability": 0.6245491951016715,
      "edge": 0.044549195101671546,
      "momentum_score": 0.6496516986267806,
      "atr": 25.08,
      "size": 5.79,
      "flow_score": 0.1666,
      "flow_book_imbalance": 0.0003,
      "flow_trade_count": 200,
      "spot_flow_signal": 0.3142314702244502,
      "wall_pressure": 0.0,
      "iv_ratio": 1.7572486865536696,
      "prev_resolution_margin": 53.84934389370028,
      "bybit_perp_price": 74602.2,
      "funding_rate": -6.732e-05,
      "depth_usd_top20": 379135.8703086999,
      "entry_phase": "normal",
      "flip_count": 0,
      "is_flip": false,
      "cvd_120s": 0.007010000000000001,
      "taker_ratio_60s": 0.9647218453188603,
      "volume_surge": false,
      "liquidation_pressure": 0.016490053645597618,
      "gex_signal": 1.0,
      "gex_regime": "stabilizing",
      "cvd_acceleration": -0.00017533333333333333,
      "clob_velocity_up": -0.08191002788072033,
      "clob_velocity_down": 0.08191002788072033,
      "coinbase_btc": 74670.0,
      "regime_state": "mean_reverting",
      "regime_kelly_mult": 0.8,
      "sprt_confidence": 0.0,
      "sprt_status": "SKIP",
      "signal_consensus": 0.6,
      "adverse_selection_30s": 0.5,
      "alpha_decay_rate": 0.0012156375429146053,
      "garch_vol_ratio": 2.0,
      "crowd_bias": {
        "flb": 0.0,
        "recency_fade": 0.0,
        "round_number_dampening": 1.0,
        "composite_logit_adjustment": 0.0
      },
      "oracle_divergence": 12.857999999992899,
      "edge_realization_ratio": 4.775100636765039
    }
  },
  "exit_reason": "scalp",
  "timestamp": "2026-04-16T08:29:25.417959+00:00"
}