{
  "position_id": 886,
  "market_id": "btc-updown-5m-1776328200",
  "question": "Bitcoin Up or Down - April 16, 4:30AM-4:35AM ET",
  "side": "Down",
  "signal_score": 0.6106495845191371,
  "correct": false,
  "entry_price": 0.52,
  "exit_price": 0.0,
  "log_return": -10.0,
  "size": 18.0,
  "pnl": -18.0,
  "fees": 0.1555200000000008,
  "gain_pct": -1.0,
  "weight_version": "weights_v001",
  "category": "crypto-5min",
  "indicator_snapshot": {
    "rsi": {
      "rsi": 0.0,
      "score": 1.0,
      "norm_score": 0.2761392426348606
    },
    "macd": {
      "macd": -3.4467,
      "signal": 0.7766,
      "histogram": -4.2233,
      "score": -0.2048,
      "norm_score": 1.5112716949818052
    },
    "stochastic": {
      "k": 0.0,
      "d": 0.0,
      "score": 1.0,
      "norm_score": 0.006636035990007149
    },
    "ema": {
      "trend": "chop",
      "fast_ema": 74608.06485989792,
      "slow_ema": 74615.30171362792
    },
    "obv": {
      "obv_slope": 0.0,
      "price_slope": 0.0,
      "score": 0.0,
      "norm_score": 1.5529350096855905
    },
    "vwap": {
      "vwap": 74795.36,
      "deviation": -1.1971,
      "score": 0.3591,
      "norm_score": -0.0653874232478103
    },
    "atr": {
      "atr": 17.51,
      "passes": true,
      "reason": "ok"
    },
    "weights": {
      "rsi": 0.2,
      "macd": 0.25,
      "stochastic": 0.2,
      "obv": 0.15,
      "vwap": 0.2,
      "entry_threshold": 0.6
    },
    "trade_context": {
      "btc_price": 74690.0,
      "strike_price": 74700.15974346439,
      "seconds_remaining": 288.151958,
      "market_price_up": 0.48,
      "market_price_down": 0.52,
      "model_probability_raw": 0.6106495845191371,
      "model_probability": 0.6106495845191371,
      "edge": 0.09064958451913707,
      "momentum_score": 0.6542357462737014,
      "atr": 17.51,
      "size": 18.0,
      "flow_score": 0.1382,
      "flow_book_imbalance": 0.0056,
      "flow_trade_count": 89,
      "spot_flow_signal": 0.15397681129312513,
      "wall_pressure": 0.0,
      "iv_ratio": 2.5152708293286117,
      "prev_resolution_margin": 53.84934389370028,
      "bybit_perp_price": 74622.8,
      "funding_rate": -7.517e-05,
      "depth_usd_top20": 364915.7830899999,
      "entry_phase": "normal",
      "flip_count": 0,
      "is_flip": false,
      "cvd_120s": 0.0,
      "taker_ratio_60s": 0.5,
      "volume_surge": false,
      "liquidation_pressure": -0.027918029521069723,
      "gex_signal": 1.0,
      "gex_regime": "stabilizing",
      "cvd_acceleration": 0.0,
      "clob_velocity_up": -0.0413643119120387,
      "clob_velocity_down": 0.0413643119120387,
      "coinbase_btc": 74690.0,
      "regime_state": "mean_reverting",
      "regime_kelly_mult": 0.8,
      "sprt_confidence": 0.06916590720808394,
      "sprt_status": "ACCUMULATING",
      "signal_consensus": 0.6,
      "adverse_selection_30s": 0.5,
      "alpha_decay_rate": 0.0021147567770392725,
      "garch_vol_ratio": 2.0,
      "crowd_bias": {
        "flb": 0.0,
        "recency_fade": -0.3,
        "round_number_dampening": 1.0,
        "composite_logit_adjustment": -0.006
      },
      "oracle_divergence": 9.272845272469567,
      "edge_realization_ratio": 4.904443082990722
    }
  },
  "exit_reason": "resolution",
  "timestamp": "2026-04-16T08:39:45.946857+00:00"
}