{
  "position_id": 896,
  "market_id": "btc-updown-5m-1776330000",
  "question": "Bitcoin Up or Down - April 16, 5:00AM-5:05AM ET",
  "side": "Down",
  "signal_score": 0.3405425097702248,
  "correct": false,
  "entry_price": 0.26,
  "exit_price": 0.0,
  "log_return": -10.0,
  "size": 11.35,
  "pnl": -11.35,
  "fees": 0.15118199999999973,
  "gain_pct": -1.0,
  "weight_version": "weights_v001",
  "category": "crypto-5min",
  "indicator_snapshot": {
    "rsi": {
      "rsi": 0.0,
      "score": 1.0,
      "norm_score": 0.3670522928068722
    },
    "macd": {
      "macd": 0.3439,
      "signal": 9.1227,
      "histogram": -8.7788,
      "score": -0.5853,
      "norm_score": -0.3874705842636384
    },
    "stochastic": {
      "k": 0.0,
      "d": 0.0,
      "score": 1.0,
      "norm_score": 0.0053226214470228055
    },
    "ema": {
      "trend": "bearish",
      "fast_ema": 74665.16192388046,
      "slow_ema": 74676.34960315743
    },
    "obv": {
      "obv_slope": -0.0,
      "price_slope": -11.9167,
      "score": -0.0002,
      "norm_score": 0.01839140764221814
    },
    "vwap": {
      "vwap": 74758.53,
      "deviation": -0.7276,
      "score": 0.2183,
      "norm_score": 0.19247575285470803
    },
    "atr": {
      "atr": 14.32,
      "passes": true,
      "reason": "ok"
    },
    "weights": {
      "rsi": 0.2,
      "macd": 0.25,
      "stochastic": 0.2,
      "obv": 0.15,
      "vwap": 0.2,
      "entry_threshold": 0.6
    },
    "trade_context": {
      "btc_price": 74710.25,
      "strike_price": 74684.9283,
      "seconds_remaining": 128.065531,
      "market_price_up": 0.73,
      "market_price_down": 0.26,
      "model_probability_raw": 0.3405425097702248,
      "model_probability": 0.3405425097702248,
      "edge": 0.08054250977022481,
      "momentum_score": 0.018861198502143732,
      "atr": 14.32,
      "size": 11.35,
      "flow_score": 0.2193,
      "flow_book_imbalance": 0.2869,
      "flow_trade_count": 200,
      "spot_flow_signal": -0.1261667017872579,
      "wall_pressure": 0.0,
      "iv_ratio": 3.0,
      "prev_resolution_margin": -31.430000000007567,
      "bybit_perp_price": 74654.6,
      "funding_rate": -5.905e-05,
      "depth_usd_top20": 416849.4509921001,
      "entry_phase": "late",
      "flip_count": 1,
      "is_flip": true,
      "cvd_120s": 0.00059,
      "taker_ratio_60s": 0.5,
      "volume_surge": false,
      "liquidation_pressure": 0.0,
      "gex_signal": 1.0,
      "gex_regime": "stabilizing",
      "cvd_acceleration": 0.0,
      "clob_velocity_up": 0.022131895268951127,
      "clob_velocity_down": -0.022131895268951127,
      "coinbase_btc": 74710.25,
      "regime_state": "neutral",
      "regime_kelly_mult": 1.0,
      "sprt_confidence": 0.0,
      "sprt_status": "SKIP",
      "signal_consensus": 0.8,
      "adverse_selection_30s": 0.5,
      "alpha_decay_rate": -0.0033456423724705846,
      "garch_vol_ratio": 2.0,
      "crowd_bias": {
        "flb": 0.0138,
        "recency_fade": 0.0,
        "round_number_dampening": 1.0,
        "composite_logit_adjustment": 0.0138
      },
      "oracle_divergence": 15.554193788979319,
      "edge_realization_ratio": 5.581919236119059
    }
  },
  "exit_reason": "resolution",
  "timestamp": "2026-04-16T09:10:37.135072+00:00"
}