{
  "position_id": 900,
  "market_id": "btc-updown-5m-1776330600",
  "question": "Bitcoin Up or Down - April 16, 5:10AM-5:15AM ET",
  "side": "Up",
  "signal_score": 0.7602952101111827,
  "correct": true,
  "entry_price": 0.7,
  "exit_price": 1.0,
  "log_return": 0.3566749439387324,
  "size": 18.0,
  "pnl": 7.575428571428571,
  "fees": 0.09720000000000119,
  "gain_pct": 0.420857,
  "weight_version": "weights_v001",
  "category": "crypto-5min",
  "indicator_snapshot": {
    "rsi": {
      "rsi": 100.0,
      "score": -1.0,
      "norm_score": -0.00017392942397949113
    },
    "macd": {
      "macd": 19.1901,
      "signal": 17.3158,
      "histogram": 1.8743,
      "score": 0.1353,
      "norm_score": -3.0
    },
    "stochastic": {
      "k": 99.94,
      "d": 99.95,
      "score": -0.9978,
      "norm_score": 0.0784267241854422
    },
    "ema": {
      "trend": "bullish",
      "fast_ema": 74723.39257906441,
      "slow_ema": 74708.94753411741
    },
    "obv": {
      "obv_slope": 0.0,
      "price_slope": 0.0,
      "score": 0.0,
      "norm_score": -0.054242625397803335
    },
    "vwap": {
      "vwap": 74757.13,
      "deviation": -0.2303,
      "score": 0.0691,
      "norm_score": -0.012141629794819402
    },
    "atr": {
      "atr": 9.84,
      "passes": true,
      "reason": "ok"
    },
    "weights": {
      "rsi": 0.2,
      "macd": 0.25,
      "stochastic": 0.2,
      "obv": 0.15,
      "vwap": 0.2,
      "entry_threshold": 0.6
    },
    "trade_context": {
      "btc_price": 74765.23,
      "strike_price": 74738.85051,
      "seconds_remaining": 118.858659,
      "market_price_up": 0.7,
      "market_price_down": 0.29,
      "model_probability_raw": 0.7602952101111827,
      "model_probability": 0.7602952101111827,
      "edge": 0.06029521011118277,
      "momentum_score": -0.7449141608163419,
      "atr": 9.84,
      "size": 18.0,
      "flow_score": -0.0121,
      "flow_book_imbalance": 0.1455,
      "flow_trade_count": 200,
      "spot_flow_signal": -0.23308596906520007,
      "wall_pressure": 0.0,
      "iv_ratio": 3.0,
      "prev_resolution_margin": 62.7054599999974,
      "bybit_perp_price": 74700.6,
      "funding_rate": -5.368e-05,
      "depth_usd_top20": 393000.36054390005,
      "entry_phase": "late",
      "flip_count": 1,
      "is_flip": true,
      "cvd_120s": 0.0,
      "taker_ratio_60s": 0.5,
      "volume_surge": false,
      "liquidation_pressure": 0.0,
      "gex_signal": 1.0,
      "gex_regime": "stabilizing",
      "cvd_acceleration": 0.0,
      "clob_velocity_up": 0.0,
      "clob_velocity_down": 0.0,
      "coinbase_btc": 74765.23,
      "regime_state": "neutral",
      "regime_kelly_mult": 1.0,
      "sprt_confidence": 0.0,
      "sprt_status": "SKIP",
      "signal_consensus": 0.6,
      "adverse_selection_30s": 0.5,
      "alpha_decay_rate": 0.0026576711032440655,
      "garch_vol_ratio": 2.0,
      "crowd_bias": {
        "flb": 0.012,
        "recency_fade": 0.0,
        "round_number_dampening": 1.0,
        "composite_logit_adjustment": 0.012
      },
      "oracle_divergence": 11.023919999992358,
      "edge_realization_ratio": 5.397675978044155
    }
  },
  "exit_reason": "resolution",
  "timestamp": "2026-04-16T09:20:37.817112+00:00"
}