{
  "position_id": 907,
  "market_id": "btc-updown-5m-1776332100",
  "question": "Bitcoin Up or Down - April 16, 5:35AM-5:40AM ET",
  "side": "Up",
  "signal_score": 0.6061380264670997,
  "correct": true,
  "entry_price": 0.56,
  "exit_price": 1.0,
  "log_return": 0.579818495252942,
  "size": 12.72,
  "pnl": 9.814389285714283,
  "fees": 0.10074199999999991,
  "gain_pct": 0.771571,
  "weight_version": "weights_v001",
  "category": "crypto-5min",
  "indicator_snapshot": {
    "rsi": {
      "rsi": 0.0,
      "score": 1.0,
      "norm_score": 0.0024286887624797174
    },
    "macd": {
      "macd": -25.9335,
      "signal": -14.7261,
      "histogram": -11.2073,
      "score": -0.4532,
      "norm_score": 0.4123405132384328
    },
    "stochastic": {
      "k": 1.14,
      "d": 1.1,
      "score": 0.96,
      "norm_score": -0.5024981179766033
    },
    "ema": {
      "trend": "bearish",
      "fast_ema": 74751.19944311919,
      "slow_ema": 74782.86195729239
    },
    "obv": {
      "obv_slope": -0.0,
      "price_slope": -11.9367,
      "score": -0.0005,
      "norm_score": -0.48136782042340437
    },
    "vwap": {
      "vwap": 74742.22,
      "deviation": -0.031,
      "score": 0.0093,
      "norm_score": 0.467004803651717
    },
    "atr": {
      "atr": 14.23,
      "passes": true,
      "reason": "ok"
    },
    "weights": {
      "rsi": 0.2,
      "macd": 0.25,
      "stochastic": 0.2,
      "obv": 0.15,
      "vwap": 0.2,
      "entry_threshold": 0.6
    },
    "trade_context": {
      "btc_price": 74798.69,
      "strike_price": 74775.4,
      "seconds_remaining": 250.483495,
      "market_price_up": 0.56,
      "market_price_down": 0.42,
      "model_probability_raw": 0.6061380264670997,
      "model_probability": 0.6061380264670997,
      "edge": 0.046138026467099635,
      "momentum_score": 0.024267030133616224,
      "atr": 14.23,
      "size": 12.72,
      "flow_score": 0.0226,
      "flow_book_imbalance": 0.164,
      "flow_trade_count": 200,
      "spot_flow_signal": 0.515750741917209,
      "wall_pressure": 0.0,
      "iv_ratio": 3.0,
      "prev_resolution_margin": 46.66751737408049,
      "bybit_perp_price": 74731.8,
      "funding_rate": -6.188e-05,
      "depth_usd_top20": 429706.0216083,
      "entry_phase": "normal",
      "flip_count": 0,
      "is_flip": false,
      "cvd_120s": 0.0016,
      "taker_ratio_60s": 0.888888888888889,
      "volume_surge": false,
      "liquidation_pressure": -0.007282720647712455,
      "gex_signal": 1.0,
      "gex_regime": "stabilizing",
      "cvd_acceleration": -2.4888888888888893e-05,
      "clob_velocity_up": 0.015169876559284133,
      "clob_velocity_down": -0.01516987655928447,
      "coinbase_btc": 74801.62,
      "regime_state": "volatile",
      "regime_kelly_mult": 0.7,
      "sprt_confidence": 0.0,
      "sprt_status": "SKIP",
      "signal_consensus": 1.3,
      "adverse_selection_30s": 0.5,
      "alpha_decay_rate": 0.00031193389907569434,
      "garch_vol_ratio": 2.0,
      "crowd_bias": {
        "flb": 0.0,
        "recency_fade": -0.6,
        "round_number_dampening": 1.0,
        "composite_logit_adjustment": -0.012
      },
      "oracle_divergence": 21.000360000005458,
      "edge_realization_ratio": 5.647301079722951
    }
  },
  "exit_reason": "resolution",
  "timestamp": "2026-04-16T09:44:23.442385+00:00"
}