{
  "position_id": 915,
  "market_id": "btc-updown-5m-1776333900",
  "question": "Bitcoin Up or Down - April 16, 6:05AM-6:10AM ET",
  "side": "Down",
  "signal_score": 0.6433821163358437,
  "correct": false,
  "entry_price": 0.51,
  "exit_price": 0.4799,
  "log_return": -0.060832976854171675,
  "size": 18.0,
  "pnl": -1.3689109882352923,
  "fees": 0.3159279999999999,
  "gain_pct": -0.076051,
  "weight_version": "weights_v001",
  "category": "crypto-5min",
  "indicator_snapshot": {
    "rsi": {
      "rsi": 18.78,
      "score": 0.5618,
      "norm_score": 0.4236371290131493
    },
    "macd": {
      "macd": -35.0334,
      "signal": -33.7384,
      "histogram": -1.295,
      "score": -0.0772,
      "norm_score": -0.6377420138353146
    },
    "stochastic": {
      "k": 0.0,
      "d": 0.0,
      "score": 1.0,
      "norm_score": 0.37527657858436364
    },
    "ema": {
      "trend": "bearish",
      "fast_ema": 74564.99357597504,
      "slow_ema": 74588.68117293701
    },
    "obv": {
      "obv_slope": -0.0,
      "price_slope": -19.52,
      "score": -0.0001,
      "norm_score": -1.8087203151663687
    },
    "vwap": {
      "vwap": 74728.62,
      "deviation": -1.6093,
      "score": 0.4828,
      "norm_score": 0.45010504291640807
    },
    "atr": {
      "atr": 15.55,
      "passes": true,
      "reason": "ok"
    },
    "weights": {
      "rsi": 0.2,
      "macd": 0.25,
      "stochastic": 0.2,
      "obv": 0.15,
      "vwap": 0.2,
      "entry_threshold": 0.6
    },
    "trade_context": {
      "btc_price": 74575.0,
      "strike_price": 74590.09976206995,
      "seconds_remaining": 293.948462,
      "market_price_up": 0.48,
      "market_price_down": 0.51,
      "model_probability_raw": 0.6433821163358437,
      "model_probability": 0.6433821163358437,
      "edge": 0.13338211633584374,
      "momentum_score": -0.18093980063099974,
      "atr": 15.55,
      "size": 18.0,
      "flow_score": -0.1985,
      "flow_book_imbalance": -0.0178,
      "flow_trade_count": 71,
      "spot_flow_signal": 0.04020601493033806,
      "wall_pressure": 0.0,
      "iv_ratio": 2.830593316407823,
      "prev_resolution_margin": 46.66751737408049,
      "bybit_perp_price": 74494.7,
      "funding_rate": -7.679e-05,
      "depth_usd_top20": 348929.6215858001,
      "entry_phase": "normal",
      "flip_count": 0,
      "is_flip": false,
      "cvd_120s": 0.0,
      "taker_ratio_60s": 1.0,
      "volume_surge": false,
      "liquidation_pressure": 0.0,
      "gex_signal": 1.0,
      "gex_regime": "stabilizing",
      "cvd_acceleration": -3.555555555555556e-06,
      "clob_velocity_up": -0.18175800919794166,
      "clob_velocity_down": 0.18175800919794186,
      "coinbase_btc": 74561.11,
      "regime_state": "volatile",
      "regime_kelly_mult": 0.7,
      "sprt_confidence": 0.0,
      "sprt_status": "ACCUMULATING",
      "signal_consensus": 1.3,
      "adverse_selection_30s": 0.5,
      "alpha_decay_rate": 0.018469839061609594,
      "garch_vol_ratio": 2.0,
      "crowd_bias": {
        "flb": 0.0,
        "recency_fade": -1.0,
        "round_number_dampening": 1.0,
        "composite_logit_adjustment": -0.02
      },
      "oracle_divergence": 6.740000000005239,
      "edge_realization_ratio": 5.25700270636954
    }
  },
  "exit_reason": "scalp",
  "timestamp": "2026-04-16T10:05:43.242277+00:00"
}