{
  "position_id": 933,
  "market_id": "btc-updown-5m-1776336900",
  "question": "Bitcoin Up or Down - April 16, 6:55AM-7:00AM ET",
  "side": "Up",
  "signal_score": 0.40499082257467506,
  "correct": false,
  "entry_price": 0.33,
  "exit_price": 0.0,
  "log_return": -10.0,
  "size": 11.0,
  "pnl": -11.0,
  "fees": 0.13266000000000033,
  "gain_pct": -1.0,
  "weight_version": "weights_v001",
  "category": "crypto-5min",
  "indicator_snapshot": {
    "rsi": {
      "rsi": 73.66,
      "score": -0.3855,
      "norm_score": 0.47424647462981057
    },
    "macd": {
      "macd": 10.0971,
      "signal": 1.856,
      "histogram": 8.2411,
      "score": 0.3694,
      "norm_score": -0.3733917888176099
    },
    "stochastic": {
      "k": 100.0,
      "d": 100.0,
      "score": -1.0,
      "norm_score": -0.023037647778413554
    },
    "ema": {
      "trend": "bullish",
      "fast_ema": 74393.91423415352,
      "slow_ema": 74376.66734404185
    },
    "obv": {
      "obv_slope": 0.0,
      "price_slope": 0.0,
      "score": 0.0,
      "norm_score": -0.10698880489251116
    },
    "vwap": {
      "vwap": 74627.5,
      "deviation": -1.6985,
      "score": 0.5095,
      "norm_score": -0.02219867349672008
    },
    "atr": {
      "atr": 23.45,
      "passes": true,
      "reason": "ok"
    },
    "weights": {
      "rsi": 0.2,
      "macd": 0.25,
      "stochastic": 0.2,
      "obv": 0.15,
      "vwap": 0.2,
      "entry_threshold": 0.6
    },
    "trade_context": {
      "btc_price": 74346.13,
      "strike_price": 74349.8725,
      "seconds_remaining": 80.886749,
      "market_price_up": 0.33,
      "market_price_down": 0.67,
      "model_probability_raw": 0.40499082257467506,
      "model_probability": 0.40499082257467506,
      "edge": 0.07499082257467504,
      "momentum_score": -0.02359423726734377,
      "atr": 23.45,
      "size": 11.0,
      "flow_score": -0.1611,
      "flow_book_imbalance": -0.1352,
      "flow_trade_count": 200,
      "spot_flow_signal": -0.380494727286536,
      "wall_pressure": 0.0,
      "iv_ratio": 1.5887414973170015,
      "prev_resolution_margin": 8.7612914465426,
      "bybit_perp_price": 74287.0,
      "funding_rate": -9.254e-05,
      "depth_usd_top20": 400752.91535830015,
      "entry_phase": "late",
      "flip_count": 1,
      "is_flip": true,
      "cvd_120s": 0.0,
      "taker_ratio_60s": 0.5,
      "volume_surge": false,
      "liquidation_pressure": 0.0,
      "gex_signal": 1.0,
      "gex_regime": "stabilizing",
      "cvd_acceleration": 0.0,
      "clob_velocity_up": 0.0,
      "clob_velocity_down": 0.0,
      "coinbase_btc": 74346.13,
      "regime_state": "neutral",
      "regime_kelly_mult": 1.0,
      "sprt_confidence": 0.06425563375242051,
      "sprt_status": "SKIP",
      "signal_consensus": 0.6,
      "adverse_selection_30s": 0.5,
      "alpha_decay_rate": -0.00018792832768450293,
      "garch_vol_ratio": 2.0,
      "crowd_bias": {
        "flb": -0.0102,
        "recency_fade": 0.0,
        "round_number_dampening": 1.0,
        "composite_logit_adjustment": -0.0102
      },
      "oracle_divergence": 8.819790861249203,
      "edge_realization_ratio": 5.071322570253433
    }
  },
  "exit_reason": "resolution",
  "timestamp": "2026-04-16T11:02:19.801459+00:00"
}