{
  "position_id": 974,
  "market_id": "btc-updown-5m-1776344700",
  "question": "Bitcoin Up or Down - April 16, 9:05AM-9:10AM ET",
  "side": "Down",
  "signal_score": 0.3551302076154105,
  "correct": false,
  "entry_price": 0.2,
  "exit_price": 0.0,
  "log_return": -10.0,
  "size": 18.0,
  "pnl": -18.0,
  "fees": 0.2592000000000013,
  "gain_pct": -1.0,
  "weight_version": "weights_v001",
  "category": "crypto-5min",
  "indicator_snapshot": {
    "rsi": {
      "rsi": 0.0,
      "score": 1.0,
      "norm_score": 1.5269096612856823
    },
    "macd": {
      "macd": 1.564,
      "signal": 3.7231,
      "histogram": -2.1591,
      "score": -0.1887,
      "norm_score": -0.32702278190160883
    },
    "stochastic": {
      "k": 44.14,
      "d": 44.14,
      "score": 0.0586,
      "norm_score": 0.22844309567233445
    },
    "ema": {
      "trend": "chop",
      "fast_ema": 74623.40883956666,
      "slow_ema": 74624.91778011741
    },
    "obv": {
      "obv_slope": 0.0,
      "price_slope": 0.0,
      "score": 0.0,
      "norm_score": 0.2692061529198168
    },
    "vwap": {
      "vwap": 74494.72,
      "deviation": 1.4873,
      "score": -0.4462,
      "norm_score": 0.23221116296836408
    },
    "atr": {
      "atr": 20.22,
      "passes": true,
      "reason": "ok"
    },
    "weights": {
      "rsi": 0.2,
      "macd": 0.25,
      "stochastic": 0.2,
      "obv": 0.15,
      "vwap": 0.2,
      "entry_threshold": 0.6
    },
    "trade_context": {
      "btc_price": 74674.52,
      "strike_price": 74630.61694,
      "seconds_remaining": 224.461452,
      "market_price_up": 0.79,
      "market_price_down": 0.2,
      "model_probability_raw": 0.3551302076154105,
      "model_probability": 0.3551302076154105,
      "edge": 0.15513020761541046,
      "momentum_score": 0.3561380114478465,
      "atr": 20.22,
      "size": 18.0,
      "flow_score": 0.0835,
      "flow_book_imbalance": 0.3232,
      "flow_trade_count": 200,
      "spot_flow_signal": -0.4298062586707365,
      "wall_pressure": 0.0,
      "iv_ratio": 2.1751613871741773,
      "prev_resolution_margin": 3.027025257135392,
      "bybit_perp_price": 74621.4,
      "funding_rate": -0.0001157,
      "depth_usd_top20": 365276.7503486,
      "entry_phase": "normal",
      "flip_count": 0,
      "is_flip": false,
      "cvd_120s": 0.0,
      "taker_ratio_60s": 0.5,
      "volume_surge": false,
      "liquidation_pressure": 0.0,
      "gex_signal": 1.0,
      "gex_regime": "stabilizing",
      "cvd_acceleration": 0.0,
      "clob_velocity_up": 0.0,
      "clob_velocity_down": 0.0,
      "coinbase_btc": 74670.83,
      "regime_state": "neutral",
      "regime_kelly_mult": 1.0,
      "sprt_confidence": 0.0,
      "sprt_status": "SKIP",
      "signal_consensus": 0.8,
      "adverse_selection_30s": 0.5,
      "alpha_decay_rate": 0.0003364322607050212,
      "garch_vol_ratio": 2.0,
      "crowd_bias": {
        "flb": 0.0174,
        "recency_fade": 0.0,
        "round_number_dampening": 1.0,
        "composite_logit_adjustment": 0.0174
      },
      "oracle_divergence": 17.129880000007688,
      "edge_realization_ratio": 6.130073396011291
    }
  },
  "exit_reason": "resolution",
  "timestamp": "2026-04-16T13:15:26.775653+00:00"
}