{
  "position_id": 976,
  "market_id": "btc-updown-5m-1776345000",
  "question": "Bitcoin Up or Down - April 16, 9:10AM-9:15AM ET",
  "side": "Down",
  "signal_score": 0.38385249625751905,
  "correct": false,
  "entry_price": 0.21,
  "exit_price": 0.0,
  "log_return": -10.0,
  "size": 17.82,
  "pnl": -17.82,
  "fees": 0.2533999999999993,
  "gain_pct": -1.0,
  "weight_version": "weights_v001",
  "category": "crypto-5min",
  "indicator_snapshot": {
    "rsi": {
      "rsi": 100.0,
      "score": -1.0,
      "norm_score": -0.06305708335651522
    },
    "macd": {
      "macd": 45.2768,
      "signal": 37.335,
      "histogram": 7.9418,
      "score": 0.2401,
      "norm_score": -0.8464535823878784
    },
    "stochastic": {
      "k": 100.0,
      "d": 98.59,
      "score": -1.0,
      "norm_score": -0.7248294460444895
    },
    "ema": {
      "trend": "bullish",
      "fast_ema": 74755.54998186823,
      "slow_ema": 74716.2354958933
    },
    "obv": {
      "obv_slope": 0.0,
      "price_slope": 6.9167,
      "score": 0.001,
      "norm_score": 2.205392595535026
    },
    "vwap": {
      "vwap": 74495.06,
      "deviation": 3.2493,
      "score": -0.9748,
      "norm_score": -1.4121406271880248
    },
    "atr": {
      "atr": 24.87,
      "passes": true,
      "reason": "ok"
    },
    "weights": {
      "rsi": 0.2,
      "macd": 0.25,
      "stochastic": 0.2,
      "obv": 0.15,
      "vwap": 0.2,
      "entry_threshold": 0.6
    },
    "trade_context": {
      "btc_price": 74792.0,
      "strike_price": 74758.59999,
      "seconds_remaining": 158.507194,
      "market_price_up": 0.77,
      "market_price_down": 0.21,
      "model_probability_raw": 0.38385249625751905,
      "model_probability": 0.38385249625751905,
      "edge": 0.17385249625751906,
      "momentum_score": -0.3208099375845217,
      "atr": 24.87,
      "size": 17.82,
      "flow_score": 0.3093,
      "flow_book_imbalance": 0.3367,
      "flow_trade_count": 200,
      "spot_flow_signal": 0.9873418084496506,
      "wall_pressure": 0.0,
      "iv_ratio": 1.7596340101160537,
      "prev_resolution_margin": 3.027025257135392,
      "bybit_perp_price": 74735.8,
      "funding_rate": -0.00011382,
      "depth_usd_top20": 331093.1243607999,
      "entry_phase": "late",
      "flip_count": 1,
      "is_flip": true,
      "cvd_120s": 0.00379,
      "taker_ratio_60s": 1.0,
      "volume_surge": false,
      "liquidation_pressure": 0.012092208504625302,
      "gex_signal": 1.0,
      "gex_regime": "stabilizing",
      "cvd_acceleration": 5.022222222222222e-05,
      "clob_velocity_up": 0.0,
      "clob_velocity_down": 0.0,
      "coinbase_btc": 74792.01,
      "regime_state": "volatile",
      "regime_kelly_mult": 0.7,
      "sprt_confidence": 0.0,
      "sprt_status": "SKIP",
      "signal_consensus": 0.6,
      "adverse_selection_30s": 0.5,
      "alpha_decay_rate": 0.00011886159908213942,
      "garch_vol_ratio": 2.0,
      "crowd_bias": {
        "flb": 0.0162,
        "recency_fade": 0.0,
        "round_number_dampening": 1.0,
        "composite_logit_adjustment": 0.0162
      },
      "oracle_divergence": 17.37969383917516,
      "edge_realization_ratio": 5.948542579512109
    }
  },
  "exit_reason": "resolution",
  "timestamp": "2026-04-16T13:20:28.815210+00:00"
}