{
  "position_id": 982,
  "market_id": "btc-updown-5m-1776348600",
  "question": "Bitcoin Up or Down - April 16, 10:10AM-10:15AM ET",
  "side": "Up",
  "signal_score": 0.3731347214537556,
  "correct": true,
  "entry_price": 0.3,
  "exit_price": 0.4899,
  "log_return": 0.49041881398832804,
  "size": 17.79,
  "pnl": 10.631646517999997,
  "fees": 0.487534,
  "gain_pct": 0.597619,
  "weight_version": "weights_v001",
  "category": "crypto-5min",
  "indicator_snapshot": {
    "rsi": {
      "rsi": 75.24,
      "score": -0.4223,
      "norm_score": 1.110527399909573
    },
    "macd": {
      "macd": 27.4869,
      "signal": 10.0375,
      "histogram": 17.4494,
      "score": 0.3286,
      "norm_score": -1.116347824056044
    },
    "stochastic": {
      "k": 79.26,
      "d": 86.6,
      "score": -0.2926,
      "norm_score": 1.5230109507363934
    },
    "ema": {
      "trend": "bullish",
      "fast_ema": 73885.26699885972,
      "slow_ema": 73842.38038239747
    },
    "obv": {
      "obv_slope": 0.01,
      "price_slope": -12.4633,
      "score": 0.0058,
      "norm_score": 0.1772734485009758
    },
    "vwap": {
      "vwap": 74388.22,
      "deviation": -1.6708,
      "score": 0.5012,
      "norm_score": 0.304485603567062
    },
    "atr": {
      "atr": 116.46,
      "passes": true,
      "reason": "ok"
    },
    "weights": {
      "rsi": 0.2,
      "macd": 0.25,
      "stochastic": 0.2,
      "obv": 0.15,
      "vwap": 0.2,
      "entry_threshold": 0.6
    },
    "trade_context": {
      "btc_price": 73877.49,
      "strike_price": 73927.8485554342,
      "seconds_remaining": 200.755978,
      "market_price_up": 0.3,
      "market_price_down": 0.69,
      "model_probability_raw": 0.3731347214537556,
      "model_probability": 0.3731347214537556,
      "edge": 0.0731347214537556,
      "momentum_score": 0.3351088521037411,
      "atr": 116.46,
      "size": 17.79,
      "flow_score": -0.0791,
      "flow_book_imbalance": -0.2873,
      "flow_trade_count": 200,
      "spot_flow_signal": -0.7114090245187235,
      "wall_pressure": 0.0,
      "iv_ratio": 0.5,
      "prev_resolution_margin": -90.81959356284642,
      "bybit_perp_price": 73817.6,
      "funding_rate": -0.00010849,
      "depth_usd_top20": 426766.81296410004,
      "entry_phase": "normal",
      "flip_count": 0,
      "is_flip": false,
      "cvd_120s": -0.02879,
      "taker_ratio_60s": 0.047068771138669675,
      "volume_surge": false,
      "liquidation_pressure": 0.0,
      "gex_signal": 1.0,
      "gex_regime": "stabilizing",
      "cvd_acceleration": 0.0007426666666666668,
      "clob_velocity_up": -0.07062586244783203,
      "clob_velocity_down": 0.07062586244783223,
      "coinbase_btc": 73876.12,
      "regime_state": "trending_down",
      "regime_kelly_mult": 1.2,
      "sprt_confidence": 0.0,
      "sprt_status": "SKIP",
      "signal_consensus": 0.6,
      "adverse_selection_30s": 0.5,
      "alpha_decay_rate": 0.0011437648242635886,
      "garch_vol_ratio": 2.0,
      "crowd_bias": {
        "flb": -0.012,
        "recency_fade": 0.6,
        "round_number_dampening": 0.96,
        "composite_logit_adjustment": 0.0
      },
      "oracle_divergence": 11.643134494399419,
      "edge_realization_ratio": 1.0
    }
  },
  "exit_reason": "scalp",
  "timestamp": "2026-04-16T14:13:15.815319+00:00"
}