{
  "schema": 2,
  "saved_at": 1783566276.1646707,
  "fills": [
    {
      "timestamp": 1783564756.9638803,
      "side": "Up",
      "fill_price": 0.89,
      "token_id": "66325386192871823172372665859575475608967641015548806035096897796269411287631",
      "midprice_at_fill": 0.885,
      "midprice_5s": 0.905,
      "midprice_10s": 0.855,
      "midprice_15s": 0.905,
      "midprice_30s": 0.855,
      "midprice_60s": null,
      "resolved": false,
      "position_id": 8970
    },
    {
      "timestamp": 1783566276.163841,
      "side": "Down",
      "fill_price": 0.5452355388280207,
      "token_id": "107174847685052397856025226772121465946232041738857404414501507191150637302601",
      "midprice_at_fill": 0.525,
      "midprice_5s": null,
      "midprice_10s": null,
      "midprice_15s": null,
      "midprice_30s": null,
      "midprice_60s": null,
      "resolved": false,
      "position_id": 8971
    }
  ]
}