{"margin": 20.887572094281495, "saved_at": 1782614183.0369017}