{"margin": -5.509388335463882, "saved_at": 1783122687.3028238}