{
  "position_id": 108,
  "market_id": "btc-updown-5m-1784764800",
  "side": "Up",
  "timestamp": "2026-07-23T00:08:32.063994+00:00",
  "actual": {
    "exit_reason": "hold",
    "exit_price": 1.0,
    "pnl": 0.3733,
    "gain_pct": 0.111101
  },
  "counterfactual": {
    "exit_reason": "hypothetical_scalp",
    "exit_price": 0.99,
    "pnl": 0.33338,
    "gain_pct": 0.09922
  },
  "delta_pnl": 0.03992,
  "hold_was_optimal": true,
  "context_at_worst_moment": {
    "holding_edge": 0.008577697034293008,
    "model_prob": 0.998577697034293,
    "market_price": 0.99,
    "seconds_remaining": 4.281286,
    "exit_threshold_used": -0.1,
    "strike_price": 66084.83689438853,
    "btc_at_worst": 66108.1,
    "flow_score": 0.6492,
    "spot_flow_signal": 0.17533368053872395,
    "regime": "unknown",
    "btc_distance_atr": 0.799,
    "worst_at": 1784765095.721144,
    "coinbase_cvd_60s": 1.6057,
    "coinbase_taker_60s": 0.8568,
    "coinbase_taker_n": 392,
    "cross_venue_gap": -30.11,
    "fast_realized_vol_60s": 3.1e-05,
    "n_ticks_1s": 6,
    "n_ticks_30s": 218
  }
}