{
  "position_id": 10923,
  "market_id": "btc-updown-5m-1779808500",
  "side": "Down",
  "timestamp": "2026-05-26T15:24:29.483531+00:00",
  "actual": {
    "exit_reason": "hold",
    "exit_price": 1.0,
    "pnl": 1.586887,
    "gain_pct": 0.293325
  },
  "counterfactual": {
    "exit_reason": "hypothetical_scalp",
    "exit_price": 0.82,
    "pnl": 0.308858,
    "gain_pct": 0.05709
  },
  "delta_pnl": 1.278029,
  "hold_was_optimal": true,
  "context_at_worst_moment": {
    "holding_edge": -0.07648023453848773,
    "model_prob": 0.7435197654615122,
    "market_price": 0.82,
    "seconds_remaining": 89.989074,
    "exit_threshold_used": -0.07,
    "strike_price": 76871.28705675823,
    "btc_at_worst": 76832.5,
    "flow_score": -0.0213,
    "spot_flow_signal": 0.8749077758283782,
    "regime": "neutral",
    "btc_distance_atr": -0.703,
    "worst_at": 1779808710.0118425
  }
}