{
  "position_id": 10941,
  "market_id": "btc-updown-5m-1779810600",
  "side": "Down",
  "timestamp": "2026-05-26T15:57:57.871332+00:00",
  "actual": {
    "exit_reason": "hold",
    "exit_price": 1.0,
    "pnl": 1.348362,
    "gain_pct": 0.528769
  },
  "counterfactual": {
    "exit_reason": "hypothetical_scalp",
    "exit_price": 0.91,
    "pnl": 0.991762,
    "gain_pct": 0.388926
  },
  "delta_pnl": 0.3566,
  "hold_was_optimal": true,
  "context_at_worst_moment": {
    "holding_edge": -0.07073065482543639,
    "model_prob": 0.8392693451745636,
    "market_price": 0.91,
    "seconds_remaining": 148.252731,
    "exit_threshold_used": -0.07,
    "strike_price": 76342.01025017576,
    "btc_at_worst": 76258.51,
    "flow_score": 0.2622,
    "spot_flow_signal": 0.3758758203344832,
    "regime": "neutral",
    "btc_distance_atr": -1.157,
    "worst_at": 1779810751.7478564
  }
}