{
  "position_id": 11215,
  "market_id": "btc-updown-5m-1779894300",
  "side": "Down",
  "timestamp": "2026-05-27T15:16:27.422820+00:00",
  "actual": {
    "exit_reason": "scalp",
    "exit_price": 0.74,
    "pnl": 0.590708,
    "gain_pct": 0.191168
  },
  "counterfactual": {
    "resolution_price": 0.0,
    "pnl": -3.09,
    "gain_pct": -1.0
  },
  "delta_pnl": -3.680708,
  "scalp_was_optimal": true,
  "context_at_scalp": {
    "holding_edge": -0.0744967339247552,
    "model_prob": 0.6655032660752448,
    "market_price": 0.74,
    "seconds_remaining": 261.274993,
    "exit_threshold_used": -0.07,
    "strike_price": 74920.6638866402,
    "btc_at_scalp": 74870.46,
    "btc_at_expiry": 74978.07566594578,
    "chainlink_price_to_beat": 74921.99421015955,
    "chainlink_final_price": 74978.07566594578,
    "flow_score": -0.0404,
    "spot_flow_signal": 0.7104571017616267,
    "regime": "neutral",
    "btc_distance_atr": -0.911
  }
}