{
  "position_id": 11229,
  "market_id": "btc-updown-5m-1779895500",
  "side": "Down",
  "timestamp": "2026-05-27T15:38:32.945327+00:00",
  "actual": {
    "exit_reason": "scalp",
    "exit_price": 0.58,
    "pnl": 0.788118,
    "gain_pct": 0.23112
  },
  "counterfactual": {
    "resolution_price": 0.0,
    "pnl": -3.41,
    "gain_pct": -1.0
  },
  "delta_pnl": -4.198118,
  "scalp_was_optimal": true,
  "context_at_scalp": {
    "holding_edge": -0.5530881599554273,
    "model_prob": 0.0269118400445727,
    "market_price": 0.58,
    "seconds_remaining": 170.738906,
    "exit_threshold_used": -0.07,
    "strike_price": 75218.89476366348,
    "btc_at_scalp": 75347.99,
    "btc_at_expiry": 75224.30514972119,
    "chainlink_price_to_beat": 75221.9815005411,
    "chainlink_final_price": 75224.30514972119,
    "flow_score": 0.123,
    "spot_flow_signal": 0.3834022416249304,
    "regime": "neutral",
    "btc_distance_atr": 2.325
  }
}