{
  "position_id": 11230,
  "market_id": "btc-updown-5m-1779895500",
  "side": "Down",
  "timestamp": "2026-05-27T15:38:32.951251+00:00",
  "actual": {
    "exit_reason": "scalp",
    "exit_price": 0.85,
    "pnl": 1.259081,
    "gain_pct": 0.416914
  },
  "counterfactual": {
    "resolution_price": 0.0,
    "pnl": -3.02,
    "gain_pct": -1.0
  },
  "delta_pnl": -4.279081,
  "scalp_was_optimal": true,
  "context_at_scalp": {
    "holding_edge": -0.08704502000359404,
    "model_prob": 0.7629549799964059,
    "market_price": 0.85,
    "seconds_remaining": 109.531404,
    "exit_threshold_used": -0.07,
    "strike_price": 75218.89476366348,
    "btc_at_scalp": 75176.64,
    "btc_at_expiry": 75224.30514972119,
    "chainlink_price_to_beat": 75221.9815005411,
    "chainlink_final_price": 75224.30514972119,
    "flow_score": -0.0587,
    "spot_flow_signal": 0.46633664563133054,
    "regime": "mean_reverting",
    "btc_distance_atr": -0.786
  }
}