{
  "position_id": 11238,
  "market_id": "btc-updown-5m-1779896700",
  "side": "Up",
  "timestamp": "2026-05-27T15:57:09.631786+00:00",
  "actual": {
    "exit_reason": "scalp",
    "exit_price": 0.74,
    "pnl": 0.119004,
    "gain_pct": 0.054589
  },
  "counterfactual": {
    "resolution_price": 1.0,
    "pnl": 0.961791,
    "gain_pct": 0.441189
  },
  "delta_pnl": 0.842788,
  "scalp_was_optimal": false,
  "context_at_scalp": {
    "holding_edge": -0.0716620674980909,
    "model_prob": 0.6683379325019091,
    "market_price": 0.74,
    "seconds_remaining": 239.826505,
    "exit_threshold_used": -0.07,
    "strike_price": 75071.38960043648,
    "btc_at_scalp": 75119.99,
    "btc_at_expiry": 75202.94317507204,
    "chainlink_price_to_beat": 75074.24293380986,
    "chainlink_final_price": 75202.94317507204,
    "flow_score": -0.0642,
    "spot_flow_signal": -0.802001214209369,
    "regime": "volatile",
    "btc_distance_atr": 0.753
  }
}