{
  "position_id": 11243,
  "market_id": "btc-updown-5m-1779897000",
  "side": "Up",
  "timestamp": "2026-05-27T16:02:10.759935+00:00",
  "actual": {
    "exit_reason": "scalp",
    "exit_price": 0.74,
    "pnl": 0.194408,
    "gain_pct": 0.13595
  },
  "counterfactual": {
    "resolution_price": 0.0,
    "pnl": -1.43,
    "gain_pct": -1.0
  },
  "delta_pnl": -1.624408,
  "scalp_was_optimal": true,
  "context_at_scalp": {
    "holding_edge": -0.12537550562640642,
    "model_prob": 0.6146244943735936,
    "market_price": 0.74,
    "seconds_remaining": 264.42782,
    "exit_threshold_used": -0.07,
    "strike_price": 75210.8250945206,
    "btc_at_scalp": 75245.34,
    "btc_at_expiry": 75143.66724554297,
    "chainlink_price_to_beat": 75202.94317507204,
    "chainlink_final_price": 75143.66724554297,
    "flow_score": -0.08,
    "spot_flow_signal": -0.6473153859156604,
    "regime": "neutral",
    "btc_distance_atr": 0.601
  }
}