{
  "position_id": 11247,
  "market_id": "btc-updown-5m-1779897300",
  "side": "Up",
  "timestamp": "2026-05-27T16:07:12.470136+00:00",
  "actual": {
    "exit_reason": "scalp",
    "exit_price": 0.7,
    "pnl": -0.191544,
    "gain_pct": -0.069652
  },
  "counterfactual": {
    "resolution_price": 1.0,
    "pnl": 0.948824,
    "gain_pct": 0.345027
  },
  "delta_pnl": 1.140368,
  "scalp_was_optimal": false,
  "context_at_scalp": {
    "holding_edge": -0.07731939000271026,
    "model_prob": 0.6026806099972898,
    "market_price": 0.68,
    "seconds_remaining": 157.279699,
    "exit_threshold_used": -0.07,
    "strike_price": 75134.4192134896,
    "btc_at_scalp": 75154.33,
    "btc_at_expiry": 75196.09794088872,
    "chainlink_price_to_beat": 75143.66724554297,
    "chainlink_final_price": 75196.09794088872,
    "flow_score": -0.1638,
    "spot_flow_signal": -0.633174166034246,
    "regime": "neutral",
    "btc_distance_atr": 0.415
  }
}