{
  "position_id": 11254,
  "market_id": "btc-updown-5m-1779899700",
  "side": "Down",
  "timestamp": "2026-05-27T16:47:17.071914+00:00",
  "actual": {
    "exit_reason": "scalp",
    "exit_price": 0.7,
    "pnl": -0.073791,
    "gain_pct": -0.017201
  },
  "counterfactual": {
    "resolution_price": 0.0,
    "pnl": -4.29,
    "gain_pct": -1.0
  },
  "delta_pnl": -4.216209,
  "scalp_was_optimal": true,
  "context_at_scalp": {
    "holding_edge": -0.08797478422375404,
    "model_prob": 0.6120252157762459,
    "market_price": 0.7,
    "seconds_remaining": 177.787845,
    "exit_threshold_used": -0.07,
    "strike_price": 74936.02641961341,
    "btc_at_scalp": 74907.73,
    "btc_at_expiry": 74937.86259347643,
    "chainlink_price_to_beat": 74935.1294952903,
    "chainlink_final_price": 74937.86259347643,
    "flow_score": -0.058,
    "spot_flow_signal": 0.8470977812703108,
    "regime": "neutral",
    "btc_distance_atr": -0.591
  }
}