{
  "position_id": 11262,
  "market_id": "btc-updown-5m-1779901800",
  "side": "Up",
  "timestamp": "2026-05-27T17:22:25.590278+00:00",
  "actual": {
    "exit_reason": "scalp",
    "exit_price": 0.56,
    "pnl": -0.103878,
    "gain_pct": -0.05555
  },
  "counterfactual": {
    "resolution_price": 0.0,
    "pnl": -1.87,
    "gain_pct": -1.0
  },
  "delta_pnl": -1.766122,
  "scalp_was_optimal": true,
  "context_at_scalp": {
    "holding_edge": -0.09768080173228655,
    "model_prob": 0.5023191982677134,
    "market_price": 0.6,
    "seconds_remaining": 199.672834,
    "exit_threshold_used": -0.07,
    "strike_price": 74992.37501055014,
    "btc_at_scalp": 74998.09,
    "btc_at_expiry": 74842.47825648368,
    "chainlink_price_to_beat": 74989.1562162507,
    "chainlink_final_price": 74842.47825648368,
    "flow_score": -0.5484,
    "spot_flow_signal": -0.7476797424763798,
    "regime": "neutral",
    "btc_distance_atr": 0.125
  }
}