{
  "position_id": 11266,
  "market_id": "btc-updown-5m-1779902100",
  "side": "Down",
  "timestamp": "2026-05-27T17:27:57.350566+00:00",
  "actual": {
    "exit_reason": "scalp",
    "exit_price": 0.47,
    "pnl": -0.377591,
    "gain_pct": -0.180666
  },
  "counterfactual": {
    "resolution_price": 1.0,
    "pnl": 1.612584,
    "gain_pct": 0.771571
  },
  "delta_pnl": 1.990175,
  "scalp_was_optimal": false,
  "context_at_scalp": {
    "holding_edge": -0.09933753728128436,
    "model_prob": 0.39066246271871563,
    "market_price": 0.49,
    "seconds_remaining": 255.157862,
    "exit_threshold_used": -0.07,
    "strike_price": 74838.36051205333,
    "btc_at_scalp": 74837.69,
    "btc_at_expiry": 74836.24642231081,
    "chainlink_price_to_beat": 74842.47825648368,
    "chainlink_final_price": 74836.24642231081,
    "flow_score": 0.4477,
    "spot_flow_signal": 0.27709035445571184,
    "regime": "neutral",
    "btc_distance_atr": -0.011
  }
}