{
  "position_id": 11269,
  "market_id": "btc-updown-5m-1779902100",
  "side": "Down",
  "timestamp": "2026-05-27T17:27:57.368297+00:00",
  "actual": {
    "exit_reason": "scalp",
    "exit_price": 0.55,
    "pnl": -0.021524,
    "gain_pct": -0.004609
  },
  "counterfactual": {
    "resolution_price": 1.0,
    "pnl": 3.906541,
    "gain_pct": 0.836518
  },
  "delta_pnl": 3.928064,
  "scalp_was_optimal": false,
  "context_at_scalp": {
    "holding_edge": -0.059730383586344526,
    "model_prob": 0.4802696164136555,
    "market_price": 0.54,
    "seconds_remaining": 86.057402,
    "exit_threshold_used": -0.07,
    "strike_price": 74838.36051205333,
    "btc_at_scalp": 74830.39,
    "btc_at_expiry": 74836.24642231081,
    "chainlink_price_to_beat": 74842.47825648368,
    "chainlink_final_price": 74836.24642231081,
    "flow_score": 0.0051,
    "spot_flow_signal": 0.8606466017692286,
    "regime": "neutral",
    "btc_distance_atr": -0.168
  }
}