{
  "position_id": 11268,
  "market_id": "btc-updown-5m-1779902100",
  "side": "Down",
  "timestamp": "2026-05-27T17:27:57.362925+00:00",
  "actual": {
    "exit_reason": "scalp",
    "exit_price": 0.57,
    "pnl": -0.365103,
    "gain_pct": -0.140966
  },
  "counterfactual": {
    "resolution_price": 1.0,
    "pnl": 1.369512,
    "gain_pct": 0.528769
  },
  "delta_pnl": 1.734615,
  "scalp_was_optimal": false,
  "context_at_scalp": {
    "holding_edge": -0.0843575193915147,
    "model_prob": 0.48564248060848525,
    "market_price": 0.57,
    "seconds_remaining": 171.392652,
    "exit_threshold_used": -0.07,
    "strike_price": 74838.36051205333,
    "btc_at_scalp": 74822.39,
    "btc_at_expiry": 74836.24642231081,
    "chainlink_price_to_beat": 74842.47825648368,
    "chainlink_final_price": 74836.24642231081,
    "flow_score": -0.1531,
    "spot_flow_signal": 0.624717946846809,
    "regime": "volatile",
    "btc_distance_atr": -0.322
  }
}