{
  "position_id": 11273,
  "market_id": "btc-updown-5m-1779903000",
  "side": "Down",
  "timestamp": "2026-05-27T17:43:01.459683+00:00",
  "actual": {
    "exit_reason": "scalp",
    "exit_price": 0.67,
    "pnl": 0.968893,
    "gain_pct": 0.36562
  },
  "counterfactual": {
    "resolution_price": 1.0,
    "pnl": 2.819158,
    "gain_pct": 1.063833
  },
  "delta_pnl": 1.850265,
  "scalp_was_optimal": false,
  "context_at_scalp": {
    "holding_edge": -0.08403627758228616,
    "model_prob": 0.5859637224177139,
    "market_price": 0.67,
    "seconds_remaining": 232.562614,
    "exit_threshold_used": -0.07,
    "strike_price": 74867.45046578498,
    "btc_at_scalp": 74851.99,
    "btc_at_expiry": 74859.57345458948,
    "chainlink_price_to_beat": 74867.45020217421,
    "chainlink_final_price": 74859.57345458948,
    "flow_score": -0.0925,
    "spot_flow_signal": 0.1440674629145965,
    "regime": "neutral",
    "btc_distance_atr": -0.361
  }
}