{
  "position_id": 1128,
  "market_id": "btc-updown-5m-1776396600",
  "side": "Down",
  "weight_version": "weights_v001",
  "timestamp": "2026-04-17T03:39:50.344412+00:00",
  "actual": {
    "exit_reason": "hold",
    "exit_price": 0.0,
    "pnl": -1.35,
    "gain_pct": -1.0
  },
  "counterfactual": {
    "exit_reason": "hypothetical_scalp",
    "exit_price": 0.18,
    "pnl": -0.474935,
    "gain_pct": -0.351804
  },
  "delta_pnl": -0.875065,
  "hold_was_optimal": false,
  "context_at_worst_moment": {
    "holding_edge": 0.09369571270954463,
    "model_prob": 0.2736957127095446,
    "market_price": 0.18,
    "seconds_remaining": 179.112121,
    "exit_threshold_used": -0.05,
    "strike_price": 74738.71518742028,
    "btc_at_worst": 74781.55,
    "worst_at": 1776396721.1159613
  }
}