{
  "position_id": 11300,
  "market_id": "btc-updown-5m-1779909000",
  "side": "Down",
  "timestamp": "2026-05-27T19:24:00.654207+00:00",
  "actual": {
    "exit_reason": "scalp",
    "exit_price": 0.77,
    "pnl": 0.620865,
    "gain_pct": 0.42525
  },
  "counterfactual": {
    "resolution_price": 0.0,
    "pnl": -1.46,
    "gain_pct": -1.0
  },
  "delta_pnl": -2.080865,
  "scalp_was_optimal": true,
  "context_at_scalp": {
    "holding_edge": -0.7420137900379085,
    "model_prob": 0.01798620996209155,
    "market_price": 0.76,
    "seconds_remaining": 250.610967,
    "exit_threshold_used": -0.07,
    "strike_price": 74872.46179504917,
    "btc_at_scalp": 74974.13,
    "btc_at_expiry": 74904.30475938001,
    "chainlink_price_to_beat": 74872.60889959661,
    "chainlink_final_price": 74904.30475938001,
    "flow_score": -0.0251,
    "spot_flow_signal": -0.4007260758959435,
    "regime": "neutral",
    "btc_distance_atr": 3.799
  }
}