{
  "position_id": 11302,
  "market_id": "btc-updown-5m-1779909000",
  "side": "Up",
  "timestamp": "2026-05-27T19:24:00.961371+00:00",
  "actual": {
    "exit_reason": "scalp",
    "exit_price": 0.87,
    "pnl": 0.082305,
    "gain_pct": 0.011758
  },
  "counterfactual": {
    "resolution_price": 1.0,
    "pnl": 1.213059,
    "gain_pct": 0.173294
  },
  "delta_pnl": 1.130753,
  "scalp_was_optimal": false,
  "context_at_scalp": {
    "holding_edge": -0.3937803775777705,
    "model_prob": 0.4662196224222295,
    "market_price": 0.86,
    "seconds_remaining": 42.53751,
    "exit_threshold_used": -0.07,
    "strike_price": 74872.46179504917,
    "btc_at_scalp": 74872.91,
    "btc_at_expiry": 74904.30475938001,
    "chainlink_price_to_beat": 74872.60889959661,
    "chainlink_final_price": 74904.30475938001,
    "flow_score": 0.395,
    "spot_flow_signal": -0.879519110887151,
    "regime": "neutral",
    "btc_distance_atr": 0.016
  }
}