{
  "position_id": 11304,
  "market_id": "btc-updown-5m-1779909300",
  "side": "Up",
  "timestamp": "2026-05-27T19:24:07.587642+00:00",
  "actual": {
    "exit_reason": "hold",
    "exit_price": 1.0,
    "pnl": 0.741575,
    "gain_pct": 0.121371
  },
  "counterfactual": {
    "exit_reason": "hypothetical_scalp",
    "exit_price": 0.32,
    "pnl": -0.953272,
    "gain_pct": -0.28887
  },
  "delta_pnl": 1.694847,
  "hold_was_optimal": true,
  "context_at_worst_moment": {
    "holding_edge": -0.05663696259716777,
    "model_prob": 0.26336303740283223,
    "market_price": 0.32,
    "seconds_remaining": 213.853474,
    "exit_threshold_used": -0.07,
    "strike_price": 74904.48607605965,
    "btc_at_worst": 74887.97,
    "flow_score": 0.2526,
    "spot_flow_signal": -0.8089655302555412,
    "regime": "neutral",
    "btc_distance_atr": -0.62,
    "worst_at": 1779909386.1475785
  }
}