{
  "position_id": 11308,
  "market_id": "btc-updown-5m-1779909600",
  "side": "Up",
  "timestamp": "2026-05-27T19:34:36.887785+00:00",
  "actual": {
    "exit_reason": "scalp",
    "exit_price": 0.55,
    "pnl": -0.080416,
    "gain_pct": -0.03981
  },
  "counterfactual": {
    "resolution_price": 1.0,
    "pnl": 1.558575,
    "gain_pct": 0.771572
  },
  "delta_pnl": 1.638991,
  "scalp_was_optimal": false,
  "context_at_scalp": {
    "holding_edge": -0.06331664863268721,
    "model_prob": 0.48668335136731283,
    "market_price": 0.55,
    "seconds_remaining": 252.521777,
    "exit_threshold_used": -0.07,
    "strike_price": 74857.34404092541,
    "btc_at_scalp": 74851.27,
    "btc_at_expiry": 74933.2748736607,
    "chainlink_price_to_beat": 74857.207289609,
    "chainlink_final_price": 74933.2748736607,
    "flow_score": 0.0135,
    "spot_flow_signal": 0.4196331130567046,
    "regime": "neutral",
    "btc_distance_atr": -0.263
  }
}