{
  "position_id": 11318,
  "market_id": "btc-updown-5m-1779911100",
  "side": "Up",
  "timestamp": "2026-05-27T19:59:43.493414+00:00",
  "actual": {
    "exit_reason": "scalp",
    "exit_price": 0.55,
    "pnl": -0.085649,
    "gain_pct": -0.072584
  },
  "counterfactual": {
    "resolution_price": 0.0,
    "pnl": -1.18,
    "gain_pct": -1.0
  },
  "delta_pnl": -1.094351,
  "scalp_was_optimal": true,
  "context_at_scalp": {
    "holding_edge": -0.09074336107269176,
    "model_prob": 0.4792566389273082,
    "market_price": 0.57,
    "seconds_remaining": 270.471926,
    "exit_threshold_used": -0.07,
    "strike_price": 74857.91312893695,
    "btc_at_scalp": 74861.34,
    "btc_at_expiry": 74832.76432666896,
    "chainlink_price_to_beat": 74869.0344242863,
    "chainlink_final_price": 74832.76432666896,
    "flow_score": 0.1776,
    "spot_flow_signal": -0.7776626476605619,
    "regime": "neutral",
    "btc_distance_atr": 0.108
  }
}