{
  "position_id": 114,
  "market_id": "btc-updown-5m-1776140400",
  "side": "Down",
  "weight_version": "weights_v001",
  "timestamp": "2026-04-14T04:28:47.198283+00:00",
  "actual": {
    "exit_reason": "hold",
    "exit_price": 1.0,
    "pnl": 1.144629,
    "gain_pct": 0.215561
  },
  "counterfactual": {
    "exit_reason": "hypothetical_scalp",
    "exit_price": 1.0,
    "pnl": 1.144629,
    "gain_pct": 0.215561
  },
  "delta_pnl": 0.0,
  "hold_was_optimal": true,
  "context_at_worst_moment": {
    "holding_edge": -0.0008746386874640688,
    "model_prob": 0.9991253613125359,
    "market_price": 1.0,
    "seconds_remaining": 0.146147,
    "exit_threshold_used": -0.05,
    "strike_price": 74503.79945522157,
    "btc_at_worst": 74481.99,
    "worst_at": 1776140700.017173
  }
}