{
  "position_id": 1153,
  "market_id": "btc-updown-5m-1776403200",
  "side": "Down",
  "weight_version": "weights_v001",
  "timestamp": "2026-04-17T05:29:00.488119+00:00",
  "actual": {
    "exit_reason": "hold",
    "exit_price": 0.0,
    "pnl": -2.69,
    "gain_pct": -1.0
  },
  "counterfactual": {
    "exit_reason": "hypothetical_scalp",
    "exit_price": 0.24,
    "pnl": 0.040186,
    "gain_pct": 0.014939
  },
  "delta_pnl": -2.730186,
  "hold_was_optimal": false,
  "context_at_worst_moment": {
    "holding_edge": -0.014363878283393472,
    "model_prob": 0.22563612171660652,
    "market_price": 0.24,
    "seconds_remaining": 72.250526,
    "exit_threshold_used": -0.05,
    "strike_price": 74684.35430417415,
    "btc_at_worst": 74740.6,
    "worst_at": 1776403427.9793482
  }
}