{
  "position_id": 1186,
  "market_id": "btc-updown-5m-1776411900",
  "side": "Down",
  "weight_version": "weights_v001",
  "timestamp": "2026-04-17T07:54:35.589011+00:00",
  "actual": {
    "exit_reason": "hold",
    "exit_price": 1.0,
    "pnl": 2.359901,
    "gain_pct": 0.310105
  },
  "counterfactual": {
    "exit_reason": "hypothetical_scalp",
    "exit_price": 1.0,
    "pnl": 2.359901,
    "gain_pct": 0.310105
  },
  "delta_pnl": 0.0,
  "hold_was_optimal": true,
  "context_at_worst_moment": {
    "holding_edge": -0.08928288065815237,
    "model_prob": 0.9107171193418476,
    "market_price": 1.0,
    "seconds_remaining": 1.268387,
    "exit_threshold_used": -0.05,
    "strike_price": 75019.45272069395,
    "btc_at_worst": 75002.63,
    "worst_at": 1776412198.9620647
  }
}