{
  "position_id": 1212,
  "market_id": "btc-updown-5m-1776418800",
  "side": "Down",
  "weight_version": "weights_v001",
  "timestamp": "2026-04-17T09:48:14.538022+00:00",
  "actual": {
    "exit_reason": "hold",
    "exit_price": 0.0,
    "pnl": -2.43,
    "gain_pct": -1.0
  },
  "counterfactual": {
    "exit_reason": "hypothetical_scalp",
    "exit_price": 0.01,
    "pnl": -1.648325,
    "gain_pct": -0.678323
  },
  "delta_pnl": -0.781675,
  "hold_was_optimal": false,
  "context_at_worst_moment": {
    "holding_edge": 0.13125126786009456,
    "model_prob": 0.14125126786009456,
    "market_price": 0.01,
    "seconds_remaining": 9.693098,
    "exit_threshold_used": -0.05,
    "strike_price": 75632.03379388573,
    "btc_at_worst": 75764.47,
    "worst_at": 1776419090.5353293
  }
}