{
  "position_id": 1218,
  "market_id": "btc-updown-5m-1780373400",
  "side": "Down",
  "timestamp": "2026-06-02T04:20:24.684638+00:00",
  "actual": {
    "exit_reason": "hold",
    "exit_price": 1.0,
    "pnl": 11.765996,
    "gain_pct": 1.063833
  },
  "counterfactual": {
    "exit_reason": "hypothetical_scalp",
    "exit_price": 0.99,
    "pnl": 11.533668,
    "gain_pct": 1.042827
  },
  "delta_pnl": 0.232328,
  "hold_was_optimal": true,
  "context_at_worst_moment": {
    "holding_edge": -0.00798620996209154,
    "model_prob": 0.9820137900379085,
    "market_price": 0.99,
    "seconds_remaining": 4.744617,
    "exit_threshold_used": -0.1,
    "strike_price": 70715.492615,
    "btc_at_worst": 70661.02,
    "flow_score": -0.4568,
    "spot_flow_signal": -0.06315532195220747,
    "regime": "neutral",
    "btc_distance_atr": -1.298,
    "worst_at": 1780373695.2565582,
    "coinbase_cvd_60s": -0.9061,
    "coinbase_taker_60s": 0.4025,
    "coinbase_taker_n": 380
  }
}