{
  "position_id": 1227,
  "market_id": "btc-updown-5m-1780377300",
  "side": "Down",
  "timestamp": "2026-06-02T05:22:58.654000+00:00",
  "actual": {
    "exit_reason": "hold",
    "exit_price": 1.0,
    "pnl": 7.53194,
    "gain_pct": 0.982
  },
  "counterfactual": {
    "exit_reason": "hypothetical_scalp",
    "exit_price": 0.91,
    "pnl": 6.141355,
    "gain_pct": 0.800698
  },
  "delta_pnl": 1.390585,
  "hold_was_optimal": true,
  "context_at_worst_moment": {
    "holding_edge": -0.06691916898116357,
    "model_prob": 0.8430808310188365,
    "market_price": 0.91,
    "seconds_remaining": 71.576898,
    "exit_threshold_used": -0.1,
    "strike_price": 70696.1938192996,
    "btc_at_worst": 70653.94,
    "flow_score": 0.3229,
    "spot_flow_signal": 0.13512539125466946,
    "regime": "trending_down",
    "btc_distance_atr": -1.102,
    "worst_at": 1780377528.4244955,
    "coinbase_cvd_60s": 0.9174,
    "coinbase_taker_60s": 0.7775,
    "coinbase_taker_n": 290
  }
}