{
  "position_id": 1230,
  "market_id": "btc-updown-5m-1780378800",
  "side": "Down",
  "timestamp": "2026-06-02T05:47:48.080955+00:00",
  "actual": {
    "exit_reason": "hold",
    "exit_price": 1.0,
    "pnl": 2.68086,
    "gain_pct": 0.982
  },
  "counterfactual": {
    "exit_reason": "hypothetical_scalp",
    "exit_price": 0.9,
    "pnl": 2.131008,
    "gain_pct": 0.780589
  },
  "delta_pnl": 0.549852,
  "hold_was_optimal": true,
  "context_at_worst_moment": {
    "holding_edge": -0.053853116918424426,
    "model_prob": 0.8461468830815756,
    "market_price": 0.9,
    "seconds_remaining": 144.437422,
    "exit_threshold_used": -0.1,
    "strike_price": 70496.94925,
    "btc_at_worst": 70422.0,
    "flow_score": 0.4973,
    "spot_flow_signal": -0.09293295448987027,
    "regime": "neutral",
    "btc_distance_atr": -1.223,
    "worst_at": 1780378955.5635233,
    "coinbase_cvd_60s": -1.6672,
    "coinbase_taker_60s": 0.3787,
    "coinbase_taker_n": 442
  }
}