{
  "position_id": 1258,
  "market_id": "btc-updown-5m-1776433200",
  "side": "Down",
  "weight_version": "weights_v001",
  "timestamp": "2026-04-17T13:50:19.376447+00:00",
  "actual": {
    "exit_reason": "hold",
    "exit_price": 0.0,
    "pnl": -2.97,
    "gain_pct": -1.0
  },
  "counterfactual": {
    "exit_reason": "hypothetical_scalp",
    "exit_price": 0.008,
    "pnl": -2.874098,
    "gain_pct": -0.96771
  },
  "delta_pnl": -0.095902,
  "hold_was_optimal": false,
  "context_at_worst_moment": {
    "holding_edge": 0.13608773597993418,
    "model_prob": 0.14408773597993418,
    "market_price": 0.008,
    "seconds_remaining": 39.259123,
    "exit_threshold_used": -0.05,
    "strike_price": 76575.63176502998,
    "btc_at_worst": 76914.0,
    "worst_at": 1776433460.9684494
  }
}