{
  "position_id": 1288,
  "market_id": "btc-updown-5m-1776444000",
  "side": "Up",
  "weight_version": "weights_v001",
  "timestamp": "2026-04-17T16:50:50.132038+00:00",
  "actual": {
    "exit_reason": "hold",
    "exit_price": 0.0,
    "pnl": -2.45,
    "gain_pct": -1.0
  },
  "counterfactual": {
    "exit_reason": "hypothetical_scalp",
    "exit_price": 0.08,
    "pnl": -1.500107,
    "gain_pct": -0.612289
  },
  "delta_pnl": -0.949893,
  "hold_was_optimal": false,
  "context_at_worst_moment": {
    "holding_edge": 0.039109242049553045,
    "model_prob": 0.11910924204955305,
    "market_price": 0.08,
    "seconds_remaining": 47.169459,
    "exit_threshold_used": -0.05,
    "strike_price": 78205.86285029812,
    "btc_at_worst": 78109.56,
    "worst_at": 1776444253.069285
  }
}