{
  "position_id": 1315,
  "market_id": "btc-updown-5m-1776455700",
  "side": "Up",
  "weight_version": "weights_v001",
  "timestamp": "2026-04-17T20:04:47.301081+00:00",
  "actual": {
    "exit_reason": "hold",
    "exit_price": 1.0,
    "pnl": 6.421264,
    "gain_pct": 0.711103
  },
  "counterfactual": {
    "exit_reason": "hypothetical_scalp",
    "exit_price": 1.0,
    "pnl": 6.421264,
    "gain_pct": 0.711103
  },
  "delta_pnl": 0.0,
  "hold_was_optimal": true,
  "context_at_worst_moment": {
    "holding_edge": -0.14358900167202082,
    "model_prob": 0.8564109983279792,
    "market_price": 1.0,
    "seconds_remaining": 0.60371,
    "exit_threshold_used": -0.05,
    "strike_price": 77382.56049725506,
    "btc_at_worst": 77510.06,
    "worst_at": 1776455999.529332
  }
}