{
  "position_id": 1318,
  "market_id": "btc-updown-5m-1776456600",
  "side": "Down",
  "weight_version": "weights_v001",
  "timestamp": "2026-04-17T20:17:26.092332+00:00",
  "actual": {
    "exit_reason": "hold",
    "exit_price": 1.0,
    "pnl": 4.14404,
    "gain_pct": 0.654667
  },
  "counterfactual": {
    "exit_reason": "hypothetical_scalp",
    "exit_price": 0.88,
    "pnl": 2.867246,
    "gain_pct": 0.452961
  },
  "delta_pnl": 1.276794,
  "hold_was_optimal": true,
  "context_at_worst_moment": {
    "holding_edge": -0.1667204451270502,
    "model_prob": 0.7132795548729498,
    "market_price": 0.88,
    "seconds_remaining": 199.982909,
    "exit_threshold_used": -0.05,
    "strike_price": 77615.82779911919,
    "btc_at_worst": 77532.41,
    "worst_at": 1776456700.1579633
  }
}