{
  "position_id": 1374,
  "market_id": "btc-updown-5m-1776519600",
  "side": "Down",
  "weight_version": "weights_v001",
  "timestamp": "2026-04-18T13:49:26.360686+00:00",
  "actual": {
    "exit_reason": "hold",
    "exit_price": 0.0,
    "pnl": -3.74,
    "gain_pct": -1.0
  },
  "counterfactual": {
    "exit_reason": "hypothetical_scalp",
    "exit_price": 0.16,
    "pnl": -2.764819,
    "gain_pct": -0.739256
  },
  "delta_pnl": -0.975181,
  "hold_was_optimal": false,
  "context_at_worst_moment": {
    "holding_edge": 0.03871929313902603,
    "model_prob": 0.19871929313902603,
    "market_price": 0.16,
    "seconds_remaining": 111.215785,
    "exit_threshold_used": -0.05,
    "strike_price": 75912.36482915378,
    "btc_at_worst": 75975.47,
    "worst_at": 1776519788.9429398
  }
}