{
  "position_id": 1396,
  "market_id": "btc-updown-5m-1776527700",
  "side": "Up",
  "weight_version": "weights_v001",
  "timestamp": "2026-04-18T16:04:28.473440+00:00",
  "actual": {
    "exit_reason": "hold",
    "exit_price": 1.0,
    "pnl": 2.289093,
    "gain_pct": 0.740807
  },
  "counterfactual": {
    "exit_reason": "hypothetical_scalp",
    "exit_price": 0.93,
    "pnl": 1.906253,
    "gain_pct": 0.61691
  },
  "delta_pnl": 0.38284,
  "hold_was_optimal": true,
  "context_at_worst_moment": {
    "holding_edge": -0.07648296949893485,
    "model_prob": 0.8535170305010652,
    "market_price": 0.93,
    "seconds_remaining": 225.930463,
    "exit_threshold_used": -0.05,
    "strike_price": 76059.49,
    "btc_at_worst": 76221.54,
    "worst_at": 1776527774.2097273
  }
}