{
  "position_id": 1410,
  "market_id": "btc-updown-5m-1776532800",
  "side": "Down",
  "weight_version": "weights_v001",
  "timestamp": "2026-04-18T17:30:15.666914+00:00",
  "actual": {
    "exit_reason": "hold",
    "exit_price": 1.0,
    "pnl": 5.058056,
    "gain_pct": 0.906462
  },
  "counterfactual": {
    "exit_reason": "hypothetical_scalp",
    "exit_price": 0.98,
    "pnl": 4.841542,
    "gain_pct": 0.86766
  },
  "delta_pnl": 0.216514,
  "hold_was_optimal": true,
  "context_at_worst_moment": {
    "holding_edge": -0.1421632876671557,
    "model_prob": 0.8378367123328443,
    "market_price": 0.98,
    "seconds_remaining": 14.787571,
    "exit_threshold_used": -0.05,
    "strike_price": 75903.98820914635,
    "btc_at_worst": 75889.95,
    "worst_at": 1776533085.350559
  }
}