{
  "position_id": 142,
  "market_id": "btc-updown-5m-1775915400",
  "side": "Down",
  "weight_version": "weights_v001",
  "timestamp": "2026-04-11T14:01:20.757689+00:00",
  "actual": {
    "exit_reason": "hold",
    "exit_price": 1.0,
    "pnl": 0.572366,
    "gain_pct": 0.420857
  },
  "counterfactual": {
    "exit_reason": "hypothetical_scalp",
    "exit_price": 0.99,
    "pnl": 0.552698,
    "gain_pct": 0.406395
  },
  "delta_pnl": 0.019668,
  "hold_was_optimal": true,
  "context_at_worst_moment": {
    "holding_edge": -0.015559592356575891,
    "model_prob": 0.9744404076434241,
    "market_price": 0.99,
    "seconds_remaining": 27.17242,
    "exit_threshold_used": -0.1,
    "strike_price": 72696.86,
    "btc_at_worst": 72686.57,
    "worst_at": 1775915672.9818711
  }
}