{
  "position_id": 14,
  "market_id": "btc-updown-5m-1783367400",
  "side": "Down",
  "timestamp": "2026-07-06T20:00:55.361146+00:00",
  "actual": {
    "exit_reason": "scalp",
    "exit_price": 0.5336,
    "pnl": -2.347815,
    "gain_pct": -0.325182
  },
  "counterfactual": {
    "resolution_price": 1.0,
    "pnl": 1.67865,
    "gain_pct": 0.2325
  },
  "delta_pnl": 4.026465,
  "scalp_was_optimal": false,
  "context_at_scalp": {
    "holding_edge": -0.07337896432415503,
    "model_prob": 0.5066210356758449,
    "market_price": 0.58,
    "seconds_remaining": 2.483046,
    "exit_threshold_used": -0.1,
    "effective_exit_threshold": -0.04725108603485753,
    "loss_cut": false,
    "entry_price": 0.8,
    "fee_rate": 0.07,
    "strike_price": 63794.35736084513,
    "btc_at_scalp": 63794.3,
    "btc_at_expiry": 63787.98514633291,
    "chainlink_price_to_beat": 63794.178602274886,
    "chainlink_final_price": 63787.98514633291,
    "flow_score": 0.5107,
    "spot_flow_signal": 0.10668913568833406,
    "regime": "unknown",
    "btc_distance_atr": -0.002,
    "coinbase_cvd_60s": 1.7088,
    "coinbase_taker_60s": 0.6405,
    "coinbase_taker_n": 361,
    "cross_venue_gap": -37.05,
    "fast_realized_vol_60s": 6e-05
  }
}