{
  "position_id": 1544,
  "market_id": "btc-updown-5m-1776567300",
  "side": "Down",
  "weight_version": "weights_v001",
  "timestamp": "2026-04-19T03:04:40.217076+00:00",
  "actual": {
    "exit_reason": "hold",
    "exit_price": 1.0,
    "pnl": 3.019831,
    "gain_pct": 0.836518
  },
  "counterfactual": {
    "exit_reason": "hypothetical_scalp",
    "exit_price": 0.92,
    "pnl": 2.480662,
    "gain_pct": 0.687164
  },
  "delta_pnl": 0.53917,
  "hold_was_optimal": true,
  "context_at_worst_moment": {
    "holding_edge": -0.0971976480027611,
    "model_prob": 0.822802351997239,
    "market_price": 0.92,
    "seconds_remaining": 60.822094,
    "exit_threshold_used": -0.05,
    "strike_price": 75593.04775,
    "btc_at_worst": 75574.37,
    "worst_at": 1776567539.308917
  }
}