{
  "position_id": 1621,
  "market_id": "btc-updown-5m-1780549500",
  "side": "Down",
  "timestamp": "2026-06-04T05:13:32.167437+00:00",
  "actual": {
    "exit_reason": "hold",
    "exit_price": 1.0,
    "pnl": 6.466289,
    "gain_pct": 0.836519
  },
  "counterfactual": {
    "exit_reason": "hypothetical_scalp",
    "exit_price": 0.94,
    "pnl": 5.600099,
    "gain_pct": 0.724463
  },
  "delta_pnl": 0.866189,
  "hold_was_optimal": true,
  "context_at_worst_moment": {
    "holding_edge": -0.11887834989343415,
    "model_prob": 0.8211216501065658,
    "market_price": 0.94,
    "seconds_remaining": 57.927696,
    "exit_threshold_used": -0.1,
    "strike_price": 63962.25567275347,
    "btc_at_worst": 63885.91,
    "flow_score": 0.2946,
    "spot_flow_signal": 0.49316820965361563,
    "regime": "neutral",
    "btc_distance_atr": -0.808,
    "worst_at": 1780549742.073156,
    "coinbase_cvd_60s": 14.8646,
    "coinbase_taker_60s": 0.8158,
    "coinbase_taker_n": 1024
  }
}