{
  "position_id": 1624,
  "market_id": "btc-updown-5m-1780550100",
  "side": "Down",
  "timestamp": "2026-06-04T05:29:24.845957+00:00",
  "actual": {
    "exit_reason": "scalp",
    "exit_price": 0.6610637633803441,
    "pnl": 2.48236,
    "gain_pct": 0.29377
  },
  "counterfactual": {
    "resolution_price": 1.0,
    "pnl": 8.2979,
    "gain_pct": 0.982
  },
  "delta_pnl": 5.81554,
  "scalp_was_optimal": false,
  "context_at_scalp": {
    "holding_edge": -0.0877791246651608,
    "model_prob": 0.6222208753348392,
    "market_price": 0.71,
    "seconds_remaining": 174.145642,
    "exit_threshold_used": -0.1,
    "strike_price": 63893.39862719881,
    "btc_at_scalp": 63862.5,
    "btc_at_expiry": 63768.351599304646,
    "chainlink_price_to_beat": 63893.63871254781,
    "chainlink_final_price": 63768.351599304646,
    "flow_score": 0.6108,
    "spot_flow_signal": -0.05069170176794255,
    "regime": "neutral",
    "btc_distance_atr": -0.369,
    "coinbase_cvd_60s": -0.7979,
    "coinbase_taker_60s": 0.4403,
    "coinbase_taker_n": 656
  }
}