{
  "position_id": 1625,
  "market_id": "btc-updown-5m-1780551000",
  "side": "Down",
  "timestamp": "2026-06-04T05:44:27.019809+00:00",
  "actual": {
    "exit_reason": "scalp",
    "exit_price": 0.28,
    "pnl": -5.295529,
    "gain_pct": -0.504817
  },
  "counterfactual": {
    "resolution_price": 0.0,
    "pnl": -10.49,
    "gain_pct": -1.0
  },
  "delta_pnl": -5.194471,
  "scalp_was_optimal": true,
  "context_at_scalp": {
    "holding_edge": -0.03900956951245138,
    "model_prob": 0.24099043048754865,
    "market_price": 0.28,
    "seconds_remaining": 188.479336,
    "exit_threshold_used": -0.1,
    "strike_price": 63783.45855439182,
    "btc_at_scalp": 63840.38,
    "btc_at_expiry": 64162.37888360549,
    "chainlink_price_to_beat": 63777.1444120594,
    "chainlink_final_price": 64162.37888360549,
    "flow_score": 0.1376,
    "spot_flow_signal": 0.19118139279126672,
    "regime": "neutral",
    "btc_distance_atr": 0.726,
    "coinbase_cvd_60s": 4.3001,
    "coinbase_taker_60s": 0.7328,
    "coinbase_taker_n": 545
  }
}