{
  "position_id": 1644,
  "market_id": "btc-updown-5m-1780555500",
  "side": "Down",
  "timestamp": "2026-06-04T06:53:00.171440+00:00",
  "actual": {
    "exit_reason": "hold",
    "exit_price": 1.0,
    "pnl": 6.335741,
    "gain_pct": 0.552375
  },
  "counterfactual": {
    "exit_reason": "hypothetical_scalp",
    "exit_price": 0.9,
    "pnl": 4.526321,
    "gain_pct": 0.394623
  },
  "delta_pnl": 1.809419,
  "hold_was_optimal": true,
  "context_at_worst_moment": {
    "holding_edge": -0.06745130210170547,
    "model_prob": 0.8325486978982946,
    "market_price": 0.9,
    "seconds_remaining": 177.954973,
    "exit_threshold_used": -0.1,
    "strike_price": 64274.14746701806,
    "btc_at_worst": 64190.0,
    "flow_score": 0.3278,
    "spot_flow_signal": 0.018999741263744166,
    "regime": "neutral",
    "btc_distance_atr": -1.192,
    "worst_at": 1780555622.097382,
    "coinbase_cvd_60s": 0.297,
    "coinbase_taker_60s": 0.5277,
    "coinbase_taker_n": 348
  }
}