{
  "position_id": 1647,
  "market_id": "btc-updown-5m-1780557300",
  "side": "Down",
  "timestamp": "2026-06-04T07:24:34.382390+00:00",
  "actual": {
    "exit_reason": "hold",
    "exit_price": 1.0,
    "pnl": 1.877141,
    "gain_pct": 0.401098
  },
  "counterfactual": {
    "exit_reason": "hypothetical_scalp",
    "exit_price": 0.81,
    "pnl": 0.613119,
    "gain_pct": 0.131008
  },
  "delta_pnl": 1.264021,
  "hold_was_optimal": true,
  "context_at_worst_moment": {
    "holding_edge": -0.009207029263751498,
    "model_prob": 0.8007929707362486,
    "market_price": 0.81,
    "seconds_remaining": 190.624211,
    "exit_threshold_used": -0.1,
    "strike_price": 63745.81951773476,
    "btc_at_worst": 63671.25,
    "flow_score": 0.4191,
    "spot_flow_signal": 0.029862289803966373,
    "regime": "neutral",
    "btc_distance_atr": -1.193,
    "worst_at": 1780557409.376347,
    "coinbase_cvd_60s": 0.5574,
    "coinbase_taker_60s": 0.5375,
    "coinbase_taker_n": 509
  }
}