{
  "position_id": 1649,
  "market_id": "btc-updown-5m-1780560000",
  "side": "Down",
  "timestamp": "2026-06-04T08:10:26.313707+00:00",
  "actual": {
    "exit_reason": "scalp",
    "exit_price": 0.64,
    "pnl": 1.273197,
    "gain_pct": 0.099702
  },
  "counterfactual": {
    "resolution_price": 0.0,
    "pnl": -12.77,
    "gain_pct": -1.0
  },
  "delta_pnl": -14.043197,
  "scalp_was_optimal": true,
  "context_at_scalp": {
    "holding_edge": -0.07506007205890597,
    "model_prob": 0.564939927941094,
    "market_price": 0.64,
    "seconds_remaining": 163.221614,
    "exit_threshold_used": -0.1,
    "strike_price": 63540.71538058581,
    "btc_at_scalp": 63524.81,
    "btc_at_expiry": 63816.22730274878,
    "chainlink_price_to_beat": 63540.0088861942,
    "chainlink_final_price": 63816.22730274878,
    "flow_score": 0.4284,
    "spot_flow_signal": 0.15811149470956296,
    "regime": "neutral",
    "btc_distance_atr": -0.261,
    "coinbase_cvd_60s": 4.0968,
    "coinbase_taker_60s": 0.6482,
    "coinbase_taker_n": 758
  }
}