{
  "position_id": 1654,
  "market_id": "btc-updown-5m-1780561800",
  "side": "Up",
  "timestamp": "2026-06-04T08:41:34.346737+00:00",
  "actual": {
    "exit_reason": "scalp",
    "exit_price": 0.64,
    "pnl": 1.582801,
    "gain_pct": 0.227741
  },
  "counterfactual": {
    "resolution_price": 1.0,
    "pnl": 6.557257,
    "gain_pct": 0.94349
  },
  "delta_pnl": 4.974456,
  "scalp_was_optimal": false,
  "context_at_scalp": {
    "holding_edge": -0.07567995225491841,
    "model_prob": 0.5743200477450816,
    "market_price": 0.65,
    "seconds_remaining": 184.442807,
    "exit_threshold_used": -0.1,
    "strike_price": 63412.43227848489,
    "btc_at_scalp": 63436.75,
    "btc_at_expiry": 63440.22026434112,
    "chainlink_price_to_beat": 63420.85165295698,
    "chainlink_final_price": 63440.22026434112,
    "flow_score": -0.2226,
    "spot_flow_signal": -0.13033354077320153,
    "regime": "neutral",
    "btc_distance_atr": 0.205,
    "coinbase_cvd_60s": -2.4329,
    "coinbase_taker_60s": 0.343,
    "coinbase_taker_n": 763
  }
}