{
  "position_id": 1665,
  "market_id": "btc-updown-5m-1780563900",
  "side": "Up",
  "timestamp": "2026-06-04T09:16:40.273369+00:00",
  "actual": {
    "exit_reason": "scalp",
    "exit_price": 0.38,
    "pnl": -2.500353,
    "gain_pct": -0.274462
  },
  "counterfactual": {
    "resolution_price": 0.0,
    "pnl": -9.11,
    "gain_pct": -1.0
  },
  "delta_pnl": -6.609647,
  "scalp_was_optimal": true,
  "context_at_scalp": {
    "holding_edge": -0.09919195205455533,
    "model_prob": 0.28080804794544467,
    "market_price": 0.38,
    "seconds_remaining": 222.133405,
    "exit_threshold_used": -0.1,
    "strike_price": 63353.65183839327,
    "btc_at_scalp": 63313.22,
    "btc_at_expiry": 63311.72552804713,
    "chainlink_price_to_beat": 63352.97898450186,
    "chainlink_final_price": 63311.72552804713,
    "flow_score": -0.2461,
    "spot_flow_signal": -0.2569170577348533,
    "regime": "neutral",
    "btc_distance_atr": -0.643,
    "coinbase_cvd_60s": -6.7218,
    "coinbase_taker_60s": 0.2944,
    "coinbase_taker_n": 761
  }
}