{
  "position_id": 1671,
  "market_id": "btc-updown-5m-1780564800",
  "side": "Down",
  "timestamp": "2026-06-04T09:26:43.582679+00:00",
  "actual": {
    "exit_reason": "hold",
    "exit_price": 1.0,
    "pnl": 3.3879,
    "gain_pct": 0.836519
  },
  "counterfactual": {
    "exit_reason": "hypothetical_scalp",
    "exit_price": 0.56,
    "pnl": 0.082235,
    "gain_pct": 0.020305
  },
  "delta_pnl": 3.305665,
  "hold_was_optimal": true,
  "context_at_worst_moment": {
    "holding_edge": -0.10950022858693642,
    "model_prob": 0.45049977141306363,
    "market_price": 0.56,
    "seconds_remaining": 208.361799,
    "exit_threshold_used": -0.1,
    "strike_price": 63058.65197144658,
    "btc_at_worst": 63066.0,
    "flow_score": 0.0939,
    "spot_flow_signal": 0.13154513912410315,
    "regime": "neutral",
    "btc_distance_atr": 0.078,
    "worst_at": 1780564891.6389453,
    "coinbase_cvd_60s": 3.914,
    "coinbase_taker_60s": 0.5694,
    "coinbase_taker_n": 1280
  }
}