{
  "position_id": 16,
  "market_id": "btc-updown-5m-1776109500",
  "side": "Up",
  "weight_version": "weights_v001",
  "timestamp": "2026-04-13T19:53:24.442255+00:00",
  "actual": {
    "exit_reason": "hold",
    "exit_price": 1.0,
    "pnl": 2.281686,
    "gain_pct": 0.740807
  },
  "counterfactual": {
    "exit_reason": "hypothetical_scalp",
    "exit_price": 1.0,
    "pnl": 2.281686,
    "gain_pct": 0.740807
  },
  "delta_pnl": 0.0,
  "hold_was_optimal": true,
  "context_at_worst_moment": {
    "holding_edge": -0.0010076081452146113,
    "model_prob": 0.9989923918547854,
    "market_price": 1.0,
    "seconds_remaining": 94.975734,
    "exit_threshold_used": -0.05,
    "strike_price": 73040.49016605753,
    "btc_at_worst": 73341.55,
    "worst_at": 1776109705.179851
  }
}