{
  "position_id": 1700,
  "market_id": "btc-updown-5m-1780569300",
  "side": "Down",
  "timestamp": "2026-06-04T10:48:22.428835+00:00",
  "actual": {
    "exit_reason": "scalp",
    "exit_price": 0.57,
    "pnl": 6.570186,
    "gain_pct": 0.42498
  },
  "counterfactual": {
    "resolution_price": 0.0,
    "pnl": -15.46,
    "gain_pct": -1.0
  },
  "delta_pnl": -22.030186,
  "scalp_was_optimal": true,
  "context_at_scalp": {
    "holding_edge": -0.04920718292893911,
    "model_prob": 0.5007928170710609,
    "market_price": 0.55,
    "seconds_remaining": 94.031146,
    "exit_threshold_used": -0.1,
    "strike_price": 62643.255241917446,
    "btc_at_scalp": 62642.11,
    "btc_at_expiry": 62700.02685,
    "chainlink_price_to_beat": 62637.45408884923,
    "chainlink_final_price": 62700.02685,
    "flow_score": -0.038,
    "spot_flow_signal": 0.23953691764270213,
    "regime": "volatile",
    "btc_distance_atr": -0.013,
    "coinbase_cvd_60s": 5.9719,
    "coinbase_taker_60s": 0.6953,
    "coinbase_taker_n": 797
  }
}