{
  "position_id": 1708,
  "market_id": "btc-updown-5m-1780570200",
  "side": "Down",
  "timestamp": "2026-06-04T11:04:55.775298+00:00",
  "actual": {
    "exit_reason": "scalp",
    "exit_price": 0.9799999999999999,
    "pnl": 7.161557,
    "gain_pct": 0.465641
  },
  "counterfactual": {
    "resolution_price": 1.0,
    "pnl": 7.780415,
    "gain_pct": 0.505879
  },
  "delta_pnl": 0.618858,
  "scalp_was_optimal": false,
  "context_at_scalp": {
    "holding_edge": -0.19328288900779622,
    "model_prob": 0.7967171109922038,
    "market_price": 0.99,
    "seconds_remaining": 5.563178,
    "exit_threshold_used": -0.1,
    "strike_price": 62331.97636470415,
    "btc_at_scalp": 62312.97,
    "btc_at_expiry": 62312.11921419908,
    "chainlink_price_to_beat": 62338.38093763431,
    "chainlink_final_price": 62312.11921419908,
    "flow_score": -0.5906,
    "spot_flow_signal": -0.0028643737918520175,
    "regime": "neutral",
    "btc_distance_atr": -0.134,
    "coinbase_cvd_60s": -0.2452,
    "coinbase_taker_60s": 0.4945,
    "coinbase_taker_n": 1077
  }
}