{
  "position_id": 1716,
  "market_id": "btc-updown-5m-1776615300",
  "side": "Down",
  "weight_version": "weights_v001",
  "timestamp": "2026-04-19T16:22:49.156116+00:00",
  "actual": {
    "exit_reason": "hold",
    "exit_price": 1.0,
    "pnl": 10.819423,
    "gain_pct": 2.185742
  },
  "counterfactual": {
    "exit_reason": "hypothetical_scalp",
    "exit_price": 0.99,
    "pnl": 10.658918,
    "gain_pct": 2.153317
  },
  "delta_pnl": 0.160504,
  "hold_was_optimal": true,
  "context_at_worst_moment": {
    "holding_edge": -0.14754132072766224,
    "model_prob": 0.8424586792723378,
    "market_price": 0.99,
    "seconds_remaining": 32.991268,
    "exit_threshold_used": -0.05,
    "strike_price": 75701.77662,
    "btc_at_worst": 75651.29,
    "worst_at": 1776615567.1435921
  }
}