{
  "position_id": 1729,
  "market_id": "btc-updown-5m-1780576200",
  "side": "Up",
  "timestamp": "2026-06-04T12:42:21.037749+00:00",
  "actual": {
    "exit_reason": "scalp",
    "exit_price": 0.56,
    "pnl": 1.76897,
    "gain_pct": 0.214421
  },
  "counterfactual": {
    "resolution_price": 1.0,
    "pnl": 9.901833,
    "gain_pct": 1.200222
  },
  "delta_pnl": 8.132863,
  "scalp_was_optimal": false,
  "context_at_scalp": {
    "holding_edge": -0.09362729904814038,
    "model_prob": 0.4763727009518596,
    "market_price": 0.57,
    "seconds_remaining": 272.72588,
    "exit_threshold_used": -0.1,
    "strike_price": 63192.466939366735,
    "btc_at_scalp": 63200.39,
    "btc_at_expiry": 63432.26107460541,
    "chainlink_price_to_beat": 63200.77756330127,
    "chainlink_final_price": 63432.26107460541,
    "flow_score": 0.0464,
    "spot_flow_signal": -0.24886561172270247,
    "regime": "volatile",
    "btc_distance_atr": 0.062,
    "coinbase_cvd_60s": -7.0506,
    "coinbase_taker_60s": 0.354,
    "coinbase_taker_n": 1429
  }
}