{
  "position_id": 1732,
  "market_id": "btc-updown-5m-1780579200",
  "side": "Up",
  "timestamp": "2026-06-04T13:29:26.270295+00:00",
  "actual": {
    "exit_reason": "hold",
    "exit_price": 0.0,
    "pnl": -10.98,
    "gain_pct": -1.0
  },
  "counterfactual": {
    "exit_reason": "hypothetical_scalp",
    "exit_price": 0.56,
    "pnl": 0.22295,
    "gain_pct": 0.020305
  },
  "delta_pnl": -11.20295,
  "hold_was_optimal": false,
  "context_at_worst_moment": {
    "holding_edge": 0.036417578314011156,
    "model_prob": 0.5964175783140112,
    "market_price": 0.56,
    "seconds_remaining": 63.963978,
    "exit_threshold_used": -0.1,
    "strike_price": 63143.701372001095,
    "btc_at_worst": 63197.4,
    "flow_score": -0.4623,
    "spot_flow_signal": -0.19746384041409915,
    "regime": "volatile",
    "btc_distance_atr": 0.236,
    "worst_at": 1780579436.036521,
    "coinbase_cvd_60s": -4.7825,
    "coinbase_taker_60s": 0.3225,
    "coinbase_taker_n": 592
  }
}