{
  "position_id": 1733,
  "market_id": "btc-updown-5m-1780579500",
  "side": "Down",
  "timestamp": "2026-06-04T13:39:18.513160+00:00",
  "actual": {
    "exit_reason": "scalp",
    "exit_price": 0.08,
    "pnl": -11.659774,
    "gain_pct": -0.866254
  },
  "counterfactual": {
    "resolution_price": 0.0,
    "pnl": -13.46,
    "gain_pct": -1.0
  },
  "delta_pnl": -1.800226,
  "scalp_was_optimal": true,
  "context_at_scalp": {
    "holding_edge": 0.24040673430093157,
    "model_prob": 0.3104067343009316,
    "market_price": 0.07,
    "seconds_remaining": 79.993203,
    "exit_threshold_used": -0.1,
    "strike_price": 63099.639507730215,
    "btc_at_scalp": 63183.95,
    "btc_at_expiry": 63165.768553201,
    "chainlink_price_to_beat": 63093.823823567785,
    "chainlink_final_price": 63165.768553201,
    "flow_score": -0.0527,
    "spot_flow_signal": -0.35575813343116947,
    "regime": "volatile",
    "btc_distance_atr": 0.546,
    "coinbase_cvd_60s": -8.9487,
    "coinbase_taker_60s": 0.2496,
    "coinbase_taker_n": 814
  }
}