{
  "position_id": 1736,
  "market_id": "btc-updown-5m-1780580700",
  "side": "Down",
  "timestamp": "2026-06-04T13:55:22.342416+00:00",
  "actual": {
    "exit_reason": "scalp",
    "exit_price": 0.67,
    "pnl": 1.610124,
    "gain_pct": 0.28599
  },
  "counterfactual": {
    "resolution_price": 0.0,
    "pnl": -5.63,
    "gain_pct": -1.0
  },
  "delta_pnl": -7.240124,
  "scalp_was_optimal": true,
  "context_at_scalp": {
    "holding_edge": -0.09113209859746141,
    "model_prob": 0.5588679014025386,
    "market_price": 0.65,
    "seconds_remaining": 268.857115,
    "exit_threshold_used": -0.1,
    "strike_price": 63746.49559996458,
    "btc_at_scalp": 63709.93,
    "btc_at_expiry": 63766.143250996705,
    "chainlink_price_to_beat": 63741.81773804317,
    "chainlink_final_price": 63766.143250996705,
    "flow_score": -0.2047,
    "spot_flow_signal": 0.2983902267889398,
    "regime": "neutral",
    "btc_distance_atr": -0.232,
    "coinbase_cvd_60s": 8.6195,
    "coinbase_taker_60s": 0.676,
    "coinbase_taker_n": 1539
  }
}