{
  "position_id": 1740,
  "market_id": "btc-updown-5m-1780581600",
  "side": "Up",
  "timestamp": "2026-06-04T14:10:57.376506+00:00",
  "actual": {
    "exit_reason": "scalp",
    "exit_price": 0.16346619126418696,
    "pnl": -10.342258,
    "gain_pct": -0.755461
  },
  "counterfactual": {
    "resolution_price": 0.0,
    "pnl": -13.69,
    "gain_pct": -1.0
  },
  "delta_pnl": -3.347742,
  "scalp_was_optimal": true,
  "context_at_scalp": {
    "holding_edge": 0.021364837611462295,
    "model_prob": 0.1713648376114623,
    "market_price": 0.15,
    "seconds_remaining": 49.980703,
    "exit_threshold_used": -0.1,
    "strike_price": 64138.5516742645,
    "btc_at_scalp": 64075.64,
    "btc_at_expiry": 64008.549999999996,
    "chainlink_price_to_beat": 64152.51594578708,
    "chainlink_final_price": 64008.549999999996,
    "flow_score": -0.2379,
    "spot_flow_signal": -0.29769714424419513,
    "regime": "neutral",
    "btc_distance_atr": -0.545,
    "coinbase_cvd_60s": -7.3966,
    "coinbase_taker_60s": 0.2131,
    "coinbase_taker_n": 1104
  }
}