{
  "position_id": 1743,
  "market_id": "btc-updown-5m-1780582200",
  "side": "Up",
  "timestamp": "2026-06-04T14:23:00.618549+00:00",
  "actual": {
    "exit_reason": "scalp",
    "exit_price": 0.8738198092920706,
    "pnl": 5.309239,
    "gain_pct": 0.40998
  },
  "counterfactual": {
    "resolution_price": 1.0,
    "pnl": 8.130477,
    "gain_pct": 0.627836
  },
  "delta_pnl": 2.821238,
  "scalp_was_optimal": false,
  "context_at_scalp": {
    "holding_edge": -0.1390114432835977,
    "model_prob": 0.7609885567164023,
    "market_price": 0.9,
    "seconds_remaining": 171.969128,
    "exit_threshold_used": -0.1,
    "strike_price": 64244.03603020956,
    "btc_at_scalp": 64366.85,
    "btc_at_expiry": 64312.16846390372,
    "chainlink_price_to_beat": 64242.52318290567,
    "chainlink_final_price": 64312.16846390372,
    "flow_score": -0.2241,
    "spot_flow_signal": -0.11400328248984258,
    "regime": "neutral",
    "btc_distance_atr": 0.941,
    "coinbase_cvd_60s": -3.5751,
    "coinbase_taker_60s": 0.4441,
    "coinbase_taker_n": 2339
  }
}