{
  "position_id": 1751,
  "market_id": "btc-updown-5m-1780585800",
  "side": "Up",
  "timestamp": "2026-06-04T15:22:45.726225+00:00",
  "actual": {
    "exit_reason": "scalp",
    "exit_price": 0.19000000000000003,
    "pnl": -8.619247,
    "gain_pct": -0.616101
  },
  "counterfactual": {
    "resolution_price": 1.0,
    "pnl": 14.883029,
    "gain_pct": 1.063833
  },
  "delta_pnl": 23.502276,
  "scalp_was_optimal": false,
  "context_at_scalp": {
    "holding_edge": 0.05280324386044036,
    "model_prob": 0.24280324386044036,
    "market_price": 0.19,
    "seconds_remaining": 81.135971,
    "exit_threshold_used": -0.1,
    "strike_price": 64236.60082598419,
    "btc_at_scalp": 64182.08,
    "btc_at_expiry": 64303.31364362535,
    "chainlink_price_to_beat": 64262.36500497954,
    "chainlink_final_price": 64303.31364362535,
    "flow_score": -0.3354,
    "spot_flow_signal": 0.12749178227080102,
    "regime": "volatile",
    "btc_distance_atr": -0.509,
    "coinbase_cvd_60s": -3.0459,
    "coinbase_taker_60s": 0.4274,
    "coinbase_taker_n": 2065
  }
}