{
  "position_id": 1771,
  "market_id": "btc-updown-5m-1780593900",
  "side": "Down",
  "timestamp": "2026-06-04T17:38:15.850155+00:00",
  "actual": {
    "exit_reason": "scalp",
    "exit_price": 0.04,
    "pnl": -22.01315,
    "gain_pct": -0.922596
  },
  "counterfactual": {
    "resolution_price": 0.0,
    "pnl": -23.86,
    "gain_pct": -1.0
  },
  "delta_pnl": -1.84685,
  "scalp_was_optimal": true,
  "context_at_scalp": {
    "holding_edge": 0.0540776365227175,
    "model_prob": 0.0940776365227175,
    "market_price": 0.04,
    "seconds_remaining": 95.310215,
    "exit_threshold_used": -0.1,
    "strike_price": 63083.571058633635,
    "btc_at_scalp": 63177.56,
    "btc_at_expiry": 63150.78816058908,
    "chainlink_price_to_beat": 63079.90358871115,
    "chainlink_final_price": 63150.78816058908,
    "flow_score": -0.2483,
    "spot_flow_signal": 0.06874218086822262,
    "regime": "neutral",
    "btc_distance_atr": 1.332,
    "coinbase_cvd_60s": 1.9004,
    "coinbase_taker_60s": 0.5503,
    "coinbase_taker_n": 1042
  }
}