{
  "position_id": 1782,
  "market_id": "btc-updown-5m-1780596300",
  "side": "Down",
  "timestamp": "2026-06-04T18:18:55.234624+00:00",
  "actual": {
    "exit_reason": "scalp",
    "exit_price": 0.78,
    "pnl": 5.501153,
    "gain_pct": 0.500105
  },
  "counterfactual": {
    "resolution_price": 1.0,
    "pnl": 10.378392,
    "gain_pct": 0.94349
  },
  "delta_pnl": 4.877239,
  "scalp_was_optimal": false,
  "context_at_scalp": {
    "holding_edge": -0.10375226459853648,
    "model_prob": 0.6762477354014635,
    "market_price": 0.78,
    "seconds_remaining": 80.908635,
    "exit_threshold_used": -0.1,
    "strike_price": 63265.537993462705,
    "btc_at_scalp": 63235.0,
    "btc_at_expiry": 63204.213004917816,
    "chainlink_price_to_beat": 63267.39027997418,
    "chainlink_final_price": 63204.213004917816,
    "flow_score": 0.4994,
    "spot_flow_signal": 0.36144095699131407,
    "regime": "neutral",
    "btc_distance_atr": -0.401,
    "coinbase_cvd_60s": 10.8939,
    "coinbase_taker_60s": 0.7223,
    "coinbase_taker_n": 860
  }
}