{
  "position_id": 1786,
  "market_id": "btc-updown-5m-1780597200",
  "side": "Down",
  "timestamp": "2026-06-04T18:33:30.603404+00:00",
  "actual": {
    "exit_reason": "scalp",
    "exit_price": 0.32,
    "pnl": -6.439862,
    "gain_pct": -0.338228
  },
  "counterfactual": {
    "resolution_price": 0.0,
    "pnl": -19.04,
    "gain_pct": -1.0
  },
  "delta_pnl": -12.600138,
  "scalp_was_optimal": true,
  "context_at_scalp": {
    "holding_edge": -0.06774570700215748,
    "model_prob": 0.2522542929978425,
    "market_price": 0.32,
    "seconds_remaining": 181.555345,
    "exit_threshold_used": -0.1,
    "strike_price": 63309.291573142065,
    "btc_at_scalp": 63370.46,
    "btc_at_expiry": 63520.95561928608,
    "chainlink_price_to_beat": 63306.70518729256,
    "chainlink_final_price": 63520.95561928608,
    "flow_score": -0.206,
    "spot_flow_signal": 0.15275195241615744,
    "regime": "neutral",
    "btc_distance_atr": 0.854,
    "coinbase_cvd_60s": 4.7768,
    "coinbase_taker_60s": 0.6063,
    "coinbase_taker_n": 1197
  }
}