{
  "position_id": 243,
  "market_id": "btc-updown-5m-1776167100",
  "side": "Up",
  "weight_version": "weights_v001",
  "timestamp": "2026-04-14T11:55:37.229807+00:00",
  "actual": {
    "exit_reason": "hold",
    "exit_price": 1.0,
    "pnl": 1.452975,
    "gain_pct": 0.94349
  },
  "counterfactual": {
    "exit_reason": "hypothetical_scalp",
    "exit_price": 0.43,
    "pnl": -0.528993,
    "gain_pct": -0.172873
  },
  "delta_pnl": 1.981967,
  "hold_was_optimal": true,
  "context_at_worst_moment": {
    "holding_edge": -0.02592915929993872,
    "model_prob": 0.4040708407000613,
    "market_price": 0.43,
    "seconds_remaining": 263.799213,
    "exit_threshold_used": -0.05,
    "strike_price": 74343.32,
    "btc_at_worst": 74338.13,
    "worst_at": 1776167136.361219
  }
}