{
  "position_id": 2798,
  "market_id": "btc-updown-5m-1780980900",
  "side": "Up",
  "timestamp": "2026-06-09T05:06:00.433358+00:00",
  "actual": {
    "exit_reason": "scalp",
    "exit_price": 0.5915317915597261,
    "pnl": 2.265766,
    "gain_pct": 0.108774
  },
  "counterfactual": {
    "resolution_price": 0.0,
    "pnl": -20.83,
    "gain_pct": -1.0
  },
  "delta_pnl": -23.095766,
  "scalp_was_optimal": true,
  "context_at_scalp": {
    "holding_edge": -0.12542222969095684,
    "model_prob": 0.49457777030904315,
    "market_price": 0.62,
    "seconds_remaining": 215.759083,
    "exit_threshold_used": -0.1,
    "strike_price": 63261.59243,
    "btc_at_scalp": 63285.18,
    "btc_at_expiry": 63206.418233357785,
    "chainlink_price_to_beat": 63261.104909999995,
    "chainlink_final_price": 63206.418233357785,
    "flow_score": -0.5358,
    "spot_flow_signal": 0.072772405601088,
    "regime": "neutral",
    "btc_distance_atr": 0.433,
    "coinbase_cvd_60s": 1.3619,
    "coinbase_taker_60s": 0.5912,
    "coinbase_taker_n": 360
  }
}