{
  "position_id": 2811,
  "market_id": "btc-updown-5m-1780996800",
  "side": "Down",
  "timestamp": "2026-06-09T09:33:05.889495+00:00",
  "actual": {
    "exit_reason": "scalp",
    "exit_price": 0.74,
    "pnl": -1.551975,
    "gain_pct": -0.122011
  },
  "counterfactual": {
    "resolution_price": 1.0,
    "pnl": 2.9574,
    "gain_pct": 0.2325
  },
  "delta_pnl": 4.509375,
  "scalp_was_optimal": false,
  "context_at_scalp": {
    "holding_edge": -0.09945636937569369,
    "model_prob": 0.6405436306243063,
    "market_price": 0.74,
    "seconds_remaining": 228.117347,
    "exit_threshold_used": -0.1,
    "strike_price": 62912.1850464172,
    "btc_at_scalp": 62868.23,
    "btc_at_expiry": 62821.19469956562,
    "chainlink_price_to_beat": 62913.36930573937,
    "chainlink_final_price": 62821.19469956562,
    "flow_score": 0.1087,
    "spot_flow_signal": -0.3412754155083308,
    "regime": "neutral",
    "btc_distance_atr": -1.273,
    "coinbase_cvd_60s": -5.7855,
    "coinbase_taker_60s": 0.0278,
    "coinbase_taker_n": 377
  }
}