{
  "position_id": 2813,
  "market_id": "btc-updown-5m-1780996800",
  "side": "Down",
  "timestamp": "2026-06-09T09:33:05.904631+00:00",
  "actual": {
    "exit_reason": "scalp",
    "exit_price": 0.7697062004694044,
    "pnl": -1.440057,
    "gain_pct": -0.0394
  },
  "counterfactual": {
    "resolution_price": 1.0,
    "pnl": 10.734158,
    "gain_pct": 0.293684
  },
  "delta_pnl": 12.174215,
  "scalp_was_optimal": false,
  "context_at_scalp": {
    "holding_edge": -0.3145777703090431,
    "model_prob": 0.5054222296909568,
    "market_price": 0.82,
    "seconds_remaining": 126.564497,
    "exit_threshold_used": -0.1,
    "strike_price": 62912.1850464172,
    "btc_at_scalp": 62890.56,
    "btc_at_expiry": 62821.19469956562,
    "chainlink_price_to_beat": 62913.36930573937,
    "chainlink_final_price": 62821.19469956562,
    "flow_score": 0.2172,
    "spot_flow_signal": 0.16536555436473002,
    "regime": "neutral",
    "btc_distance_atr": -0.563,
    "coinbase_cvd_60s": 4.372,
    "coinbase_taker_60s": 0.6987,
    "coinbase_taker_n": 418
  }
}