{
  "position_id": 2824,
  "market_id": "btc-updown-5m-1781006100",
  "side": "Up",
  "timestamp": "2026-06-09T12:06:25.223705+00:00",
  "actual": {
    "exit_reason": "scalp",
    "exit_price": 0.9259533662888875,
    "pnl": 3.918284,
    "gain_pct": 0.051421
  },
  "counterfactual": {
    "resolution_price": 1.0,
    "pnl": 12.505765,
    "gain_pct": 0.164118
  },
  "delta_pnl": 8.587481,
  "scalp_was_optimal": false,
  "context_at_scalp": {
    "holding_edge": -0.1469859619169016,
    "model_prob": 0.7630140380830984,
    "market_price": 0.91,
    "seconds_remaining": 97.878489,
    "exit_threshold_used": -0.1,
    "strike_price": 62597.547565719055,
    "btc_at_scalp": 62630.91,
    "btc_at_expiry": 62674.66550955033,
    "chainlink_price_to_beat": 62597.198426324554,
    "chainlink_final_price": 62674.66550955033,
    "flow_score": -0.4802,
    "spot_flow_signal": 0.47946775389820995,
    "regime": "neutral",
    "btc_distance_atr": 1.237,
    "coinbase_cvd_60s": 13.49,
    "coinbase_taker_60s": 0.8432,
    "coinbase_taker_n": 654
  }
}