{
  "position_id": 2832,
  "market_id": "btc-updown-5m-1781014800",
  "side": "Down",
  "timestamp": "2026-06-09T14:26:53.555911+00:00",
  "actual": {
    "exit_reason": "hold",
    "exit_price": 1.0,
    "pnl": 10.466633,
    "gain_pct": 0.361667
  },
  "counterfactual": {
    "exit_reason": "hypothetical_scalp",
    "exit_price": 0.7,
    "pnl": -6.311702,
    "gain_pct": -0.113438
  },
  "delta_pnl": 16.778335,
  "hold_was_optimal": true,
  "context_at_worst_moment": {
    "holding_edge": -0.18254798982015896,
    "model_prob": 0.517452010179841,
    "market_price": 0.7,
    "seconds_remaining": 128.579416,
    "exit_threshold_used": -0.1,
    "strike_price": 61789.13128,
    "btc_at_worst": 61741.31,
    "flow_score": 0.2234,
    "spot_flow_signal": -0.08583357899580005,
    "regime": "neutral",
    "btc_distance_atr": -0.471,
    "worst_at": 1781014971.4227788,
    "coinbase_cvd_60s": -2.2264,
    "coinbase_taker_60s": 0.4334,
    "coinbase_taker_n": 1048
  }
}