{
  "position_id": 2852,
  "market_id": "btc-updown-5m-1781124900",
  "side": "Down",
  "timestamp": "2026-06-10T21:07:52.096490+00:00",
  "actual": {
    "exit_reason": "scalp",
    "exit_price": 0.67,
    "pnl": -4.901497,
    "gain_pct": -0.159295
  },
  "counterfactual": {
    "resolution_price": 0.0,
    "pnl": -30.77,
    "gain_pct": -1.0
  },
  "delta_pnl": -25.868503,
  "scalp_was_optimal": true,
  "context_at_scalp": {
    "holding_edge": -0.09769795160166006,
    "model_prob": 0.5923020483983399,
    "market_price": 0.69,
    "seconds_remaining": 179.487089,
    "exit_threshold_used": -0.1,
    "effective_exit_threshold": -0.0860407658886815,
    "loss_cut": false,
    "entry_price": 0.75,
    "fee_rate": 0.07,
    "strike_price": 61713.07657609657,
    "btc_at_scalp": 61664.48,
    "btc_at_expiry": 61739.30978,
    "chainlink_price_to_beat": 61715.655755,
    "chainlink_final_price": 61739.30978,
    "flow_score": 0.4011,
    "spot_flow_signal": -0.034807526133462934,
    "regime": "mean_reverting",
    "btc_distance_atr": -1.182,
    "coinbase_cvd_60s": -0.0911,
    "coinbase_taker_60s": 0.4147,
    "coinbase_taker_n": 250
  }
}