{
  "position_id": 2874,
  "market_id": "btc-updown-5m-1781197800",
  "side": "Down",
  "timestamp": "2026-06-11T17:18:26.886242+00:00",
  "actual": {
    "exit_reason": "hold",
    "exit_price": 1.0,
    "pnl": 15.866874,
    "gain_pct": 0.903581
  },
  "counterfactual": {
    "exit_reason": "hypothetical_scalp",
    "exit_price": 0.58,
    "pnl": 1.257592,
    "gain_pct": 0.071617
  },
  "delta_pnl": 14.609282,
  "hold_was_optimal": true,
  "context_at_worst_moment": {
    "holding_edge": -0.15038502364439987,
    "model_prob": 0.4296149763556001,
    "market_price": 0.58,
    "seconds_remaining": 174.154912,
    "exit_threshold_used": -0.1,
    "strike_price": 62440.730715,
    "btc_at_worst": 62450.0,
    "flow_score": 0.1497,
    "spot_flow_signal": 0.23829850006645042,
    "regime": "unknown",
    "btc_distance_atr": 0.207,
    "worst_at": 1781197925.8460886,
    "coinbase_cvd_60s": 4.1543,
    "coinbase_taker_60s": 0.823,
    "coinbase_taker_n": 520,
    "cross_venue_gap": -79.81,
    "fast_realized_vol_60s": 6e-05
  }
}