{
  "position_id": 28,
  "market_id": "btc-updown-5m-1783413000",
  "side": "Down",
  "timestamp": "2026-07-07T08:40:10.109720+00:00",
  "actual": {
    "exit_reason": "hold",
    "exit_price": 1.0,
    "pnl": 1.409684,
    "gain_pct": 0.293684
  },
  "counterfactual": {
    "exit_reason": "hypothetical_scalp",
    "exit_price": 0.52,
    "pnl": -1.67946,
    "gain_pct": -0.349888
  },
  "delta_pnl": 3.089144,
  "hold_was_optimal": true,
  "context_at_worst_moment": {
    "holding_edge": 0.011233594831808302,
    "model_prob": 0.5312335948318083,
    "market_price": 0.52,
    "seconds_remaining": 31.997978,
    "exit_threshold_used": -0.1,
    "strike_price": 63024.84522856781,
    "btc_at_worst": 63023.87,
    "flow_score": 0.4673,
    "spot_flow_signal": 0.17991599800745267,
    "regime": "unknown",
    "btc_distance_atr": -0.036,
    "worst_at": 1783413268.0028398,
    "coinbase_cvd_60s": 2.7764,
    "coinbase_taker_60s": 0.7372,
    "coinbase_taker_n": 398,
    "cross_venue_gap": -48.12,
    "fast_realized_vol_60s": 3.2e-05
  }
}