{
  "position_id": 2917,
  "market_id": "btc-updown-5m-1781208600",
  "side": "Down",
  "timestamp": "2026-06-11T20:21:26.864230+00:00",
  "actual": {
    "exit_reason": "hold",
    "exit_price": 1.0,
    "pnl": 4.587806,
    "gain_pct": 0.523125
  },
  "counterfactual": {
    "exit_reason": "hypothetical_scalp",
    "exit_price": 0.99,
    "pnl": 4.444971,
    "gain_pct": 0.506838
  },
  "delta_pnl": 0.142835,
  "hold_was_optimal": true,
  "context_at_worst_moment": {
    "holding_edge": 0.00973751125641864,
    "model_prob": 0.9997375112564186,
    "market_price": 0.99,
    "seconds_remaining": 6.735823,
    "exit_threshold_used": -0.1,
    "strike_price": 63511.79892849243,
    "btc_at_worst": 63468.44,
    "flow_score": 0.0045,
    "spot_flow_signal": 0.21170117802104127,
    "regime": "unknown",
    "btc_distance_atr": -1.207,
    "worst_at": 1781208893.266313,
    "coinbase_cvd_60s": 2.9639,
    "coinbase_taker_60s": 0.8323,
    "coinbase_taker_n": 444,
    "cross_venue_gap": -66.6,
    "fast_realized_vol_60s": 3.7e-05
  }
}