{
  "position_id": 2934,
  "market_id": "btc-updown-5m-1781214600",
  "side": "Down",
  "timestamp": "2026-06-11T21:59:32.158576+00:00",
  "actual": {
    "exit_reason": "hold",
    "exit_price": 1.0,
    "pnl": 6.571483,
    "gain_pct": 0.361667
  },
  "counterfactual": {
    "exit_reason": "hypothetical_scalp",
    "exit_price": 0.46,
    "pnl": -7.219123,
    "gain_pct": -0.39731
  },
  "delta_pnl": 13.790606,
  "hold_was_optimal": true,
  "context_at_worst_moment": {
    "holding_edge": -0.13787421754922707,
    "model_prob": 0.32212578245077295,
    "market_price": 0.46,
    "seconds_remaining": 111.366767,
    "exit_threshold_used": -0.1,
    "strike_price": 63489.55200565368,
    "btc_at_worst": 63498.93,
    "flow_score": -0.3648,
    "spot_flow_signal": 0.11622500491649082,
    "regime": "unknown",
    "btc_distance_atr": 0.437,
    "worst_at": 1781214788.63372,
    "coinbase_cvd_60s": 1.0769,
    "coinbase_taker_60s": 0.7188,
    "coinbase_taker_n": 343,
    "cross_venue_gap": -54.51,
    "fast_realized_vol_60s": 4.4e-05
  }
}