{
  "position_id": 2946,
  "market_id": "btc-updown-5m-1781220000",
  "side": "Down",
  "timestamp": "2026-06-11T23:33:05.579543+00:00",
  "actual": {
    "exit_reason": "scalp",
    "exit_price": 0.58,
    "pnl": -4.402497,
    "gain_pct": -0.15928
  },
  "counterfactual": {
    "resolution_price": 1.0,
    "pnl": 14.459175,
    "gain_pct": 0.523125
  },
  "delta_pnl": 18.861672,
  "scalp_was_optimal": false,
  "context_at_scalp": {
    "holding_edge": -0.07084589590863277,
    "model_prob": 0.5091541040913672,
    "market_price": 0.58,
    "seconds_remaining": 98.093383,
    "exit_threshold_used": -0.1,
    "effective_exit_threshold": -0.062313476122100184,
    "loss_cut": false,
    "entry_price": 0.64,
    "fee_rate": 0.07,
    "strike_price": 63355.019285578506,
    "btc_at_scalp": 63354.66,
    "btc_at_expiry": 63333.28489929111,
    "chainlink_price_to_beat": 63356.096141860224,
    "chainlink_final_price": 63333.28489929111,
    "flow_score": 0.2636,
    "spot_flow_signal": 0.061266096470057596,
    "regime": "unknown",
    "btc_distance_atr": -0.017,
    "coinbase_cvd_60s": 0.3968,
    "coinbase_taker_60s": 0.6299,
    "coinbase_taker_n": 337,
    "cross_venue_gap": -61.07,
    "fast_realized_vol_60s": 5e-05
  }
}