{
  "position_id": 2950,
  "market_id": "btc-updown-5m-1781220900",
  "side": "Down",
  "timestamp": "2026-06-11T23:49:39.513290+00:00",
  "actual": {
    "exit_reason": "scalp",
    "exit_price": 0.61,
    "pnl": -0.307343,
    "gain_pct": -0.026427
  },
  "counterfactual": {
    "resolution_price": 0.0,
    "pnl": -11.63,
    "gain_pct": -1.0
  },
  "delta_pnl": -11.322657,
  "scalp_was_optimal": true,
  "context_at_scalp": {
    "holding_edge": -0.0862522348887268,
    "model_prob": 0.5737477651112732,
    "market_price": 0.66,
    "seconds_remaining": 206.734998,
    "exit_threshold_used": -0.1,
    "effective_exit_threshold": -0.08379220188865234,
    "loss_cut": false,
    "entry_price": 0.58,
    "fee_rate": 0.07,
    "strike_price": 63453.58233440376,
    "btc_at_scalp": 63447.42,
    "btc_at_expiry": 63465.122229578825,
    "chainlink_price_to_beat": 63453.63590976255,
    "chainlink_final_price": 63465.122229578825,
    "flow_score": 0.4332,
    "spot_flow_signal": -0.045331786957011046,
    "regime": "unknown",
    "btc_distance_atr": -0.231,
    "coinbase_cvd_60s": -1.5511,
    "coinbase_taker_60s": 0.3274,
    "coinbase_taker_n": 374,
    "cross_venue_gap": -61.96,
    "fast_realized_vol_60s": 5.7e-05
  }
}