{
  "position_id": 2958,
  "market_id": "btc-updown-5m-1781222100",
  "side": "Down",
  "timestamp": "2026-06-12T00:06:34.076713+00:00",
  "actual": {
    "exit_reason": "hold",
    "exit_price": 1.0,
    "pnl": 7.481492,
    "gain_pct": 0.500769
  },
  "counterfactual": {
    "exit_reason": "hypothetical_scalp",
    "exit_price": 0.78,
    "pnl": 2.279437,
    "gain_pct": 0.152573
  },
  "delta_pnl": 5.202055,
  "hold_was_optimal": true,
  "context_at_worst_moment": {
    "holding_edge": -0.004710083853973868,
    "model_prob": 0.7752899161460262,
    "market_price": 0.78,
    "seconds_remaining": 4.360715,
    "exit_threshold_used": -0.1,
    "strike_price": 63561.34578370759,
    "btc_at_worst": 63557.64,
    "flow_score": -0.4003,
    "spot_flow_signal": -0.047949604163802756,
    "regime": "unknown",
    "btc_distance_atr": -0.136,
    "worst_at": 1781222395.6398938,
    "coinbase_cvd_60s": -0.6237,
    "coinbase_taker_60s": 0.4217,
    "coinbase_taker_n": 469,
    "cross_venue_gap": -63.65,
    "fast_realized_vol_60s": 7.1e-05
  }
}