{
  "position_id": 2959,
  "market_id": "btc-updown-5m-1781222400",
  "side": "Up",
  "timestamp": "2026-06-12T00:13:11.585006+00:00",
  "actual": {
    "exit_reason": "scalp",
    "exit_price": 0.32,
    "pnl": -6.867764,
    "gain_pct": -0.38779
  },
  "counterfactual": {
    "resolution_price": 0.0,
    "pnl": -17.71,
    "gain_pct": -1.0
  },
  "delta_pnl": -10.842236,
  "scalp_was_optimal": true,
  "context_at_scalp": {
    "holding_edge": -0.0905247081511133,
    "model_prob": 0.23947529184888672,
    "market_price": 0.33,
    "seconds_remaining": 282.046777,
    "exit_threshold_used": -0.1,
    "effective_exit_threshold": -0.07618458782447766,
    "loss_cut": false,
    "entry_price": 0.47,
    "fee_rate": 0.07,
    "strike_price": 63557.127435,
    "btc_at_scalp": 63529.29,
    "btc_at_expiry": 63519.74216314194,
    "chainlink_price_to_beat": 63561.13839596095,
    "chainlink_final_price": 63519.74216314194,
    "flow_score": -0.5342,
    "spot_flow_signal": -0.07242880506702554,
    "regime": "unknown",
    "btc_distance_atr": -1.014,
    "coinbase_cvd_60s": -1.0045,
    "coinbase_taker_60s": 0.3909,
    "coinbase_taker_n": 496,
    "cross_venue_gap": -70.19,
    "fast_realized_vol_60s": 7.2e-05
  }
}