{
  "position_id": 2960,
  "market_id": "btc-updown-5m-1781222400",
  "side": "Down",
  "timestamp": "2026-06-12T00:13:11.589606+00:00",
  "actual": {
    "exit_reason": "scalp",
    "exit_price": 0.83,
    "pnl": 4.393342,
    "gain_pct": 0.109587
  },
  "counterfactual": {
    "resolution_price": 1.0,
    "pnl": 15.228554,
    "gain_pct": 0.379859
  },
  "delta_pnl": 10.835212,
  "scalp_was_optimal": false,
  "context_at_scalp": {
    "holding_edge": -0.12361252942193113,
    "model_prob": 0.7063874705780688,
    "market_price": 0.83,
    "seconds_remaining": 262.28458,
    "exit_threshold_used": -0.1,
    "effective_exit_threshold": -0.10701715260836822,
    "loss_cut": false,
    "entry_price": 0.71,
    "fee_rate": 0.07,
    "strike_price": 63557.127435,
    "btc_at_scalp": 63533.33,
    "btc_at_expiry": 63519.74216314194,
    "chainlink_price_to_beat": 63561.13839596095,
    "chainlink_final_price": 63519.74216314194,
    "flow_score": -0.1531,
    "spot_flow_signal": 0.07464344899872098,
    "regime": "unknown",
    "btc_distance_atr": -0.737,
    "coinbase_cvd_60s": 0.7816,
    "coinbase_taker_60s": 0.553,
    "coinbase_taker_n": 519,
    "cross_venue_gap": -59.87,
    "fast_realized_vol_60s": 6.5e-05
  }
}