{
  "position_id": 2970,
  "market_id": "btc-updown-5m-1781224200",
  "side": "Up",
  "timestamp": "2026-06-12T00:37:44.179020+00:00",
  "actual": {
    "exit_reason": "hold",
    "exit_price": 1.0,
    "pnl": 10.410992,
    "gain_pct": 0.262308
  },
  "counterfactual": {
    "exit_reason": "hypothetical_scalp",
    "exit_price": 0.69,
    "pnl": -5.870477,
    "gain_pct": -0.147908
  },
  "delta_pnl": 16.28147,
  "hold_was_optimal": true,
  "context_at_worst_moment": {
    "holding_edge": -0.19718587233503065,
    "model_prob": 0.4928141276649693,
    "market_price": 0.69,
    "seconds_remaining": 14.404118,
    "exit_threshold_used": -0.1,
    "strike_price": 63551.90111365168,
    "btc_at_worst": 63551.7,
    "flow_score": 0.1526,
    "spot_flow_signal": -0.16418505060542116,
    "regime": "unknown",
    "btc_distance_atr": -0.006,
    "worst_at": 1781224485.5966523,
    "coinbase_cvd_60s": -2.6357,
    "coinbase_taker_60s": 0.2648,
    "coinbase_taker_n": 433,
    "cross_venue_gap": -114.47,
    "fast_realized_vol_60s": 5.7e-05
  }
}