{
  "position_id": 2978,
  "market_id": "btc-updown-5m-1781226300",
  "side": "Down",
  "timestamp": "2026-06-12T01:18:17.789387+00:00",
  "actual": {
    "exit_reason": "scalp",
    "exit_price": 0.2,
    "pnl": -10.940303,
    "gain_pct": -0.635695
  },
  "counterfactual": {
    "resolution_price": 1.0,
    "pnl": 16.658578,
    "gain_pct": 0.967959
  },
  "delta_pnl": 27.59888,
  "scalp_was_optimal": false,
  "context_at_scalp": {
    "holding_edge": -0.14217996511442738,
    "model_prob": 0.057820034885572635,
    "market_price": 0.2,
    "seconds_remaining": 25.239388,
    "exit_threshold_used": -0.1,
    "effective_exit_threshold": 0.19147843216281665,
    "loss_cut": true,
    "entry_price": 0.49,
    "fee_rate": 0.07,
    "strike_price": 63438.76734098232,
    "btc_at_scalp": 63457.32,
    "btc_at_expiry": 63440.93015520072,
    "chainlink_price_to_beat": 63441.518205279055,
    "chainlink_final_price": 63440.93015520072,
    "flow_score": 0.1292,
    "spot_flow_signal": 0.028781013340472065,
    "regime": "unknown",
    "btc_distance_atr": 0.635,
    "coinbase_cvd_60s": 0.1698,
    "coinbase_taker_60s": 0.5252,
    "coinbase_taker_n": 371,
    "cross_venue_gap": -77.99,
    "fast_realized_vol_60s": 5.1e-05
  }
}