{
  "position_id": 3003,
  "market_id": "btc-updown-5m-1781231100",
  "side": "Down",
  "timestamp": "2026-06-12T02:33:33.215625+00:00",
  "actual": {
    "exit_reason": "hold",
    "exit_price": 1.0,
    "pnl": 11.933229,
    "gain_pct": 0.398571
  },
  "counterfactual": {
    "exit_reason": "hypothetical_scalp",
    "exit_price": 0.99,
    "pnl": 11.485478,
    "gain_pct": 0.383617
  },
  "delta_pnl": 0.44775,
  "hold_was_optimal": true,
  "context_at_worst_moment": {
    "holding_edge": 0.006882933774624456,
    "model_prob": 0.9968829337746244,
    "market_price": 0.99,
    "seconds_remaining": 68.231666,
    "exit_threshold_used": -0.1,
    "strike_price": 63565.07273914844,
    "btc_at_worst": 63468.45,
    "flow_score": -0.6652,
    "spot_flow_signal": -0.1713956377371602,
    "regime": "unknown",
    "btc_distance_atr": -3.007,
    "worst_at": 1781231331.7688532,
    "coinbase_cvd_60s": -3.5199,
    "coinbase_taker_60s": 0.3051,
    "coinbase_taker_n": 510,
    "cross_venue_gap": -79.54,
    "fast_realized_vol_60s": 0.000105
  }
}