{
  "position_id": 3016,
  "market_id": "btc-updown-5m-1781233800",
  "side": "Down",
  "timestamp": "2026-06-12T03:16:48.172076+00:00",
  "actual": {
    "exit_reason": "hold",
    "exit_price": 1.0,
    "pnl": 9.685286,
    "gain_pct": 0.398571
  },
  "counterfactual": {
    "exit_reason": "hypothetical_scalp",
    "exit_price": 0.71,
    "pnl": -0.660277,
    "gain_pct": -0.027172
  },
  "delta_pnl": 10.345563,
  "hold_was_optimal": true,
  "context_at_worst_moment": {
    "holding_edge": 0.0046318629017740864,
    "model_prob": 0.714631862901774,
    "market_price": 0.71,
    "seconds_remaining": 166.22946,
    "exit_threshold_used": -0.1,
    "strike_price": 63505.55950904139,
    "btc_at_worst": 63495.09,
    "flow_score": 0.2902,
    "spot_flow_signal": 0.19240378319746698,
    "regime": "unknown",
    "btc_distance_atr": -0.623,
    "worst_at": 1781233933.7710938,
    "coinbase_cvd_60s": 1.5796,
    "coinbase_taker_60s": 0.8758,
    "coinbase_taker_n": 247,
    "cross_venue_gap": -80.25,
    "fast_realized_vol_60s": 4.1e-05
  }
}