{
  "position_id": 3035,
  "market_id": "btc-updown-5m-1781240400",
  "side": "Down",
  "timestamp": "2026-06-12T05:10:36.061676+00:00",
  "actual": {
    "exit_reason": "hold",
    "exit_price": 1.0,
    "pnl": 10.8128,
    "gain_pct": 0.62
  },
  "counterfactual": {
    "exit_reason": "hypothetical_scalp",
    "exit_price": 0.71,
    "pnl": 2.21228,
    "gain_pct": 0.126851
  },
  "delta_pnl": 8.60052,
  "hold_was_optimal": true,
  "context_at_worst_moment": {
    "holding_edge": -0.03170266909724084,
    "model_prob": 0.6782973309027591,
    "market_price": 0.71,
    "seconds_remaining": 231.502493,
    "exit_threshold_used": -0.1,
    "strike_price": 63612.62640408269,
    "btc_at_worst": 63603.25,
    "flow_score": -0.2311,
    "spot_flow_signal": -0.024677330309319415,
    "regime": "unknown",
    "btc_distance_atr": -0.602,
    "worst_at": 1781240468.4987576,
    "coinbase_cvd_60s": -0.0674,
    "coinbase_taker_60s": 0.4428,
    "coinbase_taker_n": 237,
    "cross_venue_gap": -85.17,
    "fast_realized_vol_60s": 1e-05
  }
}