{
  "position_id": 3038,
  "market_id": "btc-updown-5m-1781241000",
  "side": "Down",
  "timestamp": "2026-06-12T05:20:43.342789+00:00",
  "actual": {
    "exit_reason": "hold",
    "exit_price": 1.0,
    "pnl": 8.535333,
    "gain_pct": 0.361667
  },
  "counterfactual": {
    "exit_reason": "hypothetical_scalp",
    "exit_price": 0.8,
    "pnl": 1.748351,
    "gain_pct": 0.074083
  },
  "delta_pnl": 6.786982,
  "hold_was_optimal": true,
  "context_at_worst_moment": {
    "holding_edge": -0.03571651615827154,
    "model_prob": 0.7642834838417285,
    "market_price": 0.8,
    "seconds_remaining": 229.393837,
    "exit_threshold_used": -0.1,
    "strike_price": 63503.89002703334,
    "btc_at_worst": 63482.81,
    "flow_score": -0.2376,
    "spot_flow_signal": -0.04092905572647356,
    "regime": "unknown",
    "btc_distance_atr": -0.86,
    "worst_at": 1781241070.608252,
    "coinbase_cvd_60s": -0.5464,
    "coinbase_taker_60s": 0.4341,
    "coinbase_taker_n": 391,
    "cross_venue_gap": -75.19,
    "fast_realized_vol_60s": 6.2e-05
  }
}