{
  "position_id": 3042,
  "market_id": "btc-updown-5m-1781241900",
  "side": "Up",
  "timestamp": "2026-06-12T05:34:38.519712+00:00",
  "actual": {
    "exit_reason": "hold",
    "exit_price": 1.0,
    "pnl": 12.875759,
    "gain_pct": 0.893529
  },
  "counterfactual": {
    "exit_reason": "hypothetical_scalp",
    "exit_price": 0.92,
    "pnl": 10.552322,
    "gain_pct": 0.732292
  },
  "delta_pnl": 2.323437,
  "hold_was_optimal": true,
  "context_at_worst_moment": {
    "holding_edge": -0.04309861389070202,
    "model_prob": 0.876901386109298,
    "market_price": 0.92,
    "seconds_remaining": 11.622811,
    "exit_threshold_used": -0.1,
    "strike_price": 63391.95059220872,
    "btc_at_worst": 63399.83,
    "flow_score": -0.4488,
    "spot_flow_signal": -0.14872392861559305,
    "regime": "unknown",
    "btc_distance_atr": 0.396,
    "worst_at": 1781242188.3787668,
    "coinbase_cvd_60s": -0.7443,
    "coinbase_taker_60s": 0.1778,
    "coinbase_taker_n": 295,
    "cross_venue_gap": -84.29,
    "fast_realized_vol_60s": 1.9e-05
  }
}