{
  "position_id": 3051,
  "market_id": "btc-updown-5m-1781243100",
  "side": "Down",
  "timestamp": "2026-06-12T05:58:27.990404+00:00",
  "actual": {
    "exit_reason": "scalp",
    "exit_price": 0.75,
    "pnl": 0.771461,
    "gain_pct": 0.038709
  },
  "counterfactual": {
    "resolution_price": 0.0,
    "pnl": -19.93,
    "gain_pct": -1.0
  },
  "delta_pnl": -20.701461,
  "scalp_was_optimal": true,
  "context_at_scalp": {
    "holding_edge": -0.12286800202963155,
    "model_prob": 0.6671319979703685,
    "market_price": 0.79,
    "seconds_remaining": 136.489485,
    "exit_threshold_used": -0.1,
    "effective_exit_threshold": -0.09994025891459282,
    "loss_cut": false,
    "entry_price": 0.68,
    "fee_rate": 0.07,
    "strike_price": 63311.50312456623,
    "btc_at_scalp": 63299.68,
    "btc_at_expiry": 63318.53686462382,
    "chainlink_price_to_beat": 63311.577464817965,
    "chainlink_final_price": 63318.53686462382,
    "flow_score": 0.3269,
    "spot_flow_signal": -0.04292262936349833,
    "regime": "unknown",
    "btc_distance_atr": -0.446,
    "coinbase_cvd_60s": -0.8163,
    "coinbase_taker_60s": 0.4471,
    "coinbase_taker_n": 435,
    "cross_venue_gap": -77.56,
    "fast_realized_vol_60s": 9.9e-05
  }
}