{
  "position_id": 3061,
  "market_id": "btc-updown-5m-1781244300",
  "side": "Down",
  "timestamp": "2026-06-12T06:15:52.237174+00:00",
  "actual": {
    "exit_reason": "hold",
    "exit_price": 1.0,
    "pnl": 26.163466,
    "gain_pct": 0.673448
  },
  "counterfactual": {
    "exit_reason": "hypothetical_scalp",
    "exit_price": 0.99,
    "pnl": 25.468277,
    "gain_pct": 0.655554
  },
  "delta_pnl": 0.695189,
  "hold_was_optimal": true,
  "context_at_worst_moment": {
    "holding_edge": 0.009138912854118275,
    "model_prob": 0.9991389128541183,
    "market_price": 0.99,
    "seconds_remaining": 34.612195,
    "exit_threshold_used": -0.1,
    "strike_price": 63311.01341,
    "btc_at_worst": 63253.57,
    "flow_score": -0.7434,
    "spot_flow_signal": 0.19586542987341643,
    "regime": "unknown",
    "btc_distance_atr": -1.834,
    "worst_at": 1781244565.5301528,
    "coinbase_cvd_60s": 3.853,
    "coinbase_taker_60s": 0.7342,
    "coinbase_taker_n": 521,
    "cross_venue_gap": -90.43,
    "fast_realized_vol_60s": 9.6e-05
  }
}