{
  "position_id": 3065,
  "market_id": "btc-updown-5m-1781244900",
  "side": "Down",
  "timestamp": "2026-06-12T06:24:23.706333+00:00",
  "actual": {
    "exit_reason": "hold",
    "exit_price": 1.0,
    "pnl": 13.483622,
    "gain_pct": 0.792222
  },
  "counterfactual": {
    "exit_reason": "hypothetical_scalp",
    "exit_price": 0.99,
    "pnl": 13.157447,
    "gain_pct": 0.773058
  },
  "delta_pnl": 0.326175,
  "hold_was_optimal": true,
  "context_at_worst_moment": {
    "holding_edge": 0.0066487809295410205,
    "model_prob": 0.996648780929541,
    "market_price": 0.99,
    "seconds_remaining": 91.586018,
    "exit_threshold_used": -0.1,
    "strike_price": 63214.408011655556,
    "btc_at_worst": 63116.51,
    "flow_score": -0.4562,
    "spot_flow_signal": 0.029218656145041693,
    "regime": "unknown",
    "btc_distance_atr": -2.532,
    "worst_at": 1781245108.4146872,
    "coinbase_cvd_60s": 0.2641,
    "coinbase_taker_60s": 0.5557,
    "coinbase_taker_n": 312,
    "cross_venue_gap": -75.49,
    "fast_realized_vol_60s": 4.9e-05
  }
}