{
  "position_id": 3081,
  "market_id": "btc-updown-5m-1781248200",
  "side": "Down",
  "timestamp": "2026-06-12T07:17:31.352582+00:00",
  "actual": {
    "exit_reason": "hold",
    "exit_price": 1.0,
    "pnl": 10.226305,
    "gain_pct": 0.343973
  },
  "counterfactual": {
    "exit_reason": "hypothetical_scalp",
    "exit_price": 0.64,
    "pnl": -4.80238,
    "gain_pct": -0.161533
  },
  "delta_pnl": 15.028685,
  "hold_was_optimal": true,
  "context_at_worst_moment": {
    "holding_edge": -0.14407371361372812,
    "model_prob": 0.4959262863862719,
    "market_price": 0.64,
    "seconds_remaining": 133.791941,
    "exit_threshold_used": -0.1,
    "strike_price": 62999.15562939667,
    "btc_at_worst": 62999.42,
    "flow_score": 0.0922,
    "spot_flow_signal": -0.1297644012898132,
    "regime": "unknown",
    "btc_distance_atr": 0.008,
    "worst_at": 1781248366.2085805,
    "coinbase_cvd_60s": -2.5654,
    "coinbase_taker_60s": 0.3462,
    "coinbase_taker_n": 416,
    "cross_venue_gap": -70.93,
    "fast_realized_vol_60s": 8.2e-05
  }
}