{
  "position_id": 3102,
  "market_id": "btc-updown-5m-1781252700",
  "side": "Up",
  "timestamp": "2026-06-12T08:34:15.326413+00:00",
  "actual": {
    "exit_reason": "hold",
    "exit_price": 1.0,
    "pnl": 8.172554,
    "gain_pct": 0.500769
  },
  "counterfactual": {
    "exit_reason": "hypothetical_scalp",
    "exit_price": 0.51,
    "pnl": -4.257246,
    "gain_pct": -0.260861
  },
  "delta_pnl": 12.4298,
  "hold_was_optimal": true,
  "context_at_worst_moment": {
    "holding_edge": -0.0796146420913057,
    "model_prob": 0.4303853579086943,
    "market_price": 0.51,
    "seconds_remaining": 85.143232,
    "exit_threshold_used": -0.1,
    "strike_price": 63424.269026929476,
    "btc_at_worst": 63418.81,
    "flow_score": 0.3779,
    "spot_flow_signal": -0.04396946599128468,
    "regime": "unknown",
    "btc_distance_atr": -0.132,
    "worst_at": 1781252914.8572886,
    "coinbase_cvd_60s": -0.4954,
    "coinbase_taker_60s": 0.4231,
    "coinbase_taker_n": 313,
    "cross_venue_gap": -90.64,
    "fast_realized_vol_60s": 7.1e-05
  }
}