{
  "position_id": 3104,
  "market_id": "btc-updown-5m-1781253000",
  "side": "Up",
  "timestamp": "2026-06-12T08:40:17.772248+00:00",
  "actual": {
    "exit_reason": "scalp",
    "exit_price": 0.14,
    "pnl": -17.500451,
    "gain_pct": -0.724356
  },
  "counterfactual": {
    "resolution_price": 0.0,
    "pnl": -24.16,
    "gain_pct": -1.0
  },
  "delta_pnl": -6.659549,
  "scalp_was_optimal": true,
  "context_at_scalp": {
    "holding_edge": -0.011008296600148265,
    "model_prob": 0.12899170339985175,
    "market_price": 0.14,
    "seconds_remaining": 44.465837,
    "exit_threshold_used": -0.1,
    "effective_exit_threshold": 0.18355847652015608,
    "loss_cut": true,
    "entry_price": 0.45,
    "fee_rate": 0.07,
    "strike_price": 63444.47620756234,
    "btc_at_scalp": 63421.96,
    "btc_at_expiry": 63411.594687470046,
    "chainlink_price_to_beat": 63445.88222171274,
    "chainlink_final_price": 63411.594687470046,
    "flow_score": -0.3164,
    "spot_flow_signal": -0.09828098172674735,
    "regime": "unknown",
    "btc_distance_atr": -0.669,
    "coinbase_cvd_60s": -1.2025,
    "coinbase_taker_60s": 0.3343,
    "coinbase_taker_n": 374,
    "cross_venue_gap": -90.01,
    "fast_realized_vol_60s": 7.7e-05
  }
}