{
  "position_id": 3109,
  "market_id": "btc-updown-5m-1781253900",
  "side": "Up",
  "timestamp": "2026-06-12T08:55:36.063776+00:00",
  "actual": {
    "exit_reason": "hold",
    "exit_price": 1.0,
    "pnl": 4.863411,
    "gain_pct": 0.293684
  },
  "counterfactual": {
    "exit_reason": "hypothetical_scalp",
    "exit_price": 0.86,
    "pnl": 1.683577,
    "gain_pct": 0.101665
  },
  "delta_pnl": 3.179834,
  "hold_was_optimal": true,
  "context_at_worst_moment": {
    "holding_edge": -0.0005145196904632332,
    "model_prob": 0.8594854803095368,
    "market_price": 0.86,
    "seconds_remaining": 50.674317,
    "exit_threshold_used": -0.1,
    "strike_price": 63308.855546643514,
    "btc_at_worst": 63331.36,
    "flow_score": 0.1792,
    "spot_flow_signal": -0.33400912360445534,
    "regime": "unknown",
    "btc_distance_atr": 0.708,
    "worst_at": 1781254149.327531,
    "coinbase_cvd_60s": -8.2707,
    "coinbase_taker_60s": 0.2028,
    "coinbase_taker_n": 519,
    "cross_venue_gap": -96.9,
    "fast_realized_vol_60s": 7.7e-05
  }
}