{
  "position_id": 3112,
  "market_id": "btc-updown-5m-1781254500",
  "side": "Up",
  "timestamp": "2026-06-12T09:02:17.596812+00:00",
  "actual": {
    "exit_reason": "hold",
    "exit_price": 1.0,
    "pnl": 17.298,
    "gain_pct": 0.93
  },
  "counterfactual": {
    "exit_reason": "hypothetical_scalp",
    "exit_price": 0.99,
    "pnl": 16.914143,
    "gain_pct": 0.909363
  },
  "delta_pnl": 0.383857,
  "hold_was_optimal": true,
  "context_at_worst_moment": {
    "holding_edge": 0.009167958799076947,
    "model_prob": 0.9991679587990769,
    "market_price": 0.99,
    "seconds_remaining": 2.261071,
    "exit_threshold_used": -0.1,
    "strike_price": 63375.7128162263,
    "btc_at_worst": 63391.68,
    "flow_score": 0.7771,
    "spot_flow_signal": -0.10752797387430724,
    "regime": "unknown",
    "btc_distance_atr": 0.75,
    "worst_at": 1781254797.7397976,
    "coinbase_cvd_60s": -0.1383,
    "coinbase_taker_60s": 0.2404,
    "coinbase_taker_n": 205,
    "cross_venue_gap": -81.98,
    "fast_realized_vol_60s": 3e-05
  }
}