{
  "position_id": 3159,
  "market_id": "btc-updown-5m-1781263200",
  "side": "Up",
  "timestamp": "2026-06-12T11:29:58.889284+00:00",
  "actual": {
    "exit_reason": "hold",
    "exit_price": 1.0,
    "pnl": 19.078476,
    "gain_pct": 0.967959
  },
  "counterfactual": {
    "exit_reason": "hypothetical_scalp",
    "exit_price": 0.99,
    "pnl": 18.66371,
    "gain_pct": 0.946916
  },
  "delta_pnl": 0.414765,
  "hold_was_optimal": true,
  "context_at_worst_moment": {
    "holding_edge": 0.006415076562325761,
    "model_prob": 0.9964150765623258,
    "market_price": 0.99,
    "seconds_remaining": 47.251652,
    "exit_threshold_used": -0.1,
    "strike_price": 63694.06566400044,
    "btc_at_worst": 63758.53,
    "flow_score": 0.7544,
    "spot_flow_signal": -0.1687210620409683,
    "regime": "unknown",
    "btc_distance_atr": 2.313,
    "worst_at": 1781263452.7490294,
    "coinbase_cvd_60s": -1.2745,
    "coinbase_taker_60s": 0.1608,
    "coinbase_taker_n": 342,
    "cross_venue_gap": -79.79,
    "fast_realized_vol_60s": 4.7e-05
  }
}