{
  "position_id": 3160,
  "market_id": "btc-updown-5m-1781263500",
  "side": "Up",
  "timestamp": "2026-06-12T11:37:08.960554+00:00",
  "actual": {
    "exit_reason": "scalp",
    "exit_price": 0.3,
    "pnl": -10.252767,
    "gain_pct": -0.47031
  },
  "counterfactual": {
    "resolution_price": 0.0,
    "pnl": -21.8,
    "gain_pct": -1.0
  },
  "delta_pnl": -11.547233,
  "scalp_was_optimal": true,
  "context_at_scalp": {
    "holding_edge": -0.06074653692797788,
    "model_prob": 0.2392534630720221,
    "market_price": 0.3,
    "seconds_remaining": 202.925188,
    "exit_threshold_used": -0.1,
    "effective_exit_threshold": -0.051775146951386186,
    "loss_cut": false,
    "entry_price": 0.51,
    "fee_rate": 0.07,
    "strike_price": 63789.986109716876,
    "btc_at_scalp": 63764.91,
    "btc_at_expiry": 63747.439693185326,
    "chainlink_price_to_beat": 63789.97590009979,
    "chainlink_final_price": 63747.439693185326,
    "flow_score": -0.0771,
    "spot_flow_signal": -0.18458299636095662,
    "regime": "unknown",
    "btc_distance_atr": -0.885,
    "coinbase_cvd_60s": -1.7778,
    "coinbase_taker_60s": 0.1549,
    "coinbase_taker_n": 341,
    "cross_venue_gap": -83.09,
    "fast_realized_vol_60s": 3.9e-05
  }
}