{
  "position_id": 3167,
  "market_id": "btc-updown-5m-1781265000",
  "side": "Down",
  "timestamp": "2026-06-12T12:03:43.252398+00:00",
  "actual": {
    "exit_reason": "scalp",
    "exit_price": 0.34,
    "pnl": -9.681947,
    "gain_pct": -0.492971
  },
  "counterfactual": {
    "resolution_price": 0.0,
    "pnl": -19.64,
    "gain_pct": -1.0
  },
  "delta_pnl": -9.958053,
  "scalp_was_optimal": true,
  "context_at_scalp": {
    "holding_edge": -0.09787841879609743,
    "model_prob": 0.2421215812039026,
    "market_price": 0.34,
    "seconds_remaining": 95.434653,
    "exit_threshold_used": -0.1,
    "effective_exit_threshold": -0.0510210683911778,
    "loss_cut": false,
    "entry_price": 0.6099999999999999,
    "fee_rate": 0.07,
    "strike_price": 63740.53032251248,
    "btc_at_scalp": 63755.08,
    "btc_at_expiry": 63763.17112022845,
    "chainlink_price_to_beat": 63739.44870251248,
    "chainlink_final_price": 63763.17112022845,
    "flow_score": 0.4051,
    "spot_flow_signal": 0.14743738705358492,
    "regime": "unknown",
    "btc_distance_atr": 0.58,
    "coinbase_cvd_60s": 0.6687,
    "coinbase_taker_60s": 0.8491,
    "coinbase_taker_n": 340,
    "cross_venue_gap": -72.41,
    "fast_realized_vol_60s": 4.9e-05
  }
}