{
  "position_id": 3182,
  "market_id": "btc-updown-5m-1781268300",
  "side": "Down",
  "timestamp": "2026-06-12T12:56:51.408729+00:00",
  "actual": {
    "exit_reason": "scalp",
    "exit_price": 0.26086912200776463,
    "pnl": -12.092872,
    "gain_pct": -0.607072
  },
  "counterfactual": {
    "resolution_price": 0.0,
    "pnl": -19.92,
    "gain_pct": -1.0
  },
  "delta_pnl": -7.827128,
  "scalp_was_optimal": true,
  "context_at_scalp": {
    "holding_edge": -0.050579704543851856,
    "model_prob": 0.21942029545614816,
    "market_price": 0.27,
    "seconds_remaining": 225.206327,
    "exit_threshold_used": -0.1,
    "effective_exit_threshold": -0.050576209764259424,
    "loss_cut": false,
    "entry_price": 0.6,
    "fee_rate": 0.07,
    "strike_price": 63356.27754,
    "btc_at_scalp": 63391.67,
    "btc_at_expiry": 63429.46108,
    "chainlink_price_to_beat": 63356.75094,
    "chainlink_final_price": 63429.46108,
    "flow_score": 0.3925,
    "spot_flow_signal": 0.03556167226060379,
    "regime": "unknown",
    "btc_distance_atr": 0.941,
    "coinbase_cvd_60s": 0.2089,
    "coinbase_taker_60s": 0.5741,
    "coinbase_taker_n": 340,
    "cross_venue_gap": -77.63,
    "fast_realized_vol_60s": 7.2e-05
  }
}