{
  "position_id": 3200,
  "market_id": "btc-updown-5m-1777094700",
  "side": "Down",
  "weight_version": "weights_v001",
  "timestamp": "2026-04-25T05:37:11.877120+00:00",
  "actual": {
    "exit_reason": "hold",
    "exit_price": 1.0,
    "pnl": 9.631394,
    "gain_pct": 0.57673
  },
  "counterfactual": {
    "exit_reason": "hypothetical_scalp",
    "exit_price": 0.95,
    "pnl": 8.292311,
    "gain_pct": 0.496546
  },
  "delta_pnl": 1.339083,
  "hold_was_optimal": true,
  "context_at_worst_moment": {
    "holding_edge": -0.14883787160315165,
    "model_prob": 0.8011621283968483,
    "market_price": 0.95,
    "seconds_remaining": 20.271242,
    "exit_threshold_used": -0.04,
    "strike_price": 77548.43053090673,
    "btc_at_worst": 77541.11,
    "worst_at": 1777094979.8659804
  }
}