{
  "position_id": 3207,
  "market_id": "btc-updown-5m-1781272200",
  "side": "Down",
  "timestamp": "2026-06-12T13:57:31.251742+00:00",
  "actual": {
    "exit_reason": "hold",
    "exit_price": 1.0,
    "pnl": 20.168456,
    "gain_pct": 1.232791
  },
  "counterfactual": {
    "exit_reason": "hypothetical_scalp",
    "exit_price": 0.98,
    "pnl": 19.38777,
    "gain_pct": 1.185071
  },
  "delta_pnl": 0.780686,
  "hold_was_optimal": true,
  "context_at_worst_moment": {
    "holding_edge": -0.0030773480371463213,
    "model_prob": 0.9769226519628537,
    "market_price": 0.98,
    "seconds_remaining": 15.844986,
    "exit_threshold_used": -0.1,
    "strike_price": 63139.205795,
    "btc_at_worst": 63091.81,
    "flow_score": 0.4819,
    "spot_flow_signal": -0.06076773584144568,
    "regime": "unknown",
    "btc_distance_atr": -0.674,
    "worst_at": 1781272484.1563933,
    "coinbase_cvd_60s": -1.3497,
    "coinbase_taker_60s": 0.438,
    "coinbase_taker_n": 718,
    "cross_venue_gap": -76.19,
    "fast_realized_vol_60s": 0.000116
  }
}