{
  "position_id": 3220,
  "market_id": "btc-updown-5m-1781274900",
  "side": "Down",
  "timestamp": "2026-06-12T14:50:13.894284+00:00",
  "actual": {
    "exit_reason": "scalp",
    "exit_price": 0.56,
    "pnl": -1.883803,
    "gain_pct": -0.094474
  },
  "counterfactual": {
    "resolution_price": 0.0,
    "pnl": -19.94,
    "gain_pct": -1.0
  },
  "delta_pnl": -18.056197,
  "scalp_was_optimal": true,
  "context_at_scalp": {
    "holding_edge": -0.3129572178234271,
    "model_prob": 0.25704278217657284,
    "market_price": 0.57,
    "seconds_remaining": 192.701618,
    "exit_threshold_used": -0.1,
    "effective_exit_threshold": -0.07534744868250777,
    "loss_cut": false,
    "entry_price": 0.57,
    "fee_rate": 0.07,
    "strike_price": 63641.34213624187,
    "btc_at_scalp": 63702.17,
    "btc_at_expiry": 63675.0478030526,
    "chainlink_price_to_beat": 63636.55775507376,
    "chainlink_final_price": 63675.0478030526,
    "flow_score": -0.211,
    "spot_flow_signal": 0.24291215368429747,
    "regime": "unknown",
    "btc_distance_atr": 0.746,
    "coinbase_cvd_60s": 11.0166,
    "coinbase_taker_60s": 0.6132,
    "coinbase_taker_n": 1595,
    "cross_venue_gap": -48.47,
    "fast_realized_vol_60s": 0.000225
  }
}