{
  "position_id": 3230,
  "market_id": "btc-updown-5m-1781276400",
  "side": "Down",
  "timestamp": "2026-06-12T15:15:17.044127+00:00",
  "actual": {
    "exit_reason": "scalp",
    "exit_price": 0.38,
    "pnl": -5.644804,
    "gain_pct": -0.337608
  },
  "counterfactual": {
    "resolution_price": 1.0,
    "pnl": 14.353477,
    "gain_pct": 0.858462
  },
  "delta_pnl": 19.998281,
  "scalp_was_optimal": false,
  "context_at_scalp": {
    "holding_edge": -0.09174042341993582,
    "model_prob": 0.2882595765800642,
    "market_price": 0.38,
    "seconds_remaining": 279.608586,
    "exit_threshold_used": -0.1,
    "effective_exit_threshold": -0.07693662085578833,
    "loss_cut": false,
    "entry_price": 0.52,
    "fee_rate": 0.07,
    "strike_price": 63953.30101046268,
    "btc_at_scalp": 64014.06,
    "btc_at_expiry": 63876.242889612644,
    "chainlink_price_to_beat": 63949.772620797914,
    "chainlink_final_price": 63876.242889612644,
    "flow_score": -0.0193,
    "spot_flow_signal": 0.9382210404128701,
    "regime": "unknown",
    "btc_distance_atr": 0.691,
    "coinbase_cvd_60s": 61.4354,
    "coinbase_taker_60s": 0.9123,
    "coinbase_taker_n": 1336,
    "cross_venue_gap": -54.86,
    "fast_realized_vol_60s": 0.00016
  }
}