{
  "position_id": 3231,
  "market_id": "btc-updown-5m-1781276400",
  "side": "Up",
  "timestamp": "2026-06-12T15:15:17.075868+00:00",
  "actual": {
    "exit_reason": "scalp",
    "exit_price": 0.6,
    "pnl": -2.291663,
    "gain_pct": -0.129035
  },
  "counterfactual": {
    "resolution_price": 0.0,
    "pnl": -17.76,
    "gain_pct": -1.0
  },
  "delta_pnl": -15.468337,
  "scalp_was_optimal": true,
  "context_at_scalp": {
    "holding_edge": -0.06612659092998097,
    "model_prob": 0.533873409070019,
    "market_price": 0.6,
    "seconds_remaining": 91.756775,
    "exit_threshold_used": -0.1,
    "effective_exit_threshold": -0.06383148658189974,
    "loss_cut": false,
    "entry_price": 0.64,
    "fee_rate": 0.07,
    "strike_price": 63953.30101046268,
    "btc_at_scalp": 63959.17,
    "btc_at_expiry": 63876.242889612644,
    "chainlink_price_to_beat": 63949.772620797914,
    "chainlink_final_price": 63876.242889612644,
    "flow_score": -0.3495,
    "spot_flow_signal": -0.17428222639000496,
    "regime": "unknown",
    "btc_distance_atr": 0.062,
    "coinbase_cvd_60s": -4.8306,
    "coinbase_taker_60s": 0.3759,
    "coinbase_taker_n": 1070,
    "cross_venue_gap": -56.7,
    "fast_realized_vol_60s": 0.00014
  }
}