{
  "position_id": 3244,
  "market_id": "btc-updown-5m-1781278500",
  "side": "Up",
  "timestamp": "2026-06-12T15:47:57.318863+00:00",
  "actual": {
    "exit_reason": "scalp",
    "exit_price": 0.77,
    "pnl": -0.221703,
    "gain_pct": -0.010165
  },
  "counterfactual": {
    "resolution_price": 1.0,
    "pnl": 7.252241,
    "gain_pct": 0.332519
  },
  "delta_pnl": 7.473944,
  "scalp_was_optimal": false,
  "context_at_scalp": {
    "holding_edge": -0.10254253435123373,
    "model_prob": 0.6674574656487663,
    "market_price": 0.77,
    "seconds_remaining": 187.114371,
    "exit_threshold_used": -0.1,
    "effective_exit_threshold": -0.09651870901005123,
    "loss_cut": false,
    "entry_price": 0.7366225467822912,
    "fee_rate": 0.07,
    "strike_price": 63894.20221504247,
    "btc_at_scalp": 63933.96,
    "btc_at_expiry": 63909.5226184649,
    "chainlink_price_to_beat": 63891.011912198635,
    "chainlink_final_price": 63909.5226184649,
    "flow_score": 0.0769,
    "spot_flow_signal": -0.22392423129357564,
    "regime": "unknown",
    "btc_distance_atr": 0.471,
    "coinbase_cvd_60s": -4.5633,
    "coinbase_taker_60s": 0.2559,
    "coinbase_taker_n": 792,
    "cross_venue_gap": -48.4,
    "fast_realized_vol_60s": 0.000122
  }
}