{
  "position_id": 3251,
  "market_id": "btc-updown-5m-1781280000",
  "side": "Up",
  "timestamp": "2026-06-12T16:09:54.213313+00:00",
  "actual": {
    "exit_reason": "hold",
    "exit_price": 1.0,
    "pnl": 44.449129,
    "gain_pct": 1.284286
  },
  "counterfactual": {
    "exit_reason": "hypothetical_scalp",
    "exit_price": 0.99,
    "pnl": 43.603749,
    "gain_pct": 1.25986
  },
  "delta_pnl": 0.845379,
  "hold_was_optimal": true,
  "context_at_worst_moment": {
    "holding_edge": -0.0002622979148019233,
    "model_prob": 0.9897377020851981,
    "market_price": 0.99,
    "seconds_remaining": 31.025709,
    "exit_threshold_used": -0.1,
    "strike_price": 63537.57505730571,
    "btc_at_worst": 63656.45,
    "flow_score": 0.6457,
    "spot_flow_signal": 0.28149166375944645,
    "regime": "unknown",
    "btc_distance_atr": 1.387,
    "worst_at": 1781280268.9771729,
    "coinbase_cvd_60s": 8.6521,
    "coinbase_taker_60s": 0.6424,
    "coinbase_taker_n": 1154,
    "cross_venue_gap": -47.56,
    "fast_realized_vol_60s": 0.000134
  }
}