{
  "position_id": 3255,
  "market_id": "btc-updown-5m-1781280600",
  "side": "Up",
  "timestamp": "2026-06-12T16:21:09.960454+00:00",
  "actual": {
    "exit_reason": "hold",
    "exit_price": 1.0,
    "pnl": 7.590068,
    "gain_pct": 0.126818
  },
  "counterfactual": {
    "exit_reason": "hypothetical_scalp",
    "exit_price": 0.99,
    "pnl": 6.868932,
    "gain_pct": 0.114769
  },
  "delta_pnl": 0.721137,
  "hold_was_optimal": true,
  "context_at_worst_moment": {
    "holding_edge": -0.014256332749179368,
    "model_prob": 0.9757436672508206,
    "market_price": 0.99,
    "seconds_remaining": 40.898187,
    "exit_threshold_used": -0.1,
    "strike_price": 63718.10167710166,
    "btc_at_worst": 63812.76,
    "flow_score": 0.5391,
    "spot_flow_signal": 0.16376995936665184,
    "regime": "unknown",
    "btc_distance_atr": 1.169,
    "worst_at": 1781280859.102705,
    "coinbase_cvd_60s": 3.6485,
    "coinbase_taker_60s": 0.6723,
    "coinbase_taker_n": 868,
    "cross_venue_gap": -43.24,
    "fast_realized_vol_60s": 0.000144
  }
}