{
  "position_id": 3269,
  "market_id": "btc-updown-5m-1781284200",
  "side": "Down",
  "timestamp": "2026-06-12T17:21:18.858357+00:00",
  "actual": {
    "exit_reason": "hold",
    "exit_price": 1.0,
    "pnl": 6.019521,
    "gain_pct": 0.343973
  },
  "counterfactual": {
    "exit_reason": "hypothetical_scalp",
    "exit_price": 0.99,
    "pnl": 5.768026,
    "gain_pct": 0.329602
  },
  "delta_pnl": 0.251494,
  "hold_was_optimal": true,
  "context_at_worst_moment": {
    "holding_edge": 0.002619453238523639,
    "model_prob": 0.9926194532385236,
    "market_price": 0.99,
    "seconds_remaining": 77.641989,
    "exit_threshold_used": -0.1,
    "strike_price": 63981.166251062896,
    "btc_at_worst": 63861.01,
    "flow_score": -0.5034,
    "spot_flow_signal": -0.23302911828521125,
    "regime": "unknown",
    "btc_distance_atr": -2.851,
    "worst_at": 1781284422.3602333,
    "coinbase_cvd_60s": -3.7434,
    "coinbase_taker_60s": 0.1657,
    "coinbase_taker_n": 629,
    "cross_venue_gap": -33.67,
    "fast_realized_vol_60s": 8.2e-05
  }
}