{
  "position_id": 3317,
  "market_id": "btc-updown-5m-1781293800",
  "side": "Up",
  "timestamp": "2026-06-12T20:01:16.892182+00:00",
  "actual": {
    "exit_reason": "scalp",
    "exit_price": 0.42,
    "pnl": -6.789813,
    "gain_pct": -0.279072
  },
  "counterfactual": {
    "resolution_price": 0.0,
    "pnl": -24.33,
    "gain_pct": -1.0
  },
  "delta_pnl": -17.540187,
  "scalp_was_optimal": true,
  "context_at_scalp": {
    "holding_edge": -0.09311157386319352,
    "model_prob": 0.32688842613680646,
    "market_price": 0.42,
    "seconds_remaining": 277.30805,
    "exit_threshold_used": -0.1,
    "effective_exit_threshold": -0.07724744711465589,
    "loss_cut": false,
    "entry_price": 0.53,
    "fee_rate": 0.07,
    "strike_price": 63615.12934781498,
    "btc_at_scalp": 63598.19,
    "btc_at_expiry": 63582.452495000005,
    "chainlink_price_to_beat": 63615.656038508336,
    "chainlink_final_price": 63582.452495000005,
    "flow_score": -0.5284,
    "spot_flow_signal": 0.19450448925564107,
    "regime": "unknown",
    "btc_distance_atr": -0.561,
    "coinbase_cvd_60s": 3.6884,
    "coinbase_taker_60s": 0.7426,
    "coinbase_taker_n": 593,
    "cross_venue_gap": -40.04,
    "fast_realized_vol_60s": 8.6e-05
  }
}