{
  "position_id": 3322,
  "market_id": "btc-updown-5m-1781294400",
  "side": "Up",
  "timestamp": "2026-06-12T20:14:18.278264+00:00",
  "actual": {
    "exit_reason": "scalp",
    "exit_price": 0.63,
    "pnl": -8.420374,
    "gain_pct": -0.275446
  },
  "counterfactual": {
    "resolution_price": 1.0,
    "pnl": 6.240754,
    "gain_pct": 0.204146
  },
  "delta_pnl": 14.661128,
  "scalp_was_optimal": false,
  "context_at_scalp": {
    "holding_edge": -0.08877596782304453,
    "model_prob": 0.5412240321769555,
    "market_price": 0.63,
    "seconds_remaining": 146.939069,
    "exit_threshold_used": -0.1,
    "effective_exit_threshold": -0.07454343930307805,
    "loss_cut": false,
    "entry_price": 0.82,
    "fee_rate": 0.07,
    "strike_price": 63569.538155,
    "btc_at_scalp": 63572.0,
    "btc_at_expiry": 63622.783507207794,
    "chainlink_price_to_beat": 63557.92424,
    "chainlink_final_price": 63622.783507207794,
    "flow_score": 0.1675,
    "spot_flow_signal": -0.03700143519597059,
    "regime": "unknown",
    "btc_distance_atr": 0.086,
    "coinbase_cvd_60s": -0.4916,
    "coinbase_taker_60s": 0.4419,
    "coinbase_taker_n": 699,
    "cross_venue_gap": -34.0,
    "fast_realized_vol_60s": 8.9e-05
  }
}