{
  "position_id": 3325,
  "market_id": "btc-updown-5m-1781294700",
  "side": "Up",
  "timestamp": "2026-06-12T20:18:18.394064+00:00",
  "actual": {
    "exit_reason": "scalp",
    "exit_price": 0.3727281573996329,
    "pnl": -23.952492,
    "gain_pct": -0.569349
  },
  "counterfactual": {
    "resolution_price": 0.0,
    "pnl": -42.07,
    "gain_pct": -1.0
  },
  "delta_pnl": -18.117508,
  "scalp_was_optimal": true,
  "context_at_scalp": {
    "holding_edge": -0.21044834933752235,
    "model_prob": 0.13955165066247763,
    "market_price": 0.35,
    "seconds_remaining": 40.268961,
    "exit_threshold_used": -0.1,
    "effective_exit_threshold": -0.03886363750095023,
    "loss_cut": true,
    "entry_price": 0.8,
    "fee_rate": 0.07,
    "strike_price": 63620.067475,
    "btc_at_scalp": 63605.45,
    "btc_at_expiry": 63538.2562732304,
    "chainlink_price_to_beat": 63622.783507207794,
    "chainlink_final_price": 63538.2562732304,
    "flow_score": 0.4024,
    "spot_flow_signal": -0.17006805155557758,
    "regime": "unknown",
    "btc_distance_atr": -0.501,
    "coinbase_cvd_60s": -4.5256,
    "coinbase_taker_60s": 0.2519,
    "coinbase_taker_n": 585,
    "cross_venue_gap": -34.49,
    "fast_realized_vol_60s": 7.3e-05
  }
}