{
  "position_id": 3333,
  "market_id": "btc-updown-5m-1781296500",
  "side": "Up",
  "timestamp": "2026-06-12T20:46:23.810341+00:00",
  "actual": {
    "exit_reason": "scalp",
    "exit_price": 0.7129328160512637,
    "pnl": 1.48511,
    "gain_pct": 0.075425
  },
  "counterfactual": {
    "resolution_price": 0.0,
    "pnl": -19.69,
    "gain_pct": -1.0
  },
  "delta_pnl": -21.17511,
  "scalp_was_optimal": true,
  "context_at_scalp": {
    "holding_edge": -0.6888853602151437,
    "model_prob": 0.05111463978485634,
    "market_price": 0.74,
    "seconds_remaining": 21.363032,
    "exit_threshold_used": -0.1,
    "effective_exit_threshold": -0.09627225810285339,
    "loss_cut": false,
    "entry_price": 0.62,
    "fee_rate": 0.07,
    "strike_price": 63480.63446666649,
    "btc_at_scalp": 63471.44,
    "btc_at_expiry": 63479.34976918162,
    "chainlink_price_to_beat": 63482.612372231284,
    "chainlink_final_price": 63479.34976918162,
    "flow_score": -0.5065,
    "spot_flow_signal": 0.32134170509830856,
    "regime": "unknown",
    "btc_distance_atr": -0.55,
    "coinbase_cvd_60s": 6.7877,
    "coinbase_taker_60s": 0.8581,
    "coinbase_taker_n": 309,
    "cross_venue_gap": -48.32,
    "fast_realized_vol_60s": 5.8e-05
  }
}