{
  "position_id": 3345,
  "market_id": "btc-updown-5m-1781298300",
  "side": "Down",
  "timestamp": "2026-06-12T21:19:55.372600+00:00",
  "actual": {
    "exit_reason": "scalp",
    "exit_price": 0.34,
    "pnl": -5.741016,
    "gain_pct": -0.374251
  },
  "counterfactual": {
    "resolution_price": 0.0,
    "pnl": -15.34,
    "gain_pct": -1.0
  },
  "delta_pnl": -9.598984,
  "scalp_was_optimal": true,
  "context_at_scalp": {
    "holding_edge": -0.07951859239757281,
    "model_prob": 0.2604814076024272,
    "market_price": 0.34,
    "seconds_remaining": 276.943748,
    "exit_threshold_used": -0.1,
    "effective_exit_threshold": -0.07586389447870703,
    "loss_cut": false,
    "entry_price": 0.49,
    "fee_rate": 0.07,
    "strike_price": 63406.346552466995,
    "btc_at_scalp": 63422.9,
    "btc_at_expiry": 63528.05169164476,
    "chainlink_price_to_beat": 63406.72446867538,
    "chainlink_final_price": 63528.05169164476,
    "flow_score": -0.0079,
    "spot_flow_signal": -0.023527770652203635,
    "regime": "unknown",
    "btc_distance_atr": 0.691,
    "coinbase_cvd_60s": -0.1766,
    "coinbase_taker_60s": 0.4792,
    "coinbase_taker_n": 344,
    "cross_venue_gap": -43.18,
    "fast_realized_vol_60s": 5e-05
  }
}