{
  "position_id": 3349,
  "market_id": "btc-updown-5m-1781298900",
  "side": "Down",
  "timestamp": "2026-06-12T21:27:56.377812+00:00",
  "actual": {
    "exit_reason": "scalp",
    "exit_price": 0.35,
    "pnl": -8.40017,
    "gain_pct": -0.379754
  },
  "counterfactual": {
    "resolution_price": 0.0,
    "pnl": -22.12,
    "gain_pct": -1.0
  },
  "delta_pnl": -13.71983,
  "scalp_was_optimal": true,
  "context_at_scalp": {
    "holding_edge": -0.09115078048252345,
    "model_prob": 0.28884921951747655,
    "market_price": 0.38,
    "seconds_remaining": 265.087702,
    "exit_threshold_used": -0.1,
    "effective_exit_threshold": -0.07534616416420054,
    "loss_cut": false,
    "entry_price": 0.51,
    "fee_rate": 0.07,
    "strike_price": 63567.20750037005,
    "btc_at_scalp": 63582.81,
    "btc_at_expiry": 63568.62359078813,
    "chainlink_price_to_beat": 63566.94299026037,
    "chainlink_final_price": 63568.62359078813,
    "flow_score": 0.4302,
    "spot_flow_signal": -0.05719687867602361,
    "regime": "unknown",
    "btc_distance_atr": 0.607,
    "coinbase_cvd_60s": -0.3496,
    "coinbase_taker_60s": 0.3846,
    "coinbase_taker_n": 308,
    "cross_venue_gap": -35.09,
    "fast_realized_vol_60s": 3.1e-05
  }
}