{
  "position_id": 335,
  "market_id": "btc-updown-5m-1776187500",
  "side": "Down",
  "weight_version": "weights_v001",
  "timestamp": "2026-04-14T17:33:22.843168+00:00",
  "actual": {
    "exit_reason": "hold",
    "exit_price": 1.0,
    "pnl": 4.146222,
    "gain_pct": 0.230346
  },
  "counterfactual": {
    "exit_reason": "hypothetical_scalp",
    "exit_price": 1.0,
    "pnl": 4.146222,
    "gain_pct": 0.230346
  },
  "delta_pnl": 0.0,
  "hold_was_optimal": true,
  "context_at_worst_moment": {
    "holding_edge": -0.0010820396099952,
    "model_prob": 0.9989179603900048,
    "market_price": 1.0,
    "seconds_remaining": 67.528453,
    "exit_threshold_used": -0.05,
    "strike_price": 74887.10263870822,
    "btc_at_worst": 74768.34,
    "worst_at": 1776187732.627797
  }
}