{
  "position_id": 3363,
  "market_id": "btc-updown-5m-1781301300",
  "side": "Down",
  "timestamp": "2026-06-12T22:08:02.280825+00:00",
  "actual": {
    "exit_reason": "scalp",
    "exit_price": 0.21,
    "pnl": -11.053974,
    "gain_pct": -0.617196
  },
  "counterfactual": {
    "resolution_price": 1.0,
    "pnl": 17.336149,
    "gain_pct": 0.967959
  },
  "delta_pnl": 28.390123,
  "scalp_was_optimal": false,
  "context_at_scalp": {
    "holding_edge": 0.023213817265628073,
    "model_prob": 0.23321381726562807,
    "market_price": 0.21,
    "seconds_remaining": 76.18568,
    "exit_threshold_used": -0.1,
    "effective_exit_threshold": 0.0649415951653046,
    "loss_cut": true,
    "entry_price": 0.49,
    "fee_rate": 0.07,
    "strike_price": 63450.14105453897,
    "btc_at_scalp": 63464.3,
    "btc_at_expiry": 63442.98868337528,
    "chainlink_price_to_beat": 63447.868805679835,
    "chainlink_final_price": 63442.98868337528,
    "flow_score": -0.1129,
    "spot_flow_signal": -0.008624210695155336,
    "regime": "unknown",
    "btc_distance_atr": 0.579,
    "coinbase_cvd_60s": -0.3222,
    "coinbase_taker_60s": 0.4212,
    "coinbase_taker_n": 301,
    "cross_venue_gap": -42.14,
    "fast_realized_vol_60s": 7.9e-05
  }
}