{
  "position_id": 3381,
  "market_id": "btc-updown-5m-1781304000",
  "side": "Up",
  "timestamp": "2026-06-12T22:50:49.100259+00:00",
  "actual": {
    "exit_reason": "hold",
    "exit_price": 1.0,
    "pnl": 6.655247,
    "gain_pct": 0.114944
  },
  "counterfactual": {
    "exit_reason": "hypothetical_scalp",
    "exit_price": 0.88,
    "pnl": -1.568575,
    "gain_pct": -0.027091
  },
  "delta_pnl": 8.223822,
  "hold_was_optimal": true,
  "context_at_worst_moment": {
    "holding_edge": 0.004589497217922123,
    "model_prob": 0.8845894972179221,
    "market_price": 0.88,
    "seconds_remaining": 40.006904,
    "exit_threshold_used": -0.1,
    "strike_price": 63456.62096,
    "btc_at_worst": 63468.24,
    "flow_score": -0.2851,
    "spot_flow_signal": 0.08369199619783337,
    "regime": "unknown",
    "btc_distance_atr": 0.585,
    "worst_at": 1781304259.9936976,
    "coinbase_cvd_60s": 0.5135,
    "coinbase_taker_60s": 0.675,
    "coinbase_taker_n": 321,
    "cross_venue_gap": -41.76,
    "fast_realized_vol_60s": 4e-05
  }
}