{
  "position_id": 3382,
  "market_id": "btc-updown-5m-1781304300",
  "side": "Down",
  "timestamp": "2026-06-12T22:57:07.256980+00:00",
  "actual": {
    "exit_reason": "scalp",
    "exit_price": 0.40127338730852513,
    "pnl": -8.751721,
    "gain_pct": -0.27247
  },
  "counterfactual": {
    "resolution_price": 1.0,
    "pnl": 29.8716,
    "gain_pct": 0.93
  },
  "delta_pnl": 38.623321,
  "scalp_was_optimal": false,
  "context_at_scalp": {
    "holding_edge": -0.0933615504123303,
    "model_prob": 0.2666384495876697,
    "market_price": 0.36,
    "seconds_remaining": 272.185457,
    "exit_threshold_used": -0.1,
    "effective_exit_threshold": -0.07576487314181835,
    "loss_cut": false,
    "entry_price": 0.5,
    "fee_rate": 0.07,
    "strike_price": 63475.84134791162,
    "btc_at_scalp": 63490.0,
    "btc_at_expiry": 63467.64906243762,
    "chainlink_price_to_beat": 63476.16488391787,
    "chainlink_final_price": 63467.64906243762,
    "flow_score": 0.0014,
    "spot_flow_signal": 0.14749620689552598,
    "regime": "unknown",
    "btc_distance_atr": 0.752,
    "coinbase_cvd_60s": 0.634,
    "coinbase_taker_60s": 0.8198,
    "coinbase_taker_n": 336,
    "cross_venue_gap": null,
    "fast_realized_vol_60s": 4.8e-05
  }
}