{
  "position_id": 3400,
  "market_id": "btc-updown-5m-1781306700",
  "side": "Down",
  "timestamp": "2026-06-12T23:37:17.464618+00:00",
  "actual": {
    "exit_reason": "scalp",
    "exit_price": 0.25,
    "pnl": -14.961005,
    "gain_pct": -0.656472
  },
  "counterfactual": {
    "resolution_price": 1.0,
    "pnl": 10.918482,
    "gain_pct": 0.479091
  },
  "delta_pnl": 25.879487,
  "scalp_was_optimal": false,
  "context_at_scalp": {
    "holding_edge": -0.24515051590032844,
    "model_prob": 0.004849484099671564,
    "market_price": 0.25,
    "seconds_remaining": 89.998733,
    "exit_threshold_used": -0.1,
    "effective_exit_threshold": 0.020837175865569095,
    "loss_cut": true,
    "entry_price": 0.6600000000000001,
    "fee_rate": 0.07,
    "strike_price": 63407.7389376391,
    "btc_at_scalp": 63433.14,
    "btc_at_expiry": 63418.6549364585,
    "chainlink_price_to_beat": 63420.14474288656,
    "chainlink_final_price": 63418.6549364585,
    "flow_score": -0.1881,
    "spot_flow_signal": 0.08993091412140755,
    "regime": "unknown",
    "btc_distance_atr": 2.011,
    "coinbase_cvd_60s": 0.5705,
    "coinbase_taker_60s": 0.7277,
    "coinbase_taker_n": 291,
    "cross_venue_gap": -32.0,
    "fast_realized_vol_60s": 4.2e-05
  }
}