{
  "position_id": 3401,
  "market_id": "btc-updown-5m-1777186800",
  "side": "Down",
  "weight_version": "weights_v001",
  "timestamp": "2026-04-26T07:10:04.808097+00:00",
  "actual": {
    "exit_reason": "hold",
    "exit_price": 1.0,
    "pnl": 10.958103,
    "gain_pct": 0.711103
  },
  "counterfactual": {
    "exit_reason": "hypothetical_scalp",
    "exit_price": 1.0,
    "pnl": 10.958103,
    "gain_pct": 0.711103
  },
  "delta_pnl": 0.0,
  "hold_was_optimal": true,
  "context_at_worst_moment": {
    "holding_edge": -0.08660089695875961,
    "model_prob": 0.9133991030412404,
    "market_price": 1.0,
    "seconds_remaining": 0.334576,
    "exit_threshold_used": -0.02,
    "strike_price": 78032.96706046071,
    "btc_at_worst": 78016.76,
    "worst_at": 1777187099.7987492
  }
}