{
  "position_id": 3406,
  "market_id": "btc-updown-5m-1781307300",
  "side": "Up",
  "timestamp": "2026-06-12T23:44:46.560778+00:00",
  "actual": {
    "exit_reason": "hold",
    "exit_price": 1.0,
    "pnl": 7.9794,
    "gain_pct": 0.293684
  },
  "counterfactual": {
    "exit_reason": "hypothetical_scalp",
    "exit_price": 0.72,
    "pnl": -2.35846,
    "gain_pct": -0.086804
  },
  "delta_pnl": 10.33786,
  "hold_was_optimal": true,
  "context_at_worst_moment": {
    "holding_edge": -0.024749378677300315,
    "model_prob": 0.6952506213226997,
    "market_price": 0.72,
    "seconds_remaining": 136.123827,
    "exit_threshold_used": -0.1,
    "strike_price": 63407.62487497426,
    "btc_at_worst": 63415.06,
    "flow_score": -0.0553,
    "spot_flow_signal": 0.14909321586149493,
    "regime": "unknown",
    "btc_distance_atr": 0.294,
    "worst_at": 1781307463.8767467,
    "coinbase_cvd_60s": 1.0299,
    "coinbase_taker_60s": 0.8041,
    "coinbase_taker_n": 337,
    "cross_venue_gap": -43.65,
    "fast_realized_vol_60s": 2.7e-05
  }
}