{
  "position_id": 340,
  "market_id": "btc-updown-5m-1776188400",
  "side": "Up",
  "weight_version": "weights_v001",
  "timestamp": "2026-04-14T17:48:23.819720+00:00",
  "actual": {
    "exit_reason": "hold",
    "exit_price": 1.0,
    "pnl": 6.564224,
    "gain_pct": 0.803455
  },
  "counterfactual": {
    "exit_reason": "hypothetical_scalp",
    "exit_price": 1.0,
    "pnl": 6.564224,
    "gain_pct": 0.803455
  },
  "delta_pnl": 0.0,
  "hold_was_optimal": true,
  "context_at_worst_moment": {
    "holding_edge": -0.0022499763154322228,
    "model_prob": 0.9977500236845678,
    "market_price": 1.0,
    "seconds_remaining": 82.149106,
    "exit_threshold_used": -0.05,
    "strike_price": 74411.71668921446,
    "btc_at_worst": 74611.13,
    "worst_at": 1776188618.0734518
  }
}