{
  "position_id": 3422,
  "market_id": "btc-updown-5m-1781310300",
  "side": "Down",
  "timestamp": "2026-06-13T00:36:20.708926+00:00",
  "actual": {
    "exit_reason": "scalp",
    "exit_price": 0.4699999999999999,
    "pnl": -1.317852,
    "gain_pct": -0.232016
  },
  "counterfactual": {
    "resolution_price": 1.0,
    "pnl": 4.150457,
    "gain_pct": 0.730714
  },
  "delta_pnl": 5.468309,
  "scalp_was_optimal": false,
  "context_at_scalp": {
    "holding_edge": -0.08871991334528923,
    "model_prob": 0.32128008665471075,
    "market_price": 0.41,
    "seconds_remaining": 280.475342,
    "exit_threshold_used": -0.1,
    "effective_exit_threshold": -0.07747123421717332,
    "loss_cut": false,
    "entry_price": 0.56,
    "fee_rate": 0.07,
    "strike_price": 63540.442085,
    "btc_at_scalp": 63547.99,
    "btc_at_expiry": 63493.468145000006,
    "chainlink_price_to_beat": 63540.49768529113,
    "chainlink_final_price": 63493.468145000006,
    "flow_score": -0.4847,
    "spot_flow_signal": -0.4607169184115541,
    "regime": "unknown",
    "btc_distance_atr": 0.514,
    "coinbase_cvd_60s": -11.9294,
    "coinbase_taker_60s": 0.0987,
    "coinbase_taker_n": 539,
    "cross_venue_gap": -38.83,
    "fast_realized_vol_60s": 6.1e-05
  }
}