{
  "position_id": 3425,
  "market_id": "btc-updown-5m-1781310600",
  "side": "Down",
  "timestamp": "2026-06-13T00:42:50.816327+00:00",
  "actual": {
    "exit_reason": "scalp",
    "exit_price": 0.24,
    "pnl": -2.860436,
    "gain_pct": -0.593451
  },
  "counterfactual": {
    "resolution_price": 0.0,
    "pnl": -4.82,
    "gain_pct": -1.0
  },
  "delta_pnl": -1.959564,
  "scalp_was_optimal": true,
  "context_at_scalp": {
    "holding_edge": -0.08271116871905881,
    "model_prob": 0.16728883128094119,
    "market_price": 0.25,
    "seconds_remaining": 213.993659,
    "exit_threshold_used": -0.1,
    "effective_exit_threshold": -0.04749632031387992,
    "loss_cut": false,
    "entry_price": 0.53,
    "fee_rate": 0.07,
    "strike_price": 63493.47407,
    "btc_at_scalp": 63510.18,
    "btc_at_expiry": 63527.31374,
    "chainlink_price_to_beat": 63493.468145000006,
    "chainlink_final_price": 63527.31374,
    "flow_score": 0.4718,
    "spot_flow_signal": -0.02307983295019518,
    "regime": "unknown",
    "btc_distance_atr": 0.961,
    "coinbase_cvd_60s": -0.138,
    "coinbase_taker_60s": 0.4507,
    "coinbase_taker_n": 221,
    "cross_venue_gap": -39.81,
    "fast_realized_vol_60s": 5.8e-05
  }
}