{
  "position_id": 3438,
  "market_id": "btc-updown-5m-1781312400",
  "side": "Down",
  "timestamp": "2026-06-13T01:12:53.305668+00:00",
  "actual": {
    "exit_reason": "scalp",
    "exit_price": 0.29,
    "pnl": -6.765832,
    "gain_pct": -0.478489
  },
  "counterfactual": {
    "resolution_price": 0.0,
    "pnl": -14.14,
    "gain_pct": -1.0
  },
  "delta_pnl": -7.374168,
  "scalp_was_optimal": true,
  "context_at_scalp": {
    "holding_edge": -0.0676338225209911,
    "model_prob": 0.2223661774790089,
    "market_price": 0.29,
    "seconds_remaining": 192.967909,
    "exit_threshold_used": -0.1,
    "effective_exit_threshold": -0.04986409488417672,
    "loss_cut": false,
    "entry_price": 0.5,
    "fee_rate": 0.07,
    "strike_price": 63576.11125033155,
    "btc_at_scalp": 63588.91,
    "btc_at_expiry": 63593.383085,
    "chainlink_price_to_beat": 63573.995665,
    "chainlink_final_price": 63593.383085,
    "flow_score": -0.2094,
    "spot_flow_signal": 0.1648229322331791,
    "regime": "unknown",
    "btc_distance_atr": 0.764,
    "coinbase_cvd_60s": 0.4764,
    "coinbase_taker_60s": 0.8803,
    "coinbase_taker_n": 215,
    "cross_venue_gap": -37.31,
    "fast_realized_vol_60s": 2.4e-05
  }
}