{
  "position_id": 3472,
  "market_id": "btc-updown-5m-1781318400",
  "side": "Down",
  "timestamp": "2026-06-13T02:48:22.541291+00:00",
  "actual": {
    "exit_reason": "hold",
    "exit_price": 1.0,
    "pnl": 7.535325,
    "gain_pct": 0.2325
  },
  "counterfactual": {
    "exit_reason": "hypothetical_scalp",
    "exit_price": 0.99,
    "pnl": 7.10819,
    "gain_pct": 0.219321
  },
  "delta_pnl": 0.427135,
  "hold_was_optimal": true,
  "context_at_worst_moment": {
    "holding_edge": 0.00960981714462672,
    "model_prob": 0.9996098171446267,
    "market_price": 0.99,
    "seconds_remaining": 58.963507,
    "exit_threshold_used": -0.1,
    "strike_price": 63669.14950981588,
    "btc_at_worst": 63591.49,
    "flow_score": -0.5566,
    "spot_flow_signal": -0.18000200259717847,
    "regime": "unknown",
    "btc_distance_atr": -3.271,
    "worst_at": 1781318641.037434,
    "coinbase_cvd_60s": -3.1223,
    "coinbase_taker_60s": 0.2574,
    "coinbase_taker_n": 366,
    "cross_venue_gap": -38.51,
    "fast_realized_vol_60s": 6.2e-05
  }
}