{
  "position_id": 3473,
  "market_id": "btc-updown-5m-1781318700",
  "side": "Down",
  "timestamp": "2026-06-13T03:00:07.878004+00:00",
  "actual": {
    "exit_reason": "scalp",
    "exit_price": 0.33,
    "pnl": -3.826135,
    "gain_pct": -0.354929
  },
  "counterfactual": {
    "resolution_price": 1.0,
    "pnl": 11.768948,
    "gain_pct": 1.091739
  },
  "delta_pnl": 15.595083,
  "scalp_was_optimal": false,
  "context_at_scalp": {
    "holding_edge": -0.07669383415710457,
    "model_prob": 0.26330616584289546,
    "market_price": 0.34,
    "seconds_remaining": 253.32011,
    "exit_threshold_used": -0.1,
    "effective_exit_threshold": -0.07324102909923424,
    "loss_cut": false,
    "entry_price": 0.46,
    "fee_rate": 0.07,
    "strike_price": 63589.18026489112,
    "btc_at_scalp": 63602.24,
    "btc_at_expiry": 63540.74505169365,
    "chainlink_price_to_beat": 63589.18812716581,
    "chainlink_final_price": 63540.74505169365,
    "flow_score": -0.3834,
    "spot_flow_signal": 0.15769394124766967,
    "regime": "unknown",
    "btc_distance_atr": 0.655,
    "coinbase_cvd_60s": 0.7822,
    "coinbase_taker_60s": 0.8421,
    "coinbase_taker_n": 169,
    "cross_venue_gap": -30.97,
    "fast_realized_vol_60s": 3.7e-05
  }
}