{
  "position_id": 3491,
  "market_id": "btc-updown-5m-1781323500",
  "side": "Down",
  "timestamp": "2026-06-13T04:15:00.004393+00:00",
  "actual": {
    "exit_reason": "hold",
    "exit_price": 1.0,
    "pnl": 7.218849,
    "gain_pct": 0.646271
  },
  "counterfactual": {
    "exit_reason": "hypothetical_scalp",
    "exit_price": 0.43,
    "pnl": -3.578292,
    "gain_pct": -0.320348
  },
  "delta_pnl": 10.797142,
  "hold_was_optimal": true,
  "context_at_worst_moment": {
    "holding_edge": -0.20818664843402773,
    "model_prob": 0.22181335156597226,
    "market_price": 0.43,
    "seconds_remaining": 177.054829,
    "exit_threshold_used": -0.1,
    "strike_price": 63499.201780025665,
    "btc_at_worst": 63508.0,
    "flow_score": 0.4261,
    "spot_flow_signal": 0.07223356554841771,
    "regime": "unknown",
    "btc_distance_atr": 0.704,
    "worst_at": 1781323622.945712,
    "coinbase_cvd_60s": 0.2449,
    "coinbase_taker_60s": 0.662,
    "coinbase_taker_n": 174,
    "cross_venue_gap": -32.0,
    "fast_realized_vol_60s": 3.5e-05
  }
}