{
  "position_id": 3509,
  "market_id": "btc-updown-5m-1781326500",
  "side": "Down",
  "timestamp": "2026-06-13T13:08:28.816631+00:00",
  "actual": {
    "exit_reason": "hold",
    "exit_price": 1.0,
    "pnl": 5.1708,
    "gain_pct": 0.62
  },
  "counterfactual": {
    "exit_reason": "hypothetical_scalp",
    "exit_price": 0.99,
    "pnl": 5.026329,
    "gain_pct": 0.602677
  },
  "delta_pnl": 0.144471,
  "hold_was_optimal": true,
  "context_at_worst_moment": {
    "holding_edge": 0.008921773232641872,
    "model_prob": 0.9989217732326419,
    "market_price": 0.99,
    "seconds_remaining": 118.371348,
    "exit_threshold_used": -0.1,
    "strike_price": 63580.908277114955,
    "btc_at_worst": 63475.95,
    "flow_score": -0.1665,
    "spot_flow_signal": -0.1662744255540347,
    "regime": "unknown",
    "btc_distance_atr": -5.331,
    "worst_at": 1781326681.6305904,
    "coinbase_cvd_60s": -0.8265,
    "coinbase_taker_60s": 0.1394,
    "coinbase_taker_n": 176,
    "cross_venue_gap": -38.06,
    "fast_realized_vol_60s": 5e-05
  }
}