{
  "position_id": 3528,
  "market_id": "btc-updown-5m-1781359500",
  "side": "Up",
  "timestamp": "2026-06-13T14:12:56.997573+00:00",
  "actual": {
    "exit_reason": "hold",
    "exit_price": 1.0,
    "pnl": 3.611943,
    "gain_pct": 0.177143
  },
  "counterfactual": {
    "exit_reason": "hypothetical_scalp",
    "exit_price": 0.98,
    "pnl": 3.098973,
    "gain_pct": 0.151985
  },
  "delta_pnl": 0.51297,
  "hold_was_optimal": true,
  "context_at_worst_moment": {
    "holding_edge": 0.016921960460943075,
    "model_prob": 0.9969219604609431,
    "market_price": 0.98,
    "seconds_remaining": 0.654538,
    "exit_threshold_used": -0.1,
    "strike_price": 64125.880235,
    "btc_at_worst": 64131.37,
    "flow_score": -0.4989,
    "spot_flow_signal": 0.03436002396965156,
    "regime": "unknown",
    "btc_distance_atr": 0.278,
    "worst_at": 1781359799.3461852,
    "coinbase_cvd_60s": 0.0947,
    "coinbase_taker_60s": 0.5796,
    "coinbase_taker_n": 179,
    "cross_venue_gap": -36.32,
    "fast_realized_vol_60s": 4.3e-05
  }
}