{
  "position_id": 3554,
  "market_id": "btc-updown-5m-1781364600",
  "side": "Down",
  "timestamp": "2026-06-13T15:38:30.662709+00:00",
  "actual": {
    "exit_reason": "hold",
    "exit_price": 1.0,
    "pnl": 3.704721,
    "gain_pct": 0.730714
  },
  "counterfactual": {
    "exit_reason": "hypothetical_scalp",
    "exit_price": 0.66,
    "pnl": 0.583483,
    "gain_pct": 0.115085
  },
  "delta_pnl": 3.121239,
  "hold_was_optimal": true,
  "context_at_worst_moment": {
    "holding_edge": -0.01959077330818193,
    "model_prob": 0.6404092266918181,
    "market_price": 0.66,
    "seconds_remaining": 78.881035,
    "exit_threshold_used": -0.1,
    "strike_price": 64251.46525945696,
    "btc_at_worst": 64247.2,
    "flow_score": 0.1936,
    "spot_flow_signal": -0.10576200126821973,
    "regime": "unknown",
    "btc_distance_atr": -0.239,
    "worst_at": 1781364821.1194475,
    "coinbase_cvd_60s": -0.6962,
    "coinbase_taker_60s": 0.282,
    "coinbase_taker_n": 273,
    "cross_venue_gap": -40.11,
    "fast_realized_vol_60s": 5e-05
  }
}