{
  "position_id": 3555,
  "market_id": "btc-updown-5m-1781364900",
  "side": "Down",
  "timestamp": "2026-06-13T15:48:54.513379+00:00",
  "actual": {
    "exit_reason": "scalp",
    "exit_price": 0.35,
    "pnl": -3.124169,
    "gain_pct": -0.300112
  },
  "counterfactual": {
    "resolution_price": 0.0,
    "pnl": -10.41,
    "gain_pct": -1.0
  },
  "delta_pnl": -7.285831,
  "scalp_was_optimal": true,
  "context_at_scalp": {
    "holding_edge": -0.07481621215781553,
    "model_prob": 0.3051837878421845,
    "market_price": 0.38,
    "seconds_remaining": 235.257782,
    "exit_threshold_used": -0.1,
    "effective_exit_threshold": -0.07193598090084563,
    "loss_cut": false,
    "entry_price": 0.45,
    "fee_rate": 0.07,
    "strike_price": 64246.58927047613,
    "btc_at_scalp": 64254.58,
    "btc_at_expiry": 64293.23946070327,
    "chainlink_price_to_beat": 64249.71159862937,
    "chainlink_final_price": 64293.23946070327,
    "flow_score": -0.0226,
    "spot_flow_signal": 0.2618410583391828,
    "regime": "unknown",
    "btc_distance_atr": 0.599,
    "coinbase_cvd_60s": 2.2671,
    "coinbase_taker_60s": 0.9906,
    "coinbase_taker_n": 172,
    "cross_venue_gap": -40.64,
    "fast_realized_vol_60s": 4e-05
  }
}