{
  "position_id": 3565,
  "market_id": "btc-updown-5m-1781366700",
  "side": "Up",
  "timestamp": "2026-06-13T16:14:03.651963+00:00",
  "actual": {
    "exit_reason": "hold",
    "exit_price": 1.0,
    "pnl": 1.4504,
    "gain_pct": 0.07
  },
  "counterfactual": {
    "exit_reason": "hypothetical_scalp",
    "exit_price": 0.99,
    "pnl": 1.213332,
    "gain_pct": 0.058558
  },
  "delta_pnl": 0.237068,
  "hold_was_optimal": true,
  "context_at_worst_moment": {
    "holding_edge": 0.009262500783538075,
    "model_prob": 0.9992625007835381,
    "market_price": 0.99,
    "seconds_remaining": 1.300087,
    "exit_threshold_used": -0.1,
    "strike_price": 64020.18796089439,
    "btc_at_worst": 64054.99,
    "flow_score": 0.7183,
    "spot_flow_signal": 0.1604174445114914,
    "regime": "unknown",
    "btc_distance_atr": 0.7,
    "worst_at": 1781366998.7008188,
    "coinbase_cvd_60s": 0.8724,
    "coinbase_taker_60s": 0.8429,
    "coinbase_taker_n": 305,
    "cross_venue_gap": -42.58,
    "fast_realized_vol_60s": 4.1e-05
  }
}