{
  "position_id": 3567,
  "market_id": "btc-updown-5m-1781367300",
  "side": "Down",
  "timestamp": "2026-06-13T16:29:33.075348+00:00",
  "actual": {
    "exit_reason": "scalp",
    "exit_price": 0.8,
    "pnl": 2.73973,
    "gain_pct": 0.361919
  },
  "counterfactual": {
    "resolution_price": 1.0,
    "pnl": 5.760082,
    "gain_pct": 0.760909
  },
  "delta_pnl": 3.020352,
  "scalp_was_optimal": false,
  "context_at_scalp": {
    "holding_edge": -0.1210766174819039,
    "model_prob": 0.7189233825180961,
    "market_price": 0.84,
    "seconds_remaining": 61.370443,
    "exit_threshold_used": -0.1,
    "effective_exit_threshold": -0.10989918733646888,
    "loss_cut": false,
    "entry_price": 0.55,
    "fee_rate": 0.07,
    "strike_price": 64041.068951335255,
    "btc_at_scalp": 64025.0,
    "btc_at_expiry": 64043.76412576245,
    "chainlink_price_to_beat": 64050.528982836135,
    "chainlink_final_price": 64043.76412576245,
    "flow_score": -0.084,
    "spot_flow_signal": 0.16995999731597056,
    "regime": "unknown",
    "btc_distance_atr": -0.464,
    "coinbase_cvd_60s": 2.8888,
    "coinbase_taker_60s": 0.8373,
    "coinbase_taker_n": 383,
    "cross_venue_gap": -30.11,
    "fast_realized_vol_60s": 6.4e-05
  }
}