{
  "position_id": 3571,
  "market_id": "btc-updown-5m-1781367900",
  "side": "Up",
  "timestamp": "2026-06-13T16:39:36.316956+00:00",
  "actual": {
    "exit_reason": "scalp",
    "exit_price": 0.85,
    "pnl": 1.978392,
    "gain_pct": 0.18559
  },
  "counterfactual": {
    "resolution_price": 1.0,
    "pnl": 4.665318,
    "gain_pct": 0.437647
  },
  "delta_pnl": 2.686926,
  "scalp_was_optimal": false,
  "context_at_scalp": {
    "holding_edge": -0.2349367988807557,
    "model_prob": 0.6450632011192443,
    "market_price": 0.88,
    "seconds_remaining": 47.466304,
    "exit_threshold_used": -0.1,
    "effective_exit_threshold": -0.11925366786141377,
    "loss_cut": false,
    "entry_price": 0.68,
    "fee_rate": 0.07,
    "strike_price": 63948.275828400285,
    "btc_at_scalp": 63956.18,
    "btc_at_expiry": 63949.28133854244,
    "chainlink_price_to_beat": 63947.589461625255,
    "chainlink_final_price": 63949.28133854244,
    "flow_score": -0.1559,
    "spot_flow_signal": -0.2898810233501407,
    "regime": "unknown",
    "btc_distance_atr": 0.247,
    "coinbase_cvd_60s": -4.3691,
    "coinbase_taker_60s": 0.1752,
    "coinbase_taker_n": 480,
    "cross_venue_gap": -33.75,
    "fast_realized_vol_60s": 8.1e-05
  }
}