{
  "position_id": 3580,
  "market_id": "btc-updown-5m-1781369700",
  "side": "Up",
  "timestamp": "2026-06-13T17:09:47.712421+00:00",
  "actual": {
    "exit_reason": "scalp",
    "exit_price": 0.41,
    "pnl": -3.558306,
    "gain_pct": -0.4216
  },
  "counterfactual": {
    "resolution_price": 1.0,
    "pnl": 4.226492,
    "gain_pct": 0.500769
  },
  "delta_pnl": 7.784798,
  "scalp_was_optimal": false,
  "context_at_scalp": {
    "holding_edge": -0.16854531665095848,
    "model_prob": 0.2414546833490415,
    "market_price": 0.41,
    "seconds_remaining": 87.458846,
    "exit_threshold_used": -0.1,
    "effective_exit_threshold": -0.05073825976432268,
    "loss_cut": true,
    "entry_price": 0.65,
    "fee_rate": 0.07,
    "strike_price": 63956.05884049223,
    "btc_at_scalp": 63940.56,
    "btc_at_expiry": 63988.561270154925,
    "chainlink_price_to_beat": 63956.07721669509,
    "chainlink_final_price": 63988.561270154925,
    "flow_score": -0.0481,
    "spot_flow_signal": -0.01714665993610211,
    "regime": "unknown",
    "btc_distance_atr": -0.506,
    "coinbase_cvd_60s": -0.0883,
    "coinbase_taker_60s": 0.4628,
    "coinbase_taker_n": 343,
    "cross_venue_gap": -47.64,
    "fast_realized_vol_60s": 4.9e-05
  }
}