{
  "position_id": 3584,
  "market_id": "btc-updown-5m-1781370000",
  "side": "Down",
  "timestamp": "2026-06-13T17:11:31.478105+00:00",
  "actual": {
    "exit_reason": "hold",
    "exit_price": 1.0,
    "pnl": 3.462931,
    "gain_pct": 0.45806
  },
  "counterfactual": {
    "exit_reason": "hypothetical_scalp",
    "exit_price": 0.99,
    "pnl": 3.345063,
    "gain_pct": 0.442469
  },
  "delta_pnl": 0.117868,
  "hold_was_optimal": true,
  "context_at_worst_moment": {
    "holding_edge": 0.008897720035302314,
    "model_prob": 0.9988977200353023,
    "market_price": 0.99,
    "seconds_remaining": 29.743782,
    "exit_threshold_used": -0.1,
    "strike_price": 63988.07480718562,
    "btc_at_worst": 63932.83,
    "flow_score": -0.7906,
    "spot_flow_signal": -0.060884367685790815,
    "regime": "unknown",
    "btc_distance_atr": -2.287,
    "worst_at": 1781370270.2567132,
    "coinbase_cvd_60s": -0.4607,
    "coinbase_taker_60s": 0.3785,
    "coinbase_taker_n": 308,
    "cross_venue_gap": -47.18,
    "fast_realized_vol_60s": 4.9e-05
  }
}