{
  "position_id": 3600,
  "market_id": "btc-updown-5m-1781373300",
  "side": "Up",
  "timestamp": "2026-06-13T18:06:55.706364+00:00",
  "actual": {
    "exit_reason": "scalp",
    "exit_price": 0.63,
    "pnl": -1.702086,
    "gain_pct": -0.201669
  },
  "counterfactual": {
    "resolution_price": 0.0,
    "pnl": -8.44,
    "gain_pct": -1.0
  },
  "delta_pnl": -6.737914,
  "scalp_was_optimal": true,
  "context_at_scalp": {
    "holding_edge": -0.057893077216585764,
    "model_prob": 0.5821069227834142,
    "market_price": 0.64,
    "seconds_remaining": 21.71509,
    "exit_threshold_used": -0.1,
    "effective_exit_threshold": -0.05661561541046234,
    "loss_cut": false,
    "entry_price": 0.74,
    "fee_rate": 0.07,
    "strike_price": 63943.98024630614,
    "btc_at_scalp": 63945.8,
    "btc_at_expiry": 63940.6759676753,
    "chainlink_price_to_beat": 63943.974300273294,
    "chainlink_final_price": 63940.6759676753,
    "flow_score": 0.1205,
    "spot_flow_signal": -0.2008062837953154,
    "regime": "unknown",
    "btc_distance_atr": 0.088,
    "coinbase_cvd_60s": -3.1058,
    "coinbase_taker_60s": 0.2046,
    "coinbase_taker_n": 308,
    "cross_venue_gap": -37.43,
    "fast_realized_vol_60s": 3.7e-05
  }
}