{
  "position_id": 3628,
  "market_id": "btc-updown-5m-1781378400",
  "side": "Up",
  "timestamp": "2026-06-13T19:34:37.563873+00:00",
  "actual": {
    "exit_reason": "scalp",
    "exit_price": 0.69,
    "pnl": -0.65179,
    "gain_pct": -0.110473
  },
  "counterfactual": {
    "resolution_price": 1.0,
    "pnl": 2.029438,
    "gain_pct": 0.343973
  },
  "delta_pnl": 2.681228,
  "scalp_was_optimal": false,
  "context_at_scalp": {
    "holding_edge": -0.09627860435591118,
    "model_prob": 0.5937213956440888,
    "market_price": 0.69,
    "seconds_remaining": 100.05903,
    "exit_threshold_used": -0.1,
    "effective_exit_threshold": -0.07779522233641345,
    "loss_cut": false,
    "entry_price": 0.73,
    "fee_rate": 0.07,
    "strike_price": 64144.90987,
    "btc_at_scalp": 64147.99,
    "btc_at_expiry": 64161.030962581615,
    "chainlink_price_to_beat": 64144.32274093181,
    "chainlink_final_price": 64161.030962581615,
    "flow_score": -0.5235,
    "spot_flow_signal": -0.26658349207068344,
    "regime": "unknown",
    "btc_distance_atr": 0.201,
    "coinbase_cvd_60s": -4.394,
    "coinbase_taker_60s": 0.125,
    "coinbase_taker_n": 266,
    "cross_venue_gap": -41.79,
    "fast_realized_vol_60s": 3.6e-05
  }
}