{
  "position_id": 3632,
  "market_id": "btc-updown-5m-1781378700",
  "side": "Up",
  "timestamp": "2026-06-13T19:33:11.232180+00:00",
  "actual": {
    "exit_reason": "hold",
    "exit_price": 0.0,
    "pnl": -30.79,
    "gain_pct": -1.0
  },
  "counterfactual": {
    "exit_reason": "hypothetical_scalp",
    "exit_price": 0.87,
    "pnl": 4.433998,
    "gain_pct": 0.144008
  },
  "delta_pnl": -35.223998,
  "hold_was_optimal": false,
  "context_at_worst_moment": {
    "holding_edge": 0.1267251527563199,
    "model_prob": 0.9967251527563199,
    "market_price": 0.87,
    "seconds_remaining": 6.702744,
    "exit_threshold_used": -0.1,
    "strike_price": 64145.821303226374,
    "btc_at_worst": 64162.56,
    "flow_score": -0.4889,
    "spot_flow_signal": 0.3483571176722818,
    "regime": "unknown",
    "btc_distance_atr": 0.928,
    "worst_at": 1781378993.2980056,
    "coinbase_cvd_60s": 6.1225,
    "coinbase_taker_60s": 0.9683,
    "coinbase_taker_n": 215,
    "cross_venue_gap": -31.61,
    "fast_realized_vol_60s": 2.3e-05
  }
}