{
  "position_id": 3637,
  "market_id": "btc-updown-5m-1781379300",
  "side": "Down",
  "timestamp": "2026-06-13T19:46:09.539237+00:00",
  "actual": {
    "exit_reason": "scalp",
    "exit_price": 0.09,
    "pnl": -8.51314,
    "gain_pct": -0.872248
  },
  "counterfactual": {
    "resolution_price": 0.0,
    "pnl": -9.76,
    "gain_pct": -1.0
  },
  "delta_pnl": -1.24686,
  "scalp_was_optimal": true,
  "context_at_scalp": {
    "holding_edge": -0.041087813627234265,
    "model_prob": 0.04891218637276573,
    "market_price": 0.09,
    "seconds_remaining": 247.612791,
    "exit_threshold_used": -0.1,
    "effective_exit_threshold": -0.029964402018132226,
    "loss_cut": false,
    "entry_price": 0.63,
    "fee_rate": 0.07,
    "strike_price": 64133.170547843896,
    "btc_at_scalp": 64197.22,
    "btc_at_expiry": 64154.23650501009,
    "chainlink_price_to_beat": 64133.17069143275,
    "chainlink_final_price": 64154.23650501009,
    "flow_score": -0.1396,
    "spot_flow_signal": 0.537497354361425,
    "regime": "unknown",
    "btc_distance_atr": 2.417,
    "coinbase_cvd_60s": 15.3182,
    "coinbase_taker_60s": 0.9109,
    "coinbase_taker_n": 417,
    "cross_venue_gap": -42.63,
    "fast_realized_vol_60s": 0.0002
  }
}