{
  "position_id": 3646,
  "market_id": "btc-updown-5m-1781380800",
  "side": "Down",
  "timestamp": "2026-06-13T20:07:31.267315+00:00",
  "actual": {
    "exit_reason": "hold",
    "exit_price": 1.0,
    "pnl": 5.178047,
    "gain_pct": 0.277792
  },
  "counterfactual": {
    "exit_reason": "hypothetical_scalp",
    "exit_price": 0.99,
    "pnl": 4.92336,
    "gain_pct": 0.264129
  },
  "delta_pnl": 0.254686,
  "hold_was_optimal": true,
  "context_at_worst_moment": {
    "holding_edge": 0.009998645288377794,
    "model_prob": 0.9999986452883778,
    "market_price": 0.99,
    "seconds_remaining": 1.178002,
    "exit_threshold_used": -0.1,
    "strike_price": 64265.85868134747,
    "btc_at_worst": 64245.19,
    "flow_score": -0.5305,
    "spot_flow_signal": 0.14033865398164205,
    "regime": "unknown",
    "btc_distance_atr": -1.405,
    "worst_at": 1781381098.8225112,
    "coinbase_cvd_60s": 0.1087,
    "coinbase_taker_60s": 0.8436,
    "coinbase_taker_n": 93,
    "cross_venue_gap": -30.11,
    "fast_realized_vol_60s": 1.8e-05
  }
}