{
  "position_id": 3657,
  "market_id": "btc-updown-5m-1781384100",
  "side": "Up",
  "timestamp": "2026-06-13T21:09:26.328726+00:00",
  "actual": {
    "exit_reason": "scalp",
    "exit_price": 0.6587241714839295,
    "pnl": 1.744978,
    "gain_pct": 0.216767
  },
  "counterfactual": {
    "resolution_price": 1.0,
    "pnl": 7.4865,
    "gain_pct": 0.93
  },
  "delta_pnl": 5.741522,
  "scalp_was_optimal": false,
  "context_at_scalp": {
    "holding_edge": -0.08810834052516248,
    "model_prob": 0.5918916594748376,
    "market_price": 0.68,
    "seconds_remaining": 121.283482,
    "exit_threshold_used": -0.1,
    "effective_exit_threshold": -0.07852094355187941,
    "loss_cut": false,
    "entry_price": 0.5,
    "fee_rate": 0.07,
    "strike_price": 64241.10313247431,
    "btc_at_scalp": 64243.17,
    "btc_at_expiry": 64252.7241432457,
    "chainlink_price_to_beat": 64249.31012566584,
    "chainlink_final_price": 64252.7241432457,
    "flow_score": 0.4863,
    "spot_flow_signal": 0.06995192015654751,
    "regime": "unknown",
    "btc_distance_atr": 0.241,
    "coinbase_cvd_60s": 0.2007,
    "coinbase_taker_60s": 0.6615,
    "coinbase_taker_n": 120,
    "cross_venue_gap": -35.14,
    "fast_realized_vol_60s": 3.5e-05
  }
}