{
  "position_id": 3658,
  "market_id": "btc-updown-5m-1781384400",
  "side": "Up",
  "timestamp": "2026-06-13T21:09:22.961300+00:00",
  "actual": {
    "exit_reason": "hold",
    "exit_price": 1.0,
    "pnl": 4.024165,
    "gain_pct": 0.164118
  },
  "counterfactual": {
    "exit_reason": "hypothetical_scalp",
    "exit_price": 0.99,
    "pnl": 3.718942,
    "gain_pct": 0.15167
  },
  "delta_pnl": 0.305223,
  "hold_was_optimal": true,
  "context_at_worst_moment": {
    "holding_edge": 0.0099867867434984,
    "model_prob": 0.9999867867434984,
    "market_price": 0.99,
    "seconds_remaining": 3.152037,
    "exit_threshold_used": -0.1,
    "strike_price": 64252.36565117189,
    "btc_at_worst": 64271.32,
    "flow_score": 0.7018,
    "spot_flow_signal": 0.17378313033101753,
    "regime": "unknown",
    "btc_distance_atr": 2.582,
    "worst_at": 1781384696.8485389,
    "coinbase_cvd_60s": 0.4449,
    "coinbase_taker_60s": 0.9048,
    "coinbase_taker_n": 94,
    "cross_venue_gap": -33.14,
    "fast_realized_vol_60s": 3e-06
  }
}