{
  "position_id": 3661,
  "market_id": "btc-updown-5m-1781385000",
  "side": "Down",
  "timestamp": "2026-06-13T21:19:58.127802+00:00",
  "actual": {
    "exit_reason": "hold",
    "exit_price": 1.0,
    "pnl": 5.709167,
    "gain_pct": 0.569209
  },
  "counterfactual": {
    "exit_reason": "hypothetical_scalp",
    "exit_price": 0.99,
    "pnl": 5.540868,
    "gain_pct": 0.55243
  },
  "delta_pnl": 0.168299,
  "hold_was_optimal": true,
  "context_at_worst_moment": {
    "holding_edge": 0.009613421248656606,
    "model_prob": 0.9996134212486566,
    "market_price": 0.99,
    "seconds_remaining": 36.160515,
    "exit_threshold_used": -0.1,
    "strike_price": 64271.71486419071,
    "btc_at_worst": 64230.02,
    "flow_score": -0.5213,
    "spot_flow_signal": 0.25280905523339386,
    "regime": "unknown",
    "btc_distance_atr": -2.621,
    "worst_at": 1781385263.8400636,
    "coinbase_cvd_60s": 3.1256,
    "coinbase_taker_60s": 0.9244,
    "coinbase_taker_n": 238,
    "cross_venue_gap": -29.81,
    "fast_realized_vol_60s": 4.8e-05
  }
}