{
  "position_id": 3679,
  "market_id": "btc-updown-5m-1781388900",
  "side": "Up",
  "timestamp": "2026-06-13T22:28:46.655421+00:00",
  "actual": {
    "exit_reason": "scalp",
    "exit_price": 0.3098298344742635,
    "pnl": -2.383376,
    "gain_pct": -0.419608
  },
  "counterfactual": {
    "resolution_price": 1.0,
    "pnl": 5.7226,
    "gain_pct": 1.0075
  },
  "delta_pnl": 8.105976,
  "scalp_was_optimal": false,
  "context_at_scalp": {
    "holding_edge": -0.08479751486038004,
    "model_prob": 0.22520248513961996,
    "market_price": 0.31,
    "seconds_remaining": 237.729717,
    "exit_threshold_used": -0.1,
    "effective_exit_threshold": -0.07070750429312168,
    "loss_cut": false,
    "entry_price": 0.4799999999999999,
    "fee_rate": 0.07,
    "strike_price": 64391.557814783846,
    "btc_at_scalp": 64370.0,
    "btc_at_expiry": 64398.22725365914,
    "chainlink_price_to_beat": 64391.91740308672,
    "chainlink_final_price": 64398.22725365914,
    "flow_score": -0.1951,
    "spot_flow_signal": 0.13306798624084903,
    "regime": "unknown",
    "btc_distance_atr": -1.052,
    "coinbase_cvd_60s": 0.7303,
    "coinbase_taker_60s": 0.786,
    "coinbase_taker_n": 230,
    "cross_venue_gap": -36.0,
    "fast_realized_vol_60s": 2.7e-05
  }
}