{
  "position_id": 3681,
  "market_id": "btc-updown-5m-1781389200",
  "side": "Up",
  "timestamp": "2026-06-13T22:30:26.423285+00:00",
  "actual": {
    "exit_reason": "hold",
    "exit_price": 1.0,
    "pnl": 2.711331,
    "gain_pct": 0.59459
  },
  "counterfactual": {
    "exit_reason": "hypothetical_scalp",
    "exit_price": 0.81,
    "pnl": 1.251444,
    "gain_pct": 0.27444
  },
  "delta_pnl": 1.459887,
  "hold_was_optimal": true,
  "context_at_worst_moment": {
    "holding_edge": 0.017049346371008967,
    "model_prob": 0.827049346371009,
    "market_price": 0.81,
    "seconds_remaining": 181.890129,
    "exit_threshold_used": -0.1,
    "strike_price": 64398.90471305001,
    "btc_at_worst": 64423.82,
    "flow_score": 0.0746,
    "spot_flow_signal": 0.20240049357174555,
    "regime": "unknown",
    "btc_distance_atr": 1.176,
    "worst_at": 1781389318.11114,
    "coinbase_cvd_60s": 2.786,
    "coinbase_taker_60s": 0.8208,
    "coinbase_taker_n": 310,
    "cross_venue_gap": -35.83,
    "fast_realized_vol_60s": 3.1e-05
  }
}