{
  "position_id": 3736,
  "market_id": "btc-updown-5m-1781397900",
  "side": "Up",
  "timestamp": "2026-06-14T00:58:38.807889+00:00",
  "actual": {
    "exit_reason": "scalp",
    "exit_price": 0.58,
    "pnl": 0.387287,
    "gain_pct": 0.086255
  },
  "counterfactual": {
    "resolution_price": 1.0,
    "pnl": 4.346137,
    "gain_pct": 0.967959
  },
  "delta_pnl": 3.95885,
  "scalp_was_optimal": false,
  "context_at_scalp": {
    "holding_edge": -0.37401332555572675,
    "model_prob": 0.2059866744442732,
    "market_price": 0.58,
    "seconds_remaining": 155.381816,
    "exit_threshold_used": -0.1,
    "effective_exit_threshold": -0.06999721210591164,
    "loss_cut": false,
    "entry_price": 0.49,
    "fee_rate": 0.07,
    "strike_price": 64531.37310004962,
    "btc_at_scalp": 64519.45,
    "btc_at_expiry": 64534.008993298,
    "chainlink_price_to_beat": 64531.30095488437,
    "chainlink_final_price": 64534.008993298,
    "flow_score": -0.0031,
    "spot_flow_signal": -0.10400993188262297,
    "regime": "unknown",
    "btc_distance_atr": -0.822,
    "coinbase_cvd_60s": -0.4347,
    "coinbase_taker_60s": 0.3862,
    "coinbase_taker_n": 206,
    "cross_venue_gap": -35.93,
    "fast_realized_vol_60s": 5.2e-05
  }
}