{
  "position_id": 3743,
  "market_id": "btc-updown-5m-1781398500",
  "side": "Up",
  "timestamp": "2026-06-14T01:06:09.391758+00:00",
  "actual": {
    "exit_reason": "scalp",
    "exit_price": 0.6783436287265258,
    "pnl": 1.943847,
    "gain_pct": 0.305156
  },
  "counterfactual": {
    "resolution_price": 1.0,
    "pnl": 6.417775,
    "gain_pct": 1.0075
  },
  "delta_pnl": 4.473928,
  "scalp_was_optimal": false,
  "context_at_scalp": {
    "holding_edge": -0.1375120763904878,
    "model_prob": 0.5624879236095122,
    "market_price": 0.7,
    "seconds_remaining": 212.2164,
    "exit_threshold_used": -0.1,
    "effective_exit_threshold": -0.08638582782636495,
    "loss_cut": false,
    "entry_price": 0.48,
    "fee_rate": 0.07,
    "strike_price": 64508.84880136907,
    "btc_at_scalp": 64511.37,
    "btc_at_expiry": 64533.1400397894,
    "chainlink_price_to_beat": 64508.81571636907,
    "chainlink_final_price": 64533.1400397894,
    "flow_score": 0.1628,
    "spot_flow_signal": -0.058135390889725025,
    "regime": "unknown",
    "btc_distance_atr": 0.184,
    "coinbase_cvd_60s": -0.3948,
    "coinbase_taker_60s": 0.3811,
    "coinbase_taker_n": 233,
    "cross_venue_gap": -33.77,
    "fast_realized_vol_60s": 3.9e-05
  }
}