{
  "position_id": 3756,
  "market_id": "btc-updown-5m-1781400000",
  "side": "Down",
  "timestamp": "2026-06-14T01:31:12.471011+00:00",
  "actual": {
    "exit_reason": "scalp",
    "exit_price": 0.36,
    "pnl": -2.017612,
    "gain_pct": -0.435769
  },
  "counterfactual": {
    "resolution_price": 1.0,
    "pnl": 3.118066,
    "gain_pct": 0.673448
  },
  "delta_pnl": 5.135677,
  "scalp_was_optimal": false,
  "context_at_scalp": {
    "holding_edge": -0.07201280001898497,
    "model_prob": 0.25798719998101505,
    "market_price": 0.33,
    "seconds_remaining": 179.851418,
    "exit_threshold_used": -0.1,
    "effective_exit_threshold": -0.06395440224613252,
    "loss_cut": false,
    "entry_price": 0.58,
    "fee_rate": 0.07,
    "strike_price": 64640.52912556292,
    "btc_at_scalp": 64659.11,
    "btc_at_expiry": 64627.086365,
    "chainlink_price_to_beat": 64640.11067255532,
    "chainlink_final_price": 64627.086365,
    "flow_score": -0.2586,
    "spot_flow_signal": 0.23017979981159334,
    "regime": "unknown",
    "btc_distance_atr": 0.612,
    "coinbase_cvd_60s": 1.4343,
    "coinbase_taker_60s": 0.9347,
    "coinbase_taker_n": 254,
    "cross_venue_gap": -26.91,
    "fast_realized_vol_60s": 6e-05
  }
}