{
  "position_id": 3760,
  "market_id": "btc-updown-5m-1781400600",
  "side": "Down",
  "timestamp": "2026-06-14T01:38:07.141806+00:00",
  "actual": {
    "exit_reason": "hold",
    "exit_price": 1.0,
    "pnl": 2.452263,
    "gain_pct": 0.293684
  },
  "counterfactual": {
    "exit_reason": "hypothetical_scalp",
    "exit_price": 0.99,
    "pnl": 2.336755,
    "gain_pct": 0.279851
  },
  "delta_pnl": 0.115509,
  "hold_was_optimal": true,
  "context_at_worst_moment": {
    "holding_edge": 0.009620019850145933,
    "model_prob": 0.9996200198501459,
    "market_price": 0.99,
    "seconds_remaining": 42.144538,
    "exit_threshold_used": -0.1,
    "strike_price": 64627.89960326393,
    "btc_at_worst": 64559.95,
    "flow_score": -0.0166,
    "spot_flow_signal": 0.00441366586557873,
    "regime": "unknown",
    "btc_distance_atr": -2.915,
    "worst_at": 1781400857.8574414,
    "coinbase_cvd_60s": 0.0308,
    "coinbase_taker_60s": 0.509,
    "coinbase_taker_n": 258,
    "cross_venue_gap": -33.33,
    "fast_realized_vol_60s": 7.2e-05
  }
}