{
  "position_id": 3761,
  "market_id": "btc-updown-5m-1781400900",
  "side": "Up",
  "timestamp": "2026-06-14T01:49:13.916136+00:00",
  "actual": {
    "exit_reason": "scalp",
    "exit_price": 0.59,
    "pnl": 0.268878,
    "gain_pct": 0.025294
  },
  "counterfactual": {
    "resolution_price": 0.0,
    "pnl": -10.63,
    "gain_pct": -1.0
  },
  "delta_pnl": -10.898878,
  "scalp_was_optimal": true,
  "context_at_scalp": {
    "holding_edge": -0.08013887840735123,
    "model_prob": 0.5098611215926487,
    "market_price": 0.59,
    "seconds_remaining": 184.925015,
    "exit_threshold_used": -0.1,
    "effective_exit_threshold": -0.0743374293935409,
    "loss_cut": false,
    "entry_price": 0.53,
    "fee_rate": 0.07,
    "strike_price": 64561.97269052736,
    "btc_at_scalp": 64562.41,
    "btc_at_expiry": 64552.3711189265,
    "chainlink_price_to_beat": 64562.147503028915,
    "chainlink_final_price": 64552.3711189265,
    "flow_score": 0.0266,
    "spot_flow_signal": 0.057781486446737695,
    "regime": "unknown",
    "btc_distance_atr": 0.021,
    "coinbase_cvd_60s": 0.4128,
    "coinbase_taker_60s": 0.6175,
    "coinbase_taker_n": 163,
    "cross_venue_gap": -30.86,
    "fast_realized_vol_60s": 3.3e-05
  }
}