{
  "position_id": 3763,
  "market_id": "btc-updown-5m-1781400900",
  "side": "Down",
  "timestamp": "2026-06-14T01:43:53.860129+00:00",
  "actual": {
    "exit_reason": "hold",
    "exit_price": 1.0,
    "pnl": 6.534071,
    "gain_pct": 0.437647
  },
  "counterfactual": {
    "exit_reason": "hypothetical_scalp",
    "exit_price": 0.74,
    "pnl": 0.664334,
    "gain_pct": 0.044497
  },
  "delta_pnl": 5.869736,
  "hold_was_optimal": true,
  "context_at_worst_moment": {
    "holding_edge": 0.1583143112188765,
    "model_prob": 0.8983143112188765,
    "market_price": 0.74,
    "seconds_remaining": 78.505491,
    "exit_threshold_used": -0.1,
    "strike_price": 64561.97269052736,
    "btc_at_worst": 64546.46,
    "flow_score": 0.242,
    "spot_flow_signal": -0.011714657983068534,
    "regime": "unknown",
    "btc_distance_atr": -0.792,
    "worst_at": 1781401121.4950335,
    "coinbase_cvd_60s": -0.0958,
    "coinbase_taker_60s": 0.4771,
    "coinbase_taker_n": 195,
    "cross_venue_gap": -27.55,
    "fast_realized_vol_60s": 5.3e-05
  }
}