{
  "position_id": 3785,
  "market_id": "btc-updown-5m-1781406600",
  "side": "Up",
  "timestamp": "2026-06-14T03:21:33.739827+00:00",
  "actual": {
    "exit_reason": "scalp",
    "exit_price": 0.78,
    "pnl": -0.611966,
    "gain_pct": -0.060832
  },
  "counterfactual": {
    "resolution_price": 1.0,
    "pnl": 2.486985,
    "gain_pct": 0.247215
  },
  "delta_pnl": 3.098951,
  "scalp_was_optimal": false,
  "context_at_scalp": {
    "holding_edge": -0.09793953113980214,
    "model_prob": 0.6820604688601979,
    "market_price": 0.78,
    "seconds_remaining": 283.427367,
    "exit_threshold_used": -0.1,
    "effective_exit_threshold": -0.09791628800740723,
    "loss_cut": false,
    "entry_price": 0.79,
    "fee_rate": 0.07,
    "strike_price": 64453.66609,
    "btc_at_scalp": 64460.01,
    "btc_at_expiry": 64467.553546626,
    "chainlink_price_to_beat": 64452.33942,
    "chainlink_final_price": 64467.553546626,
    "flow_score": 0.6589,
    "spot_flow_signal": -0.1403369780108903,
    "regime": "unknown",
    "btc_distance_atr": 0.604,
    "coinbase_cvd_60s": -1.6575,
    "coinbase_taker_60s": 0.2387,
    "coinbase_taker_n": 214,
    "cross_venue_gap": -34.65,
    "fast_realized_vol_60s": 9.6e-05
  }
}