{
  "position_id": 3786,
  "market_id": "btc-updown-5m-1781406600",
  "side": "Up",
  "timestamp": "2026-06-14T03:21:15.243124+00:00",
  "actual": {
    "exit_reason": "hold",
    "exit_price": 1.0,
    "pnl": 3.551567,
    "gain_pct": 0.361667
  },
  "counterfactual": {
    "exit_reason": "hypothetical_scalp",
    "exit_price": 0.98,
    "pnl": 3.26579,
    "gain_pct": 0.332565
  },
  "delta_pnl": 0.285777,
  "hold_was_optimal": true,
  "context_at_worst_moment": {
    "holding_edge": 0.019720425315022605,
    "model_prob": 0.9997204253150226,
    "market_price": 0.98,
    "seconds_remaining": 4.683533,
    "exit_threshold_used": -0.1,
    "strike_price": 64453.66609,
    "btc_at_worst": 64465.84,
    "flow_score": -0.3901,
    "spot_flow_signal": 0.10668266534881307,
    "regime": "unknown",
    "btc_distance_atr": 1.273,
    "worst_at": 1781406895.317612,
    "coinbase_cvd_60s": 0.0511,
    "coinbase_taker_60s": 0.7633,
    "coinbase_taker_n": 73,
    "cross_venue_gap": -30.17,
    "fast_realized_vol_60s": 0.0
  }
}