{
  "position_id": 3793,
  "market_id": "btc-updown-5m-1781410200",
  "side": "Down",
  "timestamp": "2026-06-14T04:22:41.659176+00:00",
  "actual": {
    "exit_reason": "scalp",
    "exit_price": 0.44000000000000006,
    "pnl": -1.236246,
    "gain_pct": -0.349222
  },
  "counterfactual": {
    "resolution_price": 1.0,
    "pnl": 2.0178,
    "gain_pct": 0.57
  },
  "delta_pnl": 3.254046,
  "scalp_was_optimal": false,
  "context_at_scalp": {
    "holding_edge": -0.09050704425569017,
    "model_prob": 0.34949295574430983,
    "market_price": 0.44,
    "seconds_remaining": 275.279801,
    "exit_threshold_used": -0.1,
    "effective_exit_threshold": -0.07722290641704524,
    "loss_cut": false,
    "entry_price": 0.62,
    "fee_rate": 0.07,
    "strike_price": 64480.02410106132,
    "btc_at_scalp": 64485.84,
    "btc_at_expiry": 64468.871642586026,
    "chainlink_price_to_beat": 64480.04123106132,
    "chainlink_final_price": 64468.871642586026,
    "flow_score": 0.4494,
    "spot_flow_signal": 0.26869869080969094,
    "regime": "unknown",
    "btc_distance_atr": 0.768,
    "coinbase_cvd_60s": 3.7736,
    "coinbase_taker_60s": 0.9214,
    "coinbase_taker_n": 200,
    "cross_venue_gap": -21.24,
    "fast_realized_vol_60s": 3.2e-05
  }
}