{
  "position_id": 3799,
  "market_id": "btc-updown-5m-1781410800",
  "side": "Down",
  "timestamp": "2026-06-14T04:27:36.837922+00:00",
  "actual": {
    "exit_reason": "hold",
    "exit_price": 1.0,
    "pnl": 3.902014,
    "gain_pct": 0.398571
  },
  "counterfactual": {
    "exit_reason": "hypothetical_scalp",
    "exit_price": 0.6,
    "pnl": -1.804817,
    "gain_pct": -0.184353
  },
  "delta_pnl": 5.706832,
  "hold_was_optimal": true,
  "context_at_worst_moment": {
    "holding_edge": -0.11743047253097927,
    "model_prob": 0.4825695274690207,
    "market_price": 0.6,
    "seconds_remaining": 119.561844,
    "exit_threshold_used": -0.1,
    "strike_price": 64484.33776811072,
    "btc_at_worst": 64484.77,
    "flow_score": 0.1837,
    "spot_flow_signal": 0.1826962269313519,
    "regime": "unknown",
    "btc_distance_atr": 0.062,
    "worst_at": 1781410980.4390755,
    "coinbase_cvd_60s": 1.0991,
    "coinbase_taker_60s": 0.8835,
    "coinbase_taker_n": 112,
    "cross_venue_gap": -20.78,
    "fast_realized_vol_60s": 6e-06
  }
}