{
  "position_id": 3813,
  "market_id": "btc-updown-5m-1781414100",
  "side": "Down",
  "timestamp": "2026-06-14T05:24:52.261128+00:00",
  "actual": {
    "exit_reason": "hold",
    "exit_price": 1.0,
    "pnl": 2.28,
    "gain_pct": 0.57
  },
  "counterfactual": {
    "exit_reason": "hypothetical_scalp",
    "exit_price": 0.58,
    "pnl": -0.464687,
    "gain_pct": -0.116172
  },
  "delta_pnl": 2.744687,
  "hold_was_optimal": true,
  "context_at_worst_moment": {
    "holding_edge": -0.40042202061600785,
    "model_prob": 0.17957797938399211,
    "market_price": 0.58,
    "seconds_remaining": 173.381268,
    "exit_threshold_used": -0.1,
    "strike_price": 64336.25509808793,
    "btc_at_worst": 64346.83,
    "flow_score": 0.2202,
    "spot_flow_signal": 0.047978661280623204,
    "regime": "unknown",
    "btc_distance_atr": 0.754,
    "worst_at": 1781414226.6196027,
    "coinbase_cvd_60s": 0.0817,
    "coinbase_taker_60s": 0.6145,
    "coinbase_taker_n": 117,
    "cross_venue_gap": -26.82,
    "fast_realized_vol_60s": 1.7e-05
  }
}