{
  "position_id": 3859,
  "market_id": "btc-updown-5m-1781422800",
  "side": "Down",
  "timestamp": "2026-06-14T07:47:55.168413+00:00",
  "actual": {
    "exit_reason": "hold",
    "exit_price": 1.0,
    "pnl": 3.970937,
    "gain_pct": 0.701579
  },
  "counterfactual": {
    "exit_reason": "hypothetical_scalp",
    "exit_price": 0.75,
    "pnl": 1.436797,
    "gain_pct": 0.253851
  },
  "delta_pnl": 2.53414,
  "hold_was_optimal": true,
  "context_at_worst_moment": {
    "holding_edge": -0.037928590696430176,
    "model_prob": 0.7120714093035698,
    "market_price": 0.75,
    "seconds_remaining": 77.549041,
    "exit_threshold_used": -0.1,
    "strike_price": 64282.53138871902,
    "btc_at_worst": 64277.33,
    "flow_score": -0.0748,
    "spot_flow_signal": -0.16649497004103805,
    "regime": "unknown",
    "btc_distance_atr": -0.402,
    "worst_at": 1781423022.4527152,
    "coinbase_cvd_60s": -0.2057,
    "coinbase_taker_60s": 0.0965,
    "coinbase_taker_n": 74,
    "cross_venue_gap": -29.56,
    "fast_realized_vol_60s": 1.4e-05
  }
}