{
  "position_id": 3875,
  "market_id": "btc-updown-5m-1781426100",
  "side": "Down",
  "timestamp": "2026-06-14T08:46:12.560376+00:00",
  "actual": {
    "exit_reason": "hold",
    "exit_price": 1.0,
    "pnl": 4.67539,
    "gain_pct": 0.54619
  },
  "counterfactual": {
    "exit_reason": "hypothetical_scalp",
    "exit_price": 0.53,
    "pnl": -1.776029,
    "gain_pct": -0.20748
  },
  "delta_pnl": 6.451419,
  "hold_was_optimal": true,
  "context_at_worst_moment": {
    "holding_edge": -0.42792414677655155,
    "model_prob": 0.10207585322344848,
    "market_price": 0.53,
    "seconds_remaining": 9.035614,
    "exit_threshold_used": -0.1,
    "strike_price": 64435.02475736999,
    "btc_at_worst": 64439.99,
    "flow_score": 0.2393,
    "spot_flow_signal": -0.4056096707115161,
    "regime": "unknown",
    "btc_distance_atr": 0.355,
    "worst_at": 1781426390.9649088,
    "coinbase_cvd_60s": -9.1658,
    "coinbase_taker_60s": 0.0787,
    "coinbase_taker_n": 282,
    "cross_venue_gap": -31.93,
    "fast_realized_vol_60s": 7.3e-05
  }
}