{
  "position_id": 3878,
  "market_id": "btc-updown-5m-1781426700",
  "side": "Down",
  "timestamp": "2026-06-14T08:52:55.241933+00:00",
  "actual": {
    "exit_reason": "hold",
    "exit_price": 1.0,
    "pnl": 6.6495,
    "gain_pct": 0.2325
  },
  "counterfactual": {
    "exit_reason": "hypothetical_scalp",
    "exit_price": 0.94,
    "pnl": 4.395365,
    "gain_pct": 0.153684
  },
  "delta_pnl": 2.254135,
  "hold_was_optimal": true,
  "context_at_worst_moment": {
    "holding_edge": 0.059891357437508286,
    "model_prob": 0.9998913574375082,
    "market_price": 0.94,
    "seconds_remaining": 7.133198,
    "exit_threshold_used": -0.1,
    "strike_price": 64435.70117893531,
    "btc_at_worst": 64411.99,
    "flow_score": 0.6137,
    "spot_flow_signal": -0.28183474463774083,
    "regime": "unknown",
    "btc_distance_atr": -2.432,
    "worst_at": 1781426992.8682442,
    "coinbase_cvd_60s": -5.1781,
    "coinbase_taker_60s": 0.1199,
    "coinbase_taker_n": 188,
    "cross_venue_gap": -46.02,
    "fast_realized_vol_60s": 6e-05
  }
}