{
  "position_id": 3881,
  "market_id": "btc-updown-5m-1781427300",
  "side": "Down",
  "timestamp": "2026-06-14T09:08:24.310587+00:00",
  "actual": {
    "exit_reason": "scalp",
    "exit_price": 0.64,
    "pnl": -0.410763,
    "gain_pct": -0.108095
  },
  "counterfactual": {
    "resolution_price": 1.0,
    "pnl": 1.740627,
    "gain_pct": 0.45806
  },
  "delta_pnl": 2.15139,
  "scalp_was_optimal": false,
  "context_at_scalp": {
    "holding_edge": -0.07661451547894549,
    "model_prob": 0.5633854845210545,
    "market_price": 0.64,
    "seconds_remaining": 125.378568,
    "exit_threshold_used": -0.1,
    "effective_exit_threshold": -0.07339360651787752,
    "loss_cut": false,
    "entry_price": 0.67,
    "fee_rate": 0.07,
    "strike_price": 64436.38613534026,
    "btc_at_scalp": 64434.8,
    "btc_at_expiry": 64420.48313381722,
    "chainlink_price_to_beat": 64436.60134214721,
    "chainlink_final_price": 64420.48313381722,
    "flow_score": -0.1955,
    "spot_flow_signal": 0.17647999475121517,
    "regime": "unknown",
    "btc_distance_atr": -0.14,
    "coinbase_cvd_60s": 0.0806,
    "coinbase_taker_60s": 0.9355,
    "coinbase_taker_n": 45,
    "cross_venue_gap": -28.52,
    "fast_realized_vol_60s": 1.8e-05
  }
}