{
  "position_id": 3898,
  "market_id": "btc-updown-5m-1781430000",
  "side": "Up",
  "timestamp": "2026-06-14T09:51:26.238639+00:00",
  "actual": {
    "exit_reason": "hold",
    "exit_price": 1.0,
    "pnl": 3.4038,
    "gain_pct": 0.62
  },
  "counterfactual": {
    "exit_reason": "hypothetical_scalp",
    "exit_price": 0.88,
    "pnl": 2.270801,
    "gain_pct": 0.413625
  },
  "delta_pnl": 1.132999,
  "hold_was_optimal": true,
  "context_at_worst_moment": {
    "holding_edge": -0.049846453089426146,
    "model_prob": 0.8301535469105739,
    "market_price": 0.88,
    "seconds_remaining": 81.171241,
    "exit_threshold_used": -0.1,
    "strike_price": 64460.72533529443,
    "btc_at_worst": 64480.13,
    "flow_score": -0.0694,
    "spot_flow_signal": -0.06638083389796556,
    "regime": "unknown",
    "btc_distance_atr": 0.675,
    "worst_at": 1781430218.8308556,
    "coinbase_cvd_60s": -0.3698,
    "coinbase_taker_60s": 0.3587,
    "coinbase_taker_n": 189,
    "cross_venue_gap": -43.87,
    "fast_realized_vol_60s": 4.7e-05
  }
}