{
  "position_id": 3920,
  "market_id": "btc-updown-5m-1781434500",
  "side": "Down",
  "timestamp": "2026-06-14T11:04:40.690606+00:00",
  "actual": {
    "exit_reason": "hold",
    "exit_price": 1.0,
    "pnl": 1.4791,
    "gain_pct": 0.07
  },
  "counterfactual": {
    "exit_reason": "hypothetical_scalp",
    "exit_price": 0.99,
    "pnl": 1.237341,
    "gain_pct": 0.058558
  },
  "delta_pnl": 0.241759,
  "hold_was_optimal": true,
  "context_at_worst_moment": {
    "holding_edge": 0.009083214056496813,
    "model_prob": 0.9990832140564968,
    "market_price": 0.99,
    "seconds_remaining": 34.579082,
    "exit_threshold_used": -0.1,
    "strike_price": 64522.71840694286,
    "btc_at_worst": 64489.99,
    "flow_score": -0.8388,
    "spot_flow_signal": 0.13224096989185036,
    "regime": "unknown",
    "btc_distance_atr": -3.228,
    "worst_at": 1781434765.6230783,
    "coinbase_cvd_60s": 0.0381,
    "coinbase_taker_60s": 0.8281,
    "coinbase_taker_n": 43,
    "cross_venue_gap": -38.66,
    "fast_realized_vol_60s": 9e-06
  }
}