{
  "position_id": 3937,
  "market_id": "btc-updown-5m-1781437800",
  "side": "Down",
  "timestamp": "2026-06-14T11:57:09.637494+00:00",
  "actual": {
    "exit_reason": "hold",
    "exit_price": 1.0,
    "pnl": 1.29646,
    "gain_pct": 0.059362
  },
  "counterfactual": {
    "exit_reason": "hypothetical_scalp",
    "exit_price": 0.99,
    "pnl": 1.049061,
    "gain_pct": 0.048034
  },
  "delta_pnl": 0.247398,
  "hold_was_optimal": true,
  "context_at_worst_moment": {
    "holding_edge": 0.009983544878794715,
    "model_prob": 0.9999835448787947,
    "market_price": 0.99,
    "seconds_remaining": 1.111947,
    "exit_threshold_used": -0.1,
    "strike_price": 64577.1355585891,
    "btc_at_worst": 64563.9,
    "flow_score": -0.6612,
    "spot_flow_signal": 0.06985959347884557,
    "regime": "unknown",
    "btc_distance_atr": -1.001,
    "worst_at": 1781438098.8890493,
    "coinbase_cvd_60s": 2.0017,
    "coinbase_taker_60s": 0.5414,
    "coinbase_taker_n": 398,
    "cross_venue_gap": -28.11,
    "fast_realized_vol_60s": 6.9e-05
  }
}