{
  "position_id": 3954,
  "market_id": "btc-updown-5m-1781441100",
  "side": "Down",
  "timestamp": "2026-06-14T12:56:10.810378+00:00",
  "actual": {
    "exit_reason": "hold",
    "exit_price": 1.0,
    "pnl": 4.384148,
    "gain_pct": 0.673448
  },
  "counterfactual": {
    "exit_reason": "hypothetical_scalp",
    "exit_price": 0.99,
    "pnl": 4.267657,
    "gain_pct": 0.655554
  },
  "delta_pnl": 0.116491,
  "hold_was_optimal": true,
  "context_at_worst_moment": {
    "holding_edge": 0.0095832960225527,
    "model_prob": 0.9995832960225527,
    "market_price": 0.99,
    "seconds_remaining": 8.111122,
    "exit_threshold_used": -0.1,
    "strike_price": 64322.94416060687,
    "btc_at_worst": 64296.25,
    "flow_score": -0.7734,
    "spot_flow_signal": 0.08005865398164166,
    "regime": "unknown",
    "btc_distance_atr": -1.223,
    "worst_at": 1781441391.8917387,
    "coinbase_cvd_60s": 0.1087,
    "coinbase_taker_60s": 0.6929,
    "coinbase_taker_n": 121,
    "cross_venue_gap": -37.76,
    "fast_realized_vol_60s": 4e-05
  }
}