{
  "position_id": 3975,
  "market_id": "btc-updown-5m-1781444400",
  "side": "Up",
  "timestamp": "2026-06-14T13:51:25.295860+00:00",
  "actual": {
    "exit_reason": "hold",
    "exit_price": 1.0,
    "pnl": 2.147334,
    "gain_pct": 0.277792
  },
  "counterfactual": {
    "exit_reason": "hypothetical_scalp",
    "exit_price": 0.99,
    "pnl": 2.041715,
    "gain_pct": 0.264129
  },
  "delta_pnl": 0.105618,
  "hold_was_optimal": true,
  "context_at_worst_moment": {
    "holding_edge": 0.0078244583689,
    "model_prob": 0.9978244583689,
    "market_price": 0.99,
    "seconds_remaining": 81.474772,
    "exit_threshold_used": -0.1,
    "strike_price": 64258.63175147836,
    "btc_at_worst": 64335.6,
    "flow_score": 0.7291,
    "spot_flow_signal": 0.17991491341425175,
    "regime": "unknown",
    "btc_distance_atr": 2.942,
    "worst_at": 1781444618.5260088,
    "coinbase_cvd_60s": 1.5913,
    "coinbase_taker_60s": 0.8438,
    "coinbase_taker_n": 259,
    "cross_venue_gap": -40.4,
    "fast_realized_vol_60s": 5.8e-05
  }
}