{
  "position_id": 3976,
  "market_id": "btc-updown-5m-1781444700",
  "side": "Up",
  "timestamp": "2026-06-14T13:55:19.630100+00:00",
  "actual": {
    "exit_reason": "scalp",
    "exit_price": 0.29,
    "pnl": -4.689191,
    "gain_pct": -0.478489
  },
  "counterfactual": {
    "resolution_price": 0.0,
    "pnl": -9.8,
    "gain_pct": -1.0
  },
  "delta_pnl": -5.110809,
  "scalp_was_optimal": true,
  "context_at_scalp": {
    "holding_edge": -0.05460156059106758,
    "model_prob": 0.2353984394089324,
    "market_price": 0.29,
    "seconds_remaining": 225.628374,
    "exit_threshold_used": -0.1,
    "effective_exit_threshold": -0.052746984598282635,
    "loss_cut": false,
    "entry_price": 0.5,
    "fee_rate": 0.07,
    "strike_price": 64331.14899022978,
    "btc_at_scalp": 64312.65,
    "btc_at_expiry": 64275.004765000005,
    "chainlink_price_to_beat": 64331.050178305726,
    "chainlink_final_price": 64275.004765000005,
    "flow_score": 0.309,
    "spot_flow_signal": -0.07409826917812556,
    "regime": "unknown",
    "btc_distance_atr": -0.766,
    "coinbase_cvd_60s": -0.3427,
    "coinbase_taker_60s": 0.3376,
    "coinbase_taker_n": 171,
    "cross_venue_gap": -35.09,
    "fast_realized_vol_60s": 6e-05
  }
}