{
  "position_id": 3980,
  "market_id": "btc-updown-5m-1781445600",
  "side": "Up",
  "timestamp": "2026-06-14T14:13:21.702910+00:00",
  "actual": {
    "exit_reason": "scalp",
    "exit_price": 0.24,
    "pnl": -4.844009,
    "gain_pct": -0.650202
  },
  "counterfactual": {
    "resolution_price": 1.0,
    "pnl": 4.2465,
    "gain_pct": 0.57
  },
  "delta_pnl": 9.090509,
  "scalp_was_optimal": false,
  "context_at_scalp": {
    "holding_edge": -0.21099731461762802,
    "model_prob": 0.019002685382371994,
    "market_price": 0.23,
    "seconds_remaining": 89.978098,
    "exit_threshold_used": -0.1,
    "effective_exit_threshold": 0.02706979043382942,
    "loss_cut": true,
    "entry_price": 0.62,
    "fee_rate": 0.07,
    "strike_price": 64275.30040133011,
    "btc_at_scalp": 64246.84,
    "btc_at_expiry": 64289.96466368358,
    "chainlink_price_to_beat": 64280.599572782354,
    "chainlink_final_price": 64289.96466368358,
    "flow_score": 0.2945,
    "spot_flow_signal": 0.2246001937579562,
    "regime": "unknown",
    "btc_distance_atr": -1.728,
    "coinbase_cvd_60s": 1.6905,
    "coinbase_taker_60s": 0.9487,
    "coinbase_taker_n": 169,
    "cross_venue_gap": -34.38,
    "fast_realized_vol_60s": 4e-05
  }
}