{
  "position_id": 3988,
  "market_id": "btc-updown-5m-1781446500",
  "side": "Down",
  "timestamp": "2026-06-14T14:24:03.883968+00:00",
  "actual": {
    "exit_reason": "hold",
    "exit_price": 1.0,
    "pnl": 4.838325,
    "gain_pct": 0.2325
  },
  "counterfactual": {
    "exit_reason": "hypothetical_scalp",
    "exit_price": 0.76,
    "pnl": -1.644751,
    "gain_pct": -0.079037
  },
  "delta_pnl": 6.483076,
  "hold_was_optimal": true,
  "context_at_worst_moment": {
    "holding_edge": -0.06548911559707049,
    "model_prob": 0.6945108844029295,
    "market_price": 0.76,
    "seconds_remaining": 9.838277,
    "exit_threshold_used": -0.1,
    "strike_price": 64273.80947626013,
    "btc_at_worst": 64271.06,
    "flow_score": 0.2536,
    "spot_flow_signal": 0.4118695757986499,
    "regime": "unknown",
    "btc_distance_atr": -0.106,
    "worst_at": 1781446790.164993,
    "coinbase_cvd_60s": 11.0587,
    "coinbase_taker_60s": 0.8241,
    "coinbase_taker_n": 555,
    "cross_venue_gap": -24.49,
    "fast_realized_vol_60s": 7.3e-05
  }
}