{
  "position_id": 4000,
  "market_id": "btc-updown-5m-1781448600",
  "side": "Down",
  "timestamp": "2026-06-14T15:04:00.210145+00:00",
  "actual": {
    "exit_reason": "scalp",
    "exit_price": 0.35,
    "pnl": -1.57279,
    "gain_pct": -0.391241
  },
  "counterfactual": {
    "resolution_price": 0.0,
    "pnl": -4.02,
    "gain_pct": -1.0
  },
  "delta_pnl": -2.44721,
  "scalp_was_optimal": true,
  "context_at_scalp": {
    "holding_edge": -0.07497703504950526,
    "model_prob": 0.29502296495049474,
    "market_price": 0.37,
    "seconds_remaining": 237.601873,
    "exit_threshold_used": -0.1,
    "effective_exit_threshold": -0.07203651609505118,
    "loss_cut": false,
    "entry_price": 0.52,
    "fee_rate": 0.07,
    "strike_price": 63865.271596642706,
    "btc_at_scalp": 63890.17,
    "btc_at_expiry": 63888.3210573063,
    "chainlink_price_to_beat": 63864.66613652782,
    "chainlink_final_price": 63888.3210573063,
    "flow_score": -0.1298,
    "spot_flow_signal": -0.08796424552364451,
    "regime": "unknown",
    "btc_distance_atr": 0.563,
    "coinbase_cvd_60s": -1.1433,
    "coinbase_taker_60s": 0.3548,
    "coinbase_taker_n": 351,
    "cross_venue_gap": -35.88,
    "fast_realized_vol_60s": 6.3e-05
  }
}