{
  "position_id": 4005,
  "market_id": "btc-updown-5m-1781449500",
  "side": "Down",
  "timestamp": "2026-06-14T15:15:46.722355+00:00",
  "actual": {
    "exit_reason": "hold",
    "exit_price": 1.0,
    "pnl": 1.483105,
    "gain_pct": 0.293684
  },
  "counterfactual": {
    "exit_reason": "hypothetical_scalp",
    "exit_price": 0.87,
    "pnl": 0.582079,
    "gain_pct": 0.115263
  },
  "delta_pnl": 0.901026,
  "hold_was_optimal": true,
  "context_at_worst_moment": {
    "holding_edge": -0.051016525958850534,
    "model_prob": 0.8189834740411495,
    "market_price": 0.87,
    "seconds_remaining": 65.370312,
    "exit_threshold_used": -0.1,
    "strike_price": 64096.90397080739,
    "btc_at_worst": 64079.2,
    "flow_score": 0.0297,
    "spot_flow_signal": 0.07169588660016292,
    "regime": "unknown",
    "btc_distance_atr": -0.617,
    "worst_at": 1781449734.6311336,
    "coinbase_cvd_60s": 0.2256,
    "coinbase_taker_60s": 0.6642,
    "coinbase_taker_n": 119,
    "cross_venue_gap": -32.21,
    "fast_realized_vol_60s": 3.8e-05
  }
}