{
  "position_id": 4010,
  "market_id": "btc-updown-5m-1781450400",
  "side": "Up",
  "timestamp": "2026-06-14T15:28:58.007332+00:00",
  "actual": {
    "exit_reason": "hold",
    "exit_price": 1.0,
    "pnl": 6.17189,
    "gain_pct": 0.646271
  },
  "counterfactual": {
    "exit_reason": "hypothetical_scalp",
    "exit_price": 0.96,
    "pnl": 5.500754,
    "gain_pct": 0.575995
  },
  "delta_pnl": 0.671136,
  "hold_was_optimal": true,
  "context_at_worst_moment": {
    "holding_edge": 0.0008311886889997844,
    "model_prob": 0.9608311886889997,
    "market_price": 0.96,
    "seconds_remaining": 94.644424,
    "exit_threshold_used": -0.1,
    "strike_price": 63989.12532522423,
    "btc_at_worst": 64040.0,
    "flow_score": -0.4163,
    "spot_flow_signal": 0.09080908385312289,
    "regime": "unknown",
    "btc_distance_atr": 1.598,
    "worst_at": 1781450605.357225,
    "coinbase_cvd_60s": 0.755,
    "coinbase_taker_60s": 0.6767,
    "coinbase_taker_n": 209,
    "cross_venue_gap": -39.97,
    "fast_realized_vol_60s": 7e-05
  }
}