{
  "position_id": 4011,
  "market_id": "btc-updown-5m-1781450700",
  "side": "Down",
  "timestamp": "2026-06-14T15:39:07.449601+00:00",
  "actual": {
    "exit_reason": "scalp",
    "exit_price": 0.63,
    "pnl": 0.546849,
    "gain_pct": 0.161312
  },
  "counterfactual": {
    "resolution_price": 1.0,
    "pnl": 3.1527,
    "gain_pct": 0.93
  },
  "delta_pnl": 2.605851,
  "scalp_was_optimal": false,
  "context_at_scalp": {
    "holding_edge": -0.1113947561369647,
    "model_prob": 0.5286052438630353,
    "market_price": 0.64,
    "seconds_remaining": 147.045194,
    "exit_threshold_used": -0.1,
    "effective_exit_threshold": -0.07577778496515106,
    "loss_cut": false,
    "entry_price": 0.5,
    "fee_rate": 0.07,
    "strike_price": 64042.17354227311,
    "btc_at_scalp": 64040.0,
    "btc_at_expiry": 64022.98987780484,
    "chainlink_price_to_beat": 64040.51119112249,
    "chainlink_final_price": 64022.98987780484,
    "flow_score": 0.4906,
    "spot_flow_signal": 0.10288280382367194,
    "regime": "unknown",
    "btc_distance_atr": -0.064,
    "coinbase_cvd_60s": 0.6732,
    "coinbase_taker_60s": 0.7123,
    "coinbase_taker_n": 303,
    "cross_venue_gap": -30.09,
    "fast_realized_vol_60s": 6.6e-05
  }
}