{
  "position_id": 4038,
  "market_id": "btc-updown-5m-1781455800",
  "side": "Down",
  "timestamp": "2026-06-14T17:01:23.240163+00:00",
  "actual": {
    "exit_reason": "hold",
    "exit_price": 1.0,
    "pnl": 3.96955,
    "gain_pct": 1.0075
  },
  "counterfactual": {
    "exit_reason": "hypothetical_scalp",
    "exit_price": 0.43,
    "pnl": -0.674598,
    "gain_pct": -0.171218
  },
  "delta_pnl": 4.644148,
  "hold_was_optimal": true,
  "context_at_worst_moment": {
    "holding_edge": -0.05595473856868566,
    "model_prob": 0.37404526143131434,
    "market_price": 0.43,
    "seconds_remaining": 93.653612,
    "exit_threshold_used": -0.1,
    "strike_price": 63978.78644459166,
    "btc_at_worst": 63984.61,
    "flow_score": 0.2267,
    "spot_flow_signal": 0.1025439859965741,
    "regime": "unknown",
    "btc_distance_atr": 0.257,
    "worst_at": 1781456006.3473458,
    "coinbase_cvd_60s": 0.6475,
    "coinbase_taker_60s": 0.7132,
    "coinbase_taker_n": 173,
    "cross_venue_gap": -32.81,
    "fast_realized_vol_60s": 4.1e-05
  }
}