{
  "position_id": 403,
  "market_id": "btc-updown-5m-1776204900",
  "side": "Down",
  "weight_version": "weights_v001",
  "timestamp": "2026-04-14T22:25:18.487287+00:00",
  "actual": {
    "exit_reason": "hold",
    "exit_price": 1.0,
    "pnl": 4.617581,
    "gain_pct": 0.836518
  },
  "counterfactual": {
    "exit_reason": "hypothetical_scalp",
    "exit_price": 0.75,
    "pnl": 2.048972,
    "gain_pct": 0.371191
  },
  "delta_pnl": 2.56861,
  "hold_was_optimal": true,
  "context_at_worst_moment": {
    "holding_edge": -0.036798947765373624,
    "model_prob": 0.7132010522346264,
    "market_price": 0.75,
    "seconds_remaining": 222.605604,
    "exit_threshold_used": -0.05,
    "strike_price": 74345.34,
    "btc_at_worst": 74314.01,
    "worst_at": 1776204977.5457313
  }
}