{
  "position_id": 4066,
  "market_id": "btc-updown-5m-1781461200",
  "side": "Down",
  "timestamp": "2026-06-14T18:31:07.773967+00:00",
  "actual": {
    "exit_reason": "scalp",
    "exit_price": 0.66,
    "pnl": -0.78487,
    "gain_pct": -0.091798
  },
  "counterfactual": {
    "resolution_price": 0.0,
    "pnl": -8.55,
    "gain_pct": -1.0
  },
  "delta_pnl": -7.76513,
  "scalp_was_optimal": true,
  "context_at_scalp": {
    "holding_edge": -0.07686587128236055,
    "model_prob": 0.5831341287176395,
    "market_price": 0.66,
    "seconds_remaining": 117.606548,
    "exit_threshold_used": -0.1,
    "effective_exit_threshold": -0.07523409118315537,
    "loss_cut": false,
    "entry_price": 0.68,
    "fee_rate": 0.07,
    "strike_price": 63656.355675,
    "btc_at_scalp": 63652.1,
    "btc_at_expiry": 63692.54657770102,
    "chainlink_price_to_beat": 63656.305179999996,
    "chainlink_final_price": 63692.54657770102,
    "flow_score": -0.0522,
    "spot_flow_signal": -0.03701332737432912,
    "regime": "unknown",
    "btc_distance_atr": -0.191,
    "coinbase_cvd_60s": -0.0845,
    "coinbase_taker_60s": 0.4131,
    "coinbase_taker_n": 157,
    "cross_venue_gap": -36.85,
    "fast_realized_vol_60s": 4.4e-05
  }
}