{
  "position_id": 4080,
  "market_id": "btc-updown-5m-1781463900",
  "side": "Down",
  "timestamp": "2026-06-14T19:15:47.475042+00:00",
  "actual": {
    "exit_reason": "hold",
    "exit_price": 1.0,
    "pnl": 1.96649,
    "gain_pct": 0.091978
  },
  "counterfactual": {
    "exit_reason": "hypothetical_scalp",
    "exit_price": 0.99,
    "pnl": 1.716846,
    "gain_pct": 0.080302
  },
  "delta_pnl": 0.249644,
  "hold_was_optimal": true,
  "context_at_worst_moment": {
    "holding_edge": 0.009840181933282177,
    "model_prob": 0.9998401819332822,
    "market_price": 0.99,
    "seconds_remaining": 25.437097,
    "exit_threshold_used": -0.1,
    "strike_price": 63778.69666438371,
    "btc_at_worst": 63730.8,
    "flow_score": -0.0075,
    "spot_flow_signal": 0.04183730297386942,
    "regime": "unknown",
    "btc_distance_atr": -2.556,
    "worst_at": 1781464174.5637162,
    "coinbase_cvd_60s": 0.1454,
    "coinbase_taker_60s": 0.5949,
    "coinbase_taker_n": 129,
    "cross_venue_gap": -35.21,
    "fast_realized_vol_60s": 3.6e-05
  }
}