{
  "position_id": 4082,
  "market_id": "btc-updown-5m-1781464500",
  "side": "Down",
  "timestamp": "2026-06-14T19:29:49.408945+00:00",
  "actual": {
    "exit_reason": "scalp",
    "exit_price": 0.3,
    "pnl": -2.682242,
    "gain_pct": -0.361002
  },
  "counterfactual": {
    "resolution_price": 0.0,
    "pnl": -7.43,
    "gain_pct": -1.0
  },
  "delta_pnl": -4.747758,
  "scalp_was_optimal": true,
  "context_at_scalp": {
    "holding_edge": -0.056496291547394384,
    "model_prob": 0.2435037084526056,
    "market_price": 0.3,
    "seconds_remaining": 249.891083,
    "exit_threshold_used": -0.1,
    "effective_exit_threshold": -0.05584246252209607,
    "loss_cut": false,
    "entry_price": 0.42,
    "fee_rate": 0.07,
    "strike_price": 63752.423406497335,
    "btc_at_scalp": 63764.24,
    "btc_at_expiry": 63814.1191387411,
    "chainlink_price_to_beat": 63752.95091941354,
    "chainlink_final_price": 63814.1191387411,
    "flow_score": -0.0644,
    "spot_flow_signal": 0.12275371556188207,
    "regime": "unknown",
    "btc_distance_atr": 0.706,
    "coinbase_cvd_60s": 0.2983,
    "coinbase_taker_60s": 0.787,
    "coinbase_taker_n": 150,
    "cross_venue_gap": -37.22,
    "fast_realized_vol_60s": 2.5e-05
  }
}