{
  "position_id": 4097,
  "market_id": "btc-updown-5m-1781467800",
  "side": "Up",
  "timestamp": "2026-06-14T20:22:58.627712+00:00",
  "actual": {
    "exit_reason": "scalp",
    "exit_price": 0.5040800264999742,
    "pnl": -0.386443,
    "gain_pct": -0.096611
  },
  "counterfactual": {
    "resolution_price": 1.0,
    "pnl": 3.574118,
    "gain_pct": 0.893529
  },
  "delta_pnl": 3.96056,
  "scalp_was_optimal": false,
  "context_at_scalp": {
    "holding_edge": -0.16166944289921398,
    "model_prob": 0.35833055710078604,
    "market_price": 0.52,
    "seconds_remaining": 288.59291,
    "exit_threshold_used": -0.1,
    "effective_exit_threshold": -0.0800610378506478,
    "loss_cut": false,
    "entry_price": 0.51,
    "fee_rate": 0.07,
    "strike_price": 63776.31941046943,
    "btc_at_scalp": 63770.0,
    "btc_at_expiry": 63779.63650693413,
    "chainlink_price_to_beat": 63777.09380009874,
    "chainlink_final_price": 63779.63650693413,
    "flow_score": 0.3185,
    "spot_flow_signal": 0.012541330945146577,
    "regime": "unknown",
    "btc_distance_atr": -0.507,
    "coinbase_cvd_60s": 0.0733,
    "coinbase_taker_60s": 0.5316,
    "coinbase_taker_n": 127,
    "cross_venue_gap": -43.56,
    "fast_realized_vol_60s": 3.3e-05
  }
}