{
  "position_id": 40,
  "market_id": "btc-updown-5m-1783490400",
  "side": "Down",
  "timestamp": "2026-07-08T12:29:11.996988+00:00",
  "actual": {
    "exit_reason": "hold",
    "exit_price": 1.0,
    "pnl": 0.698858,
    "gain_pct": 0.114944
  },
  "counterfactual": {
    "exit_reason": "hypothetical_scalp",
    "exit_price": 0.99,
    "pnl": 0.626372,
    "gain_pct": 0.103022
  },
  "delta_pnl": 0.072487,
  "hold_was_optimal": true,
  "context_at_worst_moment": {
    "holding_edge": 0.009227970196875379,
    "model_prob": 0.9992279701968754,
    "market_price": 0.99,
    "seconds_remaining": 4.098303,
    "exit_threshold_used": -0.1,
    "strike_price": 62585.83504119671,
    "btc_at_worst": 62562.88,
    "flow_score": -0.7949,
    "spot_flow_signal": 0.02761281097170084,
    "regime": "unknown",
    "btc_distance_atr": -0.919,
    "worst_at": 1783490695.9024146,
    "coinbase_cvd_60s": 0.2093,
    "coinbase_taker_60s": 0.5523,
    "coinbase_taker_n": 309,
    "cross_venue_gap": -57.12,
    "fast_realized_vol_60s": 3.8e-05
  }
}