{
  "position_id": 4109,
  "market_id": "btc-updown-5m-1781469900",
  "side": "Up",
  "timestamp": "2026-06-14T20:59:35.242335+00:00",
  "actual": {
    "exit_reason": "scalp",
    "exit_price": 0.41,
    "pnl": -1.511045,
    "gain_pct": -0.176524
  },
  "counterfactual": {
    "resolution_price": 1.0,
    "pnl": 9.729867,
    "gain_pct": 1.136667
  },
  "delta_pnl": 11.240912,
  "scalp_was_optimal": false,
  "context_at_scalp": {
    "holding_edge": -0.07808668061959595,
    "model_prob": 0.331913319380404,
    "market_price": 0.41,
    "seconds_remaining": 259.240205,
    "exit_threshold_used": -0.1,
    "effective_exit_threshold": -0.07513442047521982,
    "loss_cut": false,
    "entry_price": 0.45,
    "fee_rate": 0.07,
    "strike_price": 64007.316553010874,
    "btc_at_scalp": 63999.75,
    "btc_at_expiry": 64010.266853368084,
    "chainlink_price_to_beat": 64008.1365783753,
    "chainlink_final_price": 64010.266853368084,
    "flow_score": -0.2878,
    "spot_flow_signal": 0.12975836864357573,
    "regime": "unknown",
    "btc_distance_atr": -0.514,
    "coinbase_cvd_60s": 0.9833,
    "coinbase_taker_60s": 0.7572,
    "coinbase_taker_n": 161,
    "cross_venue_gap": null,
    "fast_realized_vol_60s": 2.9e-05
  }
}