{
  "position_id": 4136,
  "market_id": "btc-updown-5m-1781474100",
  "side": "Down",
  "timestamp": "2026-06-14T22:02:00.648932+00:00",
  "actual": {
    "exit_reason": "hold",
    "exit_price": 1.0,
    "pnl": 3.231624,
    "gain_pct": 0.326757
  },
  "counterfactual": {
    "exit_reason": "hypothetical_scalp",
    "exit_price": 0.99,
    "pnl": 3.091315,
    "gain_pct": 0.31257
  },
  "delta_pnl": 0.14031,
  "hold_was_optimal": true,
  "context_at_worst_moment": {
    "holding_edge": 0.0018902795125310679,
    "model_prob": 0.9918902795125311,
    "market_price": 0.99,
    "seconds_remaining": 29.01822,
    "exit_threshold_used": -0.1,
    "strike_price": 65417.32494791864,
    "btc_at_worst": 65314.61,
    "flow_score": -0.5985,
    "spot_flow_signal": -0.061334471177572986,
    "regime": "unknown",
    "btc_distance_atr": -1.141,
    "worst_at": 1781474370.9827123,
    "coinbase_cvd_60s": -0.8858,
    "coinbase_taker_60s": 0.4057,
    "coinbase_taker_n": 444,
    "cross_venue_gap": -30.19,
    "fast_realized_vol_60s": 0.000113
  }
}