{
  "position_id": 4146,
  "market_id": "btc-updown-5m-1781475900",
  "side": "Down",
  "timestamp": "2026-06-14T22:36:20.817791+00:00",
  "actual": {
    "exit_reason": "hold",
    "exit_price": 0.0,
    "pnl": -6.42,
    "gain_pct": -1.0
  },
  "counterfactual": {
    "exit_reason": "hypothetical_scalp",
    "exit_price": 0.28,
    "pnl": -3.247604,
    "gain_pct": -0.505857
  },
  "delta_pnl": -3.172396,
  "hold_was_optimal": false,
  "context_at_worst_moment": {
    "holding_edge": 0.02030889888924481,
    "model_prob": 0.30030889888924484,
    "market_price": 0.28,
    "seconds_remaining": 11.770233,
    "exit_threshold_used": -0.1,
    "strike_price": 65174.56268690289,
    "btc_at_worst": 65184.56,
    "flow_score": 0.4386,
    "spot_flow_signal": 0.15247861425144082,
    "regime": "unknown",
    "btc_distance_atr": 0.132,
    "worst_at": 1781476188.2306721,
    "coinbase_cvd_60s": 2.6982,
    "coinbase_taker_60s": 0.7018,
    "coinbase_taker_n": 486,
    "cross_venue_gap": -27.98,
    "fast_realized_vol_60s": 0.000109
  }
}