{
  "position_id": 4157,
  "market_id": "btc-updown-5m-1781478900",
  "side": "Up",
  "timestamp": "2026-06-14T23:27:36.603798+00:00",
  "actual": {
    "exit_reason": "scalp",
    "exit_price": 0.6045476275422397,
    "pnl": -0.12715,
    "gain_pct": -0.019294
  },
  "counterfactual": {
    "resolution_price": 0.0,
    "pnl": -6.59,
    "gain_pct": -1.0
  },
  "delta_pnl": -6.46285,
  "scalp_was_optimal": true,
  "context_at_scalp": {
    "holding_edge": -0.09842933592274294,
    "model_prob": 0.521570664077257,
    "market_price": 0.62,
    "seconds_remaining": 106.519844,
    "exit_threshold_used": -0.1,
    "effective_exit_threshold": -0.06847472288916068,
    "loss_cut": false,
    "entry_price": 0.57,
    "fee_rate": 0.07,
    "strike_price": 65526.17153142348,
    "btc_at_scalp": 65528.78,
    "btc_at_expiry": 65524.74259184184,
    "chainlink_price_to_beat": 65528.56468355194,
    "chainlink_final_price": 65524.74259184184,
    "flow_score": -0.0332,
    "spot_flow_signal": -0.059489928373717145,
    "regime": "unknown",
    "btc_distance_atr": 0.043,
    "coinbase_cvd_60s": -1.1184,
    "coinbase_taker_60s": 0.4259,
    "coinbase_taker_n": 545,
    "cross_venue_gap": -39.55,
    "fast_realized_vol_60s": 0.000125
  }
}