{
  "position_id": 4180,
  "market_id": "btc-updown-5m-1781484300",
  "side": "Up",
  "timestamp": "2026-06-15T00:58:19.516926+00:00",
  "actual": {
    "exit_reason": "scalp",
    "exit_price": 0.37,
    "pnl": -2.331805,
    "gain_pct": -0.367213
  },
  "counterfactual": {
    "resolution_price": 1.0,
    "pnl": 5.236953,
    "gain_pct": 0.824717
  },
  "delta_pnl": 7.568758,
  "scalp_was_optimal": false,
  "context_at_scalp": {
    "holding_edge": -0.08316383485619117,
    "model_prob": 0.2668361651438088,
    "market_price": 0.35,
    "seconds_remaining": 285.94179,
    "exit_threshold_used": -0.1,
    "effective_exit_threshold": -0.07705033072303169,
    "loss_cut": false,
    "entry_price": 0.53,
    "fee_rate": 0.07,
    "strike_price": 65505.08450885214,
    "btc_at_scalp": 65481.13,
    "btc_at_expiry": 65519.986684733,
    "chainlink_price_to_beat": 65505.216893852135,
    "chainlink_final_price": 65519.986684733,
    "flow_score": -0.1615,
    "spot_flow_signal": 0.20089661202976483,
    "regime": "unknown",
    "btc_distance_atr": -0.59,
    "coinbase_cvd_60s": 6.8218,
    "coinbase_taker_60s": 0.7584,
    "coinbase_taker_n": 437,
    "cross_venue_gap": -21.38,
    "fast_realized_vol_60s": 8.4e-05
  }
}