{
  "position_id": 4198,
  "market_id": "btc-updown-5m-1781488500",
  "side": "Up",
  "timestamp": "2026-06-15T02:07:55.255881+00:00",
  "actual": {
    "exit_reason": "scalp",
    "exit_price": 0.2,
    "pnl": -3.335064,
    "gain_pct": -0.672392
  },
  "counterfactual": {
    "resolution_price": 1.0,
    "pnl": 3.205505,
    "gain_pct": 0.646271
  },
  "delta_pnl": 6.54057,
  "scalp_was_optimal": false,
  "context_at_scalp": {
    "holding_edge": -0.013147603599940438,
    "model_prob": 0.18685239640005957,
    "market_price": 0.2,
    "seconds_remaining": 106.664647,
    "exit_threshold_used": -0.1,
    "effective_exit_threshold": -0.002848584086196315,
    "loss_cut": false,
    "entry_price": 0.59,
    "fee_rate": 0.07,
    "strike_price": 65472.87917303089,
    "btc_at_scalp": 65449.99,
    "btc_at_expiry": 65480.937167531956,
    "chainlink_price_to_beat": 65475.51598287309,
    "chainlink_final_price": 65480.937167531956,
    "flow_score": 0.1222,
    "spot_flow_signal": -0.13593595848675077,
    "regime": "unknown",
    "btc_distance_atr": -0.825,
    "coinbase_cvd_60s": -0.9336,
    "coinbase_taker_60s": 0.2225,
    "coinbase_taker_n": 270,
    "cross_venue_gap": -38.01,
    "fast_realized_vol_60s": 3.9e-05
  }
}