{
  "position_id": 4210,
  "market_id": "btc-updown-5m-1781492400",
  "side": "Down",
  "timestamp": "2026-06-15T03:10:37.141047+00:00",
  "actual": {
    "exit_reason": "scalp",
    "exit_price": 0.81,
    "pnl": 1.576934,
    "gain_pct": 0.28516
  },
  "counterfactual": {
    "resolution_price": 0.0,
    "pnl": -5.53,
    "gain_pct": -1.0
  },
  "delta_pnl": -7.106934,
  "scalp_was_optimal": true,
  "context_at_scalp": {
    "holding_edge": -0.12458960025604848,
    "model_prob": 0.6854103997439516,
    "market_price": 0.81,
    "seconds_remaining": 274.614545,
    "exit_threshold_used": -0.1,
    "effective_exit_threshold": -0.10309466156862705,
    "loss_cut": false,
    "entry_price": 0.61,
    "fee_rate": 0.07,
    "strike_price": 65415.93059787135,
    "btc_at_scalp": 65394.82,
    "btc_at_expiry": 65515.04796377699,
    "chainlink_price_to_beat": 65426.75854808996,
    "chainlink_final_price": 65515.04796377699,
    "flow_score": -0.0909,
    "spot_flow_signal": -0.05010817924847692,
    "regime": "unknown",
    "btc_distance_atr": -0.674,
    "coinbase_cvd_60s": -0.7283,
    "coinbase_taker_60s": 0.4234,
    "coinbase_taker_n": 450,
    "cross_venue_gap": -34.76,
    "fast_realized_vol_60s": 6.8e-05
  }
}