{
  "position_id": 4212,
  "market_id": "btc-updown-5m-1781492700",
  "side": "Up",
  "timestamp": "2026-06-15T03:15:37.962421+00:00",
  "actual": {
    "exit_reason": "scalp",
    "exit_price": 0.78,
    "pnl": 2.259654,
    "gain_pct": 0.390944
  },
  "counterfactual": {
    "resolution_price": 1.0,
    "pnl": 4.579044,
    "gain_pct": 0.792222
  },
  "delta_pnl": 2.31939,
  "scalp_was_optimal": false,
  "context_at_scalp": {
    "holding_edge": -0.14386861200733247,
    "model_prob": 0.6561313879926676,
    "market_price": 0.8,
    "seconds_remaining": 32.800389,
    "exit_threshold_used": -0.1,
    "effective_exit_threshold": -0.10004555574668048,
    "loss_cut": false,
    "entry_price": 0.54,
    "fee_rate": 0.07,
    "strike_price": 65513.42097,
    "btc_at_scalp": 65518.46,
    "btc_at_expiry": 65537.99900939484,
    "chainlink_price_to_beat": 65515.04796377699,
    "chainlink_final_price": 65537.99900939484,
    "flow_score": 0.0802,
    "spot_flow_signal": 0.17302046637054724,
    "regime": "unknown",
    "btc_distance_atr": 0.194,
    "coinbase_cvd_60s": 2.1617,
    "coinbase_taker_60s": 0.7887,
    "coinbase_taker_n": 302,
    "cross_venue_gap": -39.96,
    "fast_realized_vol_60s": 4.1e-05
  }
}