{
  "position_id": 4214,
  "market_id": "btc-updown-5m-1781493000",
  "side": "Up",
  "timestamp": "2026-06-15T03:18:59.226007+00:00",
  "actual": {
    "exit_reason": "hold",
    "exit_price": 1.0,
    "pnl": 7.496712,
    "gain_pct": 0.893529
  },
  "counterfactual": {
    "exit_reason": "hypothetical_scalp",
    "exit_price": 0.99,
    "pnl": 7.326835,
    "gain_pct": 0.873282
  },
  "delta_pnl": 0.169877,
  "hold_was_optimal": true,
  "context_at_worst_moment": {
    "holding_edge": 0.0061826351914607836,
    "model_prob": 0.9961826351914608,
    "market_price": 0.99,
    "seconds_remaining": 86.678739,
    "exit_threshold_used": -0.1,
    "strike_price": 65537.57143353121,
    "btc_at_worst": 65638.4,
    "flow_score": 0.8683,
    "spot_flow_signal": 0.2154039548740464,
    "regime": "unknown",
    "btc_distance_atr": 3.519,
    "worst_at": 1781493213.546361,
    "coinbase_cvd_60s": 2.9702,
    "coinbase_taker_60s": 0.8467,
    "coinbase_taker_n": 347,
    "cross_venue_gap": -37.79,
    "fast_realized_vol_60s": 5.3e-05
  }
}