{
  "position_id": 4223,
  "market_id": "btc-updown-5m-1781496600",
  "side": "Down",
  "timestamp": "2026-06-15T04:17:42.101434+00:00",
  "actual": {
    "exit_reason": "hold",
    "exit_price": 1.0,
    "pnl": 6.605657,
    "gain_pct": 0.730714
  },
  "counterfactual": {
    "exit_reason": "hypothetical_scalp",
    "exit_price": 0.99,
    "pnl": 6.438358,
    "gain_pct": 0.712208
  },
  "delta_pnl": 0.167299,
  "hold_was_optimal": true,
  "context_at_worst_moment": {
    "holding_edge": 0.009324862988035032,
    "model_prob": 0.999324862988035,
    "market_price": 0.99,
    "seconds_remaining": 53.755363,
    "exit_threshold_used": -0.1,
    "strike_price": 65759.27893501308,
    "btc_at_worst": 65677.86,
    "flow_score": -0.6927,
    "spot_flow_signal": 0.11601149814992781,
    "regime": "unknown",
    "btc_distance_atr": -2.786,
    "worst_at": 1781496846.2466853,
    "coinbase_cvd_60s": 2.051,
    "coinbase_taker_60s": 0.6625,
    "coinbase_taker_n": 401,
    "cross_venue_gap": -34.66,
    "fast_realized_vol_60s": 3.7e-05
  }
}