{
  "position_id": 4224,
  "market_id": "btc-updown-5m-1781496900",
  "side": "Down",
  "timestamp": "2026-06-15T04:29:43.985767+00:00",
  "actual": {
    "exit_reason": "scalp",
    "exit_price": 0.26,
    "pnl": -3.127208,
    "gain_pct": -0.608406
  },
  "counterfactual": {
    "resolution_price": 0.0,
    "pnl": -5.14,
    "gain_pct": -1.0
  },
  "delta_pnl": -2.012792,
  "scalp_was_optimal": true,
  "context_at_scalp": {
    "holding_edge": -0.2517022717631934,
    "model_prob": 0.008297728236806634,
    "market_price": 0.26,
    "seconds_remaining": 89.997908,
    "exit_threshold_used": -0.1,
    "effective_exit_threshold": 0.017765573595932747,
    "loss_cut": true,
    "entry_price": 0.6,
    "fee_rate": 0.07,
    "strike_price": 65683.01094,
    "btc_at_scalp": 65733.5,
    "btc_at_expiry": 65733.53050777632,
    "chainlink_price_to_beat": 65683.048385,
    "chainlink_final_price": 65733.53050777632,
    "flow_score": 0.4341,
    "spot_flow_signal": 0.0958109245306629,
    "regime": "unknown",
    "btc_distance_atr": 2.057,
    "coinbase_cvd_60s": 0.5832,
    "coinbase_taker_60s": 0.7001,
    "coinbase_taker_n": 294,
    "cross_venue_gap": -38.5,
    "fast_realized_vol_60s": 5.4e-05
  }
}