{
  "position_id": 4255,
  "market_id": "btc-updown-5m-1781503200",
  "side": "Up",
  "timestamp": "2026-06-15T06:13:34.349960+00:00",
  "actual": {
    "exit_reason": "scalp",
    "exit_price": 0.32,
    "pnl": -2.489661,
    "gain_pct": -0.499932
  },
  "counterfactual": {
    "resolution_price": 1.0,
    "pnl": 3.353772,
    "gain_pct": 0.673448
  },
  "delta_pnl": 5.843433,
  "scalp_was_optimal": false,
  "context_at_scalp": {
    "holding_edge": -0.21952848193098462,
    "model_prob": 0.10047151806901537,
    "market_price": 0.32,
    "seconds_remaining": 74.840231,
    "exit_threshold_used": -0.1,
    "effective_exit_threshold": -0.046503590169566594,
    "loss_cut": true,
    "entry_price": 0.58,
    "fee_rate": 0.07,
    "strike_price": 65817.58379,
    "btc_at_scalp": 65797.47,
    "btc_at_expiry": 65822.04755500803,
    "chainlink_price_to_beat": 65817.58372,
    "chainlink_final_price": 65822.04755500803,
    "flow_score": -0.1276,
    "spot_flow_signal": 0.22655000579754123,
    "regime": "unknown",
    "btc_distance_atr": -1.124,
    "coinbase_cvd_60s": 2.7699,
    "coinbase_taker_60s": 0.8819,
    "coinbase_taker_n": 293,
    "cross_venue_gap": -36.82,
    "fast_realized_vol_60s": 7.2e-05
  }
}