{
  "position_id": 4276,
  "market_id": "btc-updown-5m-1781507100",
  "side": "Up",
  "timestamp": "2026-06-15T07:15:55.875301+00:00",
  "actual": {
    "exit_reason": "hold",
    "exit_price": 1.0,
    "pnl": 6.8634,
    "gain_pct": 0.93
  },
  "counterfactual": {
    "exit_reason": "hypothetical_scalp",
    "exit_price": 0.46,
    "pnl": -1.0757,
    "gain_pct": -0.145759
  },
  "delta_pnl": 7.9391,
  "hold_was_optimal": true,
  "context_at_worst_moment": {
    "holding_edge": -0.07524680220763708,
    "model_prob": 0.38475319779236294,
    "market_price": 0.46,
    "seconds_remaining": 223.576076,
    "exit_threshold_used": -0.1,
    "strike_price": 65737.11219512955,
    "btc_at_worst": 65725.91,
    "flow_score": -0.4703,
    "spot_flow_signal": 0.18947447631444347,
    "regime": "unknown",
    "btc_distance_atr": -0.383,
    "worst_at": 1781507176.4250212,
    "coinbase_cvd_60s": 0.6614,
    "coinbase_taker_60s": 0.9296,
    "coinbase_taker_n": 191,
    "cross_venue_gap": -39.39,
    "fast_realized_vol_60s": 5.1e-05
  }
}