{
  "position_id": 4292,
  "market_id": "btc-updown-5m-1781510700",
  "side": "Down",
  "timestamp": "2026-06-15T08:16:07.822813+00:00",
  "actual": {
    "exit_reason": "hold",
    "exit_price": 1.0,
    "pnl": 2.210118,
    "gain_pct": 0.437647
  },
  "counterfactual": {
    "exit_reason": "hypothetical_scalp",
    "exit_price": 0.73,
    "pnl": 0.149718,
    "gain_pct": 0.029647
  },
  "delta_pnl": 2.0604,
  "hold_was_optimal": true,
  "context_at_worst_moment": {
    "holding_edge": -0.06338547203619127,
    "model_prob": 0.6666145279638087,
    "market_price": 0.73,
    "seconds_remaining": 126.850303,
    "exit_threshold_used": -0.1,
    "strike_price": 65698.75561311579,
    "btc_at_worst": 65687.57,
    "flow_score": -0.0177,
    "spot_flow_signal": -0.19401821558706364,
    "regime": "unknown",
    "btc_distance_atr": -0.429,
    "worst_at": 1781510873.1504438,
    "coinbase_cvd_60s": -1.8435,
    "coinbase_taker_60s": 0.1377,
    "coinbase_taker_n": 223,
    "cross_venue_gap": -37.74,
    "fast_realized_vol_60s": 3.3e-05
  }
}