{
  "position_id": 4293,
  "market_id": "btc-updown-5m-1781511000",
  "side": "Up",
  "timestamp": "2026-06-15T08:22:27.368840+00:00",
  "actual": {
    "exit_reason": "scalp",
    "exit_price": 0.37,
    "pnl": -2.841008,
    "gain_pct": -0.38392
  },
  "counterfactual": {
    "resolution_price": 1.0,
    "pnl": 4.983517,
    "gain_pct": 0.673448
  },
  "delta_pnl": 7.824525,
  "scalp_was_optimal": false,
  "context_at_scalp": {
    "holding_edge": -0.08608530861077734,
    "model_prob": 0.29391469138922266,
    "market_price": 0.38,
    "seconds_remaining": 157.646971,
    "exit_threshold_used": -0.1,
    "effective_exit_threshold": -0.06187834619647926,
    "loss_cut": false,
    "entry_price": 0.58,
    "fee_rate": 0.07,
    "strike_price": 65675.89850915254,
    "btc_at_scalp": 65662.87,
    "btc_at_expiry": 65687.90954493468,
    "chainlink_price_to_beat": 65675.8005198235,
    "chainlink_final_price": 65687.90954493468,
    "flow_score": 0.5627,
    "spot_flow_signal": 0.12134341687247295,
    "regime": "unknown",
    "btc_distance_atr": -0.597,
    "coinbase_cvd_60s": 0.3894,
    "coinbase_taker_60s": 0.7774,
    "coinbase_taker_n": 278,
    "cross_venue_gap": -41.28,
    "fast_realized_vol_60s": 3.9e-05
  }
}