{
  "position_id": 4315,
  "market_id": "btc-updown-5m-1781515500",
  "side": "Down",
  "timestamp": "2026-06-15T09:33:18.107452+00:00",
  "actual": {
    "exit_reason": "hold",
    "exit_price": 1.0,
    "pnl": 4.070644,
    "gain_pct": 0.218148
  },
  "counterfactual": {
    "exit_reason": "hypothetical_scalp",
    "exit_price": 0.96,
    "pnl": 3.100319,
    "gain_pct": 0.166148
  },
  "delta_pnl": 0.970326,
  "hold_was_optimal": true,
  "context_at_worst_moment": {
    "holding_edge": -0.06411154971643895,
    "model_prob": 0.895888450283561,
    "market_price": 0.96,
    "seconds_remaining": 28.033142,
    "exit_threshold_used": -0.1,
    "strike_price": 65624.58158282837,
    "btc_at_worst": 65611.47,
    "flow_score": 0.4262,
    "spot_flow_signal": -0.05073304053510823,
    "regime": "unknown",
    "btc_distance_atr": -0.589,
    "worst_at": 1781515771.968499,
    "coinbase_cvd_60s": -0.3095,
    "coinbase_taker_60s": 0.3938,
    "coinbase_taker_n": 249,
    "cross_venue_gap": -32.69,
    "fast_realized_vol_60s": 3.1e-05
  }
}