{
  "position_id": 4319,
  "market_id": "btc-updown-5m-1781516400",
  "side": "Up",
  "timestamp": "2026-06-15T09:46:36.328316+00:00",
  "actual": {
    "exit_reason": "hold",
    "exit_price": 1.0,
    "pnl": 3.460364,
    "gain_pct": 0.343973
  },
  "counterfactual": {
    "exit_reason": "hypothetical_scalp",
    "exit_price": 0.96,
    "pnl": 2.883207,
    "gain_pct": 0.286601
  },
  "delta_pnl": 0.577157,
  "hold_was_optimal": true,
  "context_at_worst_moment": {
    "holding_edge": -0.015177661876068727,
    "model_prob": 0.9448223381239312,
    "market_price": 0.96,
    "seconds_remaining": 38.540022,
    "exit_threshold_used": -0.1,
    "strike_price": 65493.72308959446,
    "btc_at_worst": 65514.42,
    "flow_score": -0.4889,
    "spot_flow_signal": 0.0654655387157837,
    "regime": "unknown",
    "btc_distance_atr": 0.936,
    "worst_at": 1781516661.4613276,
    "coinbase_cvd_60s": 0.8682,
    "coinbase_taker_60s": 0.6058,
    "coinbase_taker_n": 277,
    "cross_venue_gap": -52.55,
    "fast_realized_vol_60s": 5.3e-05
  }
}