{
  "position_id": 4333,
  "market_id": "btc-updown-5m-1781519700",
  "side": "Down",
  "timestamp": "2026-06-15T10:44:14.415031+00:00",
  "actual": {
    "exit_reason": "hold",
    "exit_price": 0.0,
    "pnl": -11.42,
    "gain_pct": -1.0
  },
  "counterfactual": {
    "exit_reason": "hypothetical_scalp",
    "exit_price": 0.17,
    "pnl": -9.024528,
    "gain_pct": -0.790239
  },
  "delta_pnl": -2.395472,
  "hold_was_optimal": false,
  "context_at_worst_moment": {
    "holding_edge": -0.15664049894101703,
    "model_prob": 0.013359501058982981,
    "market_price": 0.17,
    "seconds_remaining": 0.290044,
    "exit_threshold_used": -0.1,
    "strike_price": 65677.30765493712,
    "btc_at_worst": 65679.64,
    "flow_score": -0.2752,
    "spot_flow_signal": 0.05224258453410373,
    "regime": "unknown",
    "btc_distance_atr": 0.239,
    "worst_at": 1781519999.7110555,
    "coinbase_cvd_60s": 0.2026,
    "coinbase_taker_60s": 0.6171,
    "coinbase_taker_n": 170,
    "cross_venue_gap": -40.37,
    "fast_realized_vol_60s": 4.1e-05
  }
}