{
  "position_id": 4335,
  "market_id": "btc-updown-5m-1781520300",
  "side": "Up",
  "timestamp": "2026-06-15T10:56:48.789230+00:00",
  "actual": {
    "exit_reason": "scalp",
    "exit_price": 0.18,
    "pnl": -3.509703,
    "gain_pct": -0.640457
  },
  "counterfactual": {
    "resolution_price": 0.0,
    "pnl": -5.48,
    "gain_pct": -1.0
  },
  "delta_pnl": -1.970297,
  "scalp_was_optimal": true,
  "context_at_scalp": {
    "holding_edge": -0.09594780941881395,
    "model_prob": 0.024052190581186045,
    "market_price": 0.12,
    "seconds_remaining": 106.481611,
    "exit_threshold_used": -0.1,
    "effective_exit_threshold": 0.013678571288358303,
    "loss_cut": false,
    "entry_price": 0.48,
    "fee_rate": 0.07,
    "strike_price": 65716.61407320817,
    "btc_at_scalp": 65687.58,
    "btc_at_expiry": 65714.72706650638,
    "chainlink_price_to_beat": 65716.56870124984,
    "chainlink_final_price": 65714.72706650638,
    "flow_score": 0.4686,
    "spot_flow_signal": -0.17436174921363762,
    "regime": "unknown",
    "btc_distance_atr": -2.064,
    "coinbase_cvd_60s": -4.7584,
    "coinbase_taker_60s": 0.2693,
    "coinbase_taker_n": 312,
    "cross_venue_gap": -46.49,
    "fast_realized_vol_60s": 9.2e-05
  }
}