{
  "position_id": 4340,
  "market_id": "btc-updown-5m-1781520900",
  "side": "Down",
  "timestamp": "2026-06-15T11:08:50.615686+00:00",
  "actual": {
    "exit_reason": "scalp",
    "exit_price": 0.16,
    "pnl": -5.878546,
    "gain_pct": -0.72041
  },
  "counterfactual": {
    "resolution_price": 0.0,
    "pnl": -8.16,
    "gain_pct": -1.0
  },
  "delta_pnl": -2.281454,
  "scalp_was_optimal": true,
  "context_at_scalp": {
    "holding_edge": 0.09928302271506431,
    "model_prob": 0.2592830227150643,
    "market_price": 0.16,
    "seconds_remaining": 88.147915,
    "exit_threshold_used": -0.1,
    "effective_exit_threshold": 0.05403121536338198,
    "loss_cut": true,
    "entry_price": 0.51,
    "fee_rate": 0.07,
    "strike_price": 65814.53430653967,
    "btc_at_scalp": 65843.49,
    "btc_at_expiry": 65873.42170484226,
    "chainlink_price_to_beat": 65809.85397959265,
    "chainlink_final_price": 65873.42170484226,
    "flow_score": 0.2647,
    "spot_flow_signal": 0.00693332979841773,
    "regime": "unknown",
    "btc_distance_atr": 0.583,
    "coinbase_cvd_60s": 0.5164,
    "coinbase_taker_60s": 0.5789,
    "coinbase_taker_n": 306,
    "cross_venue_gap": -46.34,
    "fast_realized_vol_60s": 7.2e-05
  }
}