{
  "position_id": 4353,
  "market_id": "btc-updown-5m-1781524500",
  "side": "Down",
  "timestamp": "2026-06-15T12:04:54.314935+00:00",
  "actual": {
    "exit_reason": "hold",
    "exit_price": 1.0,
    "pnl": 1.718741,
    "gain_pct": 0.326757
  },
  "counterfactual": {
    "exit_reason": "hypothetical_scalp",
    "exit_price": 0.73,
    "pnl": -0.261805,
    "gain_pct": -0.049773
  },
  "delta_pnl": 1.980546,
  "hold_was_optimal": true,
  "context_at_worst_moment": {
    "holding_edge": -0.08231787641931532,
    "model_prob": 0.6476821235806847,
    "market_price": 0.73,
    "seconds_remaining": 201.953472,
    "exit_threshold_used": -0.1,
    "strike_price": 66202.18294582874,
    "btc_at_worst": 66185.64,
    "flow_score": -0.1231,
    "spot_flow_signal": 0.16850859676056243,
    "regime": "unknown",
    "btc_distance_atr": -0.5,
    "worst_at": 1781524598.047404,
    "coinbase_cvd_60s": 0.8503,
    "coinbase_taker_60s": 0.8646,
    "coinbase_taker_n": 328,
    "cross_venue_gap": -28.36,
    "fast_realized_vol_60s": 2.8e-05
  }
}