{
  "position_id": 4396,
  "market_id": "btc-updown-5m-1781539200",
  "side": "Down",
  "timestamp": "2026-06-15T16:07:23.635864+00:00",
  "actual": {
    "exit_reason": "hold",
    "exit_price": 1.0,
    "pnl": 1.777394,
    "gain_pct": 0.164118
  },
  "counterfactual": {
    "exit_reason": "hypothetical_scalp",
    "exit_price": 0.93,
    "pnl": 0.837425,
    "gain_pct": 0.077325
  },
  "delta_pnl": 0.939969,
  "hold_was_optimal": true,
  "context_at_worst_moment": {
    "holding_edge": -0.048432659480439066,
    "model_prob": 0.881567340519561,
    "market_price": 0.93,
    "seconds_remaining": 177.958509,
    "exit_threshold_used": -0.1,
    "strike_price": 67239.22536313348,
    "btc_at_worst": 67150.0,
    "flow_score": 0.3698,
    "spot_flow_signal": -0.31361765386480106,
    "regime": "unknown",
    "btc_distance_atr": -1.223,
    "worst_at": 1781539322.0437877,
    "coinbase_cvd_60s": -8.853,
    "coinbase_taker_60s": 0.2896,
    "coinbase_taker_n": 1193,
    "cross_venue_gap": -33.18,
    "fast_realized_vol_60s": 9.6e-05
  }
}