{
  "position_id": 4402,
  "market_id": "btc-updown-5m-1781541000",
  "side": "Up",
  "timestamp": "2026-06-15T16:41:01.268761+00:00",
  "actual": {
    "exit_reason": "scalp",
    "exit_price": 0.78,
    "pnl": 2.620153,
    "gain_pct": 0.298763
  },
  "counterfactual": {
    "resolution_price": 1.0,
    "pnl": 5.906141,
    "gain_pct": 0.673448
  },
  "delta_pnl": 3.285988,
  "scalp_was_optimal": false,
  "context_at_scalp": {
    "holding_edge": -0.09717923764661007,
    "model_prob": 0.6628207623533899,
    "market_price": 0.76,
    "seconds_remaining": 116.775295,
    "exit_threshold_used": -0.1,
    "effective_exit_threshold": -0.09700357602032916,
    "loss_cut": false,
    "entry_price": 0.58,
    "fee_rate": 0.07,
    "strike_price": 67154.15880859386,
    "btc_at_scalp": 67166.66,
    "btc_at_expiry": 67195.55611634908,
    "chainlink_price_to_beat": 67154.16442864055,
    "chainlink_final_price": 67195.55611634908,
    "flow_score": 0.1911,
    "spot_flow_signal": -0.1368470130344689,
    "regime": "unknown",
    "btc_distance_atr": 0.36,
    "coinbase_cvd_60s": -1.816,
    "coinbase_taker_60s": 0.3214,
    "coinbase_taker_n": 528,
    "cross_venue_gap": -35.72,
    "fast_realized_vol_60s": 7.8e-05
  }
}