{
  "position_id": 4413,
  "market_id": "btc-updown-5m-1781542500",
  "side": "Up",
  "timestamp": "2026-06-15T17:03:57.383710+00:00",
  "actual": {
    "exit_reason": "hold",
    "exit_price": 1.0,
    "pnl": 3.704639,
    "gain_pct": 0.114944
  },
  "counterfactual": {
    "exit_reason": "hypothetical_scalp",
    "exit_price": 0.82,
    "pnl": -3.134872,
    "gain_pct": -0.097266
  },
  "delta_pnl": 6.839512,
  "hold_was_optimal": true,
  "context_at_worst_moment": {
    "holding_edge": -0.8166411981065154,
    "model_prob": 0.0033588018934845687,
    "market_price": 0.82,
    "seconds_remaining": 0.311094,
    "exit_threshold_used": -0.1,
    "strike_price": 67124.58074624457,
    "btc_at_worst": 67117.14,
    "flow_score": -0.4544,
    "spot_flow_signal": 0.09078333168520787,
    "regime": "unknown",
    "btc_distance_atr": -0.242,
    "worst_at": 1781542799.6898499,
    "coinbase_cvd_60s": 0.8471,
    "coinbase_taker_60s": 0.6705,
    "coinbase_taker_n": 370,
    "cross_venue_gap": -40.86,
    "fast_realized_vol_60s": 6e-05
  }
}