{
  "position_id": 4414,
  "market_id": "btc-updown-5m-1781542800",
  "side": "Down",
  "timestamp": "2026-06-15T17:09:09.871929+00:00",
  "actual": {
    "exit_reason": "hold",
    "exit_price": 1.0,
    "pnl": 5.265129,
    "gain_pct": 0.398571
  },
  "counterfactual": {
    "exit_reason": "hypothetical_scalp",
    "exit_price": 0.99,
    "pnl": 5.067574,
    "gain_pct": 0.383617
  },
  "delta_pnl": 0.197555,
  "hold_was_optimal": true,
  "context_at_worst_moment": {
    "holding_edge": 0.005715434174325296,
    "model_prob": 0.9957154341743253,
    "market_price": 0.99,
    "seconds_remaining": 116.532511,
    "exit_threshold_used": -0.1,
    "strike_price": 67124.8746165099,
    "btc_at_worst": 67001.59,
    "flow_score": -0.5965,
    "spot_flow_signal": -0.6685810000408067,
    "regime": "unknown",
    "btc_distance_atr": -3.556,
    "worst_at": 1781542983.4686272,
    "coinbase_cvd_60s": -21.0541,
    "coinbase_taker_60s": 0.1517,
    "coinbase_taker_n": 732,
    "cross_venue_gap": -36.41,
    "fast_realized_vol_60s": 7.5e-05
  }
}