{
  "position_id": 4426,
  "market_id": "btc-updown-5m-1781545800",
  "side": "Up",
  "timestamp": "2026-06-15T18:03:51.096332+00:00",
  "actual": {
    "exit_reason": "scalp",
    "exit_price": 0.64,
    "pnl": -1.918213,
    "gain_pct": -0.165792
  },
  "counterfactual": {
    "resolution_price": 1.0,
    "pnl": 3.5867,
    "gain_pct": 0.31
  },
  "delta_pnl": 5.504913,
  "scalp_was_optimal": false,
  "context_at_scalp": {
    "holding_edge": -0.06738128110682784,
    "model_prob": 0.5626187188931722,
    "market_price": 0.63,
    "seconds_remaining": 22.705998,
    "exit_threshold_used": -0.1,
    "effective_exit_threshold": -0.05607005361787381,
    "loss_cut": false,
    "entry_price": 0.75,
    "fee_rate": 0.07,
    "strike_price": 66877.85224123657,
    "btc_at_scalp": 66880.0,
    "btc_at_expiry": 66881.30938272328,
    "chainlink_price_to_beat": 66878.10870279225,
    "chainlink_final_price": 66881.30938272328,
    "flow_score": -0.3711,
    "spot_flow_signal": 0.2752030614765333,
    "regime": "unknown",
    "btc_distance_atr": 0.054,
    "coinbase_cvd_60s": 4.4032,
    "coinbase_taker_60s": 0.8923,
    "coinbase_taker_n": 438,
    "cross_venue_gap": -39.23,
    "fast_realized_vol_60s": 4.8e-05
  }
}