{
  "position_id": 4428,
  "market_id": "btc-updown-5m-1781546400",
  "side": "Down",
  "timestamp": "2026-06-15T18:07:44.058466+00:00",
  "actual": {
    "exit_reason": "hold",
    "exit_price": 1.0,
    "pnl": 10.5927,
    "gain_pct": 0.31
  },
  "counterfactual": {
    "exit_reason": "hypothetical_scalp",
    "exit_price": 0.38,
    "pnl": -17.8984,
    "gain_pct": -0.523805
  },
  "delta_pnl": 28.4911,
  "hold_was_optimal": true,
  "context_at_worst_moment": {
    "holding_edge": -0.1349532090672989,
    "model_prob": 0.2450467909327011,
    "market_price": 0.38,
    "seconds_remaining": 76.508551,
    "exit_threshold_used": -0.1,
    "strike_price": 66823.61985588809,
    "btc_at_worst": 66840.0,
    "flow_score": 0.3555,
    "spot_flow_signal": 0.05179497547515449,
    "regime": "unknown",
    "btc_distance_atr": 0.421,
    "worst_at": 1781546623.4926982,
    "coinbase_cvd_60s": 0.6507,
    "coinbase_taker_60s": 0.5864,
    "coinbase_taker_n": 438,
    "cross_venue_gap": -27.99,
    "fast_realized_vol_60s": 8.5e-05
  }
}