{
  "position_id": 4442,
  "market_id": "btc-updown-5m-1781550000",
  "side": "Down",
  "timestamp": "2026-06-15T19:14:02.388969+00:00",
  "actual": {
    "exit_reason": "scalp",
    "exit_price": 0.38,
    "pnl": -5.621776,
    "gain_pct": -0.491844
  },
  "counterfactual": {
    "resolution_price": 0.0,
    "pnl": -11.43,
    "gain_pct": -1.0
  },
  "delta_pnl": -5.808224,
  "scalp_was_optimal": true,
  "context_at_scalp": {
    "holding_edge": -0.07332296673056804,
    "model_prob": 0.29667703326943196,
    "market_price": 0.37,
    "seconds_remaining": 219.646251,
    "exit_threshold_used": -0.1,
    "effective_exit_threshold": -0.06988979483469199,
    "loss_cut": false,
    "entry_price": 0.73,
    "fee_rate": 0.07,
    "strike_price": 66736.8849562066,
    "btc_at_scalp": 66756.16,
    "btc_at_expiry": 66825.97941704393,
    "chainlink_price_to_beat": 66736.7828040727,
    "chainlink_final_price": 66825.97941704393,
    "flow_score": 0.1898,
    "spot_flow_signal": 0.012021260887053981,
    "regime": "unknown",
    "btc_distance_atr": 0.646,
    "coinbase_cvd_60s": 0.1943,
    "coinbase_taker_60s": 0.5171,
    "coinbase_taker_n": 409,
    "cross_venue_gap": -22.69,
    "fast_realized_vol_60s": 7.3e-05
  }
}