{
  "position_id": 4445,
  "market_id": "btc-updown-5m-1781550600",
  "side": "Down",
  "timestamp": "2026-06-15T19:25:05.380463+00:00",
  "actual": {
    "exit_reason": "scalp",
    "exit_price": 0.79,
    "pnl": 0.153873,
    "gain_pct": 0.025731
  },
  "counterfactual": {
    "resolution_price": 1.0,
    "pnl": 2.056956,
    "gain_pct": 0.343973
  },
  "delta_pnl": 1.903083,
  "scalp_was_optimal": false,
  "context_at_scalp": {
    "holding_edge": -0.25201708746674023,
    "model_prob": 0.5379829125332598,
    "market_price": 0.79,
    "seconds_remaining": 13.217051,
    "exit_threshold_used": -0.1,
    "effective_exit_threshold": -0.09635802669969973,
    "loss_cut": false,
    "entry_price": 0.7299999999999999,
    "fee_rate": 0.07,
    "strike_price": 66832.85763455121,
    "btc_at_scalp": 66832.19,
    "btc_at_expiry": 66830.01219056717,
    "chainlink_price_to_beat": 66833.17145890897,
    "chainlink_final_price": 66830.01219056717,
    "flow_score": -0.0406,
    "spot_flow_signal": 0.15498785435892992,
    "regime": "unknown",
    "btc_distance_atr": -0.028,
    "coinbase_cvd_60s": 3.0169,
    "coinbase_taker_60s": 0.7183,
    "coinbase_taker_n": 589,
    "cross_venue_gap": -16.66,
    "fast_realized_vol_60s": 4.8e-05
  }
}