{
  "position_id": 445,
  "market_id": "btc-updown-5m-1776216000",
  "side": "Down",
  "weight_version": "weights_v001",
  "timestamp": "2026-04-15T01:30:08.323625+00:00",
  "actual": {
    "exit_reason": "hold",
    "exit_price": 1.0,
    "pnl": 3.301538,
    "gain_pct": 0.363206
  },
  "counterfactual": {
    "exit_reason": "hypothetical_scalp",
    "exit_price": 0.91,
    "pnl": 2.168032,
    "gain_pct": 0.238507
  },
  "delta_pnl": 1.133506,
  "hold_was_optimal": true,
  "context_at_worst_moment": {
    "holding_edge": -0.01024663593013575,
    "model_prob": 0.8997533640698643,
    "market_price": 0.91,
    "seconds_remaining": 119.627022,
    "exit_threshold_used": -0.05,
    "strike_price": 74717.2859500816,
    "btc_at_worst": 74679.8,
    "worst_at": 1776216180.525547
  }
}