{
  "position_id": 4462,
  "market_id": "btc-updown-5m-1781555400",
  "side": "Up",
  "timestamp": "2026-06-15T20:39:56.948764+00:00",
  "actual": {
    "exit_reason": "hold",
    "exit_price": 1.0,
    "pnl": 3.981115,
    "gain_pct": 0.500769
  },
  "counterfactual": {
    "exit_reason": "hypothetical_scalp",
    "exit_price": 0.72,
    "pnl": 0.472031,
    "gain_pct": 0.059375
  },
  "delta_pnl": 3.509084,
  "hold_was_optimal": true,
  "context_at_worst_moment": {
    "holding_edge": -0.03907720841723494,
    "model_prob": 0.680922791582765,
    "market_price": 0.72,
    "seconds_remaining": 146.04776,
    "exit_threshold_used": -0.1,
    "strike_price": 66547.25714872175,
    "btc_at_worst": 66558.13,
    "flow_score": 0.043,
    "spot_flow_signal": -0.1914695182410306,
    "regime": "unknown",
    "btc_distance_atr": 0.363,
    "worst_at": 1781555553.9554422,
    "coinbase_cvd_60s": -1.8635,
    "coinbase_taker_60s": 0.1454,
    "coinbase_taker_n": 410,
    "cross_venue_gap": -35.88,
    "fast_realized_vol_60s": 5.3e-05
  }
}