{
  "position_id": 4465,
  "market_id": "btc-updown-5m-1781556300",
  "side": "Down",
  "timestamp": "2026-06-15T20:51:29.580403+00:00",
  "actual": {
    "exit_reason": "hold",
    "exit_price": 1.0,
    "pnl": 4.866557,
    "gain_pct": 0.398571
  },
  "counterfactual": {
    "exit_reason": "hypothetical_scalp",
    "exit_price": 0.99,
    "pnl": 4.683958,
    "gain_pct": 0.383617
  },
  "delta_pnl": 0.1826,
  "hold_was_optimal": true,
  "context_at_worst_moment": {
    "holding_edge": 0.006851631097384292,
    "model_prob": 0.9968516310973843,
    "market_price": 0.99,
    "seconds_remaining": 54.189827,
    "exit_threshold_used": -0.1,
    "strike_price": 66561.7477099963,
    "btc_at_worst": 66491.19,
    "flow_score": -0.7853,
    "spot_flow_signal": -0.03790037558305546,
    "regime": "unknown",
    "btc_distance_atr": -2.089,
    "worst_at": 1781556545.81302,
    "coinbase_cvd_60s": -0.3093,
    "coinbase_taker_60s": 0.4273,
    "coinbase_taker_n": 388,
    "cross_venue_gap": -27.35,
    "fast_realized_vol_60s": 5.2e-05
  }
}