{
  "position_id": 4495,
  "market_id": "btc-updown-5m-1781565000",
  "side": "Up",
  "timestamp": "2026-06-15T23:22:50.001761+00:00",
  "actual": {
    "exit_reason": "scalp",
    "exit_price": 0.47,
    "pnl": -5.045263,
    "gain_pct": -0.439866
  },
  "counterfactual": {
    "resolution_price": 1.0,
    "pnl": 3.008669,
    "gain_pct": 0.262308
  },
  "delta_pnl": 8.053933,
  "scalp_was_optimal": false,
  "context_at_scalp": {
    "holding_edge": -0.38421667964317474,
    "model_prob": 0.08578332035682522,
    "market_price": 0.47,
    "seconds_remaining": 73.879949,
    "exit_threshold_used": -0.1,
    "effective_exit_threshold": -0.04850731810157942,
    "loss_cut": true,
    "entry_price": 0.78,
    "fee_rate": 0.07,
    "strike_price": 66213.71980245896,
    "btc_at_scalp": 66195.66,
    "btc_at_expiry": 66231.60346646422,
    "chainlink_price_to_beat": 66213.7338782802,
    "chainlink_final_price": 66231.60346646422,
    "flow_score": 0.0784,
    "spot_flow_signal": -0.13359610334088254,
    "regime": "unknown",
    "btc_distance_atr": -0.723,
    "coinbase_cvd_60s": -0.4926,
    "coinbase_taker_60s": 0.2058,
    "coinbase_taker_n": 336,
    "cross_venue_gap": -50.79,
    "fast_realized_vol_60s": 5e-05
  }
}