{
  "position_id": 449,
  "market_id": "btc-updown-5m-1776216900",
  "side": "Down",
  "weight_version": "weights_v001",
  "timestamp": "2026-04-15T01:45:37.256461+00:00",
  "actual": {
    "exit_reason": "hold",
    "exit_price": 1.0,
    "pnl": 4.035657,
    "gain_pct": 0.230346
  },
  "counterfactual": {
    "exit_reason": "hypothetical_scalp",
    "exit_price": 1.0,
    "pnl": 4.035657,
    "gain_pct": 0.230346
  },
  "delta_pnl": 0.0,
  "hold_was_optimal": true,
  "context_at_worst_moment": {
    "holding_edge": -0.022153455986342552,
    "model_prob": 0.9778465440136574,
    "market_price": 1.0,
    "seconds_remaining": 18.560905,
    "exit_threshold_used": -0.05,
    "strike_price": 74662.89990537828,
    "btc_at_worst": 74631.21,
    "worst_at": 1776217181.6006563
  }
}