{
  "position_id": 4514,
  "market_id": "btc-updown-5m-1781569500",
  "side": "Up",
  "timestamp": "2026-06-16T00:35:59.635940+00:00",
  "actual": {
    "exit_reason": "scalp",
    "exit_price": 0.62,
    "pnl": -3.509539,
    "gain_pct": -0.221282
  },
  "counterfactual": {
    "resolution_price": 0.0,
    "pnl": -15.86,
    "gain_pct": -1.0
  },
  "delta_pnl": -12.350461,
  "scalp_was_optimal": true,
  "context_at_scalp": {
    "holding_edge": -0.08720927783008448,
    "model_prob": 0.5327907221699155,
    "market_price": 0.62,
    "seconds_remaining": 95.82035,
    "exit_threshold_used": -0.1,
    "effective_exit_threshold": -0.06703226619242486,
    "loss_cut": false,
    "entry_price": 0.78,
    "fee_rate": 0.07,
    "strike_price": 66240.57148764115,
    "btc_at_scalp": 66242.0,
    "btc_at_expiry": 66213.276035,
    "chainlink_price_to_beat": 66240.61069916101,
    "chainlink_final_price": 66213.276035,
    "flow_score": 0.1558,
    "spot_flow_signal": 0.19625219580103773,
    "regime": "unknown",
    "btc_distance_atr": 0.064,
    "coinbase_cvd_60s": 2.2909,
    "coinbase_taker_60s": 0.8382,
    "coinbase_taker_n": 324,
    "cross_venue_gap": -41.3,
    "fast_realized_vol_60s": 3.8e-05
  }
}