{
  "position_id": 4524,
  "market_id": "btc-updown-5m-1781571600",
  "side": "Down",
  "timestamp": "2026-06-16T01:10:37.378856+00:00",
  "actual": {
    "exit_reason": "scalp",
    "exit_price": 0.09,
    "pnl": -6.917519,
    "gain_pct": -0.830434
  },
  "counterfactual": {
    "resolution_price": 0.0,
    "pnl": -8.33,
    "gain_pct": -1.0
  },
  "delta_pnl": -1.412481,
  "scalp_was_optimal": true,
  "context_at_scalp": {
    "holding_edge": -0.005770150097279686,
    "model_prob": 0.08422984990272031,
    "market_price": 0.09,
    "seconds_remaining": 110.917291,
    "exit_threshold_used": -0.1,
    "effective_exit_threshold": 0.005978541679858514,
    "loss_cut": false,
    "entry_price": 0.51,
    "fee_rate": 0.07,
    "strike_price": 66216.41328146163,
    "btc_at_scalp": 66252.11,
    "btc_at_expiry": 66287.80809032779,
    "chainlink_price_to_beat": 66214.61060114863,
    "chainlink_final_price": 66287.80809032779,
    "flow_score": -0.286,
    "spot_flow_signal": -0.027290655588968496,
    "regime": "unknown",
    "btc_distance_atr": 1.357,
    "coinbase_cvd_60s": -0.0959,
    "coinbase_taker_60s": 0.4432,
    "coinbase_taker_n": 297,
    "cross_venue_gap": -41.9,
    "fast_realized_vol_60s": 6.1e-05
  }
}