{
  "position_id": 4532,
  "market_id": "btc-updown-5m-1781573100",
  "side": "Down",
  "timestamp": "2026-06-16T01:39:09.279434+00:00",
  "actual": {
    "exit_reason": "scalp",
    "exit_price": 0.06,
    "pnl": -14.451829,
    "gain_pct": -0.912363
  },
  "counterfactual": {
    "resolution_price": 0.0,
    "pnl": -15.84,
    "gain_pct": -1.0
  },
  "delta_pnl": -1.388171,
  "scalp_was_optimal": true,
  "context_at_scalp": {
    "holding_edge": 0.011782283011338268,
    "model_prob": 0.07178228301133827,
    "market_price": 0.06,
    "seconds_remaining": 89.998178,
    "exit_threshold_used": -0.1,
    "effective_exit_threshold": 0.08188968903751892,
    "loss_cut": true,
    "entry_price": 0.61,
    "fee_rate": 0.07,
    "strike_price": 66302.3167161869,
    "btc_at_scalp": 66332.25,
    "btc_at_expiry": 66337.06381346405,
    "chainlink_price_to_beat": 66291.04924992156,
    "chainlink_final_price": 66337.06381346405,
    "flow_score": -0.1519,
    "spot_flow_signal": 0.1102770629268011,
    "regime": "unknown",
    "btc_distance_atr": 1.178,
    "coinbase_cvd_60s": 0.3014,
    "coinbase_taker_60s": 0.7556,
    "coinbase_taker_n": 305,
    "cross_venue_gap": -41.09,
    "fast_realized_vol_60s": 3.1e-05
  }
}