{
  "position_id": 4537,
  "market_id": "btc-updown-5m-1781574600",
  "side": "Down",
  "timestamp": "2026-06-16T02:04:13.843644+00:00",
  "actual": {
    "exit_reason": "scalp",
    "exit_price": 0.33,
    "pnl": -1.97004,
    "gain_pct": -0.340837
  },
  "counterfactual": {
    "resolution_price": 0.0,
    "pnl": -5.78,
    "gain_pct": -1.0
  },
  "delta_pnl": -3.80996,
  "scalp_was_optimal": true,
  "context_at_scalp": {
    "holding_edge": -0.09448464683998897,
    "model_prob": 0.22551535316001103,
    "market_price": 0.32,
    "seconds_remaining": 143.346954,
    "exit_threshold_used": -0.1,
    "effective_exit_threshold": -0.05851094251942855,
    "loss_cut": false,
    "entry_price": 0.48,
    "fee_rate": 0.07,
    "strike_price": 66347.86375987346,
    "btc_at_scalp": 66357.19,
    "btc_at_expiry": 66347.82126288899,
    "chainlink_price_to_beat": 66347.68558987346,
    "chainlink_final_price": 66347.82126288899,
    "flow_score": -0.4735,
    "spot_flow_signal": 0.13869976906350684,
    "regime": "unknown",
    "btc_distance_atr": 0.519,
    "coinbase_cvd_60s": 0.7532,
    "coinbase_taker_60s": 0.7964,
    "coinbase_taker_n": 266,
    "cross_venue_gap": -44.81,
    "fast_realized_vol_60s": 5.6e-05
  }
}