{
  "position_id": 4564,
  "market_id": "btc-updown-5m-1781580300",
  "side": "Up",
  "timestamp": "2026-06-16T03:33:33.582554+00:00",
  "actual": {
    "exit_reason": "hold",
    "exit_price": 1.0,
    "pnl": 3.624343,
    "gain_pct": 0.730714
  },
  "counterfactual": {
    "exit_reason": "hypothetical_scalp",
    "exit_price": 0.94,
    "pnl": 3.075391,
    "gain_pct": 0.620039
  },
  "delta_pnl": 0.548952,
  "hold_was_optimal": true,
  "context_at_worst_moment": {
    "holding_edge": -0.032023510269103994,
    "model_prob": 0.907976489730896,
    "market_price": 0.94,
    "seconds_remaining": 245.732508,
    "exit_threshold_used": -0.1,
    "strike_price": 65769.12706626873,
    "btc_at_worst": 65865.0,
    "flow_score": -0.6365,
    "spot_flow_signal": 0.22917205587245182,
    "regime": "unknown",
    "btc_distance_atr": 1.59,
    "worst_at": 1781580354.2689779,
    "coinbase_cvd_60s": 6.5024,
    "coinbase_taker_60s": 0.6461,
    "coinbase_taker_n": 606,
    "cross_venue_gap": -43.64,
    "fast_realized_vol_60s": 7.7e-05
  }
}