{
  "position_id": 4574,
  "market_id": "btc-updown-5m-1781584800",
  "side": "Up",
  "timestamp": "2026-06-16T04:51:44.538304+00:00",
  "actual": {
    "exit_reason": "scalp",
    "exit_price": 0.65,
    "pnl": 0.510687,
    "gain_pct": 0.064726
  },
  "counterfactual": {
    "resolution_price": 1.0,
    "pnl": 5.09908,
    "gain_pct": 0.646271
  },
  "delta_pnl": 4.588392,
  "scalp_was_optimal": false,
  "context_at_scalp": {
    "holding_edge": -0.09101237007813223,
    "model_prob": 0.5689876299218678,
    "market_price": 0.66,
    "seconds_remaining": 51.100027,
    "exit_threshold_used": -0.1,
    "effective_exit_threshold": -0.0662821784025186,
    "loss_cut": false,
    "entry_price": 0.59,
    "fee_rate": 0.07,
    "strike_price": 65832.2200502719,
    "btc_at_scalp": 65834.54,
    "btc_at_expiry": 65843.65245237094,
    "chainlink_price_to_beat": 65832.2200502719,
    "chainlink_final_price": 65843.65245237094,
    "flow_score": 0.4061,
    "spot_flow_signal": 0.21571921193095248,
    "regime": "unknown",
    "btc_distance_atr": 0.093,
    "coinbase_cvd_60s": 1.5375,
    "coinbase_taker_60s": 0.8997,
    "coinbase_taker_n": 275,
    "cross_venue_gap": -45.25,
    "fast_realized_vol_60s": 5.5e-05
  }
}