{
  "position_id": 4578,
  "market_id": "btc-updown-5m-1781585400",
  "side": "Down",
  "timestamp": "2026-06-16T04:58:29.100746+00:00",
  "actual": {
    "exit_reason": "hold",
    "exit_price": 1.0,
    "pnl": 3.330094,
    "gain_pct": 0.45806
  },
  "counterfactual": {
    "exit_reason": "hypothetical_scalp",
    "exit_price": 0.69,
    "pnl": -0.11465,
    "gain_pct": -0.01577
  },
  "delta_pnl": 3.444744,
  "hold_was_optimal": true,
  "context_at_worst_moment": {
    "holding_edge": -0.20117121013419215,
    "model_prob": 0.4888287898658078,
    "market_price": 0.69,
    "seconds_remaining": 67.409819,
    "exit_threshold_used": -0.1,
    "strike_price": 65828.47335809773,
    "btc_at_worst": 65828.86,
    "flow_score": 0.3082,
    "spot_flow_signal": 0.0315247827875751,
    "regime": "unknown",
    "btc_distance_atr": 0.015,
    "worst_at": 1781585632.5907087,
    "coinbase_cvd_60s": 0.1778,
    "coinbase_taker_60s": 0.5675,
    "coinbase_taker_n": 236,
    "cross_venue_gap": -35.11,
    "fast_realized_vol_60s": 4e-05
  }
}