{
  "position_id": 4582,
  "market_id": "btc-updown-5m-1781586300",
  "side": "Up",
  "timestamp": "2026-06-16T05:16:46.747202+00:00",
  "actual": {
    "exit_reason": "scalp",
    "exit_price": 0.24,
    "pnl": -3.003935,
    "gain_pct": -0.593663
  },
  "counterfactual": {
    "resolution_price": 0.0,
    "pnl": -5.06,
    "gain_pct": -1.0
  },
  "delta_pnl": -2.056065,
  "scalp_was_optimal": true,
  "context_at_scalp": {
    "holding_edge": -0.07074075293109852,
    "model_prob": 0.16925924706890147,
    "market_price": 0.24,
    "seconds_remaining": 176.981161,
    "exit_threshold_used": -0.1,
    "effective_exit_threshold": -0.04335261667044592,
    "loss_cut": false,
    "entry_price": 0.57,
    "fee_rate": 0.07,
    "strike_price": 65927.19672449114,
    "btc_at_scalp": 65889.01,
    "btc_at_expiry": 65925.17256381744,
    "chainlink_price_to_beat": 65927.94712191935,
    "chainlink_final_price": 65925.17256381744,
    "flow_score": 0.1279,
    "spot_flow_signal": -0.1572952091563814,
    "regime": "unknown",
    "btc_distance_atr": -1.003,
    "coinbase_cvd_60s": -3.3663,
    "coinbase_taker_60s": 0.3346,
    "coinbase_taker_n": 387,
    "cross_venue_gap": -38.98,
    "fast_realized_vol_60s": 9.6e-05
  }
}