{
  "position_id": 4596,
  "market_id": "btc-updown-5m-1781588700",
  "side": "Down",
  "timestamp": "2026-06-16T05:52:10.552208+00:00",
  "actual": {
    "exit_reason": "hold",
    "exit_price": 1.0,
    "pnl": 3.231631,
    "gain_pct": 0.262308
  },
  "counterfactual": {
    "exit_reason": "hypothetical_scalp",
    "exit_price": 0.81,
    "pnl": 0.109283,
    "gain_pct": 0.00887
  },
  "delta_pnl": 3.122348,
  "hold_was_optimal": true,
  "context_at_worst_moment": {
    "holding_edge": -0.005514655651293832,
    "model_prob": 0.8044853443487062,
    "market_price": 0.81,
    "seconds_remaining": 63.329191,
    "exit_threshold_used": -0.1,
    "strike_price": 66049.45107248447,
    "btc_at_worst": 66034.29,
    "flow_score": -0.2271,
    "spot_flow_signal": -0.0664665480621319,
    "regime": "unknown",
    "btc_distance_atr": -0.518,
    "worst_at": 1781588936.6713605,
    "coinbase_cvd_60s": -0.229,
    "coinbase_taker_60s": 0.3491,
    "coinbase_taker_n": 232,
    "cross_venue_gap": -37.71,
    "fast_realized_vol_60s": 4.4e-05
  }
}