{
  "position_id": 4619,
  "market_id": "btc-updown-5m-1781621700",
  "side": "Down",
  "timestamp": "2026-06-16T15:06:14.311053+00:00",
  "actual": {
    "exit_reason": "scalp",
    "exit_price": 0.2,
    "pnl": -3.283674,
    "gain_pct": -0.682677
  },
  "counterfactual": {
    "resolution_price": 1.0,
    "pnl": 2.859979,
    "gain_pct": 0.59459
  },
  "delta_pnl": 6.143653,
  "scalp_was_optimal": false,
  "context_at_scalp": {
    "holding_edge": -0.027626299572732826,
    "model_prob": 0.17237370042726718,
    "market_price": 0.2,
    "seconds_remaining": 113.342724,
    "exit_threshold_used": -0.1,
    "effective_exit_threshold": -0.01854179879476738,
    "loss_cut": false,
    "entry_price": 0.61,
    "fee_rate": 0.07,
    "strike_price": 65640.33526459504,
    "btc_at_scalp": 65680.62,
    "btc_at_expiry": 65601.93114443362,
    "chainlink_price_to_beat": 65638.34906617054,
    "chainlink_final_price": 65601.93114443362,
    "flow_score": -0.2415,
    "spot_flow_signal": 0.08114379505833288,
    "regime": "unknown",
    "btc_distance_atr": 0.78,
    "coinbase_cvd_60s": 2.0966,
    "coinbase_taker_60s": 0.5633,
    "coinbase_taker_n": 529,
    "cross_venue_gap": -58.11,
    "fast_realized_vol_60s": 8.4e-05
  }
}