{
  "position_id": 4625,
  "market_id": "btc-updown-5m-1777794300",
  "side": "Up",
  "weight_version": "weights_v001",
  "timestamp": "2026-05-03T07:57:42.682862+00:00",
  "actual": {
    "exit_reason": "scalp",
    "exit_price": 0.74,
    "pnl": 2.133511,
    "gain_pct": 0.489337
  },
  "counterfactual": {
    "resolution_price": 1.0,
    "pnl": 4.456276,
    "gain_pct": 1.022082
  },
  "delta_pnl": 2.322765,
  "scalp_was_optimal": false,
  "context_at_scalp": {
    "holding_edge": -0.2118263476853568,
    "model_prob": 0.5281736523146432,
    "market_price": 0.74,
    "seconds_remaining": 250.49196,
    "exit_threshold_used": -0.12,
    "strike_price": 78370.30504,
    "btc_at_scalp": 78393.8,
    "btc_at_expiry": 78378.65412223269,
    "chainlink_price_to_beat": 78371.08214000001,
    "chainlink_final_price": 78378.65412223269
  }
}