{
  "position_id": 4639,
  "market_id": "btc-updown-5m-1777800300",
  "side": "Up",
  "weight_version": "weights_v001",
  "timestamp": "2026-05-03T09:35:09.533662+00:00",
  "actual": {
    "exit_reason": "scalp",
    "exit_price": 0.55,
    "pnl": 0.705118,
    "gain_pct": 0.125914
  },
  "counterfactual": {
    "resolution_price": 1.0,
    "pnl": 5.957467,
    "gain_pct": 1.063833
  },
  "delta_pnl": 5.252349,
  "scalp_was_optimal": false,
  "context_at_scalp": {
    "holding_edge": 0.09648771886113883,
    "model_prob": 0.6464877188611389,
    "market_price": 0.55,
    "seconds_remaining": 250.93048,
    "exit_threshold_used": -0.12,
    "strike_price": 78466.15543317022,
    "btc_at_scalp": 78493.56,
    "btc_at_expiry": 78490.43899499999,
    "chainlink_price_to_beat": 78477.88656087102,
    "chainlink_final_price": 78490.43899499999
  }
}