{
  "position_id": 4645,
  "market_id": "btc-updown-5m-1777801200",
  "side": "Up",
  "weight_version": "weights_v001",
  "timestamp": "2026-05-03T09:48:15.128403+00:00",
  "actual": {
    "exit_reason": "hold",
    "exit_price": 0.0,
    "pnl": -5.39,
    "gain_pct": -1.0
  },
  "counterfactual": {
    "exit_reason": "hypothetical_scalp",
    "exit_price": 0.43,
    "pnl": 0.014695,
    "gain_pct": 0.002726
  },
  "delta_pnl": -5.404695,
  "hold_was_optimal": false,
  "context_at_worst_moment": {
    "holding_edge": 0.1151957239520322,
    "model_prob": 0.5451957239520322,
    "market_price": 0.43,
    "seconds_remaining": 293.890754,
    "exit_threshold_used": -0.12,
    "strike_price": 78584.96805708935,
    "btc_at_worst": 78593.75,
    "worst_at": 1777801206.11207
  }
}