{
  "position_id": 4647,
  "market_id": "btc-updown-5m-1781628600",
  "side": "Down",
  "timestamp": "2026-06-16T17:00:25.119486+00:00",
  "actual": {
    "exit_reason": "hold",
    "exit_price": 1.0,
    "pnl": 8.3607,
    "gain_pct": 0.417826
  },
  "counterfactual": {
    "exit_reason": "hypothetical_scalp",
    "exit_price": 0.66,
    "pnl": -1.730985,
    "gain_pct": -0.086506
  },
  "delta_pnl": 10.091685,
  "hold_was_optimal": true,
  "context_at_worst_moment": {
    "holding_edge": 0.02463541361222099,
    "model_prob": 0.684635413612221,
    "market_price": 0.66,
    "seconds_remaining": 33.762986,
    "exit_threshold_used": -0.1,
    "strike_price": 65674.458507415,
    "btc_at_worst": 65668.0,
    "flow_score": 0.1508,
    "spot_flow_signal": -0.22372543082930324,
    "regime": "unknown",
    "btc_distance_atr": -0.21,
    "worst_at": 1781628866.2387078,
    "coinbase_cvd_60s": -3.1103,
    "coinbase_taker_60s": 0.1473,
    "coinbase_taker_n": 434,
    "cross_venue_gap": -52.0,
    "fast_realized_vol_60s": 6.1e-05
  }
}