{
  "position_id": 4651,
  "market_id": "btc-updown-5m-1781629500",
  "side": "Down",
  "timestamp": "2026-06-16T17:17:20.834689+00:00",
  "actual": {
    "exit_reason": "scalp",
    "exit_price": 0.22,
    "pnl": -4.848405,
    "gain_pct": -0.639631
  },
  "counterfactual": {
    "resolution_price": 0.0,
    "pnl": -7.58,
    "gain_pct": -1.0
  },
  "delta_pnl": -2.731595,
  "scalp_was_optimal": true,
  "context_at_scalp": {
    "holding_edge": -0.0711095346870392,
    "model_prob": 0.1588904653129608,
    "market_price": 0.23,
    "seconds_remaining": 167.151062,
    "exit_threshold_used": -0.1,
    "effective_exit_threshold": -0.04146581720822546,
    "loss_cut": false,
    "entry_price": 0.59,
    "fee_rate": 0.07,
    "strike_price": 65697.73185620937,
    "btc_at_scalp": 65727.52,
    "btc_at_expiry": 65712.69078963135,
    "chainlink_price_to_beat": 65697.94633530917,
    "chainlink_final_price": 65712.69078963135,
    "flow_score": -0.2839,
    "spot_flow_signal": 0.057114524052693336,
    "regime": "unknown",
    "btc_distance_atr": 0.958,
    "coinbase_cvd_60s": 1.0305,
    "coinbase_taker_60s": 0.5741,
    "coinbase_taker_n": 381,
    "cross_venue_gap": -64.22,
    "fast_realized_vol_60s": 6.5e-05
  }
}