{
  "position_id": 4696,
  "market_id": "btc-updown-5m-1781639700",
  "side": "Up",
  "timestamp": "2026-06-16T20:04:27.983314+00:00",
  "actual": {
    "exit_reason": "hold",
    "exit_price": 1.0,
    "pnl": 2.647156,
    "gain_pct": 0.114944
  },
  "counterfactual": {
    "exit_reason": "hypothetical_scalp",
    "exit_price": 0.99,
    "pnl": 2.37259,
    "gain_pct": 0.103022
  },
  "delta_pnl": 0.274566,
  "hold_was_optimal": true,
  "context_at_worst_moment": {
    "holding_edge": -0.002854203911266562,
    "model_prob": 0.9871457960887334,
    "market_price": 0.99,
    "seconds_remaining": 14.48402,
    "exit_threshold_used": -0.1,
    "strike_price": 65545.70516639072,
    "btc_at_worst": 65572.97,
    "flow_score": 0.6768,
    "spot_flow_signal": 0.49455796987848843,
    "regime": "unknown",
    "btc_distance_atr": 0.901,
    "worst_at": 1781639985.518327,
    "coinbase_cvd_60s": 16.5933,
    "coinbase_taker_60s": 0.7307,
    "coinbase_taker_n": 1310,
    "cross_venue_gap": -81.03,
    "fast_realized_vol_60s": 9.3e-05
  }
}