{
  "position_id": 4712,
  "market_id": "btc-updown-5m-1781643900",
  "side": "Up",
  "timestamp": "2026-06-16T21:19:54.656738+00:00",
  "actual": {
    "exit_reason": "hold",
    "exit_price": 1.0,
    "pnl": 3.844653,
    "gain_pct": 0.701579
  },
  "counterfactual": {
    "exit_reason": "hypothetical_scalp",
    "exit_price": 0.56,
    "pnl": -0.419026,
    "gain_pct": -0.076465
  },
  "delta_pnl": 4.263679,
  "hold_was_optimal": true,
  "context_at_worst_moment": {
    "holding_edge": -0.23213284873608647,
    "model_prob": 0.3278671512639136,
    "market_price": 0.56,
    "seconds_remaining": 247.916277,
    "exit_threshold_used": -0.1,
    "strike_price": 65792.2229358356,
    "btc_at_worst": 65784.84,
    "flow_score": -0.5619,
    "spot_flow_signal": 0.09398788837884922,
    "regime": "unknown",
    "btc_distance_atr": -0.445,
    "worst_at": 1781643952.0847514,
    "coinbase_cvd_60s": 1.2678,
    "coinbase_taker_60s": 0.6505,
    "coinbase_taker_n": 305,
    "cross_venue_gap": -75.17,
    "fast_realized_vol_60s": 5.2e-05
  }
}