{
  "position_id": 4713,
  "market_id": "btc-updown-5m-1781644200",
  "side": "Down",
  "timestamp": "2026-06-16T21:23:10.406022+00:00",
  "actual": {
    "exit_reason": "hold",
    "exit_price": 1.0,
    "pnl": 3.866044,
    "gain_pct": 0.792222
  },
  "counterfactual": {
    "exit_reason": "hypothetical_scalp",
    "exit_price": 0.99,
    "pnl": 3.772523,
    "gain_pct": 0.773058
  },
  "delta_pnl": 0.093521,
  "hold_was_optimal": true,
  "context_at_worst_moment": {
    "holding_edge": 0.009968623019913858,
    "model_prob": 0.9999686230199138,
    "market_price": 0.99,
    "seconds_remaining": 1.751871,
    "exit_threshold_used": -0.1,
    "strike_price": 65865.25586929807,
    "btc_at_worst": 65848.94,
    "flow_score": 0.003,
    "spot_flow_signal": -0.03193593582983587,
    "regime": "unknown",
    "btc_distance_atr": -0.781,
    "worst_at": 1781644498.2494125,
    "coinbase_cvd_60s": -0.1866,
    "coinbase_taker_60s": 0.4326,
    "coinbase_taker_n": 223,
    "cross_venue_gap": -69.05,
    "fast_realized_vol_60s": 2.5e-05
  }
}