{
  "position_id": 4740,
  "market_id": "btc-updown-5m-1781650200",
  "side": "Up",
  "timestamp": "2026-06-16T23:03:17.096458+00:00",
  "actual": {
    "exit_reason": "hold",
    "exit_price": 1.0,
    "pnl": 2.837039,
    "gain_pct": 0.417826
  },
  "counterfactual": {
    "exit_reason": "hypothetical_scalp",
    "exit_price": 0.59,
    "pnl": -1.273062,
    "gain_pct": -0.187491
  },
  "delta_pnl": 4.110101,
  "hold_was_optimal": true,
  "context_at_worst_moment": {
    "holding_edge": -0.14833954146470657,
    "model_prob": 0.4416604585352934,
    "market_price": 0.59,
    "seconds_remaining": 208.565843,
    "exit_threshold_used": -0.1,
    "strike_price": 65627.0296294377,
    "btc_at_worst": 65625.01,
    "flow_score": -0.2922,
    "spot_flow_signal": 0.18772047537511902,
    "regime": "unknown",
    "btc_distance_atr": -0.172,
    "worst_at": 1781650291.4357817,
    "coinbase_cvd_60s": 1.2833,
    "coinbase_taker_60s": 0.8838,
    "coinbase_taker_n": 249,
    "cross_venue_gap": -69.56,
    "fast_realized_vol_60s": 4e-05
  }
}