{
  "position_id": 4741,
  "market_id": "btc-updown-5m-1781650500",
  "side": "Down",
  "timestamp": "2026-06-16T23:09:13.281693+00:00",
  "actual": {
    "exit_reason": "scalp",
    "exit_price": 0.14,
    "pnl": -11.135223,
    "gain_pct": -0.766889
  },
  "counterfactual": {
    "resolution_price": 0.0,
    "pnl": -14.52,
    "gain_pct": -1.0
  },
  "delta_pnl": -3.384777,
  "scalp_was_optimal": true,
  "context_at_scalp": {
    "holding_edge": -0.052576255387721926,
    "model_prob": 0.07742374461227808,
    "market_price": 0.13,
    "seconds_remaining": 204.508921,
    "exit_threshold_used": -0.1,
    "effective_exit_threshold": -0.032833415994589034,
    "loss_cut": false,
    "entry_price": 0.58,
    "fee_rate": 0.07,
    "strike_price": 65672.84478753977,
    "btc_at_scalp": 65699.57,
    "btc_at_expiry": 65718.86590338073,
    "chainlink_price_to_beat": 65672.83653445393,
    "chainlink_final_price": 65718.86590338073,
    "flow_score": -0.156,
    "spot_flow_signal": 0.3184155467920773,
    "regime": "unknown",
    "btc_distance_atr": 1.792,
    "coinbase_cvd_60s": 5.5292,
    "coinbase_taker_60s": 0.9369,
    "coinbase_taker_n": 302,
    "cross_venue_gap": -70.42,
    "fast_realized_vol_60s": 4.3e-05
  }
}