{
  "position_id": 4766,
  "market_id": "btc-updown-5m-1781656500",
  "side": "Down",
  "timestamp": "2026-06-17T00:45:34.265349+00:00",
  "actual": {
    "exit_reason": "hold",
    "exit_price": 1.0,
    "pnl": 5.91412,
    "gain_pct": 0.204146
  },
  "counterfactual": {
    "exit_reason": "hypothetical_scalp",
    "exit_price": 0.94,
    "pnl": 3.68335,
    "gain_pct": 0.127144
  },
  "delta_pnl": 2.23077,
  "hold_was_optimal": true,
  "context_at_worst_moment": {
    "holding_edge": 0.02366489181901643,
    "model_prob": 0.9636648918190164,
    "market_price": 0.94,
    "seconds_remaining": 1.292229,
    "exit_threshold_used": -0.1,
    "strike_price": 65748.10658781642,
    "btc_at_worst": 65743.5,
    "flow_score": 0.5425,
    "spot_flow_signal": 0.06961864031363284,
    "regime": "unknown",
    "btc_distance_atr": -0.196,
    "worst_at": 1781656798.7089672,
    "coinbase_cvd_60s": 0.1387,
    "coinbase_taker_60s": 0.6648,
    "coinbase_taker_n": 239,
    "cross_venue_gap": -60.53,
    "fast_realized_vol_60s": 3.3e-05
  }
}