{
  "position_id": 4783,
  "market_id": "btc-updown-5m-1781660400",
  "side": "Up",
  "timestamp": "2026-06-17T01:54:17.374934+00:00",
  "actual": {
    "exit_reason": "hold",
    "exit_price": 1.0,
    "pnl": 6.1503,
    "gain_pct": 0.57
  },
  "counterfactual": {
    "exit_reason": "hypothetical_scalp",
    "exit_price": 0.98,
    "pnl": 5.788252,
    "gain_pct": 0.536446
  },
  "delta_pnl": 0.362048,
  "hold_was_optimal": true,
  "context_at_worst_moment": {
    "holding_edge": -0.002367226753859475,
    "model_prob": 0.9776327732461405,
    "market_price": 0.98,
    "seconds_remaining": 121.059458,
    "exit_threshold_used": -0.1,
    "strike_price": 65619.10930538313,
    "btc_at_worst": 65708.04,
    "flow_score": -0.3274,
    "spot_flow_signal": -0.21656420188621797,
    "regime": "unknown",
    "btc_distance_atr": 2.182,
    "worst_at": 1781660578.9415102,
    "coinbase_cvd_60s": -2.2559,
    "coinbase_taker_60s": 0.1087,
    "coinbase_taker_n": 311,
    "cross_venue_gap": -67.69,
    "fast_realized_vol_60s": 6.4e-05
  }
}