{
  "position_id": 4787,
  "market_id": "btc-updown-5m-1777901400",
  "side": "Up",
  "weight_version": "weights_v001",
  "timestamp": "2026-05-04T13:40:57.662441+00:00",
  "actual": {
    "exit_reason": "hold",
    "exit_price": 0.0,
    "pnl": -11.29,
    "gain_pct": -1.0
  },
  "counterfactual": {
    "exit_reason": "hypothetical_scalp",
    "exit_price": 0.72,
    "pnl": 8.669202,
    "gain_pct": 0.509653
  },
  "delta_pnl": -19.959202,
  "hold_was_optimal": false,
  "context_at_worst_moment": {
    "holding_edge": -0.19323750601506484,
    "model_prob": 0.5267624939849351,
    "market_price": 0.72,
    "seconds_remaining": 224.980255,
    "exit_threshold_used": -0.12,
    "strike_price": 78954.10743568696,
    "btc_at_worst": 78990.0,
    "worst_at": 1777901475.0227997
  }
}