{
  "position_id": 4799,
  "market_id": "btc-updown-5m-1777905900",
  "side": "Up",
  "weight_version": "weights_v001",
  "timestamp": "2026-05-04T14:56:24.702131+00:00",
  "actual": {
    "exit_reason": "hold",
    "exit_price": 0.0,
    "pnl": -13.28,
    "gain_pct": -1.0
  },
  "counterfactual": {
    "exit_reason": "hypothetical_scalp",
    "exit_price": 0.8,
    "pnl": 9.435904,
    "gain_pct": 0.67982
  },
  "delta_pnl": -22.715904,
  "hold_was_optimal": false,
  "context_at_worst_moment": {
    "holding_edge": -0.19887879046523393,
    "model_prob": 0.6011212095347661,
    "market_price": 0.8,
    "seconds_remaining": 260.852894,
    "exit_threshold_used": -0.12,
    "strike_price": 79525.68579954174,
    "btc_at_worst": 79676.02,
    "worst_at": 1777905939.1502783
  }
}