{
  "position_id": 4803,
  "market_id": "btc-updown-5m-1777907100",
  "side": "Down",
  "weight_version": "weights_v001",
  "timestamp": "2026-05-04T15:19:17.317447+00:00",
  "actual": {
    "exit_reason": "scalp",
    "exit_price": 0.53,
    "pnl": 15.632708,
    "gain_pct": 1.159696
  },
  "counterfactual": {
    "resolution_price": 0.0,
    "pnl": -13.48,
    "gain_pct": -1.0
  },
  "delta_pnl": -29.112708,
  "scalp_was_optimal": true,
  "context_at_scalp": {
    "holding_edge": -0.09563429220307629,
    "model_prob": 0.43436570779692374,
    "market_price": 0.53,
    "seconds_remaining": 86.509443,
    "exit_threshold_used": -0.12,
    "strike_price": 80136.66213851215,
    "btc_at_scalp": 80194.62,
    "btc_at_expiry": 80148.37325337404,
    "chainlink_price_to_beat": 80103.66939012922,
    "chainlink_final_price": 80148.37325337404
  }
}