{
  "position_id": 4810,
  "market_id": "btc-updown-5m-1777909200",
  "side": "Up",
  "weight_version": "weights_v001",
  "timestamp": "2026-05-04T15:54:43.870924+00:00",
  "actual": {
    "exit_reason": "scalp",
    "exit_price": 0.56,
    "pnl": 13.727724,
    "gain_pct": 1.03061
  },
  "counterfactual": {
    "resolution_price": 1.0,
    "pnl": 35.365093,
    "gain_pct": 2.655037
  },
  "delta_pnl": 21.637369,
  "scalp_was_optimal": false,
  "context_at_scalp": {
    "holding_edge": -0.0008754560664325783,
    "model_prob": 0.5591245439335675,
    "market_price": 0.56,
    "seconds_remaining": 171.312991,
    "exit_threshold_used": -0.12,
    "strike_price": 79717.04777442012,
    "btc_at_scalp": 79745.1,
    "btc_at_expiry": 79901.5320494897,
    "chainlink_price_to_beat": 79706.6186136075,
    "chainlink_final_price": 79901.5320494897
  }
}