{
  "position_id": 4820,
  "market_id": "btc-updown-5m-1781676600",
  "side": "Up",
  "timestamp": "2026-06-17T06:21:04.141828+00:00",
  "actual": {
    "exit_reason": "scalp",
    "exit_price": 0.8200000000000001,
    "pnl": 0.662827,
    "gain_pct": 0.066952
  },
  "counterfactual": {
    "resolution_price": 1.0,
    "pnl": 3.405329,
    "gain_pct": 0.343973
  },
  "delta_pnl": 2.742501,
  "scalp_was_optimal": false,
  "context_at_scalp": {
    "holding_edge": -0.11920795351005187,
    "model_prob": 0.6807920464899482,
    "market_price": 0.8,
    "seconds_remaining": 12.141224,
    "exit_threshold_used": -0.1,
    "effective_exit_threshold": -0.09863804974803522,
    "loss_cut": false,
    "entry_price": 0.73,
    "fee_rate": 0.07,
    "strike_price": 65788.358805,
    "btc_at_scalp": 65790.62,
    "btc_at_expiry": 65792.70433349533,
    "chainlink_price_to_beat": 65788.408795,
    "chainlink_final_price": 65792.70433349533,
    "flow_score": 0.3368,
    "spot_flow_signal": -0.18343101854767363,
    "regime": "unknown",
    "btc_distance_atr": 0.131,
    "coinbase_cvd_60s": -0.4635,
    "coinbase_taker_60s": 0.0717,
    "coinbase_taker_n": 131,
    "cross_venue_gap": -71.4,
    "fast_realized_vol_60s": 3.1e-05
  }
}