{
  "position_id": 4822,
  "market_id": "btc-updown-5m-1781676900",
  "side": "Up",
  "timestamp": "2026-06-17T06:25:40.816441+00:00",
  "actual": {
    "exit_reason": "hold",
    "exit_price": 1.0,
    "pnl": 5.127726,
    "gain_pct": 0.293684
  },
  "counterfactual": {
    "exit_reason": "hypothetical_scalp",
    "exit_price": 0.99,
    "pnl": 4.886196,
    "gain_pct": 0.279851
  },
  "delta_pnl": 0.241531,
  "hold_was_optimal": true,
  "context_at_worst_moment": {
    "holding_edge": 0.007132342539988179,
    "model_prob": 0.9971323425399882,
    "market_price": 0.99,
    "seconds_remaining": 17.352818,
    "exit_threshold_used": -0.1,
    "strike_price": 65792.65808051523,
    "btc_at_worst": 65817.31,
    "flow_score": 0.6917,
    "spot_flow_signal": 0.03129408841000667,
    "regime": "unknown",
    "btc_distance_atr": 1.459,
    "worst_at": 1781677182.6498234,
    "coinbase_cvd_60s": 0.136,
    "coinbase_taker_60s": 0.5693,
    "coinbase_taker_n": 180,
    "cross_venue_gap": -73.41,
    "fast_realized_vol_60s": 5.4e-05
  }
}