{
  "position_id": 4832,
  "market_id": "btc-updown-5m-1781680200",
  "side": "Up",
  "timestamp": "2026-06-17T07:21:26.035737+00:00",
  "actual": {
    "exit_reason": "hold",
    "exit_price": 1.0,
    "pnl": 1.183008,
    "gain_pct": 0.262308
  },
  "counterfactual": {
    "exit_reason": "hypothetical_scalp",
    "exit_price": 0.7,
    "pnl": -0.608582,
    "gain_pct": -0.134941
  },
  "delta_pnl": 1.79159,
  "hold_was_optimal": true,
  "context_at_worst_moment": {
    "holding_edge": -0.033379290040963516,
    "model_prob": 0.6666207099590364,
    "market_price": 0.7,
    "seconds_remaining": 215.937462,
    "exit_threshold_used": -0.1,
    "strike_price": 65581.62103594263,
    "btc_at_worst": 65599.46,
    "flow_score": -0.3876,
    "spot_flow_signal": 0.008149332268147475,
    "regime": "unknown",
    "btc_distance_atr": 0.59,
    "worst_at": 1781680284.0634322,
    "coinbase_cvd_60s": 0.0476,
    "coinbase_taker_60s": 0.5172,
    "coinbase_taker_n": 145,
    "cross_venue_gap": -79.09,
    "fast_realized_vol_60s": 3.7e-05
  }
}