{
  "position_id": 4834,
  "market_id": "btc-updown-5m-1777918200",
  "side": "Down",
  "weight_version": "weights_v001",
  "timestamp": "2026-05-04T18:24:10.690765+00:00",
  "actual": {
    "exit_reason": "scalp",
    "exit_price": 0.4899,
    "pnl": 6.144214,
    "gain_pct": 0.498314
  },
  "counterfactual": {
    "resolution_price": 0.0,
    "pnl": -12.33,
    "gain_pct": -1.0
  },
  "delta_pnl": -18.474214,
  "scalp_was_optimal": true,
  "context_at_scalp": {
    "holding_edge": -0.03620052563273657,
    "model_prob": 0.4537994743672634,
    "market_price": 0.49,
    "seconds_remaining": 58.516292,
    "exit_threshold_used": -0.12,
    "strike_price": 80360.19689571486,
    "btc_at_scalp": 80369.16,
    "btc_at_expiry": 80380.11875294441,
    "chainlink_price_to_beat": 80361.95391120292,
    "chainlink_final_price": 80380.11875294441
  }
}