{
  "position_id": 4835,
  "market_id": "btc-updown-5m-1781680800",
  "side": "Down",
  "timestamp": "2026-06-17T07:31:20.800395+00:00",
  "actual": {
    "exit_reason": "hold",
    "exit_price": 1.0,
    "pnl": 2.726027,
    "gain_pct": 0.479091
  },
  "counterfactual": {
    "exit_reason": "hypothetical_scalp",
    "exit_price": 0.95,
    "pnl": 2.277243,
    "gain_pct": 0.400218
  },
  "delta_pnl": 0.448785,
  "hold_was_optimal": true,
  "context_at_worst_moment": {
    "holding_edge": -0.026151381591475897,
    "model_prob": 0.9238486184085241,
    "market_price": 0.95,
    "seconds_remaining": 180.363545,
    "exit_threshold_used": -0.1,
    "strike_price": 65551.188205,
    "btc_at_worst": 65475.0,
    "flow_score": 0.5101,
    "spot_flow_signal": 0.09412505911780567,
    "regime": "unknown",
    "btc_distance_atr": -1.787,
    "worst_at": 1781680919.636978,
    "coinbase_cvd_60s": 1.2985,
    "coinbase_taker_60s": 0.6488,
    "coinbase_taker_n": 346,
    "cross_venue_gap": -60.99,
    "fast_realized_vol_60s": 6.7e-05
  }
}