{
  "position_id": 4836,
  "market_id": "btc-updown-5m-1781681100",
  "side": "Up",
  "timestamp": "2026-06-17T07:36:35.423422+00:00",
  "actual": {
    "exit_reason": "hold",
    "exit_price": 1.0,
    "pnl": 1.271653,
    "gain_pct": 0.293684
  },
  "counterfactual": {
    "exit_reason": "hypothetical_scalp",
    "exit_price": 0.85,
    "pnl": 0.38141,
    "gain_pct": 0.088085
  },
  "delta_pnl": 0.890243,
  "hold_was_optimal": true,
  "context_at_worst_moment": {
    "holding_edge": -0.05721228609269913,
    "model_prob": 0.7927877139073009,
    "market_price": 0.85,
    "seconds_remaining": 139.276492,
    "exit_threshold_used": -0.1,
    "strike_price": 65444.430315,
    "btc_at_worst": 65469.92,
    "flow_score": 0.2272,
    "spot_flow_signal": -0.11234573318875518,
    "regime": "unknown",
    "btc_distance_atr": 0.797,
    "worst_at": 1781681260.7239685,
    "coinbase_cvd_60s": -0.4271,
    "coinbase_taker_60s": 0.2476,
    "coinbase_taker_n": 188,
    "cross_venue_gap": -76.83,
    "fast_realized_vol_60s": 5.3e-05
  }
}