{
  "position_id": 4855,
  "market_id": "btc-updown-5m-1781685300",
  "side": "Down",
  "timestamp": "2026-06-17T08:44:21.082630+00:00",
  "actual": {
    "exit_reason": "hold",
    "exit_price": 1.0,
    "pnl": 3.931754,
    "gain_pct": 0.858462
  },
  "counterfactual": {
    "exit_reason": "hypothetical_scalp",
    "exit_price": 0.79,
    "pnl": 2.045439,
    "gain_pct": 0.446602
  },
  "delta_pnl": 1.886315,
  "hold_was_optimal": true,
  "context_at_worst_moment": {
    "holding_edge": -0.05124536120183221,
    "model_prob": 0.7387546387981678,
    "market_price": 0.79,
    "seconds_remaining": 237.440638,
    "exit_threshold_used": -0.1,
    "strike_price": 65132.98862458403,
    "btc_at_worst": 65088.05,
    "flow_score": 0.0837,
    "spot_flow_signal": 0.05736274644019444,
    "regime": "unknown",
    "btc_distance_atr": -0.836,
    "worst_at": 1781685362.5602233,
    "coinbase_cvd_60s": 0.8815,
    "coinbase_taker_60s": 0.585,
    "coinbase_taker_n": 330,
    "cross_venue_gap": -53.94,
    "fast_realized_vol_60s": 6.3e-05
  }
}