{
  "position_id": 4861,
  "market_id": "btc-updown-5m-1777924800",
  "side": "Up",
  "weight_version": "weights_v001",
  "timestamp": "2026-05-04T20:07:31.532447+00:00",
  "actual": {
    "exit_reason": "hold",
    "exit_price": 0.0,
    "pnl": -17.32,
    "gain_pct": -1.0
  },
  "counterfactual": {
    "exit_reason": "hypothetical_scalp",
    "exit_price": 0.15,
    "pnl": -1.572688,
    "gain_pct": -0.090802
  },
  "delta_pnl": -15.747312,
  "hold_was_optimal": false,
  "context_at_worst_moment": {
    "holding_edge": 0.18465569449660343,
    "model_prob": 0.33465569449660343,
    "market_price": 0.15,
    "seconds_remaining": 190.997626,
    "exit_threshold_used": -0.12,
    "strike_price": 80044.1481095322,
    "btc_at_worst": 79988.12,
    "worst_at": 1777924909.0053508
  }
}