{
  "position_id": 4868,
  "market_id": "btc-updown-5m-1777929000",
  "side": "Up",
  "weight_version": "weights_v001",
  "timestamp": "2026-05-04T21:24:36.095766+00:00",
  "actual": {
    "exit_reason": "scalp",
    "exit_price": 0.73,
    "pnl": 7.278035,
    "gain_pct": 0.468946
  },
  "counterfactual": {
    "resolution_price": 1.0,
    "pnl": 15.862706,
    "gain_pct": 1.022082
  },
  "delta_pnl": 8.584671,
  "scalp_was_optimal": false,
  "context_at_scalp": {
    "holding_edge": -0.20644460288331623,
    "model_prob": 0.5235553971166838,
    "market_price": 0.73,
    "seconds_remaining": 250.024948,
    "exit_threshold_used": -0.12,
    "strike_price": 80085.145835,
    "btc_at_scalp": 80121.72,
    "btc_at_expiry": 80104.68638865628,
    "chainlink_price_to_beat": 80085.149125,
    "chainlink_final_price": 80104.68638865628
  }
}