{
  "position_id": 4872,
  "market_id": "btc-updown-5m-1777930500",
  "side": "Down",
  "weight_version": "weights_v001",
  "timestamp": "2026-05-04T21:45:55.914767+00:00",
  "actual": {
    "exit_reason": "scalp",
    "exit_price": 0.48,
    "pnl": 5.503674,
    "gain_pct": 0.514843
  },
  "counterfactual": {
    "resolution_price": 0.0,
    "pnl": -10.69,
    "gain_pct": -1.0
  },
  "delta_pnl": -16.193674,
  "scalp_was_optimal": true,
  "context_at_scalp": {
    "holding_edge": -0.024796199786108475,
    "model_prob": 0.4552038002138915,
    "market_price": 0.48,
    "seconds_remaining": 55.380374,
    "exit_threshold_used": -0.12,
    "strike_price": 80233.55911942186,
    "btc_at_scalp": 80240.09,
    "btc_at_expiry": 80250.37975329337,
    "chainlink_price_to_beat": 80233.55402800266,
    "chainlink_final_price": 80250.37975329337
  }
}