{
  "position_id": 4891,
  "market_id": "btc-updown-5m-1781691600",
  "side": "Down",
  "timestamp": "2026-06-17T10:34:23.605559+00:00",
  "actual": {
    "exit_reason": "scalp",
    "exit_price": 0.29,
    "pnl": -3.542981,
    "gain_pct": -0.463741
  },
  "counterfactual": {
    "resolution_price": 0.0,
    "pnl": -7.64,
    "gain_pct": -1.0
  },
  "delta_pnl": -4.097019,
  "scalp_was_optimal": true,
  "context_at_scalp": {
    "holding_edge": -0.09716938036224299,
    "model_prob": 0.17283061963775703,
    "market_price": 0.27,
    "seconds_remaining": 247.469711,
    "exit_threshold_used": -0.1,
    "effective_exit_threshold": -0.05235132691647767,
    "loss_cut": false,
    "entry_price": 0.52,
    "fee_rate": 0.07,
    "strike_price": 64817.78035585177,
    "btc_at_scalp": 64853.82,
    "btc_at_expiry": 64870.06095186372,
    "chainlink_price_to_beat": 64817.607179046245,
    "chainlink_final_price": 64870.06095186372,
    "flow_score": 0.5791,
    "spot_flow_signal": 0.13898723762110493,
    "regime": "unknown",
    "btc_distance_atr": 0.97,
    "coinbase_cvd_60s": 1.0213,
    "coinbase_taker_60s": 0.782,
    "coinbase_taker_n": 230,
    "cross_venue_gap": -58.69,
    "fast_realized_vol_60s": 6.3e-05
  }
}