{
  "position_id": 4895,
  "market_id": "btc-updown-5m-1777935600",
  "side": "Down",
  "weight_version": "weights_v001",
  "timestamp": "2026-05-04T23:10:35.661461+00:00",
  "actual": {
    "exit_reason": "scalp",
    "exit_price": 0.6199,
    "pnl": 4.312528,
    "gain_pct": 0.297416
  },
  "counterfactual": {
    "resolution_price": 1.0,
    "pnl": 16.056745,
    "gain_pct": 1.107362
  },
  "delta_pnl": 11.744217,
  "scalp_was_optimal": false,
  "context_at_scalp": {
    "holding_edge": 0.003906400515581887,
    "model_prob": 0.6239064005155819,
    "market_price": 0.62,
    "seconds_remaining": 244.169603,
    "exit_threshold_used": -0.12,
    "strike_price": 80056.714057739,
    "btc_at_scalp": 80026.79,
    "btc_at_expiry": 79945.53283209508,
    "chainlink_price_to_beat": 80056.52498945138,
    "chainlink_final_price": 79945.53283209508
  }
}