{
  "position_id": 489,
  "market_id": "btc-updown-5m-1776224100",
  "side": "Down",
  "weight_version": "weights_v001",
  "timestamp": "2026-04-15T03:46:28.983430+00:00",
  "actual": {
    "exit_reason": "hold",
    "exit_price": 1.0,
    "pnl": 2.815969,
    "gain_pct": 0.711103
  },
  "counterfactual": {
    "exit_reason": "hypothetical_scalp",
    "exit_price": 0.58,
    "pnl": -0.059649,
    "gain_pct": -0.015063
  },
  "delta_pnl": 2.875618,
  "hold_was_optimal": true,
  "context_at_worst_moment": {
    "holding_edge": -0.06526480225603348,
    "model_prob": 0.5147351977439665,
    "market_price": 0.58,
    "seconds_remaining": 224.366824,
    "exit_threshold_used": -0.05,
    "strike_price": 74322.3463,
    "btc_at_worst": 74323.99,
    "worst_at": 1776224175.7935028
  }
}