{
  "position_id": 4901,
  "market_id": "btc-updown-5m-1777937100",
  "side": "Up",
  "weight_version": "weights_v001",
  "timestamp": "2026-05-04T23:36:09.502306+00:00",
  "actual": {
    "exit_reason": "hold",
    "exit_price": 0.0,
    "pnl": -15.9,
    "gain_pct": -1.0
  },
  "counterfactual": {
    "exit_reason": "hypothetical_scalp",
    "exit_price": 0.79,
    "pnl": 12.480656,
    "gain_pct": 0.811486
  },
  "delta_pnl": -28.380656,
  "hold_was_optimal": false,
  "context_at_worst_moment": {
    "holding_edge": -0.18508362875142392,
    "model_prob": 0.6049163712485761,
    "market_price": 0.79,
    "seconds_remaining": 190.080702,
    "exit_threshold_used": -0.12,
    "strike_price": 79864.07393802053,
    "btc_at_worst": 79911.99,
    "worst_at": 1777937209.9224362
  }
}