{
  "position_id": 4922,
  "market_id": "btc-updown-5m-1781697900",
  "side": "Up",
  "timestamp": "2026-06-17T12:15:05.344720+00:00",
  "actual": {
    "exit_reason": "hold",
    "exit_price": 1.0,
    "pnl": 3.938127,
    "gain_pct": 0.479091
  },
  "counterfactual": {
    "exit_reason": "hypothetical_scalp",
    "exit_price": 0.8,
    "pnl": 1.370331,
    "gain_pct": 0.166707
  },
  "delta_pnl": 2.567796,
  "hold_was_optimal": true,
  "context_at_worst_moment": {
    "holding_edge": -0.31333853037953163,
    "model_prob": 0.4866614696204684,
    "market_price": 0.8,
    "seconds_remaining": 84.13701,
    "exit_threshold_used": -0.1,
    "strike_price": 64768.49176,
    "btc_at_worst": 64767.95,
    "flow_score": 0.2088,
    "spot_flow_signal": -0.009666656339026433,
    "regime": "unknown",
    "btc_distance_atr": -0.02,
    "worst_at": 1781698115.8638709,
    "coinbase_cvd_60s": -0.1015,
    "coinbase_taker_60s": 0.4826,
    "coinbase_taker_n": 261,
    "cross_venue_gap": -70.06,
    "fast_realized_vol_60s": 4.6e-05
  }
}