{
  "position_id": 4927,
  "market_id": "btc-updown-5m-1777943100",
  "side": "Down",
  "weight_version": "weights_v001",
  "timestamp": "2026-05-05T01:15:06.979834+00:00",
  "actual": {
    "exit_reason": "hold",
    "exit_price": 0.0,
    "pnl": -16.62,
    "gain_pct": -1.0
  },
  "counterfactual": {
    "exit_reason": "hypothetical_scalp",
    "exit_price": 0.38,
    "pnl": 7.079743,
    "gain_pct": 0.425977
  },
  "delta_pnl": -23.699743,
  "hold_was_optimal": false,
  "context_at_worst_moment": {
    "holding_edge": 0.04966872677465861,
    "model_prob": 0.4296687267746586,
    "market_price": 0.38,
    "seconds_remaining": 144.202798,
    "exit_threshold_used": -0.12,
    "strike_price": 80110.09192990624,
    "btc_at_worst": 80143.0,
    "worst_at": 1777943256.8345346
  }
}