{
  "position_id": 4932,
  "market_id": "btc-updown-5m-1777947600",
  "side": "Down",
  "weight_version": "weights_v001",
  "timestamp": "2026-05-05T02:31:05.890711+00:00",
  "actual": {
    "exit_reason": "hold",
    "exit_price": 0.0,
    "pnl": -10.16,
    "gain_pct": -1.0
  },
  "counterfactual": {
    "exit_reason": "hypothetical_scalp",
    "exit_price": 0.29,
    "pnl": -0.586351,
    "gain_pct": -0.057712
  },
  "delta_pnl": -9.573649,
  "hold_was_optimal": false,
  "context_at_worst_moment": {
    "holding_edge": 0.11074494042003252,
    "model_prob": 0.4007449404200325,
    "market_price": 0.29,
    "seconds_remaining": 58.432719,
    "exit_threshold_used": -0.12,
    "strike_price": 80382.36702579529,
    "btc_at_worst": 80414.55,
    "worst_at": 1777947841.5779927
  }
}