{
  "position_id": 4936,
  "market_id": "btc-updown-5m-1781701500",
  "side": "Down",
  "timestamp": "2026-06-17T13:16:21.507196+00:00",
  "actual": {
    "exit_reason": "hold",
    "exit_price": 1.0,
    "pnl": 5.141522,
    "gain_pct": 0.792222
  },
  "counterfactual": {
    "exit_reason": "hypothetical_scalp",
    "exit_price": 0.59,
    "pnl": 0.175642,
    "gain_pct": 0.027063
  },
  "delta_pnl": 4.965881,
  "hold_was_optimal": true,
  "context_at_worst_moment": {
    "holding_edge": -0.2062133428508358,
    "model_prob": 0.38378665714916416,
    "market_price": 0.59,
    "seconds_remaining": 241.557703,
    "exit_threshold_used": -0.1,
    "strike_price": 64964.93787099534,
    "btc_at_worst": 64978.0,
    "flow_score": -0.198,
    "spot_flow_signal": 0.32180542945805396,
    "regime": "unknown",
    "btc_distance_atr": 0.381,
    "worst_at": 1781701558.4431458,
    "coinbase_cvd_60s": 5.6335,
    "coinbase_taker_60s": 0.9333,
    "coinbase_taker_n": 272,
    "cross_venue_gap": -56.6,
    "fast_realized_vol_60s": 6.2e-05
  }
}