{
  "position_id": 4944,
  "market_id": "btc-updown-5m-1781704200",
  "side": "Up",
  "timestamp": "2026-06-17T14:01:38.716399+00:00",
  "actual": {
    "exit_reason": "scalp",
    "exit_price": 0.71,
    "pnl": -0.689592,
    "gain_pct": -0.074551
  },
  "counterfactual": {
    "resolution_price": 1.0,
    "pnl": 2.8675,
    "gain_pct": 0.31
  },
  "delta_pnl": 3.557092,
  "scalp_was_optimal": false,
  "context_at_scalp": {
    "holding_edge": -0.08851632773176255,
    "model_prob": 0.5914836722682375,
    "market_price": 0.68,
    "seconds_remaining": 102.651766,
    "exit_threshold_used": -0.1,
    "effective_exit_threshold": -0.08000003221151747,
    "loss_cut": false,
    "entry_price": 0.75,
    "fee_rate": 0.07,
    "strike_price": 65245.640123971905,
    "btc_at_scalp": 65253.87,
    "btc_at_expiry": 65275.902590000005,
    "chainlink_price_to_beat": 65241.39506921976,
    "chainlink_final_price": 65275.902590000005,
    "flow_score": -0.5254,
    "spot_flow_signal": 0.014807879457977608,
    "regime": "unknown",
    "btc_distance_atr": 0.145,
    "coinbase_cvd_60s": 0.1805,
    "coinbase_taker_60s": 0.5251,
    "coinbase_taker_n": 459,
    "cross_venue_gap": -58.14,
    "fast_realized_vol_60s": 0.0001
  }
}