{
  "position_id": 4946,
  "market_id": "btc-updown-5m-1781704500",
  "side": "Down",
  "timestamp": "2026-06-17T14:06:27.185552+00:00",
  "actual": {
    "exit_reason": "hold",
    "exit_price": 1.0,
    "pnl": 3.754836,
    "gain_pct": 0.646271
  },
  "counterfactual": {
    "exit_reason": "hypothetical_scalp",
    "exit_price": 0.98,
    "pnl": 3.550416,
    "gain_pct": 0.611087
  },
  "delta_pnl": 0.20442,
  "hold_was_optimal": true,
  "context_at_worst_moment": {
    "holding_edge": -0.02983922135807293,
    "model_prob": 0.950160778641927,
    "market_price": 0.98,
    "seconds_remaining": 22.218839,
    "exit_threshold_used": -0.1,
    "strike_price": 65276.86601,
    "btc_at_worst": 65249.4,
    "flow_score": 0.4536,
    "spot_flow_signal": 0.011431959394248752,
    "regime": "unknown",
    "btc_distance_atr": -0.533,
    "worst_at": 1781704777.7825272,
    "coinbase_cvd_60s": 0.1602,
    "coinbase_taker_60s": 0.5179,
    "coinbase_taker_n": 414,
    "cross_venue_gap": -44.19,
    "fast_realized_vol_60s": 0.000104
  }
}