{
  "position_id": 4962,
  "market_id": "btc-updown-5m-1781707500",
  "side": "Up",
  "timestamp": "2026-06-17T14:58:17.370098+00:00",
  "actual": {
    "exit_reason": "scalp",
    "exit_price": 0.8,
    "pnl": 0.68464,
    "gain_pct": 0.098368
  },
  "counterfactual": {
    "resolution_price": 0.0,
    "pnl": -6.96,
    "gain_pct": -1.0
  },
  "delta_pnl": -7.64464,
  "scalp_was_optimal": true,
  "context_at_scalp": {
    "holding_edge": -0.162378775123874,
    "model_prob": 0.627621224876126,
    "market_price": 0.79,
    "seconds_remaining": 169.133423,
    "exit_threshold_used": -0.1,
    "effective_exit_threshold": -0.10208501499329954,
    "loss_cut": false,
    "entry_price": 0.71,
    "fee_rate": 0.07,
    "strike_price": 65056.67995273927,
    "btc_at_scalp": 65072.49,
    "btc_at_expiry": 65028.58331379551,
    "chainlink_price_to_beat": 65055.60357667815,
    "chainlink_final_price": 65028.58331379551,
    "flow_score": 0.0208,
    "spot_flow_signal": -0.3704989920606019,
    "regime": "unknown",
    "btc_distance_atr": 0.345,
    "coinbase_cvd_60s": -8.2768,
    "coinbase_taker_60s": 0.0831,
    "coinbase_taker_n": 513,
    "cross_venue_gap": -71.16,
    "fast_realized_vol_60s": 0.000113
  }
}