{
  "position_id": 4963,
  "market_id": "btc-updown-5m-1781707800",
  "side": "Up",
  "timestamp": "2026-06-17T15:01:53.601611+00:00",
  "actual": {
    "exit_reason": "hold",
    "exit_price": 1.0,
    "pnl": 6.816185,
    "gain_pct": 0.858462
  },
  "counterfactual": {
    "exit_reason": "hypothetical_scalp",
    "exit_price": 0.7,
    "pnl": 2.172413,
    "gain_pct": 0.273604
  },
  "delta_pnl": 4.643771,
  "hold_was_optimal": true,
  "context_at_worst_moment": {
    "holding_edge": -0.06789003505265123,
    "model_prob": 0.6321099649473487,
    "market_price": 0.7,
    "seconds_remaining": 237.274031,
    "exit_threshold_used": -0.1,
    "strike_price": 65016.5563376218,
    "btc_at_worst": 65059.56,
    "flow_score": -0.477,
    "spot_flow_signal": 0.23679282795420536,
    "regime": "unknown",
    "btc_distance_atr": 0.369,
    "worst_at": 1781707862.7281363,
    "coinbase_cvd_60s": 6.2663,
    "coinbase_taker_60s": 0.6802,
    "coinbase_taker_n": 875,
    "cross_venue_gap": -69.6,
    "fast_realized_vol_60s": 0.000192
  }
}