{
  "position_id": 4983,
  "market_id": "btc-updown-5m-1781711700",
  "side": "Up",
  "timestamp": "2026-06-17T16:07:29.587884+00:00",
  "actual": {
    "exit_reason": "hold",
    "exit_price": 1.0,
    "pnl": 1.873245,
    "gain_pct": 0.479091
  },
  "counterfactual": {
    "exit_reason": "hypothetical_scalp",
    "exit_price": 0.82,
    "pnl": 0.772509,
    "gain_pct": 0.197573
  },
  "delta_pnl": 1.100737,
  "hold_was_optimal": true,
  "context_at_worst_moment": {
    "holding_edge": -0.08801166995821708,
    "model_prob": 0.7319883300417829,
    "market_price": 0.82,
    "seconds_remaining": 65.241109,
    "exit_threshold_used": -0.1,
    "strike_price": 65641.70053113099,
    "btc_at_worst": 65667.81,
    "flow_score": -0.5351,
    "spot_flow_signal": 0.13353240610548583,
    "regime": "unknown",
    "btc_distance_atr": 0.456,
    "worst_at": 1781711934.7601984,
    "coinbase_cvd_60s": 1.4368,
    "coinbase_taker_60s": 0.7404,
    "coinbase_taker_n": 407,
    "cross_venue_gap": -62.19,
    "fast_realized_vol_60s": 6.4e-05
  }
}