{
  "position_id": 5007,
  "market_id": "btc-updown-5m-1781718900",
  "side": "Up",
  "timestamp": "2026-06-17T18:05:37.333809+00:00",
  "actual": {
    "exit_reason": "scalp",
    "exit_price": 0.75,
    "pnl": 1.609331,
    "gain_pct": 0.291546
  },
  "counterfactual": {
    "resolution_price": 0.0,
    "pnl": -5.52,
    "gain_pct": -1.0
  },
  "delta_pnl": -7.129331,
  "scalp_was_optimal": true,
  "context_at_scalp": {
    "holding_edge": -0.12385384426308654,
    "model_prob": 0.5861461557369134,
    "market_price": 0.71,
    "seconds_remaining": 284.173235,
    "exit_threshold_used": -0.1,
    "effective_exit_threshold": -0.09347176269188688,
    "loss_cut": false,
    "entry_price": 0.56,
    "fee_rate": 0.07,
    "strike_price": 66056.11147005635,
    "btc_at_scalp": 66074.56,
    "btc_at_expiry": 66030.44375462238,
    "chainlink_price_to_beat": 66057.67661675024,
    "chainlink_final_price": 66030.44375462238,
    "flow_score": 0.059,
    "spot_flow_signal": 0.19945285559622514,
    "regime": "unknown",
    "btc_distance_atr": 0.299,
    "coinbase_cvd_60s": 3.4829,
    "coinbase_taker_60s": 0.861,
    "coinbase_taker_n": 491,
    "cross_venue_gap": -58.98,
    "fast_realized_vol_60s": 0.000149
  }
}