{
  "position_id": 5014,
  "market_id": "btc-updown-5m-1781720100",
  "side": "Down",
  "timestamp": "2026-06-17T18:27:09.803367+00:00",
  "actual": {
    "exit_reason": "scalp",
    "exit_price": 0.25,
    "pnl": -2.416708,
    "gain_pct": -0.583746
  },
  "counterfactual": {
    "resolution_price": 0.0,
    "pnl": -4.14,
    "gain_pct": -1.0
  },
  "delta_pnl": -1.723292,
  "scalp_was_optimal": true,
  "context_at_scalp": {
    "holding_edge": -0.045753087397573555,
    "model_prob": 0.19424691260242644,
    "market_price": 0.24,
    "seconds_remaining": 85.567567,
    "exit_threshold_used": -0.1,
    "effective_exit_threshold": 0.03310883772370876,
    "loss_cut": true,
    "entry_price": 0.54,
    "fee_rate": 0.07,
    "strike_price": 65257.75940027951,
    "btc_at_scalp": 65322.44,
    "btc_at_expiry": 65406.65661774081,
    "chainlink_price_to_beat": 65253.5684908202,
    "chainlink_final_price": 65406.65661774081,
    "flow_score": 0.4113,
    "spot_flow_signal": -0.20822931656939161,
    "regime": "unknown",
    "btc_distance_atr": 0.533,
    "coinbase_cvd_60s": -5.575,
    "coinbase_taker_60s": 0.2668,
    "coinbase_taker_n": 476,
    "cross_venue_gap": -50.42,
    "fast_realized_vol_60s": 0.000123
  }
}