{
  "position_id": 5032,
  "market_id": "btc-updown-5m-1781724300",
  "side": "Down",
  "timestamp": "2026-06-17T19:36:03.088649+00:00",
  "actual": {
    "exit_reason": "hold",
    "exit_price": 1.0,
    "pnl": 5.027425,
    "gain_pct": 1.0075
  },
  "counterfactual": {
    "exit_reason": "hypothetical_scalp",
    "exit_price": 0.99,
    "pnl": 4.920309,
    "gain_pct": 0.986034
  },
  "delta_pnl": 0.107116,
  "hold_was_optimal": true,
  "context_at_worst_moment": {
    "holding_edge": -0.08156711110087356,
    "model_prob": 0.9084328888991264,
    "market_price": 0.99,
    "seconds_remaining": 43.843274,
    "exit_threshold_used": -0.1,
    "strike_price": 64583.016061107424,
    "btc_at_worst": 64431.99,
    "flow_score": -0.8071,
    "spot_flow_signal": 0.019670917313078982,
    "regime": "unknown",
    "btc_distance_atr": -0.876,
    "worst_at": 1781724556.1592395,
    "coinbase_cvd_60s": 0.9624,
    "coinbase_taker_60s": 0.5074,
    "coinbase_taker_n": 1488,
    "cross_venue_gap": 4.4,
    "fast_realized_vol_60s": 0.000342
  }
}