{
  "position_id": 5033,
  "market_id": "btc-updown-5m-1781724600",
  "side": "Down",
  "timestamp": "2026-06-17T19:38:18.677692+00:00",
  "actual": {
    "exit_reason": "hold",
    "exit_price": 1.0,
    "pnl": 8.319052,
    "gain_pct": 1.091739
  },
  "counterfactual": {
    "exit_reason": "hypothetical_scalp",
    "exit_price": 0.54,
    "pnl": 0.70994,
    "gain_pct": 0.093168
  },
  "delta_pnl": 7.609112,
  "hold_was_optimal": true,
  "context_at_worst_moment": {
    "holding_edge": -0.10843677686705333,
    "model_prob": 0.4315632231329467,
    "market_price": 0.54,
    "seconds_remaining": 245.943849,
    "exit_threshold_used": -0.1,
    "strike_price": 64419.725045,
    "btc_at_worst": 64458.64,
    "flow_score": 0.2826,
    "spot_flow_signal": 0.005975054736179175,
    "regime": "unknown",
    "btc_distance_atr": 0.237,
    "worst_at": 1781724654.0582795,
    "coinbase_cvd_60s": 0.241,
    "coinbase_taker_60s": 0.5039,
    "coinbase_taker_n": 1469,
    "cross_venue_gap": -52.88,
    "fast_realized_vol_60s": 0.000274
  }
}