{
  "position_id": 5045,
  "market_id": "btc-updown-5m-1781737500",
  "side": "Down",
  "timestamp": "2026-06-17T23:14:52.543883+00:00",
  "actual": {
    "exit_reason": "hold",
    "exit_price": 1.0,
    "pnl": 3.375175,
    "gain_pct": 0.277792
  },
  "counterfactual": {
    "exit_reason": "hypothetical_scalp",
    "exit_price": 0.998,
    "pnl": 3.341956,
    "gain_pct": 0.275058
  },
  "delta_pnl": 0.03322,
  "hold_was_optimal": true,
  "context_at_worst_moment": {
    "holding_edge": -0.003573740267280412,
    "model_prob": 0.9944262597327196,
    "market_price": 0.998,
    "seconds_remaining": 100.735985,
    "exit_threshold_used": -0.1,
    "strike_price": 64353.33199768978,
    "btc_at_worst": 64229.07,
    "flow_score": -0.5237,
    "spot_flow_signal": -0.13525718497268385,
    "regime": "unknown",
    "btc_distance_atr": -3.253,
    "worst_at": 1781737699.2654796,
    "coinbase_cvd_60s": -0.9398,
    "coinbase_taker_60s": 0.287,
    "coinbase_taker_n": 260,
    "cross_venue_gap": -54.23,
    "fast_realized_vol_60s": 4.2e-05
  }
}