{
  "position_id": 5065,
  "market_id": "btc-updown-5m-1781753100",
  "side": "Down",
  "timestamp": "2026-06-18T03:36:44.352416+00:00",
  "actual": {
    "exit_reason": "hold",
    "exit_price": 1.0,
    "pnl": 9.570733,
    "gain_pct": 1.136667
  },
  "counterfactual": {
    "exit_reason": "hypothetical_scalp",
    "exit_price": 0.98,
    "pnl": 9.186235,
    "gain_pct": 1.091002
  },
  "delta_pnl": 0.384498,
  "hold_was_optimal": true,
  "context_at_worst_moment": {
    "holding_edge": 0.004404444239154426,
    "model_prob": 0.9844044442391544,
    "market_price": 0.98,
    "seconds_remaining": 61.445823,
    "exit_threshold_used": -0.1,
    "strike_price": 64324.699864155686,
    "btc_at_worst": 64254.0,
    "flow_score": 0.2243,
    "spot_flow_signal": -0.25539259217759847,
    "regime": "unknown",
    "btc_distance_atr": -2.326,
    "worst_at": 1781753338.5553298,
    "coinbase_cvd_60s": -4.6157,
    "coinbase_taker_60s": 0.0994,
    "coinbase_taker_n": 328,
    "cross_venue_gap": -70.91,
    "fast_realized_vol_60s": 6.2e-05
  }
}