{
  "position_id": 5079,
  "market_id": "btc-updown-5m-1781758200",
  "side": "Down",
  "timestamp": "2026-06-18T05:02:39.175356+00:00",
  "actual": {
    "exit_reason": "scalp",
    "exit_price": 0.3,
    "pnl": -3.245951,
    "gain_pct": -0.567474
  },
  "counterfactual": {
    "resolution_price": 0.0,
    "pnl": -5.72,
    "gain_pct": -1.0
  },
  "delta_pnl": -2.474049,
  "scalp_was_optimal": true,
  "context_at_scalp": {
    "holding_edge": -0.0940534911549275,
    "model_prob": 0.20594650884507248,
    "market_price": 0.3,
    "seconds_remaining": 191.672629,
    "exit_threshold_used": -0.1,
    "effective_exit_threshold": -0.050732546224421055,
    "loss_cut": false,
    "entry_price": 0.63,
    "fee_rate": 0.07,
    "strike_price": 63779.09918528422,
    "btc_at_scalp": 63806.04,
    "btc_at_expiry": 63847.81284684603,
    "chainlink_price_to_beat": 63777.968970892514,
    "chainlink_final_price": 63847.81284684603,
    "flow_score": -0.2401,
    "spot_flow_signal": 0.01058812364986539,
    "regime": "unknown",
    "btc_distance_atr": 0.895,
    "coinbase_cvd_60s": 0.0526,
    "coinbase_taker_60s": 0.5139,
    "coinbase_taker_n": 157,
    "cross_venue_gap": -65.95,
    "fast_realized_vol_60s": 7e-05
  }
}