{
  "position_id": 5109,
  "market_id": "btc-updown-5m-1781763900",
  "side": "Up",
  "timestamp": "2026-06-18T06:32:15.584798+00:00",
  "actual": {
    "exit_reason": "hold",
    "exit_price": 1.0,
    "pnl": 2.020672,
    "gain_pct": 0.059362
  },
  "counterfactual": {
    "exit_reason": "hypothetical_scalp",
    "exit_price": 0.99,
    "pnl": 1.635076,
    "gain_pct": 0.048034
  },
  "delta_pnl": 0.385597,
  "hold_was_optimal": true,
  "context_at_worst_moment": {
    "holding_edge": 0.009934520630912158,
    "model_prob": 0.9999345206309121,
    "market_price": 0.99,
    "seconds_remaining": 4.036274,
    "exit_threshold_used": -0.1,
    "strike_price": 63863.63355515731,
    "btc_at_worst": 63915.65,
    "flow_score": 0.5305,
    "spot_flow_signal": -0.25464351567763227,
    "regime": "unknown",
    "btc_distance_atr": 1.97,
    "worst_at": 1781764196.5059578,
    "coinbase_cvd_60s": -3.3622,
    "coinbase_taker_60s": 0.236,
    "coinbase_taker_n": 353,
    "cross_venue_gap": -64.34,
    "fast_realized_vol_60s": 7.6e-05
  }
}