{
  "position_id": 5112,
  "market_id": "btc-updown-5m-1781765700",
  "side": "Down",
  "timestamp": "2026-06-18T07:06:58.568020+00:00",
  "actual": {
    "exit_reason": "scalp",
    "exit_price": 0.5,
    "pnl": -9.5369,
    "gain_pct": -0.461165
  },
  "counterfactual": {
    "resolution_price": 0.0,
    "pnl": -20.68,
    "gain_pct": -1.0
  },
  "delta_pnl": -11.1431,
  "scalp_was_optimal": true,
  "context_at_scalp": {
    "holding_edge": -0.4928941625265003,
    "model_prob": 0.007105837473499688,
    "market_price": 0.5,
    "seconds_remaining": 4.135039,
    "exit_threshold_used": -0.1,
    "effective_exit_threshold": -0.045766448550879774,
    "loss_cut": true,
    "entry_price": 0.87,
    "fee_rate": 0.07,
    "strike_price": 64012.33364,
    "btc_at_scalp": 64023.12,
    "btc_at_expiry": 64019.16811341752,
    "chainlink_price_to_beat": 64012.35099,
    "chainlink_final_price": 64019.16811341752,
    "flow_score": -0.4665,
    "spot_flow_signal": 0.16436560310610165,
    "regime": "unknown",
    "btc_distance_atr": 0.58,
    "coinbase_cvd_60s": 2.6764,
    "coinbase_taker_60s": 0.5578,
    "coinbase_taker_n": 494,
    "cross_venue_gap": -70.01,
    "fast_realized_vol_60s": 0.000121
  }
}