{
  "position_id": 5114,
  "market_id": "btc-updown-5m-1781766300",
  "side": "Down",
  "timestamp": "2026-06-18T07:12:18.679280+00:00",
  "actual": {
    "exit_reason": "hold",
    "exit_price": 1.0,
    "pnl": 2.565792,
    "gain_pct": 0.190482
  },
  "counterfactual": {
    "exit_reason": "hypothetical_scalp",
    "exit_price": 0.99,
    "pnl": 2.394321,
    "gain_pct": 0.177752
  },
  "delta_pnl": 0.171471,
  "hold_was_optimal": true,
  "context_at_worst_moment": {
    "holding_edge": 0.0075112471356127974,
    "model_prob": 0.9975112471356128,
    "market_price": 0.99,
    "seconds_remaining": 13.688687,
    "exit_threshold_used": -0.1,
    "strike_price": 64023.834605,
    "btc_at_worst": 64003.99,
    "flow_score": -0.3053,
    "spot_flow_signal": -0.2506662250489133,
    "regime": "unknown",
    "btc_distance_atr": -1.423,
    "worst_at": 1781766586.3117115,
    "coinbase_cvd_60s": -1.5654,
    "coinbase_taker_60s": 0.0813,
    "coinbase_taker_n": 147,
    "cross_venue_gap": -74.73,
    "fast_realized_vol_60s": 2.3e-05
  }
}