{
  "position_id": 5134,
  "market_id": "btc-updown-5m-1781771700",
  "side": "Down",
  "timestamp": "2026-06-18T08:47:43.106232+00:00",
  "actual": {
    "exit_reason": "scalp",
    "exit_price": 0.46,
    "pnl": -1.728157,
    "gain_pct": -0.32302
  },
  "counterfactual": {
    "resolution_price": 0.0,
    "pnl": -5.35,
    "gain_pct": -1.0
  },
  "delta_pnl": -3.621843,
  "scalp_was_optimal": true,
  "context_at_scalp": {
    "holding_edge": -0.08146902869580225,
    "model_prob": 0.35853097130419775,
    "market_price": 0.44,
    "seconds_remaining": 218.391842,
    "exit_threshold_used": -0.1,
    "effective_exit_threshold": -0.07066759754746693,
    "loss_cut": false,
    "entry_price": 0.66,
    "fee_rate": 0.07,
    "strike_price": 64490.79412506797,
    "btc_at_scalp": 64502.47,
    "btc_at_expiry": 64521.50965406746,
    "chainlink_price_to_beat": 64490.79624544886,
    "chainlink_final_price": 64521.50965406746,
    "flow_score": 0.1226,
    "spot_flow_signal": 0.22219545667567608,
    "regime": "unknown",
    "btc_distance_atr": 0.509,
    "coinbase_cvd_60s": 1.0942,
    "coinbase_taker_60s": 0.9487,
    "coinbase_taker_n": 195,
    "cross_venue_gap": -55.53,
    "fast_realized_vol_60s": 4.4e-05
  }
}