{
  "position_id": 5135,
  "market_id": "btc-updown-5m-1781771700",
  "side": "Up",
  "timestamp": "2026-06-18T08:42:30.056569+00:00",
  "actual": {
    "exit_reason": "hold",
    "exit_price": 1.0,
    "pnl": 5.232693,
    "gain_pct": 0.673448
  },
  "counterfactual": {
    "exit_reason": "hypothetical_scalp",
    "exit_price": 0.54,
    "pnl": -0.974637,
    "gain_pct": -0.125436
  },
  "delta_pnl": 6.20733,
  "hold_was_optimal": true,
  "context_at_worst_moment": {
    "holding_edge": -0.02603645380409647,
    "model_prob": 0.5139635461959036,
    "market_price": 0.54,
    "seconds_remaining": 120.799887,
    "exit_threshold_used": -0.1,
    "strike_price": 64490.79412506797,
    "btc_at_worst": 64491.75,
    "flow_score": -0.4863,
    "spot_flow_signal": 0.12356957286737323,
    "regime": "unknown",
    "btc_distance_atr": 0.036,
    "worst_at": 1781771879.200754,
    "coinbase_cvd_60s": 0.8616,
    "coinbase_taker_60s": 0.7366,
    "coinbase_taker_n": 206,
    "cross_venue_gap": -66.26,
    "fast_realized_vol_60s": 5.2e-05
  }
}