{
  "position_id": 5139,
  "market_id": "btc-updown-5m-1781772900",
  "side": "Down",
  "timestamp": "2026-06-18T09:03:02.356324+00:00",
  "actual": {
    "exit_reason": "hold",
    "exit_price": 1.0,
    "pnl": 3.5454,
    "gain_pct": 0.57
  },
  "counterfactual": {
    "exit_reason": "hypothetical_scalp",
    "exit_price": 0.68,
    "pnl": 0.271725,
    "gain_pct": 0.043686
  },
  "delta_pnl": 3.273675,
  "hold_was_optimal": true,
  "context_at_worst_moment": {
    "holding_edge": -0.033739519811090024,
    "model_prob": 0.64626048018891,
    "market_price": 0.68,
    "seconds_remaining": 255.368742,
    "exit_threshold_used": -0.1,
    "strike_price": 64386.10309895086,
    "btc_at_worst": 64373.99,
    "flow_score": 0.3745,
    "spot_flow_signal": -0.1675520740052695,
    "regime": "unknown",
    "btc_distance_atr": -0.536,
    "worst_at": 1781772944.6320558,
    "coinbase_cvd_60s": -0.6971,
    "coinbase_taker_60s": 0.1482,
    "coinbase_taker_n": 185,
    "cross_venue_gap": -63.41,
    "fast_realized_vol_60s": 5.3e-05
  }
}