{
  "position_id": 5145,
  "market_id": "btc-updown-5m-1781774700",
  "side": "Down",
  "timestamp": "2026-06-18T09:33:11.050869+00:00",
  "actual": {
    "exit_reason": "hold",
    "exit_price": 1.0,
    "pnl": 1.824988,
    "gain_pct": 0.164118
  },
  "counterfactual": {
    "exit_reason": "hypothetical_scalp",
    "exit_price": 0.989,
    "pnl": 1.672735,
    "gain_pct": 0.150426
  },
  "delta_pnl": 0.152253,
  "hold_was_optimal": true,
  "context_at_worst_moment": {
    "holding_edge": -0.0016491850276718623,
    "model_prob": 0.9873508149723281,
    "market_price": 0.989,
    "seconds_remaining": 182.790266,
    "exit_threshold_used": -0.1,
    "strike_price": 64364.60266825862,
    "btc_at_worst": 64247.64,
    "flow_score": -0.1834,
    "spot_flow_signal": -0.0884577909330618,
    "regime": "unknown",
    "btc_distance_atr": -3.748,
    "worst_at": 1781774817.2101655,
    "coinbase_cvd_60s": -0.6581,
    "coinbase_taker_60s": 0.3205,
    "coinbase_taker_n": 236,
    "cross_venue_gap": -50.36,
    "fast_realized_vol_60s": 5.8e-05
  }
}