{
  "position_id": 5150,
  "market_id": "btc-updown-5m-1781776500",
  "side": "Down",
  "timestamp": "2026-06-18T10:03:29.261653+00:00",
  "actual": {
    "exit_reason": "hold",
    "exit_price": 1.0,
    "pnl": 2.211075,
    "gain_pct": 0.2325
  },
  "counterfactual": {
    "exit_reason": "hypothetical_scalp",
    "exit_price": 0.99,
    "pnl": 2.085742,
    "gain_pct": 0.219321
  },
  "delta_pnl": 0.125333,
  "hold_was_optimal": true,
  "context_at_worst_moment": {
    "holding_edge": 0.005533375723004941,
    "model_prob": 0.9955333757230049,
    "market_price": 0.99,
    "seconds_remaining": 67.332506,
    "exit_threshold_used": -0.1,
    "strike_price": 64198.473130405684,
    "btc_at_worst": 64139.1,
    "flow_score": -0.6144,
    "spot_flow_signal": -0.13345559639492,
    "regime": "unknown",
    "btc_distance_atr": -3.248,
    "worst_at": 1781776732.669098,
    "coinbase_cvd_60s": -0.5075,
    "coinbase_taker_60s": 0.2185,
    "coinbase_taker_n": 188,
    "cross_venue_gap": -58.04,
    "fast_realized_vol_60s": 2.9e-05
  }
}