{
  "position_id": 5153,
  "market_id": "btc-updown-5m-1781777400",
  "side": "Down",
  "timestamp": "2026-06-18T10:18:37.428022+00:00",
  "actual": {
    "exit_reason": "hold",
    "exit_price": 1.0,
    "pnl": 13.286465,
    "gain_pct": 1.091739
  },
  "counterfactual": {
    "exit_reason": "hypothetical_scalp",
    "exit_price": 0.5,
    "pnl": 0.112744,
    "gain_pct": 0.009264
  },
  "delta_pnl": 13.173721,
  "hold_was_optimal": true,
  "context_at_worst_moment": {
    "holding_edge": -0.02597451177416843,
    "model_prob": 0.47402548822583157,
    "market_price": 0.5,
    "seconds_remaining": 294.916298,
    "exit_threshold_used": -0.1,
    "strike_price": 63995.012456945304,
    "btc_at_worst": 63997.21,
    "flow_score": 0.3596,
    "spot_flow_signal": 0.048733861261148564,
    "regime": "unknown",
    "btc_distance_atr": 0.103,
    "worst_at": 1781777405.0840278,
    "coinbase_cvd_60s": 0.6364,
    "coinbase_taker_60s": 0.5668,
    "coinbase_taker_n": 290,
    "cross_venue_gap": -53.48,
    "fast_realized_vol_60s": 4e-05
  }
}