{
  "position_id": 5161,
  "market_id": "btc-updown-5m-1781778600",
  "side": "Up",
  "timestamp": "2026-06-18T10:38:46.672679+00:00",
  "actual": {
    "exit_reason": "hold",
    "exit_price": 1.0,
    "pnl": 2.572443,
    "gain_pct": 0.114944
  },
  "counterfactual": {
    "exit_reason": "hypothetical_scalp",
    "exit_price": 0.99,
    "pnl": 2.305626,
    "gain_pct": 0.103022
  },
  "delta_pnl": 0.266816,
  "hold_was_optimal": true,
  "context_at_worst_moment": {
    "holding_edge": 0.004384558559603513,
    "model_prob": 0.9943845585596035,
    "market_price": 0.99,
    "seconds_remaining": 26.578909,
    "exit_threshold_used": -0.1,
    "strike_price": 63908.99474658922,
    "btc_at_worst": 63950.16,
    "flow_score": 0.0036,
    "spot_flow_signal": 0.05910594434525454,
    "regime": "unknown",
    "btc_distance_atr": 1.347,
    "worst_at": 1781778873.4215982,
    "coinbase_cvd_60s": 0.3383,
    "coinbase_taker_60s": 0.6272,
    "coinbase_taker_n": 226,
    "cross_venue_gap": -59.83,
    "fast_realized_vol_60s": 7.5e-05
  }
}