{
  "position_id": 5166,
  "market_id": "btc-updown-5m-1781779200",
  "side": "Down",
  "timestamp": "2026-06-18T10:48:32.124739+00:00",
  "actual": {
    "exit_reason": "hold",
    "exit_price": 1.0,
    "pnl": 3.918361,
    "gain_pct": 0.247215
  },
  "counterfactual": {
    "exit_reason": "hypothetical_scalp",
    "exit_price": 0.94,
    "pnl": 2.654214,
    "gain_pct": 0.167458
  },
  "delta_pnl": 1.264147,
  "hold_was_optimal": true,
  "context_at_worst_moment": {
    "holding_edge": -0.026802188746168687,
    "model_prob": 0.9131978112538313,
    "market_price": 0.94,
    "seconds_remaining": 18.198038,
    "exit_threshold_used": -0.1,
    "strike_price": 63971.1011965287,
    "btc_at_worst": 63957.72,
    "flow_score": 0.4327,
    "spot_flow_signal": -0.21553243425956947,
    "regime": "unknown",
    "btc_distance_atr": -0.485,
    "worst_at": 1781779481.8025098,
    "coinbase_cvd_60s": -1.7042,
    "coinbase_taker_60s": 0.0783,
    "coinbase_taker_n": 231,
    "cross_venue_gap": -56.24,
    "fast_realized_vol_60s": 3.4e-05
  }
}