{
  "position_id": 5189,
  "market_id": "btc-updown-5m-1781785800",
  "side": "Down",
  "timestamp": "2026-06-18T12:44:43.617740+00:00",
  "actual": {
    "exit_reason": "scalp",
    "exit_price": 0.61,
    "pnl": 0.635071,
    "gain_pct": 0.101611
  },
  "counterfactual": {
    "resolution_price": 0.0,
    "pnl": -6.25,
    "gain_pct": -1.0
  },
  "delta_pnl": -6.885071,
  "scalp_was_optimal": true,
  "context_at_scalp": {
    "holding_edge": -0.04966971453326141,
    "model_prob": 0.5603302854667386,
    "market_price": 0.61,
    "seconds_remaining": 2.685357,
    "exit_threshold_used": -0.1,
    "effective_exit_threshold": -0.04302895781167197,
    "loss_cut": false,
    "entry_price": 0.51,
    "fee_rate": 0.07,
    "strike_price": 64129.76661788069,
    "btc_at_scalp": 64128.99,
    "btc_at_expiry": 64132.624076910615,
    "chainlink_price_to_beat": 64132.113052704415,
    "chainlink_final_price": 64132.624076910615,
    "flow_score": -0.4225,
    "spot_flow_signal": -0.030444549214315084,
    "regime": "unknown",
    "btc_distance_atr": -0.022,
    "coinbase_cvd_60s": -0.4509,
    "coinbase_taker_60s": 0.4495,
    "coinbase_taker_n": 304,
    "cross_venue_gap": -69.02,
    "fast_realized_vol_60s": 6.2e-05
  }
}