{
  "position_id": 5198,
  "market_id": "btc-updown-5m-1781787600",
  "side": "Down",
  "timestamp": "2026-06-18T13:28:11.395721+00:00",
  "actual": {
    "exit_reason": "hold",
    "exit_price": 1.0,
    "pnl": 6.067516,
    "gain_pct": 0.293684
  },
  "counterfactual": {
    "exit_reason": "hypothetical_scalp",
    "exit_price": 0.96,
    "pnl": 4.926572,
    "gain_pct": 0.238459
  },
  "delta_pnl": 1.140944,
  "hold_was_optimal": true,
  "context_at_worst_moment": {
    "holding_edge": -0.0033189902493945267,
    "model_prob": 0.9566810097506054,
    "market_price": 0.96,
    "seconds_remaining": 133.73804,
    "exit_threshold_used": -0.1,
    "strike_price": 64311.41258468163,
    "btc_at_worst": 64256.0,
    "flow_score": 0.5598,
    "spot_flow_signal": -0.053717902697737296,
    "regime": "unknown",
    "btc_distance_atr": -1.715,
    "worst_at": 1781787766.2624452,
    "coinbase_cvd_60s": -0.7586,
    "coinbase_taker_60s": 0.4143,
    "coinbase_taker_n": 325,
    "cross_venue_gap": -62.45,
    "fast_realized_vol_60s": 9.3e-05
  }
}