{
  "position_id": 5204,
  "market_id": "btc-updown-5m-1781790300",
  "side": "Down",
  "timestamp": "2026-06-18T13:55:29.891851+00:00",
  "actual": {
    "exit_reason": "hold",
    "exit_price": 0.0,
    "pnl": -5.05,
    "gain_pct": -1.0
  },
  "counterfactual": {
    "exit_reason": "hypothetical_scalp",
    "exit_price": 0.79,
    "pnl": 1.753186,
    "gain_pct": 0.347166
  },
  "delta_pnl": -6.803186,
  "hold_was_optimal": false,
  "context_at_worst_moment": {
    "holding_edge": -0.040591547308988396,
    "model_prob": 0.7494084526910116,
    "market_price": 0.79,
    "seconds_remaining": 120.59745,
    "exit_threshold_used": -0.1,
    "strike_price": 63810.892777508736,
    "btc_at_worst": 63753.76,
    "flow_score": -0.2863,
    "spot_flow_signal": -0.05606144276725457,
    "regime": "unknown",
    "btc_distance_atr": -0.695,
    "worst_at": 1781790479.5911555,
    "coinbase_cvd_60s": -1.6098,
    "coinbase_taker_60s": 0.4055,
    "coinbase_taker_n": 551,
    "cross_venue_gap": -75.82,
    "fast_realized_vol_60s": 0.000144
  }
}