{
  "position_id": 5205,
  "market_id": "btc-updown-5m-1778050500",
  "side": "Down",
  "weight_version": "weights_v001",
  "timestamp": "2026-05-06T07:06:19.083308+00:00",
  "actual": {
    "exit_reason": "scalp",
    "exit_price": 0.5,
    "pnl": 10.260046,
    "gain_pct": 0.811071
  },
  "counterfactual": {
    "resolution_price": 1.0,
    "pnl": 33.586219,
    "gain_pct": 2.655037
  },
  "delta_pnl": 23.326172,
  "scalp_was_optimal": false,
  "context_at_scalp": {
    "holding_edge": -0.09916018889507267,
    "model_prob": 0.36083981110492735,
    "market_price": 0.46,
    "seconds_remaining": 14.923741,
    "exit_threshold_used": -0.05,
    "strike_price": 81477.59611592133,
    "btc_at_scalp": 81488.82,
    "btc_at_expiry": 81468.48553837008,
    "chainlink_price_to_beat": 81477.63243824434,
    "chainlink_final_price": 81468.48553837008
  }
}