{
  "position_id": 5217,
  "market_id": "btc-updown-5m-1778062200",
  "side": "Down",
  "weight_version": "weights_v001",
  "timestamp": "2026-05-06T10:17:42.904204+00:00",
  "actual": {
    "exit_reason": "hold",
    "exit_price": 0.0,
    "pnl": -17.14,
    "gain_pct": -1.0
  },
  "counterfactual": {
    "exit_reason": "hypothetical_scalp",
    "exit_price": 0.33,
    "pnl": 3.284296,
    "gain_pct": 0.191616
  },
  "delta_pnl": -20.424296,
  "hold_was_optimal": false,
  "context_at_worst_moment": {
    "holding_edge": -0.010704396381226389,
    "model_prob": 0.3192956036187736,
    "market_price": 0.33,
    "seconds_remaining": 172.042852,
    "exit_threshold_used": -0.05,
    "strike_price": 82003.13017847187,
    "btc_at_worst": 82046.02,
    "worst_at": 1778062327.960186
  }
}