{
  "position_id": 5219,
  "market_id": "btc-updown-5m-1778062800",
  "side": "Down",
  "weight_version": "weights_v001",
  "timestamp": "2026-05-06T10:27:59.329646+00:00",
  "actual": {
    "exit_reason": "hold",
    "exit_price": 0.0,
    "pnl": -13.04,
    "gain_pct": -1.0
  },
  "counterfactual": {
    "exit_reason": "hypothetical_scalp",
    "exit_price": 0.23,
    "pnl": -2.229749,
    "gain_pct": -0.170993
  },
  "delta_pnl": -10.810251,
  "hold_was_optimal": false,
  "context_at_worst_moment": {
    "holding_edge": 0.20816510574486544,
    "model_prob": 0.43816510574486545,
    "market_price": 0.23,
    "seconds_remaining": 47.921696,
    "exit_threshold_used": -0.05,
    "strike_price": 82131.059772515,
    "btc_at_worst": 82158.82,
    "worst_at": 1778063052.0896149
  }
}