{
  "position_id": 5245,
  "market_id": "btc-updown-5m-1781808600",
  "side": "Down",
  "timestamp": "2026-06-18T18:58:20.061559+00:00",
  "actual": {
    "exit_reason": "hold",
    "exit_price": 1.0,
    "pnl": 6.365333,
    "gain_pct": 1.136667
  },
  "counterfactual": {
    "exit_reason": "hypothetical_scalp",
    "exit_price": 0.99,
    "pnl": 6.237388,
    "gain_pct": 1.113819
  },
  "delta_pnl": 0.127945,
  "hold_was_optimal": true,
  "context_at_worst_moment": {
    "holding_edge": -0.004301458353793808,
    "model_prob": 0.9856985416462062,
    "market_price": 0.99,
    "seconds_remaining": 28.066681,
    "exit_threshold_used": -0.1,
    "strike_price": 62700.442112475204,
    "btc_at_worst": 62634.6,
    "flow_score": -0.5675,
    "spot_flow_signal": -0.054164451229868904,
    "regime": "unknown",
    "btc_distance_atr": -1.425,
    "worst_at": 1781808871.9349155,
    "coinbase_cvd_60s": -0.3573,
    "coinbase_taker_60s": 0.3988,
    "coinbase_taker_n": 326,
    "cross_venue_gap": -86.55,
    "fast_realized_vol_60s": 6.6e-05
  }
}