{
  "position_id": 5265,
  "market_id": "btc-updown-5m-1781814600",
  "side": "Down",
  "timestamp": "2026-06-18T20:45:03.481892+00:00",
  "actual": {
    "exit_reason": "scalp",
    "exit_price": 0.71,
    "pnl": 0.461391,
    "gain_pct": 0.076012
  },
  "counterfactual": {
    "resolution_price": 0.0,
    "pnl": -6.07,
    "gain_pct": -1.0
  },
  "delta_pnl": -6.531391,
  "scalp_was_optimal": true,
  "context_at_scalp": {
    "holding_edge": -0.10585173522201008,
    "model_prob": 0.5941482647779899,
    "market_price": 0.7,
    "seconds_remaining": 290.40866,
    "exit_threshold_used": -0.1,
    "effective_exit_threshold": -0.09066608659698715,
    "loss_cut": false,
    "entry_price": 0.64,
    "fee_rate": 0.07,
    "strike_price": 63046.56948546503,
    "btc_at_scalp": 63033.6,
    "btc_at_expiry": 63066.6488,
    "chainlink_price_to_beat": 63044.402756088966,
    "chainlink_final_price": 63066.6488,
    "flow_score": 0.2939,
    "spot_flow_signal": -0.18301220851467753,
    "regime": "unknown",
    "btc_distance_atr": -0.341,
    "coinbase_cvd_60s": -3.9869,
    "coinbase_taker_60s": 0.4135,
    "coinbase_taker_n": 553,
    "cross_venue_gap": -76.12,
    "fast_realized_vol_60s": 5e-05
  }
}