{
  "position_id": 5293,
  "market_id": "btc-updown-5m-1781823600",
  "side": "Down",
  "timestamp": "2026-06-18T23:07:37.662381+00:00",
  "actual": {
    "exit_reason": "hold",
    "exit_price": 1.0,
    "pnl": 3.571025,
    "gain_pct": 0.824717
  },
  "counterfactual": {
    "exit_reason": "hypothetical_scalp",
    "exit_price": 0.25,
    "pnl": -2.458445,
    "gain_pct": -0.56777
  },
  "delta_pnl": 6.029469,
  "hold_was_optimal": true,
  "context_at_worst_moment": {
    "holding_edge": -0.039425829078804986,
    "model_prob": 0.21057417092119501,
    "market_price": 0.25,
    "seconds_remaining": 147.426764,
    "exit_threshold_used": -0.1,
    "strike_price": 62822.305915937024,
    "btc_at_worst": 62840.0,
    "flow_score": 0.5872,
    "spot_flow_signal": 0.11628801194139957,
    "regime": "unknown",
    "btc_distance_atr": 0.847,
    "worst_at": 1781823752.5747683,
    "coinbase_cvd_60s": 0.6964,
    "coinbase_taker_60s": 0.7185,
    "coinbase_taker_n": 257,
    "cross_venue_gap": -73.18,
    "fast_realized_vol_60s": 3.4e-05
  }
}