{
  "position_id": 5298,
  "market_id": "btc-updown-5m-1781824500",
  "side": "Up",
  "timestamp": "2026-06-18T23:22:41.765982+00:00",
  "actual": {
    "exit_reason": "hold",
    "exit_price": 1.0,
    "pnl": 2.128371,
    "gain_pct": 0.398571
  },
  "counterfactual": {
    "exit_reason": "hypothetical_scalp",
    "exit_price": 0.72,
    "pnl": -0.068166,
    "gain_pct": -0.012765
  },
  "delta_pnl": 2.196538,
  "hold_was_optimal": true,
  "context_at_worst_moment": {
    "holding_edge": -0.048622801497635315,
    "model_prob": 0.6713771985023647,
    "market_price": 0.72,
    "seconds_remaining": 146.914241,
    "exit_threshold_used": -0.1,
    "strike_price": 62696.731387815125,
    "btc_at_worst": 62707.98,
    "flow_score": 0.2417,
    "spot_flow_signal": 0.14880643613514097,
    "regime": "unknown",
    "btc_distance_atr": 0.418,
    "worst_at": 1781824653.0866323,
    "coinbase_cvd_60s": 0.9964,
    "coinbase_taker_60s": 0.795,
    "coinbase_taker_n": 289,
    "cross_venue_gap": -75.61,
    "fast_realized_vol_60s": 4.1e-05
  }
}