{
  "position_id": 5299,
  "market_id": "btc-updown-5m-1781824800",
  "side": "Down",
  "timestamp": "2026-06-18T23:33:33.951688+00:00",
  "actual": {
    "exit_reason": "scalp",
    "exit_price": 0.16,
    "pnl": -6.270402,
    "gain_pct": -0.628297
  },
  "counterfactual": {
    "resolution_price": 0.0,
    "pnl": -9.98,
    "gain_pct": -1.0
  },
  "delta_pnl": -3.709598,
  "scalp_was_optimal": true,
  "context_at_scalp": {
    "holding_edge": -0.027149892071381604,
    "model_prob": 0.1328501079286184,
    "market_price": 0.16,
    "seconds_remaining": 91.390273,
    "exit_threshold_used": -0.1,
    "effective_exit_threshold": 0.04543908759890489,
    "loss_cut": false,
    "entry_price": 0.38,
    "fee_rate": 0.07,
    "strike_price": 62757.697322806845,
    "btc_at_scalp": 62776.83,
    "btc_at_expiry": 62770.750060000006,
    "chainlink_price_to_beat": 62757.76010864099,
    "chainlink_final_price": 62770.750060000006,
    "flow_score": -0.1227,
    "spot_flow_signal": -0.055907509388302336,
    "regime": "unknown",
    "btc_distance_atr": 0.838,
    "coinbase_cvd_60s": -0.413,
    "coinbase_taker_60s": 0.3977,
    "coinbase_taker_n": 212,
    "cross_venue_gap": -68.94,
    "fast_realized_vol_60s": 4e-05
  }
}