{
  "position_id": 5307,
  "market_id": "btc-updown-5m-1781826300",
  "side": "Down",
  "timestamp": "2026-06-18T23:55:26.809565+00:00",
  "actual": {
    "exit_reason": "hold",
    "exit_price": 0.0,
    "pnl": -26.04,
    "gain_pct": -1.0
  },
  "counterfactual": {
    "exit_reason": "hypothetical_scalp",
    "exit_price": 0.51,
    "pnl": -8.80371,
    "gain_pct": -0.338084
  },
  "delta_pnl": -17.23629,
  "hold_was_optimal": false,
  "context_at_worst_moment": {
    "holding_edge": -0.5010291544857645,
    "model_prob": 0.008970845514235548,
    "market_price": 0.51,
    "seconds_remaining": 2.220771,
    "exit_threshold_used": -0.1,
    "strike_price": 62846.317631778926,
    "btc_at_worst": 62855.97,
    "flow_score": 0.4096,
    "spot_flow_signal": 0.23305578114025016,
    "regime": "unknown",
    "btc_distance_atr": 0.355,
    "worst_at": 1781826597.7798471,
    "coinbase_cvd_60s": 3.2371,
    "coinbase_taker_60s": 0.8506,
    "coinbase_taker_n": 328,
    "cross_venue_gap": -69.1,
    "fast_realized_vol_60s": 0.000112
  }
}