{
  "position_id": 5321,
  "market_id": "btc-updown-5m-1781829600",
  "side": "Up",
  "timestamp": "2026-06-19T00:52:29.119785+00:00",
  "actual": {
    "exit_reason": "hold",
    "exit_price": 1.0,
    "pnl": 1.773942,
    "gain_pct": 0.379859
  },
  "counterfactual": {
    "exit_reason": "hypothetical_scalp",
    "exit_price": 0.82,
    "pnl": 0.547454,
    "gain_pct": 0.117228
  },
  "delta_pnl": 1.226488,
  "hold_was_optimal": true,
  "context_at_worst_moment": {
    "holding_edge": -0.03284304837484997,
    "model_prob": 0.78715695162515,
    "market_price": 0.82,
    "seconds_remaining": 159.784743,
    "exit_threshold_used": -0.1,
    "strike_price": 62937.09623480196,
    "btc_at_worst": 62953.3,
    "flow_score": -0.0908,
    "spot_flow_signal": 0.026122017264917852,
    "regime": "unknown",
    "btc_distance_atr": 0.924,
    "worst_at": 1781829740.2160566,
    "coinbase_cvd_60s": 0.2634,
    "coinbase_taker_60s": 0.5398,
    "coinbase_taker_n": 329,
    "cross_venue_gap": -76.81,
    "fast_realized_vol_60s": 4.8e-05
  }
}