{
  "position_id": 5326,
  "market_id": "btc-updown-5m-1781830800",
  "side": "Up",
  "timestamp": "2026-06-19T01:12:40.403723+00:00",
  "actual": {
    "exit_reason": "scalp",
    "exit_price": 0.34,
    "pnl": -2.447373,
    "gain_pct": -0.277166
  },
  "counterfactual": {
    "resolution_price": 1.0,
    "pnl": 10.036767,
    "gain_pct": 1.136667
  },
  "delta_pnl": 12.48414,
  "scalp_was_optimal": false,
  "context_at_scalp": {
    "holding_edge": -0.0948441587768799,
    "model_prob": 0.2551558412231201,
    "market_price": 0.35,
    "seconds_remaining": 247.797323,
    "exit_threshold_used": -0.1,
    "effective_exit_threshold": -0.0728274166493246,
    "loss_cut": false,
    "entry_price": 0.44999999999999996,
    "fee_rate": 0.07,
    "strike_price": 62948.804272287474,
    "btc_at_scalp": 62933.1,
    "btc_at_expiry": 63005.167939561485,
    "chainlink_price_to_beat": 62952.57135888412,
    "chainlink_final_price": 63005.167939561485,
    "flow_score": 0.1747,
    "spot_flow_signal": -0.003994296779566534,
    "regime": "unknown",
    "btc_distance_atr": -0.831,
    "coinbase_cvd_60s": -0.0047,
    "coinbase_taker_60s": 0.4976,
    "coinbase_taker_n": 259,
    "cross_venue_gap": -80.9,
    "fast_realized_vol_60s": 6.3e-05
  }
}