{
  "position_id": 5334,
  "market_id": "btc-updown-5m-1781832000",
  "side": "Down",
  "timestamp": "2026-06-19T01:27:16.193494+00:00",
  "actual": {
    "exit_reason": "hold",
    "exit_price": 1.0,
    "pnl": 2.983376,
    "gain_pct": 0.673448
  },
  "counterfactual": {
    "exit_reason": "hypothetical_scalp",
    "exit_price": 0.98,
    "pnl": 2.824937,
    "gain_pct": 0.637683
  },
  "delta_pnl": 0.158439,
  "hold_was_optimal": true,
  "context_at_worst_moment": {
    "holding_edge": 0.01990446853551775,
    "model_prob": 0.9999044685355177,
    "market_price": 0.98,
    "seconds_remaining": 0.902929,
    "exit_threshold_used": -0.1,
    "strike_price": 62980.05419035762,
    "btc_at_worst": 62955.32,
    "flow_score": 0.3828,
    "spot_flow_signal": 0.08804984628966449,
    "regime": "unknown",
    "btc_distance_atr": -0.834,
    "worst_at": 1781832299.0975704,
    "coinbase_cvd_60s": 0.449,
    "coinbase_taker_60s": 0.6951,
    "coinbase_taker_n": 262,
    "cross_venue_gap": -72.69,
    "fast_realized_vol_60s": 6.9e-05
  }
}