{
  "position_id": 5338,
  "market_id": "btc-updown-5m-1781832900",
  "side": "Down",
  "timestamp": "2026-06-19T01:47:43.016388+00:00",
  "actual": {
    "exit_reason": "scalp",
    "exit_price": 0.13,
    "pnl": -3.662872,
    "gain_pct": -0.792829
  },
  "counterfactual": {
    "resolution_price": 0.0,
    "pnl": -4.62,
    "gain_pct": -1.0
  },
  "delta_pnl": -0.957128,
  "scalp_was_optimal": true,
  "context_at_scalp": {
    "holding_edge": -0.05254182722838652,
    "model_prob": 0.07745817277161349,
    "market_price": 0.13,
    "seconds_remaining": 20.651991,
    "exit_threshold_used": -0.1,
    "effective_exit_threshold": 0.2598558177650172,
    "loss_cut": true,
    "entry_price": 0.56,
    "fee_rate": 0.07,
    "strike_price": 62798.50843806507,
    "btc_at_scalp": 62816.53,
    "btc_at_expiry": 62817.4703796708,
    "chainlink_price_to_beat": 62798.308524730324,
    "chainlink_final_price": 62817.4703796708,
    "flow_score": -0.0947,
    "spot_flow_signal": 0.06602126737205045,
    "regime": "unknown",
    "btc_distance_atr": 0.755,
    "coinbase_cvd_60s": 0.4052,
    "coinbase_taker_60s": 0.6365,
    "coinbase_taker_n": 287,
    "cross_venue_gap": -75.47,
    "fast_realized_vol_60s": 5.7e-05
  }
}