{
  "position_id": 5350,
  "market_id": "btc-updown-5m-1781835600",
  "side": "Down",
  "timestamp": "2026-06-19T02:33:46.926016+00:00",
  "actual": {
    "exit_reason": "scalp",
    "exit_price": 0.08,
    "pnl": -11.93254,
    "gain_pct": -0.894493
  },
  "counterfactual": {
    "resolution_price": 0.0,
    "pnl": -13.34,
    "gain_pct": -1.0
  },
  "delta_pnl": -1.40746,
  "scalp_was_optimal": true,
  "context_at_scalp": {
    "holding_edge": -0.005277102995946123,
    "model_prob": 0.07472289700405388,
    "market_price": 0.08,
    "seconds_remaining": 48.457155,
    "exit_threshold_used": -0.1,
    "effective_exit_threshold": 0.20984083094027023,
    "loss_cut": true,
    "entry_price": 0.68,
    "fee_rate": 0.07,
    "strike_price": 62915.17119562156,
    "btc_at_scalp": 62933.1,
    "btc_at_expiry": 62965.00687305588,
    "chainlink_price_to_beat": 62909.89243534434,
    "chainlink_final_price": 62965.00687305588,
    "flow_score": -0.4751,
    "spot_flow_signal": 0.25727041946732065,
    "regime": "unknown",
    "btc_distance_atr": 0.95,
    "coinbase_cvd_60s": 2.7884,
    "coinbase_taker_60s": 0.9049,
    "coinbase_taker_n": 257,
    "cross_venue_gap": -71.36,
    "fast_realized_vol_60s": 0.000106
  }
}