{
  "position_id": 5362,
  "market_id": "btc-updown-5m-1781837700",
  "side": "Up",
  "timestamp": "2026-06-19T03:03:52.505061+00:00",
  "actual": {
    "exit_reason": "hold",
    "exit_price": 1.0,
    "pnl": 2.885657,
    "gain_pct": 0.177143
  },
  "counterfactual": {
    "exit_reason": "hypothetical_scalp",
    "exit_price": 0.99,
    "pnl": 2.680612,
    "gain_pct": 0.164556
  },
  "delta_pnl": 0.205045,
  "hold_was_optimal": true,
  "context_at_worst_moment": {
    "holding_edge": 0.009985719129935067,
    "model_prob": 0.9999857191299351,
    "market_price": 0.99,
    "seconds_remaining": 0.666559,
    "exit_threshold_used": -0.1,
    "strike_price": 62918.43869867168,
    "btc_at_worst": 62930.0,
    "flow_score": 0.7336,
    "spot_flow_signal": 0.07626124707078878,
    "regime": "unknown",
    "btc_distance_atr": 0.674,
    "worst_at": 1781837999.3339849,
    "coinbase_cvd_60s": 0.1524,
    "coinbase_taker_60s": 0.6765,
    "coinbase_taker_n": 202,
    "cross_venue_gap": -76.0,
    "fast_realized_vol_60s": 1e-05
  }
}