{
  "position_id": 5370,
  "market_id": "btc-updown-5m-1781843400",
  "side": "Down",
  "timestamp": "2026-06-19T04:38:54.506951+00:00",
  "actual": {
    "exit_reason": "hold",
    "exit_price": 1.0,
    "pnl": 4.2966,
    "gain_pct": 0.93
  },
  "counterfactual": {
    "exit_reason": "hypothetical_scalp",
    "exit_price": 0.98,
    "pnl": 4.106034,
    "gain_pct": 0.888752
  },
  "delta_pnl": 0.190566,
  "hold_was_optimal": true,
  "context_at_worst_moment": {
    "holding_edge": 0.00011081287187908462,
    "model_prob": 0.9801108128718791,
    "market_price": 0.98,
    "seconds_remaining": 114.974221,
    "exit_threshold_used": -0.1,
    "strike_price": 62663.35133865182,
    "btc_at_worst": 62589.76,
    "flow_score": 0.081,
    "spot_flow_signal": 0.03837256481192567,
    "regime": "unknown",
    "btc_distance_atr": -2.684,
    "worst_at": 1781843585.0265617,
    "coinbase_cvd_60s": 0.3355,
    "coinbase_taker_60s": 0.5698,
    "coinbase_taker_n": 290,
    "cross_venue_gap": -50.24,
    "fast_realized_vol_60s": 6.4e-05
  }
}