{
  "position_id": 5371,
  "market_id": "btc-updown-5m-1781843700",
  "side": "Up",
  "timestamp": "2026-06-19T04:49:16.424132+00:00",
  "actual": {
    "exit_reason": "scalp",
    "exit_price": 0.29,
    "pnl": -3.036176,
    "gain_pct": -0.562255
  },
  "counterfactual": {
    "resolution_price": 0.0,
    "pnl": -5.4,
    "gain_pct": -1.0
  },
  "delta_pnl": -2.363824,
  "scalp_was_optimal": true,
  "context_at_scalp": {
    "holding_edge": -0.10977439196141997,
    "model_prob": 0.20022560803858003,
    "market_price": 0.31,
    "seconds_remaining": 35.819466,
    "exit_threshold_used": -0.1,
    "effective_exit_threshold": -0.036607255762563226,
    "loss_cut": true,
    "entry_price": 0.5999999999999999,
    "fee_rate": 0.07,
    "strike_price": 62502.7994183075,
    "btc_at_scalp": 62488.87,
    "btc_at_expiry": 62495.76351489893,
    "chainlink_price_to_beat": 62505.95399,
    "chainlink_final_price": 62495.76351489893,
    "flow_score": -0.4486,
    "spot_flow_signal": 0.007596089085863155,
    "regime": "unknown",
    "btc_distance_atr": -0.518,
    "coinbase_cvd_60s": 0.0291,
    "coinbase_taker_60s": 0.5166,
    "coinbase_taker_n": 236,
    "cross_venue_gap": -71.13,
    "fast_realized_vol_60s": 1.9e-05
  }
}