{
  "position_id": 5374,
  "market_id": "btc-updown-5m-1778227500",
  "side": "Up",
  "weight_version": "weights_v001",
  "timestamp": "2026-05-08T08:19:38.009409+00:00",
  "actual": {
    "exit_reason": "scalp",
    "exit_price": 0.4497,
    "pnl": -1.513902,
    "gain_pct": -0.081087
  },
  "counterfactual": {
    "resolution_price": 0.0,
    "pnl": -18.67,
    "gain_pct": -1.0
  },
  "delta_pnl": -17.156098,
  "scalp_was_optimal": true,
  "context_at_scalp": {
    "holding_edge": -0.04577936032543578,
    "model_prob": 0.40422063967456423,
    "market_price": 0.45,
    "seconds_remaining": 117.4545,
    "exit_threshold_used": -0.07,
    "strike_price": 79699.28384949343,
    "btc_at_scalp": 79697.78,
    "btc_at_expiry": 79694.03134301002,
    "chainlink_price_to_beat": 79699.6506209033,
    "chainlink_final_price": 79694.03134301002,
    "flow_score": 0.0643,
    "spot_flow_signal": -0.6541841337035779,
    "regime": "neutral",
    "btc_distance_atr": -0.122
  }
}