{
  "position_id": 5376,
  "market_id": "btc-updown-5m-1778228100",
  "side": "Up",
  "weight_version": "weights_v001",
  "timestamp": "2026-05-08T08:24:40.315251+00:00",
  "actual": {
    "exit_reason": "hold",
    "exit_price": 1.0,
    "pnl": 24.493006,
    "gain_pct": 0.94349
  },
  "counterfactual": {
    "exit_reason": "hypothetical_scalp",
    "exit_price": 0.55,
    "pnl": 1.564385,
    "gain_pct": 0.060261
  },
  "delta_pnl": 22.928621,
  "hold_was_optimal": true,
  "context_at_worst_moment": {
    "holding_edge": -0.3442193506843211,
    "model_prob": 0.20578064931567894,
    "market_price": 0.55,
    "seconds_remaining": 291.3306,
    "exit_threshold_used": -0.07,
    "strike_price": 79713.06035397343,
    "btc_at_worst": 79695.71,
    "flow_score": 0.1586,
    "spot_flow_signal": 0.5096466893596027,
    "regime": "neutral",
    "btc_distance_atr": -2.21,
    "worst_at": 1778228108.6721656
  }
}