{
  "position_id": 5381,
  "market_id": "btc-updown-5m-1778230200",
  "side": "Up",
  "weight_version": "weights_v001",
  "timestamp": "2026-05-08T09:00:00.911235+00:00",
  "actual": {
    "exit_reason": "hold",
    "exit_price": 1.0,
    "pnl": 23.817216,
    "gain_pct": 0.345027
  },
  "counterfactual": {
    "exit_reason": "hypothetical_scalp",
    "exit_price": 0.97,
    "pnl": 20.983166,
    "gain_pct": 0.303972
  },
  "delta_pnl": 2.83405,
  "hold_was_optimal": true,
  "context_at_worst_moment": {
    "holding_edge": -0.9691574025679979,
    "model_prob": 0.0008425974320020938,
    "market_price": 0.97,
    "seconds_remaining": 0.139229,
    "exit_threshold_used": -0.07,
    "strike_price": 79936.94578,
    "btc_at_worst": 79929.66,
    "flow_score": 0.4211,
    "spot_flow_signal": -0.7812164900851792,
    "regime": "neutral",
    "btc_distance_atr": -0.375,
    "worst_at": 1778230499.86363
  }
}