{
  "position_id": 5381,
  "market_id": "btc-updown-5m-1781846700",
  "side": "Up",
  "timestamp": "2026-06-19T05:36:28.121692+00:00",
  "actual": {
    "exit_reason": "hold",
    "exit_price": 1.0,
    "pnl": 1.62699,
    "gain_pct": 0.343973
  },
  "counterfactual": {
    "exit_reason": "hypothetical_scalp",
    "exit_price": 0.63,
    "pnl": -0.828823,
    "gain_pct": -0.175227
  },
  "delta_pnl": 2.455813,
  "hold_was_optimal": true,
  "context_at_worst_moment": {
    "holding_edge": -0.19277661858172024,
    "model_prob": 0.43722338141827977,
    "market_price": 0.63,
    "seconds_remaining": 110.797645,
    "exit_threshold_used": -0.1,
    "strike_price": 62543.64055069474,
    "btc_at_worst": 62540.01,
    "flow_score": -0.0543,
    "spot_flow_signal": -0.043541016602495444,
    "regime": "unknown",
    "btc_distance_atr": -0.129,
    "worst_at": 1781846889.2027748,
    "coinbase_cvd_60s": -0.033,
    "coinbase_taker_60s": 0.3937,
    "coinbase_taker_n": 165,
    "cross_venue_gap": -76.1,
    "fast_realized_vol_60s": 3.1e-05
  }
}