{
  "position_id": 5382,
  "market_id": "btc-updown-5m-1778230500",
  "side": "Down",
  "weight_version": "weights_v001",
  "timestamp": "2026-05-08T09:09:57.274646+00:00",
  "actual": {
    "exit_reason": "scalp",
    "exit_price": 0.55,
    "pnl": 0.261488,
    "gain_pct": 0.020622
  },
  "counterfactual": {
    "resolution_price": 1.0,
    "pnl": 11.042126,
    "gain_pct": 0.87083
  },
  "delta_pnl": 10.780639,
  "scalp_was_optimal": false,
  "context_at_scalp": {
    "holding_edge": -0.049159154953726025,
    "model_prob": 0.500840845046274,
    "market_price": 0.55,
    "seconds_remaining": 280.37574,
    "exit_threshold_used": -0.07,
    "strike_price": 79938.3651555011,
    "btc_at_scalp": 79941.64,
    "btc_at_expiry": 79873.7838941428,
    "chainlink_price_to_beat": 79938.16811795645,
    "chainlink_final_price": 79873.7838941428,
    "flow_score": -0.0803,
    "spot_flow_signal": -0.7160851520313951,
    "regime": "neutral",
    "btc_distance_atr": 0.197
  }
}