{
  "position_id": 5391,
  "market_id": "btc-updown-5m-1781848800",
  "side": "Up",
  "timestamp": "2026-06-19T06:10:46.984880+00:00",
  "actual": {
    "exit_reason": "hold",
    "exit_price": 1.0,
    "pnl": 1.514921,
    "gain_pct": 0.048947
  },
  "counterfactual": {
    "exit_reason": "hypothetical_scalp",
    "exit_price": 0.99,
    "pnl": 1.167774,
    "gain_pct": 0.037731
  },
  "delta_pnl": 0.347147,
  "hold_was_optimal": true,
  "context_at_worst_moment": {
    "holding_edge": 0.00969641309629199,
    "model_prob": 0.999696413096292,
    "market_price": 0.99,
    "seconds_remaining": 49.621279,
    "exit_threshold_used": -0.1,
    "strike_price": 62676.46935,
    "btc_at_worst": 62744.15,
    "flow_score": 0.6934,
    "spot_flow_signal": 0.050606065247552026,
    "regime": "unknown",
    "btc_distance_atr": 3.197,
    "worst_at": 1781849050.379959,
    "coinbase_cvd_60s": 0.5016,
    "coinbase_taker_60s": 0.5768,
    "coinbase_taker_n": 232,
    "cross_venue_gap": -60.94,
    "fast_realized_vol_60s": 5.6e-05
  }
}