{
  "position_id": 5401,
  "market_id": "btc-updown-5m-1781850600",
  "side": "Up",
  "timestamp": "2026-06-19T06:41:01.749901+00:00",
  "actual": {
    "exit_reason": "scalp",
    "exit_price": 0.26,
    "pnl": -14.187652,
    "gain_pct": -0.695473
  },
  "counterfactual": {
    "resolution_price": 0.0,
    "pnl": -20.4,
    "gain_pct": -1.0
  },
  "delta_pnl": -6.212348,
  "scalp_was_optimal": true,
  "context_at_scalp": {
    "holding_edge": -0.08980850831170809,
    "model_prob": 0.1501914916882919,
    "market_price": 0.24,
    "seconds_remaining": 189.138904,
    "exit_threshold_used": -0.1,
    "effective_exit_threshold": -0.04438567680905442,
    "loss_cut": false,
    "entry_price": 0.84,
    "fee_rate": 0.07,
    "strike_price": 62776.62843492968,
    "btc_at_scalp": 62752.21,
    "btc_at_expiry": 62768.538895,
    "chainlink_price_to_beat": 62776.24641896474,
    "chainlink_final_price": 62768.538895,
    "flow_score": -0.2182,
    "spot_flow_signal": -0.13099911082234722,
    "regime": "unknown",
    "btc_distance_atr": -1.006,
    "coinbase_cvd_60s": -0.8847,
    "coinbase_taker_60s": 0.2448,
    "coinbase_taker_n": 193,
    "cross_venue_gap": -66.34,
    "fast_realized_vol_60s": 5e-05
  }
}