{
  "position_id": 5403,
  "market_id": "btc-updown-5m-1781850900",
  "side": "Down",
  "timestamp": "2026-06-19T06:42:48.124651+00:00",
  "actual": {
    "exit_reason": "hold",
    "exit_price": 1.0,
    "pnl": 6.227984,
    "gain_pct": 0.326757
  },
  "counterfactual": {
    "exit_reason": "hypothetical_scalp",
    "exit_price": 0.999,
    "pnl": 6.200927,
    "gain_pct": 0.325337
  },
  "delta_pnl": 0.027056,
  "hold_was_optimal": true,
  "context_at_worst_moment": {
    "holding_edge": 0.000878307655822419,
    "model_prob": 0.9998783076558224,
    "market_price": 0.999,
    "seconds_remaining": 60.659203,
    "exit_threshold_used": -0.1,
    "strike_price": 62768.887160901286,
    "btc_at_worst": 62673.35,
    "flow_score": -0.5125,
    "spot_flow_signal": 0.09820020130405513,
    "regime": "unknown",
    "btc_distance_atr": -4.798,
    "worst_at": 1781851139.3416533,
    "coinbase_cvd_60s": 0.2061,
    "coinbase_taker_60s": 0.7253,
    "coinbase_taker_n": 175,
    "cross_venue_gap": -61.0,
    "fast_realized_vol_60s": 6e-06
  }
}