{
  "position_id": 5404,
  "market_id": "btc-updown-5m-1781851200",
  "side": "Up",
  "timestamp": "2026-06-19T06:47:48.223733+00:00",
  "actual": {
    "exit_reason": "hold",
    "exit_price": 1.0,
    "pnl": 3.208853,
    "gain_pct": 0.247215
  },
  "counterfactual": {
    "exit_reason": "hypothetical_scalp",
    "exit_price": 0.51,
    "pnl": -5.006876,
    "gain_pct": -0.385738
  },
  "delta_pnl": 8.21573,
  "hold_was_optimal": true,
  "context_at_worst_moment": {
    "holding_edge": -0.017867942560267025,
    "model_prob": 0.492132057439733,
    "market_price": 0.51,
    "seconds_remaining": 228.886601,
    "exit_threshold_used": -0.1,
    "strike_price": 62678.89151261348,
    "btc_at_worst": 62678.51,
    "flow_score": -0.2595,
    "spot_flow_signal": -0.005936298316185168,
    "regime": "unknown",
    "btc_distance_atr": -0.021,
    "worst_at": 1781851271.113795,
    "coinbase_cvd_60s": -0.0174,
    "coinbase_taker_60s": 0.487,
    "coinbase_taker_n": 208,
    "cross_venue_gap": -65.43,
    "fast_realized_vol_60s": 5.4e-05
  }
}