{
  "position_id": 5412,
  "market_id": "btc-updown-5m-1778238600",
  "side": "Up",
  "weight_version": "weights_v001",
  "timestamp": "2026-05-08T11:20:53.921076+00:00",
  "actual": {
    "exit_reason": "hold",
    "exit_price": 1.0,
    "pnl": 34.176389,
    "gain_pct": 0.230346
  },
  "counterfactual": {
    "exit_reason": "hypothetical_scalp",
    "exit_price": 0.98,
    "pnl": 30.461059,
    "gain_pct": 0.205305
  },
  "delta_pnl": 3.71533,
  "hold_was_optimal": true,
  "context_at_worst_moment": {
    "holding_edge": 0.009186261848560417,
    "model_prob": 0.9891862618485604,
    "market_price": 0.98,
    "seconds_remaining": 6.653123,
    "exit_threshold_used": -0.07,
    "strike_price": 80199.88162756186,
    "btc_at_worst": 80213.5,
    "flow_score": 0.2478,
    "spot_flow_signal": -0.7703277669269042,
    "regime": "neutral",
    "btc_distance_atr": 0.689,
    "worst_at": 1778238893.3498247
  }
}