{
  "position_id": 5419,
  "market_id": "btc-updown-5m-1778243100",
  "side": "Up",
  "weight_version": "weights_v001",
  "timestamp": "2026-05-08T12:35:35.727541+00:00",
  "actual": {
    "exit_reason": "scalp",
    "exit_price": 0.39,
    "pnl": -5.796136,
    "gain_pct": -0.151335
  },
  "counterfactual": {
    "resolution_price": 1.0,
    "pnl": 45.968511,
    "gain_pct": 1.200222
  },
  "delta_pnl": 51.764647,
  "scalp_was_optimal": false,
  "context_at_scalp": {
    "holding_edge": -0.03831584652783149,
    "model_prob": 0.3516841534721685,
    "market_price": 0.39,
    "seconds_remaining": 262.442052,
    "exit_threshold_used": -0.07,
    "strike_price": 80293.90157744242,
    "btc_at_scalp": 80284.21,
    "btc_at_expiry": 80312.89925647872,
    "chainlink_price_to_beat": 80293.58368091685,
    "chainlink_final_price": 80312.89925647872,
    "flow_score": -0.0754,
    "spot_flow_signal": 0.4629403451960592,
    "regime": "neutral",
    "btc_distance_atr": -0.702
  }
}