{
  "position_id": 5421,
  "market_id": "btc-updown-5m-1781855400",
  "side": "Up",
  "timestamp": "2026-06-19T07:57:07.237433+00:00",
  "actual": {
    "exit_reason": "hold",
    "exit_price": 1.0,
    "pnl": 1.63243,
    "gain_pct": 0.190482
  },
  "counterfactual": {
    "exit_reason": "hypothetical_scalp",
    "exit_price": 0.829,
    "pnl": -0.213425,
    "gain_pct": -0.024904
  },
  "delta_pnl": 1.845856,
  "hold_was_optimal": true,
  "context_at_worst_moment": {
    "holding_edge": -0.0390148967628019,
    "model_prob": 0.7899851032371981,
    "market_price": 0.829,
    "seconds_remaining": 38.976243,
    "exit_threshold_used": -0.1,
    "strike_price": 62466.35835825832,
    "btc_at_worst": 62484.95,
    "flow_score": 0.2101,
    "spot_flow_signal": -0.030304002641056777,
    "regime": "unknown",
    "btc_distance_atr": 0.447,
    "worst_at": 1781855661.0244386,
    "coinbase_cvd_60s": -0.3947,
    "coinbase_taker_60s": 0.4426,
    "coinbase_taker_n": 309,
    "cross_venue_gap": -71.07,
    "fast_realized_vol_60s": 8.5e-05
  }
}