{
  "position_id": 5428,
  "market_id": "btc-updown-5m-1778247000",
  "side": "Up",
  "weight_version": "weights_v001",
  "timestamp": "2026-05-08T13:41:18.125470+00:00",
  "actual": {
    "exit_reason": "hold",
    "exit_price": 1.0,
    "pnl": 33.936212,
    "gain_pct": 0.441188
  },
  "counterfactual": {
    "exit_reason": "hypothetical_scalp",
    "exit_price": 0.999,
    "pnl": 33.823362,
    "gain_pct": 0.439721
  },
  "delta_pnl": 0.11285,
  "hold_was_optimal": true,
  "context_at_worst_moment": {
    "holding_edge": 0.00011771302211538437,
    "model_prob": 0.9991177130221154,
    "market_price": 0.999,
    "seconds_remaining": 42.373546,
    "exit_threshold_used": -0.07,
    "strike_price": 79595.85203,
    "btc_at_worst": 79754.41,
    "flow_score": 0.7373,
    "spot_flow_signal": -0.10276703420194917,
    "regime": "trending_down",
    "btc_distance_atr": 5.221,
    "worst_at": 1778247258.5635872
  }
}