{
  "position_id": 5430,
  "market_id": "btc-updown-5m-1778248800",
  "side": "Up",
  "weight_version": "weights_v001",
  "timestamp": "2026-05-08T14:06:54.340511+00:00",
  "actual": {
    "exit_reason": "hold",
    "exit_price": 1.0,
    "pnl": 25.722944,
    "gain_pct": 0.836519
  },
  "counterfactual": {
    "exit_reason": "hypothetical_scalp",
    "exit_price": 0.63,
    "pnl": 4.591006,
    "gain_pct": 0.149301
  },
  "delta_pnl": 21.131939,
  "hold_was_optimal": true,
  "context_at_worst_moment": {
    "holding_edge": -0.02572564900202967,
    "model_prob": 0.6042743509979703,
    "market_price": 0.63,
    "seconds_remaining": 267.953222,
    "exit_threshold_used": -0.07,
    "strike_price": 79610.70348,
    "btc_at_worst": 79626.05,
    "flow_score": -0.1035,
    "spot_flow_signal": -0.27603181310611347,
    "regime": "neutral",
    "btc_distance_atr": 0.385,
    "worst_at": 1778248832.0500212
  }
}