{
  "position_id": 5433,
  "market_id": "btc-updown-5m-1778253600",
  "side": "Up",
  "timestamp": "2026-05-08T15:32:30.190785+00:00",
  "actual": {
    "exit_reason": "scalp",
    "exit_price": 0.8098,
    "pnl": -0.521089,
    "gain_pct": -0.007077
  },
  "counterfactual": {
    "resolution_price": 0.0,
    "pnl": -73.63,
    "gain_pct": -1.0
  },
  "delta_pnl": -73.108911,
  "scalp_was_optimal": true,
  "context_at_scalp": {
    "holding_edge": -0.04671025628665293,
    "model_prob": 0.7632897437133471,
    "market_price": 0.81,
    "seconds_remaining": 105.499291,
    "exit_threshold_used": -0.07,
    "strike_price": 79812.01630626433,
    "btc_at_scalp": 79824.01,
    "btc_at_expiry": 79690.34099236796,
    "chainlink_price_to_beat": 79817.34459977849,
    "chainlink_final_price": 79690.34099236796,
    "flow_score": -0.0423,
    "spot_flow_signal": -0.35340796674305847,
    "regime": "volatile",
    "btc_distance_atr": 0.648
  }
}