{
  "position_id": 5449,
  "market_id": "btc-updown-5m-1778258700",
  "side": "Down",
  "timestamp": "2026-05-08T16:59:50.951373+00:00",
  "actual": {
    "exit_reason": "scalp",
    "exit_price": 0.4690026940519724,
    "pnl": 3.618626,
    "gain_pct": 0.120943
  },
  "counterfactual": {
    "resolution_price": 1.0,
    "pnl": 42.28061,
    "gain_pct": 1.413122
  },
  "delta_pnl": 38.661983,
  "scalp_was_optimal": false,
  "context_at_scalp": {
    "holding_edge": -0.04959449317881487,
    "model_prob": 0.40040550682118514,
    "market_price": 0.45,
    "seconds_remaining": 291.59193,
    "exit_threshold_used": -0.07,
    "strike_price": 79771.96249625846,
    "btc_at_scalp": 79772.86,
    "btc_at_expiry": 79756.51132778169,
    "chainlink_price_to_beat": 79770.87447301441,
    "chainlink_final_price": 79756.51132778169,
    "flow_score": 0.1099,
    "spot_flow_signal": 0.7960438029493844,
    "regime": "neutral",
    "btc_distance_atr": 0.05
  }
}