{
  "position_id": 5451,
  "market_id": "btc-updown-5m-1781862600",
  "side": "Down",
  "timestamp": "2026-06-19T10:01:27.552060+00:00",
  "actual": {
    "exit_reason": "scalp",
    "exit_price": 0.25,
    "pnl": -3.388702,
    "gain_pct": -0.561974
  },
  "counterfactual": {
    "resolution_price": 0.0,
    "pnl": -6.03,
    "gain_pct": -1.0
  },
  "delta_pnl": -2.641298,
  "scalp_was_optimal": true,
  "context_at_scalp": {
    "holding_edge": -0.05934960373368081,
    "model_prob": 0.1906503962663192,
    "market_price": 0.25,
    "seconds_remaining": 242.260756,
    "exit_threshold_used": -0.1,
    "effective_exit_threshold": -0.04969603881886139,
    "loss_cut": false,
    "entry_price": 0.55,
    "fee_rate": 0.07,
    "strike_price": 62288.04556168532,
    "btc_at_scalp": 62320.83,
    "btc_at_expiry": 62314.2644544952,
    "chainlink_price_to_beat": 62287.83640069513,
    "chainlink_final_price": 62314.2644544952,
    "flow_score": 0.2381,
    "spot_flow_signal": -0.08198725226438106,
    "regime": "unknown",
    "btc_distance_atr": 1.026,
    "coinbase_cvd_60s": -0.773,
    "coinbase_taker_60s": 0.3429,
    "coinbase_taker_n": 240,
    "cross_venue_gap": -69.16,
    "fast_realized_vol_60s": 8.5e-05
  }
}