{
  "position_id": 5453,
  "market_id": "btc-updown-5m-1781862600",
  "side": "Up",
  "timestamp": "2026-06-19T10:01:28.739181+00:00",
  "actual": {
    "exit_reason": "hold",
    "exit_price": 1.0,
    "pnl": 1.669531,
    "gain_pct": 0.277792
  },
  "counterfactual": {
    "exit_reason": "hypothetical_scalp",
    "exit_price": 0.97,
    "pnl": 1.423502,
    "gain_pct": 0.236856
  },
  "delta_pnl": 0.246029,
  "hold_was_optimal": true,
  "context_at_worst_moment": {
    "holding_edge": -0.02401090236797576,
    "model_prob": 0.9459890976320242,
    "market_price": 0.97,
    "seconds_remaining": 32.209496,
    "exit_threshold_used": -0.1,
    "strike_price": 62288.04556168532,
    "btc_at_worst": 62309.65,
    "flow_score": -0.3465,
    "spot_flow_signal": -0.05428353774764409,
    "regime": "unknown",
    "btc_distance_atr": 0.706,
    "worst_at": 1781862867.7910557,
    "coinbase_cvd_60s": -0.1686,
    "coinbase_taker_60s": 0.3753,
    "coinbase_taker_n": 186,
    "cross_venue_gap": -70.35,
    "fast_realized_vol_60s": 4.9e-05
  }
}