{
  "position_id": 5457,
  "market_id": "btc-updown-5m-1781863200",
  "side": "Up",
  "timestamp": "2026-06-19T10:06:45.297852+00:00",
  "actual": {
    "exit_reason": "hold",
    "exit_price": 1.0,
    "pnl": 2.627176,
    "gain_pct": 0.54619
  },
  "counterfactual": {
    "exit_reason": "hypothetical_scalp",
    "exit_price": 0.56,
    "pnl": -0.773458,
    "gain_pct": -0.160802
  },
  "delta_pnl": 3.400634,
  "hold_was_optimal": true,
  "context_at_worst_moment": {
    "holding_edge": -0.18388006853532063,
    "model_prob": 0.3761199314646794,
    "market_price": 0.56,
    "seconds_remaining": 82.314343,
    "exit_threshold_used": -0.1,
    "strike_price": 62322.62389020471,
    "btc_at_worst": 62317.11,
    "flow_score": -0.5535,
    "spot_flow_signal": -0.16286149855628557,
    "regime": "unknown",
    "btc_distance_atr": -0.203,
    "worst_at": 1781863417.6861656,
    "coinbase_cvd_60s": -0.9681,
    "coinbase_taker_60s": 0.1647,
    "coinbase_taker_n": 205,
    "cross_venue_gap": -72.89,
    "fast_realized_vol_60s": 6e-05
  }
}