{
  "position_id": 5458,
  "market_id": "btc-updown-5m-1778261100",
  "side": "Up",
  "timestamp": "2026-05-08T17:40:13.791303+00:00",
  "actual": {
    "exit_reason": "scalp",
    "exit_price": 0.5398,
    "pnl": -8.772892,
    "gain_pct": -0.168969
  },
  "counterfactual": {
    "resolution_price": 1.0,
    "pnl": 28.679309,
    "gain_pct": 0.552375
  },
  "delta_pnl": 37.452201,
  "scalp_was_optimal": false,
  "context_at_scalp": {
    "holding_edge": -0.09016295385130857,
    "model_prob": 0.44983704614869147,
    "market_price": 0.54,
    "seconds_remaining": 112.453441,
    "exit_threshold_used": -0.07,
    "strike_price": 79932.62986547394,
    "btc_at_scalp": 79930.55,
    "btc_at_expiry": 79988.8001,
    "chainlink_price_to_beat": 79928.12825675207,
    "chainlink_final_price": 79988.8001,
    "flow_score": -0.1393,
    "spot_flow_signal": 1.0552669849062113e-08,
    "regime": "neutral",
    "btc_distance_atr": -0.104
  }
}