{
  "position_id": 5461,
  "market_id": "btc-updown-5m-1778262000",
  "side": "Up",
  "timestamp": "2026-05-08T17:50:15.639926+00:00",
  "actual": {
    "exit_reason": "scalp",
    "exit_price": 0.4799,
    "pnl": -3.736536,
    "gain_pct": -0.057743
  },
  "counterfactual": {
    "resolution_price": 0.0,
    "pnl": -64.71,
    "gain_pct": -1.0
  },
  "delta_pnl": -60.973464,
  "scalp_was_optimal": true,
  "context_at_scalp": {
    "holding_edge": -0.0405442069008482,
    "model_prob": 0.4394557930991518,
    "market_price": 0.48,
    "seconds_remaining": 227.725307,
    "exit_threshold_used": -0.07,
    "strike_price": 80120.60545187657,
    "btc_at_scalp": 80112.81,
    "btc_at_expiry": 80116.75959,
    "chainlink_price_to_beat": 80120.04505277588,
    "chainlink_final_price": 80116.75959,
    "flow_score": -0.007,
    "spot_flow_signal": -0.00017501628919829862,
    "regime": "neutral",
    "btc_distance_atr": -0.243
  }
}