{
  "position_id": 5464,
  "market_id": "btc-updown-5m-1778262000",
  "side": "Down",
  "timestamp": "2026-05-08T17:50:15.678331+00:00",
  "actual": {
    "exit_reason": "scalp",
    "exit_price": 0.62,
    "pnl": 2.059629,
    "gain_pct": 0.130853
  },
  "counterfactual": {
    "resolution_price": 1.0,
    "pnl": 13.166802,
    "gain_pct": 0.836519
  },
  "delta_pnl": 11.107173,
  "scalp_was_optimal": false,
  "context_at_scalp": {
    "holding_edge": -0.2622984350037305,
    "model_prob": 0.29770156499626954,
    "market_price": 0.56,
    "seconds_remaining": 8.860388,
    "exit_threshold_used": -0.07,
    "strike_price": 80120.60545187657,
    "btc_at_scalp": 80123.06,
    "btc_at_expiry": 80116.75959,
    "chainlink_price_to_beat": 80120.04505277588,
    "chainlink_final_price": 80116.75959,
    "flow_score": 0.1497,
    "spot_flow_signal": -2.0959412682930907e-11,
    "regime": "neutral",
    "btc_distance_atr": 0.115
  }
}