{
  "position_id": 5468,
  "market_id": "btc-updown-5m-1781865900",
  "side": "Up",
  "timestamp": "2026-06-19T10:55:27.642709+00:00",
  "actual": {
    "exit_reason": "hold",
    "exit_price": 1.0,
    "pnl": 3.706337,
    "gain_pct": 0.218148
  },
  "counterfactual": {
    "exit_reason": "hypothetical_scalp",
    "exit_price": 0.99,
    "pnl": 3.485031,
    "gain_pct": 0.205122
  },
  "delta_pnl": 0.221306,
  "hold_was_optimal": true,
  "context_at_worst_moment": {
    "holding_edge": 0.007389322849952862,
    "model_prob": 0.9973893228499529,
    "market_price": 0.99,
    "seconds_remaining": 49.278209,
    "exit_threshold_used": -0.1,
    "strike_price": 62355.862275,
    "btc_at_worst": 62421.54,
    "flow_score": 0.7997,
    "spot_flow_signal": 0.0017914631593195056,
    "regime": "unknown",
    "btc_distance_atr": 2.511,
    "worst_at": 1781866150.7227387,
    "coinbase_cvd_60s": 0.0034,
    "coinbase_taker_60s": 0.5042,
    "coinbase_taker_n": 156,
    "cross_venue_gap": -56.46,
    "fast_realized_vol_60s": 1.7e-05
  }
}