{
  "position_id": 5472,
  "market_id": "btc-updown-5m-1781866800",
  "side": "Up",
  "timestamp": "2026-06-19T11:07:42.351289+00:00",
  "actual": {
    "exit_reason": "hold",
    "exit_price": 1.0,
    "pnl": 2.519575,
    "gain_pct": 0.277792
  },
  "counterfactual": {
    "exit_reason": "hypothetical_scalp",
    "exit_price": 0.8,
    "pnl": 0.071857,
    "gain_pct": 0.007922
  },
  "delta_pnl": 2.447718,
  "hold_was_optimal": true,
  "context_at_worst_moment": {
    "holding_edge": -0.021331786761604743,
    "model_prob": 0.7786682132383953,
    "market_price": 0.8,
    "seconds_remaining": 60.58956,
    "exit_threshold_used": -0.1,
    "strike_price": 62468.78399659904,
    "btc_at_worst": 62482.02,
    "flow_score": 0.1687,
    "spot_flow_signal": 0.028027095319879257,
    "regime": "unknown",
    "btc_distance_atr": 0.48,
    "worst_at": 1781867039.410922,
    "coinbase_cvd_60s": 0.1516,
    "coinbase_taker_60s": 0.5585,
    "coinbase_taker_n": 226,
    "cross_venue_gap": -61.22,
    "fast_realized_vol_60s": 5.4e-05
  }
}