{
  "position_id": 5479,
  "market_id": "btc-updown-5m-1778264700",
  "side": "Up",
  "timestamp": "2026-05-08T18:36:23.205618+00:00",
  "actual": {
    "exit_reason": "scalp",
    "exit_price": 0.4399,
    "pnl": -2.764747,
    "gain_pct": -0.101273
  },
  "counterfactual": {
    "resolution_price": 0.0,
    "pnl": -27.3,
    "gain_pct": -1.0
  },
  "delta_pnl": -24.535253,
  "scalp_was_optimal": true,
  "context_at_scalp": {
    "holding_edge": -0.04240050402104106,
    "model_prob": 0.39759949597895894,
    "market_price": 0.44,
    "seconds_remaining": 266.247598,
    "exit_threshold_used": -0.07,
    "strike_price": 80272.75955218411,
    "btc_at_scalp": 80264.41,
    "btc_at_expiry": 80225.80583283438,
    "chainlink_price_to_beat": 80272.72150321578,
    "chainlink_final_price": 80225.80583283438,
    "flow_score": -0.0609,
    "spot_flow_signal": -0.032964709476576405,
    "regime": "neutral",
    "btc_distance_atr": -0.393
  }
}