{
  "position_id": 5479,
  "market_id": "btc-updown-5m-1781867700",
  "side": "Down",
  "timestamp": "2026-06-19T11:29:21.129629+00:00",
  "actual": {
    "exit_reason": "scalp",
    "exit_price": 0.25,
    "pnl": -8.73702,
    "gain_pct": -0.710327
  },
  "counterfactual": {
    "resolution_price": 0.0,
    "pnl": -12.3,
    "gain_pct": -1.0
  },
  "delta_pnl": -3.56298,
  "scalp_was_optimal": true,
  "context_at_scalp": {
    "holding_edge": -0.05787978646361283,
    "model_prob": 0.17212021353638718,
    "market_price": 0.23,
    "seconds_remaining": 67.834679,
    "exit_threshold_used": -0.1,
    "effective_exit_threshold": 0.07471957896050489,
    "loss_cut": true,
    "entry_price": 0.79,
    "fee_rate": 0.07,
    "strike_price": 62430.45098796456,
    "btc_at_scalp": 62447.65,
    "btc_at_expiry": 62497.471235,
    "chainlink_price_to_beat": 62430.79553181996,
    "chainlink_final_price": 62497.471235,
    "flow_score": -0.3796,
    "spot_flow_signal": 0.2497047646917545,
    "regime": "unknown",
    "btc_distance_atr": 0.524,
    "coinbase_cvd_60s": 2.7522,
    "coinbase_taker_60s": 0.9504,
    "coinbase_taker_n": 191,
    "cross_venue_gap": -58.35,
    "fast_realized_vol_60s": 4.4e-05
  }
}