{
  "position_id": 5484,
  "market_id": "btc-updown-5m-1781868600",
  "side": "Down",
  "timestamp": "2026-06-19T11:40:42.918308+00:00",
  "actual": {
    "exit_reason": "hold",
    "exit_price": 1.0,
    "pnl": 2.947707,
    "gain_pct": 0.379859
  },
  "counterfactual": {
    "exit_reason": "hypothetical_scalp",
    "exit_price": 0.99,
    "pnl": 2.83321,
    "gain_pct": 0.365104
  },
  "delta_pnl": 0.114498,
  "hold_was_optimal": true,
  "context_at_worst_moment": {
    "holding_edge": -0.03684410621999257,
    "model_prob": 0.9531558937800074,
    "market_price": 0.99,
    "seconds_remaining": 4.138784,
    "exit_threshold_used": -0.1,
    "strike_price": 62585.133600829606,
    "btc_at_worst": 62577.49,
    "flow_score": -0.6544,
    "spot_flow_signal": 0.20765963564479972,
    "regime": "unknown",
    "btc_distance_atr": -0.305,
    "worst_at": 1781868895.8616557,
    "coinbase_cvd_60s": 2.6283,
    "coinbase_taker_60s": 0.7987,
    "coinbase_taker_n": 166,
    "cross_venue_gap": -56.1,
    "fast_realized_vol_60s": 0.0001
  }
}