{
  "position_id": 5487,
  "market_id": "btc-updown-5m-1781870100",
  "side": "Down",
  "timestamp": "2026-06-19T12:01:54.347359+00:00",
  "actual": {
    "exit_reason": "hold",
    "exit_price": 1.0,
    "pnl": 1.11051,
    "gain_pct": 0.190482
  },
  "counterfactual": {
    "exit_reason": "hypothetical_scalp",
    "exit_price": 0.81,
    "pnl": -0.282957,
    "gain_pct": -0.048535
  },
  "delta_pnl": 1.393467,
  "hold_was_optimal": true,
  "context_at_worst_moment": {
    "holding_edge": -0.09510331137313521,
    "model_prob": 0.7148966886268648,
    "market_price": 0.81,
    "seconds_remaining": 139.354833,
    "exit_threshold_used": -0.1,
    "strike_price": 62578.518454084755,
    "btc_at_worst": 62566.98,
    "flow_score": -0.0807,
    "spot_flow_signal": -0.09471424455659547,
    "regime": "unknown",
    "btc_distance_atr": -0.477,
    "worst_at": 1781870260.6462548,
    "coinbase_cvd_60s": -0.4144,
    "coinbase_taker_60s": 0.2991,
    "coinbase_taker_n": 111,
    "cross_venue_gap": -59.02,
    "fast_realized_vol_60s": 2.6e-05
  }
}