{
  "position_id": 5488,
  "market_id": "btc-updown-5m-1778265600",
  "side": "Down",
  "timestamp": "2026-05-08T18:50:23.172028+00:00",
  "actual": {
    "exit_reason": "hold",
    "exit_price": 1.0,
    "pnl": 14.999792,
    "gain_pct": 0.310105
  },
  "counterfactual": {
    "exit_reason": "hypothetical_scalp",
    "exit_price": 0.92,
    "pnl": 9.846256,
    "gain_pct": 0.203561
  },
  "delta_pnl": 5.153536,
  "hold_was_optimal": true,
  "context_at_worst_moment": {
    "holding_edge": -0.016786137226675324,
    "model_prob": 0.9032138627733247,
    "market_price": 0.92,
    "seconds_remaining": 55.19992,
    "exit_threshold_used": -0.07,
    "strike_price": 80203.01956008273,
    "btc_at_worst": 80174.68,
    "flow_score": -0.164,
    "spot_flow_signal": 0.296128438000776,
    "regime": "neutral",
    "btc_distance_atr": -0.924,
    "worst_at": 1778265844.8005238
  }
}