{
  "position_id": 5527,
  "market_id": "btc-updown-5m-1781884200",
  "side": "Up",
  "timestamp": "2026-06-19T16:01:11.038787+00:00",
  "actual": {
    "exit_reason": "scalp",
    "exit_price": 0.35,
    "pnl": -2.805106,
    "gain_pct": -0.519464
  },
  "counterfactual": {
    "resolution_price": 1.0,
    "pnl": 2.051239,
    "gain_pct": 0.379859
  },
  "delta_pnl": 4.856345,
  "scalp_was_optimal": false,
  "context_at_scalp": {
    "holding_edge": -0.070255667657313,
    "model_prob": 0.279744332342687,
    "market_price": 0.35,
    "seconds_remaining": 134.317045,
    "exit_threshold_used": -0.1,
    "effective_exit_threshold": -0.057818627852773356,
    "loss_cut": false,
    "entry_price": 0.71,
    "fee_rate": 0.07,
    "strike_price": 63155.593195,
    "btc_at_scalp": 63138.0,
    "btc_at_expiry": 63170.41387287267,
    "chainlink_price_to_beat": 63156.15129,
    "chainlink_final_price": 63170.41387287267,
    "flow_score": 0.0778,
    "spot_flow_signal": -0.14327119505917874,
    "regime": "unknown",
    "btc_distance_atr": -0.512,
    "coinbase_cvd_60s": -0.9325,
    "coinbase_taker_60s": 0.2056,
    "coinbase_taker_n": 202,
    "cross_venue_gap": -64.93,
    "fast_realized_vol_60s": 6.4e-05
  }
}