{
  "position_id": 5534,
  "market_id": "btc-updown-5m-1781886600",
  "side": "Down",
  "timestamp": "2026-06-19T16:38:17.971698+00:00",
  "actual": {
    "exit_reason": "hold",
    "exit_price": 1.0,
    "pnl": 5.745394,
    "gain_pct": 0.893529
  },
  "counterfactual": {
    "exit_reason": "hypothetical_scalp",
    "exit_price": 0.64,
    "pnl": 1.165887,
    "gain_pct": 0.18132
  },
  "delta_pnl": 4.579507,
  "hold_was_optimal": true,
  "context_at_worst_moment": {
    "holding_edge": -0.2679378034107188,
    "model_prob": 0.3720621965892812,
    "market_price": 0.64,
    "seconds_remaining": 153.747206,
    "exit_threshold_used": -0.1,
    "strike_price": 63264.86560044369,
    "btc_at_worst": 63280.04,
    "flow_score": 0.0778,
    "spot_flow_signal": 0.32537907254357357,
    "regime": "unknown",
    "btc_distance_atr": 0.416,
    "worst_at": 1781886746.2548103,
    "coinbase_cvd_60s": 5.3968,
    "coinbase_taker_60s": 0.9098,
    "coinbase_taker_n": 252,
    "cross_venue_gap": -21.42,
    "fast_realized_vol_60s": 6.9e-05
  }
}