{
  "position_id": 5538,
  "market_id": "btc-updown-5m-1781888100",
  "side": "Down",
  "timestamp": "2026-06-19T17:05:20.498664+00:00",
  "actual": {
    "exit_reason": "hold",
    "exit_price": 1.0,
    "pnl": 1.754083,
    "gain_pct": 0.361667
  },
  "counterfactual": {
    "exit_reason": "hypothetical_scalp",
    "exit_price": 0.91,
    "pnl": 1.121855,
    "gain_pct": 0.23131
  },
  "delta_pnl": 0.632229,
  "hold_was_optimal": true,
  "context_at_worst_moment": {
    "holding_edge": -0.028456380784792845,
    "model_prob": 0.8815436192152072,
    "market_price": 0.91,
    "seconds_remaining": 244.774315,
    "exit_threshold_used": -0.1,
    "strike_price": 62998.568336620505,
    "btc_at_worst": 62906.46,
    "flow_score": 0.232,
    "spot_flow_signal": -0.1529052744889619,
    "regime": "unknown",
    "btc_distance_atr": -1.904,
    "worst_at": 1781888155.227317,
    "coinbase_cvd_60s": -2.8198,
    "coinbase_taker_60s": 0.2774,
    "coinbase_taker_n": 351,
    "cross_venue_gap": -46.36,
    "fast_realized_vol_60s": 0.000102
  }
}