{
  "position_id": 5539,
  "market_id": "btc-updown-5m-1781888400",
  "side": "Down",
  "timestamp": "2026-06-19T17:10:23.155054+00:00",
  "actual": {
    "exit_reason": "hold",
    "exit_price": 1.0,
    "pnl": 3.842176,
    "gain_pct": 0.893529
  },
  "counterfactual": {
    "exit_reason": "hypothetical_scalp",
    "exit_price": 0.3,
    "pnl": -1.977037,
    "gain_pct": -0.459776
  },
  "delta_pnl": 5.819214,
  "hold_was_optimal": true,
  "context_at_worst_moment": {
    "holding_edge": -0.04877862200799349,
    "model_prob": 0.2512213779920065,
    "market_price": 0.3,
    "seconds_remaining": 116.486615,
    "exit_threshold_used": -0.1,
    "strike_price": 62913.353800822726,
    "btc_at_worst": 62932.36,
    "flow_score": 0.1843,
    "spot_flow_signal": 0.027329897053572753,
    "regime": "unknown",
    "btc_distance_atr": 0.491,
    "worst_at": 1781888583.5141096,
    "coinbase_cvd_60s": 0.2315,
    "coinbase_taker_60s": 0.5516,
    "coinbase_taker_n": 173,
    "cross_venue_gap": -53.64,
    "fast_realized_vol_60s": 8e-05
  }
}