{
  "position_id": 5542,
  "market_id": "btc-updown-5m-1781889300",
  "side": "Down",
  "timestamp": "2026-06-19T17:27:56.814836+00:00",
  "actual": {
    "exit_reason": "scalp",
    "exit_price": 0.23,
    "pnl": -2.894214,
    "gain_pct": -0.610594
  },
  "counterfactual": {
    "resolution_price": 0.0,
    "pnl": -4.74,
    "gain_pct": -1.0
  },
  "delta_pnl": -1.845786,
  "scalp_was_optimal": true,
  "context_at_scalp": {
    "holding_edge": -0.0862097521661887,
    "model_prob": 0.11379024783381131,
    "market_price": 0.2,
    "seconds_remaining": 166.980526,
    "exit_threshold_used": -0.1,
    "effective_exit_threshold": -0.038292140057581775,
    "loss_cut": false,
    "entry_price": 0.57,
    "fee_rate": 0.07,
    "strike_price": 62939.93564642052,
    "btc_at_scalp": 62975.0,
    "btc_at_expiry": 63026.03046708264,
    "chainlink_price_to_beat": 62943.5970460696,
    "chainlink_final_price": 63026.03046708264,
    "flow_score": 0.3955,
    "spot_flow_signal": 0.01008041659499186,
    "regime": "unknown",
    "btc_distance_atr": 1.155,
    "coinbase_cvd_60s": 0.1395,
    "coinbase_taker_60s": 0.5236,
    "coinbase_taker_n": 165,
    "cross_venue_gap": -62.45,
    "fast_realized_vol_60s": 7.8e-05
  }
}