{
  "position_id": 5547,
  "market_id": "btc-updown-5m-1781890500",
  "side": "Down",
  "timestamp": "2026-06-19T17:44:02.313419+00:00",
  "actual": {
    "exit_reason": "hold",
    "exit_price": 1.0,
    "pnl": 1.3175,
    "gain_pct": 0.31
  },
  "counterfactual": {
    "exit_reason": "hypothetical_scalp",
    "exit_price": 0.92,
    "pnl": 0.843416,
    "gain_pct": 0.198451
  },
  "delta_pnl": 0.474084,
  "hold_was_optimal": true,
  "context_at_worst_moment": {
    "holding_edge": -0.060938673263344345,
    "model_prob": 0.8590613267366557,
    "market_price": 0.92,
    "seconds_remaining": 16.545303,
    "exit_threshold_used": -0.1,
    "strike_price": 63007.740999061396,
    "btc_at_worst": 62993.69,
    "flow_score": 0.1625,
    "spot_flow_signal": 0.09957126823293606,
    "regime": "unknown",
    "btc_distance_atr": -0.435,
    "worst_at": 1781890783.4563136,
    "coinbase_cvd_60s": 0.3436,
    "coinbase_taker_60s": 0.7193,
    "coinbase_taker_n": 173,
    "cross_venue_gap": -56.3,
    "fast_realized_vol_60s": 6e-05
  }
}