{
  "position_id": 5550,
  "market_id": "btc-updown-5m-1781891400",
  "side": "Up",
  "timestamp": "2026-06-19T17:59:32.213372+00:00",
  "actual": {
    "exit_reason": "hold",
    "exit_price": 1.0,
    "pnl": 3.734525,
    "gain_pct": 0.114944
  },
  "counterfactual": {
    "exit_reason": "hypothetical_scalp",
    "exit_price": 0.99,
    "pnl": 3.347176,
    "gain_pct": 0.103022
  },
  "delta_pnl": 0.387349,
  "hold_was_optimal": true,
  "context_at_worst_moment": {
    "holding_edge": 0.009998878510333209,
    "model_prob": 0.9999988785103332,
    "market_price": 0.99,
    "seconds_remaining": 2.002721,
    "exit_threshold_used": -0.1,
    "strike_price": 62981.8961839151,
    "btc_at_worst": 63146.68,
    "flow_score": -0.3016,
    "spot_flow_signal": 0.05486239271003962,
    "regime": "unknown",
    "btc_distance_atr": 3.246,
    "worst_at": 1781891697.9988208,
    "coinbase_cvd_60s": 0.4567,
    "coinbase_taker_60s": 0.6124,
    "coinbase_taker_n": 228,
    "cross_venue_gap": -61.3,
    "fast_realized_vol_60s": 8.1e-05
  }
}