{
  "position_id": 5555,
  "market_id": "btc-updown-5m-1781893200",
  "side": "Down",
  "timestamp": "2026-06-19T18:29:38.624670+00:00",
  "actual": {
    "exit_reason": "hold",
    "exit_price": 1.0,
    "pnl": 3.594967,
    "gain_pct": 0.361667
  },
  "counterfactual": {
    "exit_reason": "hypothetical_scalp",
    "exit_price": 0.95,
    "pnl": 2.873215,
    "gain_pct": 0.289056
  },
  "delta_pnl": 0.721752,
  "hold_was_optimal": true,
  "context_at_worst_moment": {
    "holding_edge": -0.03656352298060128,
    "model_prob": 0.9134364770193987,
    "market_price": 0.95,
    "seconds_remaining": 14.831289,
    "exit_threshold_used": -0.1,
    "strike_price": 63078.98450649467,
    "btc_at_worst": 63068.0,
    "flow_score": 0.4305,
    "spot_flow_signal": 0.13747819502536635,
    "regime": "unknown",
    "btc_distance_atr": -0.539,
    "worst_at": 1781893485.1714997,
    "coinbase_cvd_60s": 0.8703,
    "coinbase_taker_60s": 0.7304,
    "coinbase_taker_n": 214,
    "cross_venue_gap": -57.43,
    "fast_realized_vol_60s": 4.5e-05
  }
}