{
  "position_id": 5569,
  "market_id": "btc-updown-5m-1781896500",
  "side": "Down",
  "timestamp": "2026-06-19T19:23:02.515081+00:00",
  "actual": {
    "exit_reason": "hold",
    "exit_price": 1.0,
    "pnl": 2.9925,
    "gain_pct": 0.57
  },
  "counterfactual": {
    "exit_reason": "hypothetical_scalp",
    "exit_price": 0.67,
    "pnl": 0.144906,
    "gain_pct": 0.027601
  },
  "delta_pnl": 2.847594,
  "hold_was_optimal": true,
  "context_at_worst_moment": {
    "holding_edge": -0.4125181992111453,
    "model_prob": 0.25748180078885474,
    "market_price": 0.67,
    "seconds_remaining": 82.081165,
    "exit_threshold_used": -0.1,
    "strike_price": 63000.41518274887,
    "btc_at_worst": 63007.49,
    "flow_score": -0.2193,
    "spot_flow_signal": 0.06697921635865575,
    "regime": "unknown",
    "btc_distance_atr": 0.458,
    "worst_at": 1781896717.9198656,
    "coinbase_cvd_60s": 0.3927,
    "coinbase_taker_60s": 0.6151,
    "coinbase_taker_n": 224,
    "cross_venue_gap": -36.51,
    "fast_realized_vol_60s": 5.1e-05
  }
}