{
  "position_id": 5594,
  "market_id": "btc-updown-5m-1781901300",
  "side": "Down",
  "timestamp": "2026-06-19T20:43:27.054270+00:00",
  "actual": {
    "exit_reason": "hold",
    "exit_price": 1.0,
    "pnl": 4.447566,
    "gain_pct": 0.343973
  },
  "counterfactual": {
    "exit_reason": "hypothetical_scalp",
    "exit_price": 0.95,
    "pnl": 3.520907,
    "gain_pct": 0.272305
  },
  "delta_pnl": 0.926659,
  "hold_was_optimal": true,
  "context_at_worst_moment": {
    "holding_edge": -0.03794139459601664,
    "model_prob": 0.9120586054039833,
    "market_price": 0.95,
    "seconds_remaining": 4.578022,
    "exit_threshold_used": -0.1,
    "strike_price": 62997.95421097808,
    "btc_at_worst": 62993.63,
    "flow_score": 0.5184,
    "spot_flow_signal": 0.023238457656591566,
    "regime": "unknown",
    "btc_distance_atr": -0.259,
    "worst_at": 1781901595.4225814,
    "coinbase_cvd_60s": 0.0291,
    "coinbase_taker_60s": 0.5548,
    "coinbase_taker_n": 146,
    "cross_venue_gap": -57.65,
    "fast_realized_vol_60s": 1.1e-05
  }
}