{
  "position_id": 5616,
  "market_id": "btc-updown-5m-1781905500",
  "side": "Up",
  "timestamp": "2026-06-19T21:53:42.446975+00:00",
  "actual": {
    "exit_reason": "hold",
    "exit_price": 1.0,
    "pnl": 5.861227,
    "gain_pct": 0.379859
  },
  "counterfactual": {
    "exit_reason": "hypothetical_scalp",
    "exit_price": 0.7,
    "pnl": -0.839122,
    "gain_pct": -0.054383
  },
  "delta_pnl": 6.700349,
  "hold_was_optimal": true,
  "context_at_worst_moment": {
    "holding_edge": -0.1385688331251569,
    "model_prob": 0.5614311668748431,
    "market_price": 0.7,
    "seconds_remaining": 89.807159,
    "exit_threshold_used": -0.1,
    "strike_price": 63035.763758869565,
    "btc_at_worst": 63038.2,
    "flow_score": -0.396,
    "spot_flow_signal": -0.08038343150433833,
    "regime": "unknown",
    "btc_distance_atr": 0.103,
    "worst_at": 1781905710.339243,
    "coinbase_cvd_60s": -0.5594,
    "coinbase_taker_60s": 0.333,
    "coinbase_taker_n": 442,
    "cross_venue_gap": -63.81,
    "fast_realized_vol_60s": 0.000159
  }
}