{
  "position_id": 5617,
  "market_id": "btc-updown-5m-1781905800",
  "side": "Down",
  "timestamp": "2026-06-19T21:59:21.254172+00:00",
  "actual": {
    "exit_reason": "hold",
    "exit_price": 1.0,
    "pnl": 3.599731,
    "gain_pct": 0.646271
  },
  "counterfactual": {
    "exit_reason": "hypothetical_scalp",
    "exit_price": 0.57,
    "pnl": -0.500579,
    "gain_pct": -0.08987
  },
  "delta_pnl": 4.100309,
  "hold_was_optimal": true,
  "context_at_worst_moment": {
    "holding_edge": -0.0129357476416333,
    "model_prob": 0.5570642523583667,
    "market_price": 0.57,
    "seconds_remaining": 179.554852,
    "exit_threshold_used": -0.1,
    "strike_price": 63061.9792908738,
    "btc_at_worst": 63058.75,
    "flow_score": -0.1821,
    "spot_flow_signal": 0.026578876860048,
    "regime": "unknown",
    "btc_distance_atr": -0.151,
    "worst_at": 1781905920.4458587,
    "coinbase_cvd_60s": 0.0319,
    "coinbase_taker_60s": 0.5643,
    "coinbase_taker_n": 131,
    "cross_venue_gap": -55.25,
    "fast_realized_vol_60s": 3.2e-05
  }
}