{
  "position_id": 562,
  "market_id": "btc-updown-5m-1780129200",
  "side": "Up",
  "timestamp": "2026-05-30T08:27:12.060714+00:00",
  "actual": {
    "exit_reason": "hold",
    "exit_price": 1.0,
    "pnl": 2.016373,
    "gain_pct": 1.200222
  },
  "counterfactual": {
    "exit_reason": "hypothetical_scalp",
    "exit_price": 0.45,
    "pnl": -0.033099,
    "gain_pct": -0.019702
  },
  "delta_pnl": 2.049473,
  "hold_was_optimal": true,
  "context_at_worst_moment": {
    "holding_edge": -0.051557305202155845,
    "model_prob": 0.39844269479784417,
    "market_price": 0.45,
    "seconds_remaining": 262.179548,
    "exit_threshold_used": -0.1,
    "strike_price": 73411.2818344174,
    "btc_at_worst": 73407.66,
    "flow_score": -0.3912,
    "spot_flow_signal": -0.053538454018615816,
    "regime": "neutral",
    "btc_distance_atr": -0.419,
    "worst_at": 1780129237.8207345,
    "coinbase_cvd_60s": -0.2782,
    "coinbase_taker_60s": 0.3847,
    "coinbase_taker_n": 97
  }
}