{
  "position_id": 5632,
  "market_id": "btc-updown-5m-1781909100",
  "side": "Down",
  "timestamp": "2026-06-19T22:56:35.907704+00:00",
  "actual": {
    "exit_reason": "scalp",
    "exit_price": 0.11000000000000001,
    "pnl": -4.347522,
    "gain_pct": -0.818742
  },
  "counterfactual": {
    "resolution_price": 0.0,
    "pnl": -5.31,
    "gain_pct": -1.0
  },
  "delta_pnl": -0.962478,
  "scalp_was_optimal": true,
  "context_at_scalp": {
    "holding_edge": -0.04857054493338321,
    "model_prob": 0.06142945506661679,
    "market_price": 0.11,
    "seconds_remaining": 89.996279,
    "exit_threshold_used": -0.1,
    "effective_exit_threshold": 0.06533924896813167,
    "loss_cut": true,
    "entry_price": 0.54,
    "fee_rate": 0.07,
    "strike_price": 63263.12973745362,
    "btc_at_scalp": 63286.44,
    "btc_at_expiry": 63303.18485657386,
    "chainlink_price_to_beat": 63261.16844415582,
    "chainlink_final_price": 63303.18485657386,
    "flow_score": -0.1842,
    "spot_flow_signal": 0.17499762674625266,
    "regime": "unknown",
    "btc_distance_atr": 1.07,
    "coinbase_cvd_60s": 1.6602,
    "coinbase_taker_60s": 0.8641,
    "coinbase_taker_n": 254,
    "cross_venue_gap": -57.99,
    "fast_realized_vol_60s": 6.6e-05
  }
}