{
  "position_id": 5634,
  "market_id": "btc-updown-5m-1781909400",
  "side": "Down",
  "timestamp": "2026-06-19T22:57:31.045754+00:00",
  "actual": {
    "exit_reason": "hold",
    "exit_price": 1.0,
    "pnl": 3.508082,
    "gain_pct": 0.59459
  },
  "counterfactual": {
    "exit_reason": "hypothetical_scalp",
    "exit_price": 0.99,
    "pnl": 3.407481,
    "gain_pct": 0.577539
  },
  "delta_pnl": 0.100601,
  "hold_was_optimal": true,
  "context_at_worst_moment": {
    "holding_edge": 0.009992719892094049,
    "model_prob": 0.999992719892094,
    "market_price": 0.99,
    "seconds_remaining": 0.283697,
    "exit_threshold_used": -0.1,
    "strike_price": 63302.900524813194,
    "btc_at_worst": 63285.29,
    "flow_score": 0.1799,
    "spot_flow_signal": 0.18573665280653817,
    "regime": "unknown",
    "btc_distance_atr": -0.894,
    "worst_at": 1781909699.7170124,
    "coinbase_cvd_60s": 2.0026,
    "coinbase_taker_60s": 0.8273,
    "coinbase_taker_n": 257,
    "cross_venue_gap": -56.71,
    "fast_realized_vol_60s": 3.4e-05
  }
}