{
  "position_id": 5639,
  "market_id": "btc-updown-5m-1781910300",
  "side": "Up",
  "timestamp": "2026-06-19T23:18:09.242043+00:00",
  "actual": {
    "exit_reason": "scalp",
    "exit_price": 0.35,
    "pnl": -3.243656,
    "gain_pct": -0.460747
  },
  "counterfactual": {
    "resolution_price": 0.0,
    "pnl": -7.04,
    "gain_pct": -1.0
  },
  "delta_pnl": -3.796344,
  "scalp_was_optimal": true,
  "context_at_scalp": {
    "holding_edge": -0.3121638895268651,
    "model_prob": 0.06783611047313491,
    "market_price": 0.38,
    "seconds_remaining": 24.860803,
    "exit_threshold_used": -0.1,
    "effective_exit_threshold": -0.03451553533207807,
    "loss_cut": true,
    "entry_price": 0.59,
    "fee_rate": 0.07,
    "strike_price": 63235.51598,
    "btc_at_scalp": 63228.0,
    "btc_at_expiry": 63226.528219626525,
    "chainlink_price_to_beat": 63236.053405000006,
    "chainlink_final_price": 63226.528219626525,
    "flow_score": -0.342,
    "spot_flow_signal": -0.20740027472594835,
    "regime": "unknown",
    "btc_distance_atr": -0.598,
    "coinbase_cvd_60s": -1.0253,
    "coinbase_taker_60s": 0.0895,
    "coinbase_taker_n": 147,
    "cross_venue_gap": -70.01,
    "fast_realized_vol_60s": 4.5e-05
  }
}