{
  "position_id": 5644,
  "market_id": "btc-updown-5m-1781911200",
  "side": "Down",
  "timestamp": "2026-06-19T23:32:41.413105+00:00",
  "actual": {
    "exit_reason": "scalp",
    "exit_price": 0.18,
    "pnl": -5.747683,
    "gain_pct": -0.690827
  },
  "counterfactual": {
    "resolution_price": 0.0,
    "pnl": -8.32,
    "gain_pct": -1.0
  },
  "delta_pnl": -2.572317,
  "scalp_was_optimal": true,
  "context_at_scalp": {
    "holding_edge": -0.09043109022787937,
    "model_prob": 0.09956890977212063,
    "market_price": 0.19,
    "seconds_remaining": 39.51586,
    "exit_threshold_used": -0.1,
    "effective_exit_threshold": 0.16349133474609467,
    "loss_cut": true,
    "entry_price": 0.52,
    "fee_rate": 0.07,
    "strike_price": 63246.52906246668,
    "btc_at_scalp": 63254.0,
    "btc_at_expiry": 63257.356840963104,
    "chainlink_price_to_beat": 63246.44773246668,
    "chainlink_final_price": 63257.356840963104,
    "flow_score": -0.2139,
    "spot_flow_signal": 0.16628803563610886,
    "regime": "unknown",
    "btc_distance_atr": 0.765,
    "coinbase_cvd_60s": 0.2068,
    "coinbase_taker_60s": 0.8896,
    "coinbase_taker_n": 136,
    "cross_venue_gap": -52.86,
    "fast_realized_vol_60s": 2.9e-05
  }
}