{
  "position_id": 564,
  "market_id": "btc-updown-5m-1780129500",
  "side": "Down",
  "timestamp": "2026-05-30T08:38:02.176078+00:00",
  "actual": {
    "exit_reason": "scalp",
    "exit_price": 0.59,
    "pnl": 0.029471,
    "gain_pct": 0.012869
  },
  "counterfactual": {
    "resolution_price": 1.0,
    "pnl": 1.696447,
    "gain_pct": 0.740807
  },
  "delta_pnl": 1.666976,
  "scalp_was_optimal": false,
  "context_at_scalp": {
    "holding_edge": -0.08945523928030319,
    "model_prob": 0.5105447607196968,
    "market_price": 0.6,
    "seconds_remaining": 91.759857,
    "exit_threshold_used": -0.1,
    "strike_price": 73450.59780624331,
    "btc_at_scalp": 73450.01,
    "btc_at_expiry": 73447.91918893906,
    "chainlink_price_to_beat": 73450.60300959888,
    "chainlink_final_price": 73447.91918893906,
    "flow_score": -0.3051,
    "spot_flow_signal": 0.1706490508223924,
    "regime": "neutral",
    "btc_distance_atr": -0.09,
    "coinbase_cvd_60s": 1.1063,
    "coinbase_taker_60s": 0.7973,
    "coinbase_taker_n": 90
  }
}