{
  "position_id": 5659,
  "market_id": "btc-updown-5m-1778573700",
  "side": "Down",
  "timestamp": "2026-05-12T08:29:53.646337+00:00",
  "actual": {
    "exit_reason": "scalp",
    "exit_price": 0.8098,
    "pnl": 35.731907,
    "gain_pct": 0.599529
  },
  "counterfactual": {
    "resolution_price": 0.0,
    "pnl": -59.6,
    "gain_pct": -1.0
  },
  "delta_pnl": -95.331907,
  "scalp_was_optimal": true,
  "context_at_scalp": {
    "holding_edge": -0.03263338560982676,
    "model_prob": 0.7773666143901733,
    "market_price": 0.81,
    "seconds_remaining": 265.772323,
    "exit_threshold_used": -0.07,
    "strike_price": 80795.89466512375,
    "btc_at_scalp": 80758.1,
    "btc_at_expiry": 80827.65637499999,
    "chainlink_price_to_beat": 80792.10178241314,
    "chainlink_final_price": 80827.65637499999,
    "flow_score": -0.1265,
    "spot_flow_signal": -0.38578519457171256,
    "regime": "mean_reverting",
    "btc_distance_atr": -2.831
  }
}