{
  "position_id": 5660,
  "market_id": "btc-updown-5m-1778573700",
  "side": "Down",
  "timestamp": "2026-05-12T08:29:53.671448+00:00",
  "actual": {
    "exit_reason": "scalp",
    "exit_price": 0.81,
    "pnl": -2.313098,
    "gain_pct": -0.018763
  },
  "counterfactual": {
    "resolution_price": 0.0,
    "pnl": -123.28,
    "gain_pct": -1.0
  },
  "delta_pnl": -120.966902,
  "scalp_was_optimal": true,
  "context_at_scalp": {
    "holding_edge": -0.03170866604514355,
    "model_prob": 0.7782913339548565,
    "market_price": 0.81,
    "seconds_remaining": 248.47587,
    "exit_threshold_used": -0.07,
    "strike_price": 80795.89466512375,
    "btc_at_scalp": 80758.07,
    "btc_at_expiry": 80827.65637499999,
    "chainlink_price_to_beat": 80792.10178241314,
    "chainlink_final_price": 80827.65637499999,
    "flow_score": -0.1813,
    "spot_flow_signal": -0.1432181838996393,
    "regime": "mean_reverting",
    "btc_distance_atr": -2.833
  }
}