{
  "position_id": 5667,
  "market_id": "btc-updown-5m-1778576700",
  "side": "Up",
  "timestamp": "2026-05-12T09:17:30.384410+00:00",
  "actual": {
    "exit_reason": "scalp",
    "exit_price": 0.03,
    "pnl": -98.740795,
    "gain_pct": -0.930551
  },
  "counterfactual": {
    "resolution_price": 0.0,
    "pnl": -106.11,
    "gain_pct": -1.0
  },
  "delta_pnl": -7.369205,
  "scalp_was_optimal": true,
  "context_at_scalp": {
    "holding_edge": 0.03734267410126321,
    "model_prob": 0.06734267410126321,
    "market_price": 0.03,
    "seconds_remaining": 119.696077,
    "exit_threshold_used": -0.07,
    "strike_price": 80850.72348,
    "btc_at_scalp": 80789.1,
    "btc_at_expiry": 80784.73665249003,
    "chainlink_price_to_beat": 80852.54246000001,
    "chainlink_final_price": 80784.73665249003,
    "flow_score": -0.2688,
    "spot_flow_signal": -0.3211849188726323,
    "regime": "volatile",
    "btc_distance_atr": -6.042
  }
}