{
  "position_id": 5668,
  "market_id": "btc-updown-5m-1778577900",
  "side": "Down",
  "timestamp": "2026-05-12T09:38:04.387002+00:00",
  "actual": {
    "exit_reason": "scalp",
    "exit_price": 0.54,
    "pnl": 5.508161,
    "gain_pct": 0.152877
  },
  "counterfactual": {
    "resolution_price": 1.0,
    "pnl": 41.534757,
    "gain_pct": 1.152783
  },
  "delta_pnl": 36.026596,
  "scalp_was_optimal": false,
  "context_at_scalp": {
    "holding_edge": -0.0516715607971705,
    "model_prob": 0.48832843920282953,
    "market_price": 0.54,
    "seconds_remaining": 278.036462,
    "exit_threshold_used": -0.07,
    "strike_price": 80728.18,
    "btc_at_scalp": 80728.18,
    "btc_at_expiry": 80711.17344501801,
    "chainlink_price_to_beat": 80720.71015433811,
    "chainlink_final_price": 80711.17344501801,
    "flow_score": 0.1237,
    "spot_flow_signal": 0.0026861371815172018,
    "regime": "neutral",
    "btc_distance_atr": 0.0
  }
}