{
  "position_id": 5673,
  "market_id": "btc-updown-5m-1781916300",
  "side": "Down",
  "timestamp": "2026-06-20T00:56:22.302903+00:00",
  "actual": {
    "exit_reason": "hold",
    "exit_price": 1.0,
    "pnl": 2.6164,
    "gain_pct": 0.62
  },
  "counterfactual": {
    "exit_reason": "hypothetical_scalp",
    "exit_price": 0.91,
    "pnl": 1.961931,
    "gain_pct": 0.464913
  },
  "delta_pnl": 0.654469,
  "hold_was_optimal": true,
  "context_at_worst_moment": {
    "holding_edge": 9.195839545428353e-05,
    "model_prob": 0.9100919583954543,
    "market_price": 0.91,
    "seconds_remaining": 10.371822,
    "exit_threshold_used": -0.1,
    "strike_price": 63548.58913891429,
    "btc_at_worst": 63537.69,
    "flow_score": 0.5307,
    "spot_flow_signal": 0.1604805774262419,
    "regime": "unknown",
    "btc_distance_atr": -0.384,
    "worst_at": 1781916589.6291392,
    "coinbase_cvd_60s": 1.4943,
    "coinbase_taker_60s": 0.8186,
    "coinbase_taker_n": 312,
    "cross_venue_gap": -42.31,
    "fast_realized_vol_60s": 5.1e-05
  }
}