{
  "position_id": 5676,
  "market_id": "btc-updown-5m-1781916900",
  "side": "Down",
  "timestamp": "2026-06-20T01:03:50.071078+00:00",
  "actual": {
    "exit_reason": "hold",
    "exit_price": 1.0,
    "pnl": 1.680488,
    "gain_pct": 0.151395
  },
  "counterfactual": {
    "exit_reason": "hypothetical_scalp",
    "exit_price": 0.88,
    "pnl": 0.052356,
    "gain_pct": 0.004717
  },
  "delta_pnl": 1.628132,
  "hold_was_optimal": true,
  "context_at_worst_moment": {
    "holding_edge": -0.02477858517104592,
    "model_prob": 0.8552214148289541,
    "market_price": 0.88,
    "seconds_remaining": 92.638399,
    "exit_threshold_used": -0.1,
    "strike_price": 63529.51981820428,
    "btc_at_worst": 63501.77,
    "flow_score": 0.1265,
    "spot_flow_signal": 0.09036614070914538,
    "regime": "unknown",
    "btc_distance_atr": -0.918,
    "worst_at": 1781917107.3620403,
    "coinbase_cvd_60s": 0.2223,
    "coinbase_taker_60s": 0.7139,
    "coinbase_taker_n": 230,
    "cross_venue_gap": -52.22,
    "fast_realized_vol_60s": 4e-05
  }
}