{
  "position_id": 567,
  "market_id": "btc-updown-5m-1776248700",
  "side": "Down",
  "weight_version": "weights_v001",
  "timestamp": "2026-04-15T10:34:38.577813+00:00",
  "actual": {
    "exit_reason": "hold",
    "exit_price": 1.0,
    "pnl": 11.151476,
    "gain_pct": 1.906235
  },
  "counterfactual": {
    "exit_reason": "hypothetical_scalp",
    "exit_price": 1.0,
    "pnl": 11.151476,
    "gain_pct": 1.906235
  },
  "delta_pnl": 0.0,
  "hold_was_optimal": true,
  "context_at_worst_moment": {
    "holding_edge": -0.08977978723241975,
    "model_prob": 0.9102202127675803,
    "market_price": 1.0,
    "seconds_remaining": 40.189006,
    "exit_threshold_used": -0.05,
    "strike_price": 74004.56682793389,
    "btc_at_worst": 73929.3,
    "worst_at": 1776248959.9690537
  }
}