{
  "position_id": 5681,
  "market_id": "btc-updown-5m-1781917800",
  "side": "Down",
  "timestamp": "2026-06-20T01:22:50.831314+00:00",
  "actual": {
    "exit_reason": "scalp",
    "exit_price": 0.34,
    "pnl": -2.761439,
    "gain_pct": -0.451954
  },
  "counterfactual": {
    "resolution_price": 0.0,
    "pnl": -6.11,
    "gain_pct": -1.0
  },
  "delta_pnl": -3.348561,
  "scalp_was_optimal": true,
  "context_at_scalp": {
    "holding_edge": -0.07804573253668207,
    "model_prob": 0.26195426746331796,
    "market_price": 0.34,
    "seconds_remaining": 124.050008,
    "exit_threshold_used": -0.1,
    "effective_exit_threshold": -0.05596865206294273,
    "loss_cut": false,
    "entry_price": 0.6,
    "fee_rate": 0.07,
    "strike_price": 63390.65698749624,
    "btc_at_scalp": 63402.74,
    "btc_at_expiry": 63393.23015760985,
    "chainlink_price_to_beat": 63390.686694246,
    "chainlink_final_price": 63393.23015760985,
    "flow_score": -0.3102,
    "spot_flow_signal": 0.02524233750425084,
    "regime": "unknown",
    "btc_distance_atr": 0.604,
    "coinbase_cvd_60s": 0.1526,
    "coinbase_taker_60s": 0.5505,
    "coinbase_taker_n": 223,
    "cross_venue_gap": -50.2,
    "fast_realized_vol_60s": 5e-05
  }
}