{
  "position_id": 5682,
  "market_id": "btc-updown-5m-1781917800",
  "side": "Up",
  "timestamp": "2026-06-20T01:17:46.344750+00:00",
  "actual": {
    "exit_reason": "hold",
    "exit_price": 1.0,
    "pnl": 2.4769,
    "gain_pct": 0.479091
  },
  "counterfactual": {
    "exit_reason": "hypothetical_scalp",
    "exit_price": 0.75,
    "pnl": 0.464809,
    "gain_pct": 0.089905
  },
  "delta_pnl": 2.012091,
  "hold_was_optimal": true,
  "context_at_worst_moment": {
    "holding_edge": -0.4851239589951781,
    "model_prob": 0.2648760410048219,
    "market_price": 0.75,
    "seconds_remaining": 18.85504,
    "exit_threshold_used": -0.1,
    "strike_price": 63390.65698749624,
    "btc_at_worst": 63387.19,
    "flow_score": 0.1387,
    "spot_flow_signal": -0.061059196539369025,
    "regime": "unknown",
    "btc_distance_atr": -0.224,
    "worst_at": 1781918081.1456883,
    "coinbase_cvd_60s": -0.1045,
    "coinbase_taker_60s": 0.3585,
    "coinbase_taker_n": 148,
    "cross_venue_gap": -59.4,
    "fast_realized_vol_60s": 2.2e-05
  }
}