{
  "position_id": 5683,
  "market_id": "btc-updown-5m-1781918100",
  "side": "Down",
  "timestamp": "2026-06-20T01:28:51.037201+00:00",
  "actual": {
    "exit_reason": "scalp",
    "exit_price": 0.19,
    "pnl": -3.422367,
    "gain_pct": -0.627957
  },
  "counterfactual": {
    "resolution_price": 0.0,
    "pnl": -5.45,
    "gain_pct": -1.0
  },
  "delta_pnl": -2.027633,
  "scalp_was_optimal": true,
  "context_at_scalp": {
    "holding_edge": -0.09042693376956862,
    "model_prob": 0.08957306623043138,
    "market_price": 0.18,
    "seconds_remaining": 119.009158,
    "exit_threshold_used": -0.1,
    "effective_exit_threshold": -0.029721635680704694,
    "loss_cut": false,
    "entry_price": 0.49,
    "fee_rate": 0.07,
    "strike_price": 63397.34770198636,
    "btc_at_scalp": 63422.0,
    "btc_at_expiry": 63427.23133861657,
    "chainlink_price_to_beat": 63393.23015760985,
    "chainlink_final_price": 63427.23133861657,
    "flow_score": 0.3097,
    "spot_flow_signal": 0.24138843910099567,
    "regime": "unknown",
    "btc_distance_atr": 1.315,
    "coinbase_cvd_60s": 2.3389,
    "coinbase_taker_60s": 0.8982,
    "coinbase_taker_n": 271,
    "cross_venue_gap": -48.25,
    "fast_realized_vol_60s": 6.6e-05
  }
}