{
  "position_id": 5693,
  "market_id": "btc-updown-5m-1781919600",
  "side": "Down",
  "timestamp": "2026-06-20T01:49:43.211217+00:00",
  "actual": {
    "exit_reason": "hold",
    "exit_price": 1.0,
    "pnl": 2.767331,
    "gain_pct": 0.523125
  },
  "counterfactual": {
    "exit_reason": "hypothetical_scalp",
    "exit_price": 0.63,
    "pnl": -0.345353,
    "gain_pct": -0.065284
  },
  "delta_pnl": 3.112684,
  "hold_was_optimal": true,
  "context_at_worst_moment": {
    "holding_edge": -0.050297239921395565,
    "model_prob": 0.5797027600786044,
    "market_price": 0.63,
    "seconds_remaining": 264.999374,
    "exit_threshold_used": -0.1,
    "strike_price": 63543.309619528125,
    "btc_at_worst": 63536.4,
    "flow_score": 0.0355,
    "spot_flow_signal": 0.13695137647014693,
    "regime": "unknown",
    "btc_distance_atr": -0.322,
    "worst_at": 1781919635.0010948,
    "coinbase_cvd_60s": 0.8306,
    "coinbase_taker_60s": 0.777,
    "coinbase_taker_n": 194,
    "cross_venue_gap": -59.61,
    "fast_realized_vol_60s": 3.8e-05
  }
}