{
  "position_id": 5727,
  "market_id": "btc-updown-5m-1781929200",
  "side": "Up",
  "timestamp": "2026-06-20T04:35:15.432998+00:00",
  "actual": {
    "exit_reason": "scalp",
    "exit_price": 0.39,
    "pnl": -1.998113,
    "gain_pct": -0.416274
  },
  "counterfactual": {
    "resolution_price": 1.0,
    "pnl": 2.854033,
    "gain_pct": 0.59459
  },
  "delta_pnl": 4.852146,
  "scalp_was_optimal": false,
  "context_at_scalp": {
    "holding_edge": -0.32624832438241624,
    "model_prob": 0.0637516756175838,
    "market_price": 0.39,
    "seconds_remaining": 46.493619,
    "exit_threshold_used": -0.1,
    "effective_exit_threshold": -0.04130085227154691,
    "loss_cut": true,
    "entry_price": 0.61,
    "fee_rate": 0.07,
    "strike_price": 63435.67878833046,
    "btc_at_scalp": 63423.02,
    "btc_at_expiry": 63443.67173,
    "chainlink_price_to_beat": 63434.97084226978,
    "chainlink_final_price": 63443.67173,
    "flow_score": -0.1905,
    "spot_flow_signal": -0.16808237518214747,
    "regime": "unknown",
    "btc_distance_atr": -0.965,
    "coinbase_cvd_60s": -0.6711,
    "coinbase_taker_60s": 0.1297,
    "coinbase_taker_n": 119,
    "cross_venue_gap": -66.98,
    "fast_realized_vol_60s": 3.7e-05
  }
}