{
  "position_id": 5733,
  "market_id": "btc-updown-5m-1781930700",
  "side": "Down",
  "timestamp": "2026-06-20T04:53:17.384951+00:00",
  "actual": {
    "exit_reason": "hold",
    "exit_price": 1.0,
    "pnl": 3.179885,
    "gain_pct": 0.500769
  },
  "counterfactual": {
    "exit_reason": "hypothetical_scalp",
    "exit_price": 0.99,
    "pnl": 3.077982,
    "gain_pct": 0.484722
  },
  "delta_pnl": 0.101903,
  "hold_was_optimal": true,
  "context_at_worst_moment": {
    "holding_edge": 0.007032555201184176,
    "model_prob": 0.9970325552011842,
    "market_price": 0.99,
    "seconds_remaining": 7.943388,
    "exit_threshold_used": -0.1,
    "strike_price": 63543.13220169908,
    "btc_at_worst": 63521.19,
    "flow_score": -0.7518,
    "spot_flow_signal": 0.14178324502917153,
    "regime": "unknown",
    "btc_distance_atr": -1.063,
    "worst_at": 1781930992.0582168,
    "coinbase_cvd_60s": 0.5837,
    "coinbase_taker_60s": 0.824,
    "coinbase_taker_n": 144,
    "cross_venue_gap": -66.19,
    "fast_realized_vol_60s": 3.1e-05
  }
}