{
  "position_id": 5748,
  "market_id": "btc-updown-5m-1781934000",
  "side": "Down",
  "timestamp": "2026-06-20T05:50:42.746351+00:00",
  "actual": {
    "exit_reason": "hold",
    "exit_price": 1.0,
    "pnl": 3.976956,
    "gain_pct": 0.792222
  },
  "counterfactual": {
    "exit_reason": "hypothetical_scalp",
    "exit_price": 0.99,
    "pnl": 3.880751,
    "gain_pct": 0.773058
  },
  "delta_pnl": 0.096204,
  "hold_was_optimal": true,
  "context_at_worst_moment": {
    "holding_edge": 0.00997382792461976,
    "model_prob": 0.9999738279246198,
    "market_price": 0.99,
    "seconds_remaining": 8.342405,
    "exit_threshold_used": -0.1,
    "strike_price": 63620.48429217745,
    "btc_at_worst": 63576.9,
    "flow_score": -0.7148,
    "spot_flow_signal": 0.08045863011718002,
    "regime": "unknown",
    "btc_distance_atr": -2.561,
    "worst_at": 1781934291.8064618,
    "coinbase_cvd_60s": 0.1295,
    "coinbase_taker_60s": 0.689,
    "coinbase_taker_n": 83,
    "cross_venue_gap": -60.32,
    "fast_realized_vol_60s": 1.9e-05
  }
}