{
  "position_id": 576,
  "market_id": "btc-updown-5m-1780133400",
  "side": "Down",
  "timestamp": "2026-05-30T09:40:42.993620+00:00",
  "actual": {
    "exit_reason": "scalp",
    "exit_price": 0.63,
    "pnl": 0.214864,
    "gain_pct": 0.082323
  },
  "counterfactual": {
    "resolution_price": 1.0,
    "pnl": 1.933507,
    "gain_pct": 0.740807
  },
  "delta_pnl": 1.718643,
  "scalp_was_optimal": false,
  "context_at_scalp": {
    "holding_edge": -0.06819871519229637,
    "model_prob": 0.5618012848077036,
    "market_price": 0.63,
    "seconds_remaining": 144.998677,
    "exit_threshold_used": -0.1,
    "strike_price": 73467.04065073545,
    "btc_at_scalp": 73466.7,
    "btc_at_expiry": 73456.2561165309,
    "chainlink_price_to_beat": 73467.04065073545,
    "chainlink_final_price": 73456.2561165309,
    "flow_score": -0.6067,
    "spot_flow_signal": 0.0709251252385151,
    "regime": "neutral",
    "btc_distance_atr": -0.075,
    "coinbase_cvd_60s": 0.2762,
    "coinbase_taker_60s": 0.6589,
    "coinbase_taker_n": 84
  }
}