{
  "position_id": 5771,
  "market_id": "btc-updown-5m-1781937600",
  "side": "Up",
  "timestamp": "2026-06-20T06:49:38.140631+00:00",
  "actual": {
    "exit_reason": "hold",
    "exit_price": 1.0,
    "pnl": 4.113921,
    "gain_pct": 0.730714
  },
  "counterfactual": {
    "exit_reason": "hypothetical_scalp",
    "exit_price": 0.65,
    "pnl": 0.548377,
    "gain_pct": 0.097403
  },
  "delta_pnl": 3.565544,
  "hold_was_optimal": true,
  "context_at_worst_moment": {
    "holding_edge": -0.0020070609821988272,
    "model_prob": 0.6479929390178012,
    "market_price": 0.65,
    "seconds_remaining": 120.279114,
    "exit_threshold_used": -0.1,
    "strike_price": 63671.75943407956,
    "btc_at_worst": 63678.01,
    "flow_score": 0.1512,
    "spot_flow_signal": 0.08712000530761418,
    "regime": "unknown",
    "btc_distance_atr": 0.323,
    "worst_at": 1781937779.7213972,
    "coinbase_cvd_60s": 0.2145,
    "coinbase_taker_60s": 0.7017,
    "coinbase_taker_n": 142,
    "cross_venue_gap": -67.93,
    "fast_realized_vol_60s": 3.4e-05
  }
}