{
  "position_id": 5777,
  "market_id": "btc-updown-5m-1781939400",
  "side": "Up",
  "timestamp": "2026-06-20T07:22:06.199747+00:00",
  "actual": {
    "exit_reason": "scalp",
    "exit_price": 0.89,
    "pnl": 0.434342,
    "gain_pct": 0.09144
  },
  "counterfactual": {
    "resolution_price": 1.0,
    "pnl": 1.104375,
    "gain_pct": 0.2325
  },
  "delta_pnl": 0.670033,
  "scalp_was_optimal": false,
  "context_at_scalp": {
    "holding_edge": -0.13242113122405852,
    "model_prob": 0.7575788687759415,
    "market_price": 0.89,
    "seconds_remaining": 36.569851,
    "exit_threshold_used": -0.1,
    "effective_exit_threshold": -0.12798933285697528,
    "loss_cut": false,
    "entry_price": 0.8,
    "fee_rate": 0.07,
    "strike_price": 63583.034930781316,
    "btc_at_scalp": 63589.05,
    "btc_at_expiry": 63602.58983115918,
    "chainlink_price_to_beat": 63582.4128525536,
    "chainlink_final_price": 63602.58983115918,
    "flow_score": 0.2028,
    "spot_flow_signal": 0.43503111874693506,
    "regime": "unknown",
    "btc_distance_atr": 0.377,
    "coinbase_cvd_60s": 7.6251,
    "coinbase_taker_60s": 0.9379,
    "coinbase_taker_n": 321,
    "cross_venue_gap": -70.16,
    "fast_realized_vol_60s": 4.3e-05
  }
}