{
  "position_id": 5798,
  "market_id": "btc-updown-5m-1781943300",
  "side": "Up",
  "timestamp": "2026-06-20T08:25:19.829421+00:00",
  "actual": {
    "exit_reason": "hold",
    "exit_price": 1.0,
    "pnl": 2.415904,
    "gain_pct": 0.379859
  },
  "counterfactual": {
    "exit_reason": "hypothetical_scalp",
    "exit_price": 0.58,
    "pnl": -1.419622,
    "gain_pct": -0.223211
  },
  "delta_pnl": 3.835526,
  "hold_was_optimal": true,
  "context_at_worst_moment": {
    "holding_edge": -0.15071246251442483,
    "model_prob": 0.42928753748557513,
    "market_price": 0.58,
    "seconds_remaining": 112.256271,
    "exit_threshold_used": -0.1,
    "strike_price": 63488.50214780708,
    "btc_at_worst": 63485.99,
    "flow_score": 0.1499,
    "spot_flow_signal": 0.18388320995347765,
    "regime": "unknown",
    "btc_distance_atr": -0.137,
    "worst_at": 1781943487.7442136,
    "coinbase_cvd_60s": 0.4949,
    "coinbase_taker_60s": 0.9196,
    "coinbase_taker_n": 93,
    "cross_venue_gap": -68.02,
    "fast_realized_vol_60s": 3.3e-05
  }
}