{
  "position_id": 5829,
  "market_id": "btc-updown-5m-1781949300",
  "side": "Up",
  "timestamp": "2026-06-20T10:08:19.264447+00:00",
  "actual": {
    "exit_reason": "scalp",
    "exit_price": 0.84,
    "pnl": 0.700248,
    "gain_pct": 0.108903
  },
  "counterfactual": {
    "resolution_price": 0.0,
    "pnl": -6.43,
    "gain_pct": -1.0
  },
  "delta_pnl": -7.130248,
  "scalp_was_optimal": true,
  "context_at_scalp": {
    "holding_edge": -0.13549431020790093,
    "model_prob": 0.714505689792099,
    "market_price": 0.85,
    "seconds_remaining": 71.252218,
    "exit_threshold_used": -0.1,
    "effective_exit_threshold": -0.11228420663561015,
    "loss_cut": false,
    "entry_price": 0.74,
    "fee_rate": 0.07,
    "strike_price": 63673.504435402065,
    "btc_at_scalp": 63681.69,
    "btc_at_expiry": 63672.9014857428,
    "chainlink_price_to_beat": 63673.41682040207,
    "chainlink_final_price": 63672.9014857428,
    "flow_score": 0.0088,
    "spot_flow_signal": 0.055027863371692284,
    "regime": "unknown",
    "btc_distance_atr": 0.346,
    "coinbase_cvd_60s": 0.2997,
    "coinbase_taker_60s": 0.6217,
    "coinbase_taker_n": 125,
    "cross_venue_gap": -74.33,
    "fast_realized_vol_60s": 2.7e-05
  }
}