{
  "position_id": 5835,
  "market_id": "btc-updown-5m-1781949900",
  "side": "Down",
  "timestamp": "2026-06-20T10:13:40.703758+00:00",
  "actual": {
    "exit_reason": "hold",
    "exit_price": 1.0,
    "pnl": 1.495652,
    "gain_pct": 0.247215
  },
  "counterfactual": {
    "exit_reason": "hypothetical_scalp",
    "exit_price": 0.99,
    "pnl": 1.414966,
    "gain_pct": 0.233879
  },
  "delta_pnl": 0.080686,
  "hold_was_optimal": true,
  "context_at_worst_moment": {
    "holding_edge": 0.008965317950108798,
    "model_prob": 0.9989653179501088,
    "market_price": 0.99,
    "seconds_remaining": 18.651428,
    "exit_threshold_used": -0.1,
    "strike_price": 63678.85609065412,
    "btc_at_worst": 63627.24,
    "flow_score": -0.6801,
    "spot_flow_signal": -0.21305400110964176,
    "regime": "unknown",
    "btc_distance_atr": -1.943,
    "worst_at": 1781950181.350347,
    "coinbase_cvd_60s": -2.3757,
    "coinbase_taker_60s": 0.0826,
    "coinbase_taker_n": 155,
    "cross_venue_gap": -72.76,
    "fast_realized_vol_60s": 8.7e-05
  }
}