{
  "position_id": 5861,
  "market_id": "btc-updown-5m-1781956200",
  "side": "Down",
  "timestamp": "2026-06-20T12:01:38.714098+00:00",
  "actual": {
    "exit_reason": "hold",
    "exit_price": 1.0,
    "pnl": 4.1292,
    "gain_pct": 0.2325
  },
  "counterfactual": {
    "exit_reason": "hypothetical_scalp",
    "exit_price": 0.99,
    "pnl": 3.895139,
    "gain_pct": 0.219321
  },
  "delta_pnl": 0.234061,
  "hold_was_optimal": true,
  "context_at_worst_moment": {
    "holding_edge": 0.009824757056121514,
    "model_prob": 0.9998247570561215,
    "market_price": 0.99,
    "seconds_remaining": 18.901066,
    "exit_threshold_used": -0.1,
    "strike_price": 63686.26606916839,
    "btc_at_worst": 63645.76,
    "flow_score": -0.7598,
    "spot_flow_signal": 0.05451539822344687,
    "regime": "unknown",
    "btc_distance_atr": -2.514,
    "worst_at": 1781956481.0994742,
    "coinbase_cvd_60s": 0.0631,
    "coinbase_taker_60s": 0.632,
    "coinbase_taker_n": 93,
    "cross_venue_gap": -62.9,
    "fast_realized_vol_60s": 2.7e-05
  }
}