{
  "position_id": 5863,
  "market_id": "btc-updown-5m-1781956500",
  "side": "Up",
  "timestamp": "2026-06-20T12:10:07.607028+00:00",
  "actual": {
    "exit_reason": "scalp",
    "exit_price": 0.43,
    "pnl": -2.757929,
    "gain_pct": -0.476326
  },
  "counterfactual": {
    "resolution_price": 0.0,
    "pnl": -5.79,
    "gain_pct": -1.0
  },
  "delta_pnl": -3.032071,
  "scalp_was_optimal": true,
  "context_at_scalp": {
    "holding_edge": -0.21765804959255713,
    "model_prob": 0.21234195040744286,
    "market_price": 0.43,
    "seconds_remaining": 79.931698,
    "exit_threshold_used": -0.1,
    "effective_exit_threshold": -0.049474810165088035,
    "loss_cut": true,
    "entry_price": 0.76,
    "fee_rate": 0.07,
    "strike_price": 63629.68120327181,
    "btc_at_scalp": 63621.47,
    "btc_at_expiry": 63624.12421145579,
    "chainlink_price_to_beat": 63627.46397712943,
    "chainlink_final_price": 63624.12421145579,
    "flow_score": -0.2091,
    "spot_flow_signal": 0.1191859431456514,
    "regime": "unknown",
    "btc_distance_atr": -0.545,
    "coinbase_cvd_60s": 0.3007,
    "coinbase_taker_60s": 0.7765,
    "coinbase_taker_n": 128,
    "cross_venue_gap": -68.53,
    "fast_realized_vol_60s": 3.3e-05
  }
}