{
  "position_id": 5877,
  "market_id": "btc-updown-5m-1781959200",
  "side": "Up",
  "timestamp": "2026-06-20T12:50:30.570484+00:00",
  "actual": {
    "exit_reason": "hold",
    "exit_price": 1.0,
    "pnl": 2.530023,
    "gain_pct": 0.126818
  },
  "counterfactual": {
    "exit_reason": "hypothetical_scalp",
    "exit_price": 0.99,
    "pnl": 2.289644,
    "gain_pct": 0.114769
  },
  "delta_pnl": 0.240379,
  "hold_was_optimal": true,
  "context_at_worst_moment": {
    "holding_edge": 0.00993558916918913,
    "model_prob": 0.9999355891691891,
    "market_price": 0.99,
    "seconds_remaining": 2.129174,
    "exit_threshold_used": -0.1,
    "strike_price": 63544.988310887806,
    "btc_at_worst": 63561.99,
    "flow_score": 0.7441,
    "spot_flow_signal": 0.04162464610066595,
    "regime": "unknown",
    "btc_distance_atr": 1.114,
    "worst_at": 1781959497.8721035,
    "coinbase_cvd_60s": 0.0912,
    "coinbase_taker_60s": 0.5975,
    "coinbase_taker_n": 84,
    "cross_venue_gap": -63.92,
    "fast_realized_vol_60s": 2e-05
  }
}