{
  "position_id": 5879,
  "market_id": "btc-updown-5m-1781959800",
  "side": "Down",
  "timestamp": "2026-06-20T12:58:28.453646+00:00",
  "actual": {
    "exit_reason": "hold",
    "exit_price": 1.0,
    "pnl": 1.878045,
    "gain_pct": 0.45806
  },
  "counterfactual": {
    "exit_reason": "hypothetical_scalp",
    "exit_price": 0.99,
    "pnl": 1.814122,
    "gain_pct": 0.442469
  },
  "delta_pnl": 0.063923,
  "hold_was_optimal": true,
  "context_at_worst_moment": {
    "holding_edge": 0.008863705618270878,
    "model_prob": 0.9988637056182709,
    "market_price": 0.99,
    "seconds_remaining": 3.634856,
    "exit_threshold_used": -0.1,
    "strike_price": 63546.600892228205,
    "btc_at_worst": 63532.35,
    "flow_score": -0.6058,
    "spot_flow_signal": 0.0895435804897071,
    "regime": "unknown",
    "btc_distance_atr": -0.796,
    "worst_at": 1781960096.3661416,
    "coinbase_cvd_60s": 0.6342,
    "coinbase_taker_60s": 0.6853,
    "coinbase_taker_n": 113,
    "cross_venue_gap": -60.74,
    "fast_realized_vol_60s": 3.4e-05
  }
}