{
  "position_id": 5880,
  "market_id": "btc-updown-5m-1781960100",
  "side": "Down",
  "timestamp": "2026-06-20T13:08:43.209527+00:00",
  "actual": {
    "exit_reason": "scalp",
    "exit_price": 0.19,
    "pnl": -3.855839,
    "gain_pct": -0.6671
  },
  "counterfactual": {
    "resolution_price": 0.0,
    "pnl": -5.78,
    "gain_pct": -1.0
  },
  "delta_pnl": -1.924161,
  "scalp_was_optimal": true,
  "context_at_scalp": {
    "holding_edge": -0.07117224223546678,
    "model_prob": 0.07882775776453321,
    "market_price": 0.15,
    "seconds_remaining": 237.115364,
    "exit_threshold_used": -0.1,
    "effective_exit_threshold": -0.03731284529873587,
    "loss_cut": false,
    "entry_price": 0.55,
    "fee_rate": 0.07,
    "strike_price": 63531.354925,
    "btc_at_scalp": 63577.94,
    "btc_at_expiry": 63595.81327276635,
    "chainlink_price_to_beat": 63531.390035000004,
    "chainlink_final_price": 63595.81327276635,
    "flow_score": -0.0108,
    "spot_flow_signal": 0.2654130081428543,
    "regime": "unknown",
    "btc_distance_atr": 1.961,
    "coinbase_cvd_60s": 7.4548,
    "coinbase_taker_60s": 0.8214,
    "coinbase_taker_n": 427,
    "cross_venue_gap": -65.19,
    "fast_realized_vol_60s": 0.000243
  }
}