{
  "position_id": 5883,
  "market_id": "btc-updown-5m-1781960700",
  "side": "Down",
  "timestamp": "2026-06-20T13:17:43.809391+00:00",
  "actual": {
    "exit_reason": "scalp",
    "exit_price": 0.24,
    "pnl": -2.625495,
    "gain_pct": -0.539116
  },
  "counterfactual": {
    "resolution_price": 0.0,
    "pnl": -4.87,
    "gain_pct": -1.0
  },
  "delta_pnl": -2.244505,
  "scalp_was_optimal": true,
  "context_at_scalp": {
    "holding_edge": -0.06376674360997328,
    "model_prob": 0.16623325639002673,
    "market_price": 0.23,
    "seconds_remaining": 185.452763,
    "exit_threshold_used": -0.1,
    "effective_exit_threshold": -0.0430158901661011,
    "loss_cut": false,
    "entry_price": 0.5,
    "fee_rate": 0.07,
    "strike_price": 63568.143925,
    "btc_at_scalp": 63585.69,
    "btc_at_expiry": 63570.83391791686,
    "chainlink_price_to_beat": 63568.35718334494,
    "chainlink_final_price": 63570.83391791686,
    "flow_score": -0.4521,
    "spot_flow_signal": 0.12225640880952166,
    "regime": "unknown",
    "btc_distance_atr": 1.219,
    "coinbase_cvd_60s": 0.4774,
    "coinbase_taker_60s": 0.769,
    "coinbase_taker_n": 154,
    "cross_venue_gap": -66.97,
    "fast_realized_vol_60s": 5.2e-05
  }
}