{
  "position_id": 5884,
  "market_id": "btc-updown-5m-1781960700",
  "side": "Up",
  "timestamp": "2026-06-20T13:12:30.066078+00:00",
  "actual": {
    "exit_reason": "hold",
    "exit_price": 1.0,
    "pnl": 2.165197,
    "gain_pct": 0.379859
  },
  "counterfactual": {
    "exit_reason": "hypothetical_scalp",
    "exit_price": 0.65,
    "pnl": -0.712875,
    "gain_pct": -0.125066
  },
  "delta_pnl": 2.878072,
  "hold_was_optimal": true,
  "context_at_worst_moment": {
    "holding_edge": -0.13224242461479208,
    "model_prob": 0.517757575385208,
    "market_price": 0.65,
    "seconds_remaining": 143.299328,
    "exit_threshold_used": -0.1,
    "strike_price": 63568.143925,
    "btc_at_worst": 63568.81,
    "flow_score": 0.2242,
    "spot_flow_signal": 0.11679029359983123,
    "regime": "unknown",
    "btc_distance_atr": 0.045,
    "worst_at": 1781960856.7010884,
    "coinbase_cvd_60s": 0.4859,
    "coinbase_taker_60s": 0.7554,
    "coinbase_taker_n": 149,
    "cross_venue_gap": -63.19,
    "fast_realized_vol_60s": 5.1e-05
  }
}