{
  "position_id": 5891,
  "market_id": "btc-updown-5m-1781962800",
  "side": "Up",
  "timestamp": "2026-06-20T13:52:17.740368+00:00",
  "actual": {
    "exit_reason": "scalp",
    "exit_price": 0.3,
    "pnl": -2.607053,
    "gain_pct": -0.48012
  },
  "counterfactual": {
    "resolution_price": 1.0,
    "pnl": 4.661446,
    "gain_pct": 0.858462
  },
  "delta_pnl": 7.268499,
  "scalp_was_optimal": false,
  "context_at_scalp": {
    "holding_edge": -0.023472821730168014,
    "model_prob": 0.276527178269832,
    "market_price": 0.3,
    "seconds_remaining": 75.164235,
    "exit_threshold_used": -0.1,
    "effective_exit_threshold": 0.029989417212361105,
    "loss_cut": true,
    "entry_price": 0.52,
    "fee_rate": 0.07,
    "strike_price": 63390.689543556684,
    "btc_at_scalp": 63379.49,
    "btc_at_expiry": 63393.88165369347,
    "chainlink_price_to_beat": 63390.77744365256,
    "chainlink_final_price": 63393.88165369347,
    "flow_score": -0.2759,
    "spot_flow_signal": -0.2354587194807018,
    "regime": "unknown",
    "btc_distance_atr": -0.542,
    "coinbase_cvd_60s": -2.2354,
    "coinbase_taker_60s": 0.0402,
    "coinbase_taker_n": 213,
    "cross_venue_gap": -69.0,
    "fast_realized_vol_60s": 2.5e-05
  }
}