{
  "position_id": 5909,
  "market_id": "btc-updown-5m-1781966400",
  "side": "Down",
  "timestamp": "2026-06-20T14:53:22.241890+00:00",
  "actual": {
    "exit_reason": "scalp",
    "exit_price": 0.12,
    "pnl": -6.477728,
    "gain_pct": -0.790931
  },
  "counterfactual": {
    "resolution_price": 0.0,
    "pnl": -8.19,
    "gain_pct": -1.0
  },
  "delta_pnl": -1.712272,
  "scalp_was_optimal": true,
  "context_at_scalp": {
    "holding_edge": -0.03592235182486847,
    "model_prob": 0.08407764817513153,
    "market_price": 0.12,
    "seconds_remaining": 31.369714,
    "exit_threshold_used": -0.1,
    "effective_exit_threshold": 0.2357292208458667,
    "loss_cut": true,
    "entry_price": 0.51,
    "fee_rate": 0.07,
    "strike_price": 63350.111805,
    "btc_at_scalp": 63363.67,
    "btc_at_expiry": 63448.78911500001,
    "chainlink_price_to_beat": 63350.112825000004,
    "chainlink_final_price": 63448.78911500001,
    "flow_score": -0.2661,
    "spot_flow_signal": 0.08217683217165546,
    "regime": "unknown",
    "btc_distance_atr": 0.529,
    "coinbase_cvd_60s": 0.1786,
    "coinbase_taker_60s": 0.6924,
    "coinbase_taker_n": 193,
    "cross_venue_gap": -56.95,
    "fast_realized_vol_60s": 4.4e-05
  }
}