{
  "position_id": 5921,
  "market_id": "btc-updown-5m-1781970000",
  "side": "Down",
  "timestamp": "2026-06-20T15:52:36.103954+00:00",
  "actual": {
    "exit_reason": "scalp",
    "exit_price": 0.57,
    "pnl": -2.257486,
    "gain_pct": -0.324818
  },
  "counterfactual": {
    "resolution_price": 1.0,
    "pnl": 1.323849,
    "gain_pct": 0.190482
  },
  "delta_pnl": 3.581336,
  "scalp_was_optimal": false,
  "context_at_scalp": {
    "holding_edge": -0.06870057582060352,
    "model_prob": 0.5012994241793964,
    "market_price": 0.57,
    "seconds_remaining": 40.988508,
    "exit_threshold_used": -0.1,
    "effective_exit_threshold": -0.05037971943519405,
    "loss_cut": false,
    "entry_price": 0.83,
    "fee_rate": 0.07,
    "strike_price": 64062.83008085426,
    "btc_at_scalp": 64062.77,
    "btc_at_expiry": 64050.3617,
    "chainlink_price_to_beat": 64064.36206013641,
    "chainlink_final_price": 64050.3617,
    "flow_score": 0.2047,
    "spot_flow_signal": -0.09362515025663967,
    "regime": "unknown",
    "btc_distance_atr": -0.002,
    "coinbase_cvd_60s": -1.0695,
    "coinbase_taker_60s": 0.3379,
    "coinbase_taker_n": 282,
    "cross_venue_gap": -57.9,
    "fast_realized_vol_60s": 5.8e-05
  }
}