{
  "position_id": 5925,
  "market_id": "btc-updown-5m-1781970900",
  "side": "Up",
  "timestamp": "2026-06-20T16:02:40.132989+00:00",
  "actual": {
    "exit_reason": "hold",
    "exit_price": 1.0,
    "pnl": 1.975177,
    "gain_pct": 0.262308
  },
  "counterfactual": {
    "exit_reason": "hypothetical_scalp",
    "exit_price": 0.91,
    "pnl": 1.065218,
    "gain_pct": 0.141463
  },
  "delta_pnl": 0.909959,
  "hold_was_optimal": true,
  "context_at_worst_moment": {
    "holding_edge": -0.09979738082888945,
    "model_prob": 0.8102026191711106,
    "market_price": 0.91,
    "seconds_remaining": 39.029835,
    "exit_threshold_used": -0.1,
    "strike_price": 64040.62833162039,
    "btc_at_worst": 64050.76,
    "flow_score": -0.1022,
    "spot_flow_signal": -0.07697591587689834,
    "regime": "unknown",
    "btc_distance_atr": 0.406,
    "worst_at": 1781971160.9708316,
    "coinbase_cvd_60s": -0.3102,
    "coinbase_taker_60s": 0.3413,
    "coinbase_taker_n": 260,
    "cross_venue_gap": -72.0,
    "fast_realized_vol_60s": 3.2e-05
  }
}