{
  "position_id": 593,
  "market_id": "btc-updown-5m-1780136700",
  "side": "Down",
  "timestamp": "2026-05-30T10:33:01.056846+00:00",
  "actual": {
    "exit_reason": "hold",
    "exit_price": 1.0,
    "pnl": 0.42363,
    "gain_pct": 0.15986
  },
  "counterfactual": {
    "exit_reason": "hypothetical_scalp",
    "exit_price": 0.71,
    "pnl": -0.059854,
    "gain_pct": -0.037177
  },
  "delta_pnl": 0.483485,
  "hold_was_optimal": true,
  "context_at_worst_moment": {
    "holding_edge": -0.11928017763476761,
    "model_prob": 0.5907198223652323,
    "market_price": 0.71,
    "seconds_remaining": 242.170209,
    "exit_threshold_used": -0.1,
    "strike_price": 73556.76733210306,
    "btc_at_worst": 73553.68,
    "flow_score": 0.4888,
    "spot_flow_signal": -0.41482562217471197,
    "regime": "volatile",
    "btc_distance_atr": -0.211,
    "worst_at": 1780136757.8301692,
    "coinbase_cvd_60s": -13.642,
    "coinbase_taker_60s": 0.3145,
    "coinbase_taker_n": 444
  }
}