{
  "position_id": 5944,
  "market_id": "btc-updown-5m-1781975700",
  "side": "Down",
  "timestamp": "2026-06-20T17:24:57.696505+00:00",
  "actual": {
    "exit_reason": "hold",
    "exit_price": 1.0,
    "pnl": 2.123413,
    "gain_pct": 0.379859
  },
  "counterfactual": {
    "exit_reason": "hypothetical_scalp",
    "exit_price": 0.73,
    "pnl": -0.065631,
    "gain_pct": -0.011741
  },
  "delta_pnl": 2.189043,
  "hold_was_optimal": true,
  "context_at_worst_moment": {
    "holding_edge": -0.08503736836944675,
    "model_prob": 0.6449626316305532,
    "market_price": 0.73,
    "seconds_remaining": 116.891013,
    "exit_threshold_used": -0.1,
    "strike_price": 63885.38333220931,
    "btc_at_worst": 63876.59,
    "flow_score": 0.1986,
    "spot_flow_signal": 0.3430242181097851,
    "regime": "unknown",
    "btc_distance_atr": -0.308,
    "worst_at": 1781975883.1102018,
    "coinbase_cvd_60s": 4.0322,
    "coinbase_taker_60s": 0.957,
    "coinbase_taker_n": 228,
    "cross_venue_gap": -69.14,
    "fast_realized_vol_60s": 4.9e-05
  }
}