{
  "position_id": 5953,
  "market_id": "btc-updown-5m-1781977800",
  "side": "Down",
  "timestamp": "2026-06-20T18:00:51.948058+00:00",
  "actual": {
    "exit_reason": "hold",
    "exit_price": 1.0,
    "pnl": 1.7732,
    "gain_pct": 0.62
  },
  "counterfactual": {
    "exit_reason": "hypothetical_scalp",
    "exit_price": 0.93,
    "pnl": 1.427763,
    "gain_pct": 0.499218
  },
  "delta_pnl": 0.345437,
  "hold_was_optimal": true,
  "context_at_worst_moment": {
    "holding_edge": -0.010537659292046642,
    "model_prob": 0.9194623407079534,
    "market_price": 0.93,
    "seconds_remaining": 10.322685,
    "exit_threshold_used": -0.1,
    "strike_price": 63775.67649344104,
    "btc_at_worst": 63764.96,
    "flow_score": 0.4369,
    "spot_flow_signal": -0.1539776131725501,
    "regime": "unknown",
    "btc_distance_atr": -0.384,
    "worst_at": 1781978089.677936,
    "coinbase_cvd_60s": -0.6646,
    "coinbase_taker_60s": 0.1851,
    "coinbase_taker_n": 145,
    "cross_venue_gap": -69.04,
    "fast_realized_vol_60s": 4.9e-05
  }
}