{
  "position_id": 5956,
  "market_id": "btc-updown-5m-1781978700",
  "side": "Down",
  "timestamp": "2026-06-20T18:16:30.511945+00:00",
  "actual": {
    "exit_reason": "hold",
    "exit_price": 1.0,
    "pnl": 4.936154,
    "gain_pct": 0.858462
  },
  "counterfactual": {
    "exit_reason": "hypothetical_scalp",
    "exit_price": 0.99,
    "pnl": 4.821887,
    "gain_pct": 0.838589
  },
  "delta_pnl": 0.114267,
  "hold_was_optimal": true,
  "context_at_worst_moment": {
    "holding_edge": 0.008961400131283548,
    "model_prob": 0.9989614001312835,
    "market_price": 0.99,
    "seconds_remaining": 36.824946,
    "exit_threshold_used": -0.1,
    "strike_price": 63827.85712635487,
    "btc_at_worst": 63766.0,
    "flow_score": -0.699,
    "spot_flow_signal": -0.1427456924157693,
    "regime": "unknown",
    "btc_distance_atr": -2.598,
    "worst_at": 1781978963.176084,
    "coinbase_cvd_60s": -1.2982,
    "coinbase_taker_60s": 0.3034,
    "coinbase_taker_n": 221,
    "cross_venue_gap": -67.99,
    "fast_realized_vol_60s": 5.8e-05
  }
}