{
  "position_id": 5993,
  "market_id": "btc-updown-5m-1781986500",
  "side": "Down",
  "timestamp": "2026-06-20T20:27:16.083490+00:00",
  "actual": {
    "exit_reason": "scalp",
    "exit_price": 0.10000000000000002,
    "pnl": -7.399849,
    "gain_pct": -0.8535
  },
  "counterfactual": {
    "resolution_price": 0.0,
    "pnl": -8.67,
    "gain_pct": -1.0
  },
  "delta_pnl": -1.270151,
  "scalp_was_optimal": true,
  "context_at_scalp": {
    "holding_edge": -0.08134633391636129,
    "model_prob": 0.01865366608363872,
    "market_price": 0.1,
    "seconds_remaining": 9.636226,
    "exit_threshold_used": -0.1,
    "effective_exit_threshold": 0.3,
    "loss_cut": true,
    "entry_price": 0.61,
    "fee_rate": 0.07,
    "strike_price": 63893.39894984563,
    "btc_at_scalp": 63899.99,
    "btc_at_expiry": 63895.352395,
    "chainlink_price_to_beat": 63892.526238208564,
    "chainlink_final_price": 63895.352395,
    "flow_score": -0.3724,
    "spot_flow_signal": 0.45492156378287085,
    "regime": "unknown",
    "btc_distance_atr": 0.561,
    "coinbase_cvd_60s": 7.496,
    "coinbase_taker_60s": 0.9888,
    "coinbase_taker_n": 214,
    "cross_venue_gap": -76.0,
    "fast_realized_vol_60s": 2.8e-05
  }
}