{
  "position_id": 6004,
  "market_id": "btc-updown-5m-1781988600",
  "side": "Up",
  "timestamp": "2026-06-20T21:00:09.286023+00:00",
  "actual": {
    "exit_reason": "hold",
    "exit_price": 1.0,
    "pnl": 2.109033,
    "gain_pct": 0.103333
  },
  "counterfactual": {
    "exit_reason": "hypothetical_scalp",
    "exit_price": 0.99,
    "pnl": 1.868237,
    "gain_pct": 0.091535
  },
  "delta_pnl": 0.240796,
  "hold_was_optimal": true,
  "context_at_worst_moment": {
    "holding_edge": 0.00997255122424201,
    "model_prob": 0.999972551224242,
    "market_price": 0.99,
    "seconds_remaining": 4.533388,
    "exit_threshold_used": -0.1,
    "strike_price": 63825.48213440851,
    "btc_at_worst": 63844.89,
    "flow_score": 0.7915,
    "spot_flow_signal": 0.19017833417124047,
    "regime": "unknown",
    "btc_distance_atr": 1.89,
    "worst_at": 1781988895.4691808,
    "coinbase_cvd_60s": 0.95,
    "coinbase_taker_60s": 0.8511,
    "coinbase_taker_n": 134,
    "cross_venue_gap": -72.9,
    "fast_realized_vol_60s": 1.1e-05
  }
}