{
  "position_id": 6005,
  "market_id": "btc-updown-5m-1781988900",
  "side": "Up",
  "timestamp": "2026-06-20T21:07:19.537205+00:00",
  "actual": {
    "exit_reason": "scalp",
    "exit_price": 0.65,
    "pnl": 0.114875,
    "gain_pct": 0.031301
  },
  "counterfactual": {
    "resolution_price": 1.0,
    "pnl": 2.182146,
    "gain_pct": 0.59459
  },
  "delta_pnl": 2.067271,
  "scalp_was_optimal": false,
  "context_at_scalp": {
    "holding_edge": -0.5493432850580003,
    "model_prob": 0.11065671494199969,
    "market_price": 0.66,
    "seconds_remaining": 52.378198,
    "exit_threshold_used": -0.1,
    "effective_exit_threshold": -0.06649736487621871,
    "loss_cut": false,
    "entry_price": 0.61,
    "fee_rate": 0.07,
    "strike_price": 63846.06413916255,
    "btc_at_scalp": 63839.13,
    "btc_at_expiry": 63856.346525,
    "chainlink_price_to_beat": 63846.10461423719,
    "chainlink_final_price": 63856.346525,
    "flow_score": 0.289,
    "spot_flow_signal": 0.11841811322594878,
    "regime": "unknown",
    "btc_distance_atr": -0.846,
    "coinbase_cvd_60s": 0.5218,
    "coinbase_taker_60s": 0.7265,
    "coinbase_taker_n": 148,
    "cross_venue_gap": -73.35,
    "fast_realized_vol_60s": 2e-05
  }
}