{
  "position_id": 601,
  "market_id": "btc-updown-5m-1780137900",
  "side": "Down",
  "timestamp": "2026-05-30T10:58:21.558096+00:00",
  "actual": {
    "exit_reason": "scalp",
    "exit_price": 0.26,
    "pnl": -1.301101,
    "gain_pct": -0.42659
  },
  "counterfactual": {
    "resolution_price": 0.0,
    "pnl": -3.05,
    "gain_pct": -1.0
  },
  "delta_pnl": -1.748899,
  "scalp_was_optimal": true,
  "context_at_scalp": {
    "holding_edge": -0.09965866755526631,
    "model_prob": 0.1703413324447337,
    "market_price": 0.27,
    "seconds_remaining": 209.157628,
    "exit_threshold_used": -0.1,
    "strike_price": 73542.36658575041,
    "btc_at_scalp": 73554.54,
    "btc_at_expiry": 73550.24351874503,
    "chainlink_price_to_beat": 73542.42937780322,
    "chainlink_final_price": 73550.24351874503,
    "flow_score": -0.1174,
    "spot_flow_signal": 0.06332673336171743,
    "regime": "neutral",
    "btc_distance_atr": 1.356,
    "coinbase_cvd_60s": 0.4472,
    "coinbase_taker_60s": 0.6308,
    "coinbase_taker_n": 133
  }
}