{
  "position_id": 6025,
  "market_id": "btc-updown-5m-1781995500",
  "side": "Up",
  "timestamp": "2026-06-20T22:59:14.540527+00:00",
  "actual": {
    "exit_reason": "scalp",
    "exit_price": 0.44,
    "pnl": -0.474117,
    "gain_pct": -0.103069
  },
  "counterfactual": {
    "resolution_price": 1.0,
    "pnl": 4.824128,
    "gain_pct": 1.048723
  },
  "delta_pnl": 5.298245,
  "scalp_was_optimal": false,
  "context_at_scalp": {
    "holding_edge": -0.09458282982291583,
    "model_prob": 0.3454171701770842,
    "market_price": 0.44,
    "seconds_remaining": 263.413388,
    "exit_threshold_used": -0.1,
    "effective_exit_threshold": -0.07591600607258896,
    "loss_cut": false,
    "entry_price": 0.47,
    "fee_rate": 0.07,
    "strike_price": 64196.60751436136,
    "btc_at_scalp": 64180.36,
    "btc_at_expiry": 64207.252770915955,
    "chainlink_price_to_beat": 64198.27415091433,
    "chainlink_final_price": 64207.252770915955,
    "flow_score": 0.3005,
    "spot_flow_signal": 0.02526968375958189,
    "regime": "unknown",
    "btc_distance_atr": -0.59,
    "coinbase_cvd_60s": 0.1884,
    "coinbase_taker_60s": 0.5639,
    "coinbase_taker_n": 190,
    "cross_venue_gap": -77.63,
    "fast_realized_vol_60s": 6e-05
  }
}