{
  "position_id": 6027,
  "market_id": "btc-updown-5m-1781995800",
  "side": "Up",
  "timestamp": "2026-06-20T23:01:14.892630+00:00",
  "actual": {
    "exit_reason": "hold",
    "exit_price": 1.0,
    "pnl": 2.703625,
    "gain_pct": 0.343973
  },
  "counterfactual": {
    "exit_reason": "hypothetical_scalp",
    "exit_price": 0.86,
    "pnl": 1.135687,
    "gain_pct": 0.144489
  },
  "delta_pnl": 1.567938,
  "hold_was_optimal": true,
  "context_at_worst_moment": {
    "holding_edge": -0.7790473448829063,
    "model_prob": 0.08095265511709375,
    "market_price": 0.86,
    "seconds_remaining": 7.246463,
    "exit_threshold_used": -0.1,
    "strike_price": 64207.056772970434,
    "btc_at_worst": 64197.99,
    "flow_score": -0.3766,
    "spot_flow_signal": -0.2867538250733568,
    "regime": "unknown",
    "btc_distance_atr": -0.373,
    "worst_at": 1781996092.7539783,
    "coinbase_cvd_60s": -4.9767,
    "coinbase_taker_60s": 0.0222,
    "coinbase_taker_n": 188,
    "cross_venue_gap": -79.15,
    "fast_realized_vol_60s": 4.2e-05
  }
}