{
  "position_id": 6071,
  "market_id": "btc-updown-5m-1782006300",
  "side": "Up",
  "timestamp": "2026-06-21T01:59:58.111988+00:00",
  "actual": {
    "exit_reason": "scalp",
    "exit_price": 0.19999999999999998,
    "pnl": -3.319329,
    "gain_pct": -0.754393
  },
  "counterfactual": {
    "resolution_price": 1.0,
    "pnl": 1.43773,
    "gain_pct": 0.326757
  },
  "delta_pnl": 4.757059,
  "scalp_was_optimal": false,
  "context_at_scalp": {
    "holding_edge": -0.19742101775855941,
    "model_prob": 0.0025789822414406,
    "market_price": 0.2,
    "seconds_remaining": 2.131113,
    "exit_threshold_used": -0.1,
    "effective_exit_threshold": 0.25094434596074283,
    "loss_cut": true,
    "entry_price": 0.74,
    "fee_rate": 0.07,
    "strike_price": 64176.3833862633,
    "btc_at_scalp": 64165.5,
    "btc_at_expiry": 64178.00281042647,
    "chainlink_price_to_beat": 64176.3938412633,
    "chainlink_final_price": 64178.00281042647,
    "flow_score": -0.1463,
    "spot_flow_signal": -0.4189775407214289,
    "regime": "unknown",
    "btc_distance_atr": -0.505,
    "coinbase_cvd_60s": -10.2793,
    "coinbase_taker_60s": 0.0099,
    "coinbase_taker_n": 270,
    "cross_venue_gap": -88.51,
    "fast_realized_vol_60s": 5e-05
  }
}