{
  "position_id": 6077,
  "market_id": "btc-updown-5m-1782006900",
  "side": "Down",
  "timestamp": "2026-06-21T02:07:01.612901+00:00",
  "actual": {
    "exit_reason": "scalp",
    "exit_price": 0.58,
    "pnl": -0.645275,
    "gain_pct": -0.079762
  },
  "counterfactual": {
    "resolution_price": 1.0,
    "pnl": 4.810234,
    "gain_pct": 0.59459
  },
  "delta_pnl": 5.455509,
  "scalp_was_optimal": false,
  "context_at_scalp": {
    "holding_edge": -0.06426698588684221,
    "model_prob": 0.5157330141131578,
    "market_price": 0.58,
    "seconds_remaining": 37.534054,
    "exit_threshold_used": -0.1,
    "effective_exit_threshold": -0.05176235363629137,
    "loss_cut": false,
    "entry_price": 0.61,
    "fee_rate": 0.07,
    "strike_price": 64176.71293494588,
    "btc_at_scalp": 64176.47,
    "btc_at_expiry": 64169.91484931375,
    "chainlink_price_to_beat": 64179.07261139167,
    "chainlink_final_price": 64169.91484931375,
    "flow_score": -0.4727,
    "spot_flow_signal": -0.08757656207832831,
    "regime": "unknown",
    "btc_distance_atr": -0.02,
    "coinbase_cvd_60s": 0.0443,
    "coinbase_taker_60s": 0.5966,
    "coinbase_taker_n": 133,
    "cross_venue_gap": -83.78,
    "fast_realized_vol_60s": 3.1e-05
  }
}