{
  "position_id": 6082,
  "market_id": "btc-updown-5m-1782007500",
  "side": "Down",
  "timestamp": "2026-06-21T02:12:15.260305+00:00",
  "actual": {
    "exit_reason": "hold",
    "exit_price": 1.0,
    "pnl": 3.668186,
    "gain_pct": 0.730714
  },
  "counterfactual": {
    "exit_reason": "hypothetical_scalp",
    "exit_price": 0.92,
    "pnl": 2.928369,
    "gain_pct": 0.583341
  },
  "delta_pnl": 0.739816,
  "hold_was_optimal": true,
  "context_at_worst_moment": {
    "holding_edge": -0.9184735999807084,
    "model_prob": 0.0015264000192916072,
    "market_price": 0.92,
    "seconds_remaining": 0.229269,
    "exit_threshold_used": -0.1,
    "strike_price": 64181.01125147144,
    "btc_at_worst": 64184.73,
    "flow_score": 0.1752,
    "spot_flow_signal": 0.570547405569515,
    "regime": "unknown",
    "btc_distance_atr": 0.305,
    "worst_at": 1782007799.7714164,
    "coinbase_cvd_60s": 11.7049,
    "coinbase_taker_60s": 0.9385,
    "coinbase_taker_n": 405,
    "cross_venue_gap": -70.54,
    "fast_realized_vol_60s": 5.2e-05
  }
}