{
  "position_id": 6087,
  "market_id": "btc-updown-5m-1782009000",
  "side": "Up",
  "timestamp": "2026-06-21T02:38:30.180401+00:00",
  "actual": {
    "exit_reason": "hold",
    "exit_price": 1.0,
    "pnl": 2.92485,
    "gain_pct": 0.2325
  },
  "counterfactual": {
    "exit_reason": "hypothetical_scalp",
    "exit_price": 0.95,
    "pnl": 2.098054,
    "gain_pct": 0.166777
  },
  "delta_pnl": 0.826796,
  "hold_was_optimal": true,
  "context_at_worst_moment": {
    "holding_edge": 0.008791445049684987,
    "model_prob": 0.9587914450496849,
    "market_price": 0.95,
    "seconds_remaining": 11.645946,
    "exit_threshold_used": -0.1,
    "strike_price": 64151.45711735154,
    "btc_at_worst": 64157.0,
    "flow_score": -0.5531,
    "spot_flow_signal": 0.09590685526267206,
    "regime": "unknown",
    "btc_distance_atr": 0.861,
    "worst_at": 1782009288.3552194,
    "coinbase_cvd_60s": 0.2426,
    "coinbase_taker_60s": 0.7249,
    "coinbase_taker_n": 129,
    "cross_venue_gap": -81.99,
    "fast_realized_vol_60s": 1.9e-05
  }
}