{
  "position_id": 6088,
  "market_id": "btc-updown-5m-1782009300",
  "side": "Up",
  "timestamp": "2026-06-21T02:48:41.489377+00:00",
  "actual": {
    "exit_reason": "scalp",
    "exit_price": 0.23999999999999996,
    "pnl": -2.353733,
    "gain_pct": -0.650203
  },
  "counterfactual": {
    "resolution_price": 0.0,
    "pnl": -3.62,
    "gain_pct": -1.0
  },
  "delta_pnl": -1.266267,
  "scalp_was_optimal": true,
  "context_at_scalp": {
    "holding_edge": -0.20874609712080935,
    "model_prob": 0.03125390287919064,
    "market_price": 0.24,
    "seconds_remaining": 16.227598,
    "exit_threshold_used": -0.1,
    "effective_exit_threshold": 0.1803269971430767,
    "loss_cut": true,
    "entry_price": 0.62,
    "fee_rate": 0.07,
    "strike_price": 64166.69697956369,
    "btc_at_scalp": 64159.44,
    "btc_at_expiry": 64165.44023178264,
    "chainlink_price_to_beat": 64167.887395,
    "chainlink_final_price": 64165.44023178264,
    "flow_score": 0.1731,
    "spot_flow_signal": -0.22167594130330556,
    "regime": "unknown",
    "btc_distance_atr": -1.011,
    "coinbase_cvd_60s": -2.7999,
    "coinbase_taker_60s": 0.0534,
    "coinbase_taker_n": 141,
    "cross_venue_gap": -85.13,
    "fast_realized_vol_60s": 3e-05
  }
}