{
  "position_id": 6089,
  "market_id": "btc-updown-5m-1782009300",
  "side": "Down",
  "timestamp": "2026-06-21T02:43:34.496224+00:00",
  "actual": {
    "exit_reason": "hold",
    "exit_price": 1.0,
    "pnl": 5.450283,
    "gain_pct": 0.277792
  },
  "counterfactual": {
    "exit_reason": "hypothetical_scalp",
    "exit_price": 0.91,
    "pnl": 3.05023,
    "gain_pct": 0.155465
  },
  "delta_pnl": 2.400053,
  "hold_was_optimal": true,
  "context_at_worst_moment": {
    "holding_edge": 0.08994203569292358,
    "model_prob": 0.9999420356929236,
    "market_price": 0.91,
    "seconds_remaining": 1.110648,
    "exit_threshold_used": -0.1,
    "strike_price": 64166.69697956369,
    "btc_at_worst": 64158.02,
    "flow_score": 0.5451,
    "spot_flow_signal": -0.292336735057113,
    "regime": "unknown",
    "btc_distance_atr": -1.017,
    "worst_at": 1782009598.8904872,
    "coinbase_cvd_60s": -4.6094,
    "coinbase_taker_60s": 0.0319,
    "coinbase_taker_n": 152,
    "cross_venue_gap": -86.56,
    "fast_realized_vol_60s": 3.4e-05
  }
}