{
  "position_id": 6092,
  "market_id": "btc-updown-5m-1782009600",
  "side": "Down",
  "timestamp": "2026-06-21T02:48:37.894153+00:00",
  "actual": {
    "exit_reason": "hold",
    "exit_price": 1.0,
    "pnl": 1.516745,
    "gain_pct": 0.126818
  },
  "counterfactual": {
    "exit_reason": "hypothetical_scalp",
    "exit_price": 0.98,
    "pnl": 1.22872,
    "gain_pct": 0.102736
  },
  "delta_pnl": 0.288025,
  "hold_was_optimal": true,
  "context_at_worst_moment": {
    "holding_edge": 0.019995372832648073,
    "model_prob": 0.999995372832648,
    "market_price": 0.98,
    "seconds_remaining": 0.412911,
    "exit_threshold_used": -0.1,
    "strike_price": 64165.22651592473,
    "btc_at_worst": 64154.88,
    "flow_score": 0.5216,
    "spot_flow_signal": -0.39475541716943874,
    "regime": "unknown",
    "btc_distance_atr": -1.126,
    "worst_at": 1782009899.5886762,
    "coinbase_cvd_60s": -9.6143,
    "coinbase_taker_60s": 0.0552,
    "coinbase_taker_n": 338,
    "cross_venue_gap": -82.89,
    "fast_realized_vol_60s": 4e-05
  }
}