{
  "position_id": 6098,
  "market_id": "btc-updown-5m-1782011100",
  "side": "Down",
  "timestamp": "2026-06-21T03:15:46.078754+00:00",
  "actual": {
    "exit_reason": "scalp",
    "exit_price": 0.42,
    "pnl": -1.827683,
    "gain_pct": -0.264116
  },
  "counterfactual": {
    "resolution_price": 0.0,
    "pnl": -6.92,
    "gain_pct": -1.0
  },
  "delta_pnl": -5.092317,
  "scalp_was_optimal": true,
  "context_at_scalp": {
    "holding_edge": -0.0871751385935407,
    "model_prob": 0.3328248614064593,
    "market_price": 0.42,
    "seconds_remaining": 205.935248,
    "exit_threshold_used": -0.1,
    "effective_exit_threshold": -0.06892576254459797,
    "loss_cut": false,
    "entry_price": 0.55,
    "fee_rate": 0.07,
    "strike_price": 64169.37441,
    "btc_at_scalp": 64176.03,
    "btc_at_expiry": 64184.48733456704,
    "chainlink_price_to_beat": 64174.27286038965,
    "chainlink_final_price": 64184.48733456704,
    "flow_score": -0.4512,
    "spot_flow_signal": -0.11435782723436663,
    "regime": "unknown",
    "btc_distance_atr": 1.124,
    "coinbase_cvd_60s": -0.2181,
    "coinbase_taker_60s": 0.2327,
    "coinbase_taker_n": 131,
    "cross_venue_gap": -73.37,
    "fast_realized_vol_60s": 3.2e-05
  }
}