{
  "position_id": 6105,
  "market_id": "btc-updown-5m-1782012300",
  "side": "Down",
  "timestamp": "2026-06-21T03:34:48.487458+00:00",
  "actual": {
    "exit_reason": "hold",
    "exit_price": 1.0,
    "pnl": 4.544191,
    "gain_pct": 0.824717
  },
  "counterfactual": {
    "exit_reason": "hypothetical_scalp",
    "exit_price": 0.59,
    "pnl": 0.251725,
    "gain_pct": 0.045685
  },
  "delta_pnl": 4.292466,
  "hold_was_optimal": true,
  "context_at_worst_moment": {
    "holding_edge": -0.03156485715186064,
    "model_prob": 0.5584351428481393,
    "market_price": 0.59,
    "seconds_remaining": 66.151253,
    "exit_threshold_used": -0.1,
    "strike_price": 64342.02831441915,
    "btc_at_worst": 64339.36,
    "flow_score": -0.3233,
    "spot_flow_signal": 0.01661060827978011,
    "regime": "unknown",
    "btc_distance_atr": -0.1,
    "worst_at": 1782012533.8508887,
    "coinbase_cvd_60s": 0.1133,
    "coinbase_taker_60s": 0.5383,
    "coinbase_taker_n": 148,
    "cross_venue_gap": -80.59,
    "fast_realized_vol_60s": 3.1e-05
  }
}