{
  "position_id": 6179,
  "market_id": "btc-updown-5m-1778830800",
  "side": "Down",
  "timestamp": "2026-05-15T07:53:09.931782+00:00",
  "actual": {
    "exit_reason": "scalp",
    "exit_price": 0.62,
    "pnl": 0.389874,
    "gain_pct": 0.053628
  },
  "counterfactual": {
    "resolution_price": 0.0,
    "pnl": -7.27,
    "gain_pct": -1.0
  },
  "delta_pnl": -7.659874,
  "scalp_was_optimal": true,
  "context_at_scalp": {
    "holding_edge": -0.065312610222926,
    "model_prob": 0.554687389777074,
    "market_price": 0.62,
    "seconds_remaining": 233.082347,
    "exit_threshold_used": -0.07,
    "strike_price": 80782.11479777936,
    "btc_at_scalp": 80777.63,
    "btc_at_expiry": 80807.0622681256,
    "chainlink_price_to_beat": 80783.69767249262,
    "chainlink_final_price": 80807.0622681256,
    "flow_score": 0.0221,
    "spot_flow_signal": -6.776263578034403e-14,
    "regime": "neutral",
    "btc_distance_atr": -0.302
  }
}