{
  "position_id": 6182,
  "market_id": "btc-updown-5m-1778831100",
  "side": "Down",
  "timestamp": "2026-05-15T07:58:10.425966+00:00",
  "actual": {
    "exit_reason": "scalp",
    "exit_price": 0.69,
    "pnl": -0.417128,
    "gain_pct": -0.051817
  },
  "counterfactual": {
    "resolution_price": 0.0,
    "pnl": -8.05,
    "gain_pct": -1.0
  },
  "delta_pnl": -7.632872,
  "scalp_was_optimal": true,
  "context_at_scalp": {
    "holding_edge": -0.08759936264786328,
    "model_prob": 0.6024006373521367,
    "market_price": 0.69,
    "seconds_remaining": 255.672789,
    "exit_threshold_used": -0.07,
    "strike_price": 80810.0917971767,
    "btc_at_scalp": 80800.18,
    "btc_at_expiry": 80830.73738286489,
    "chainlink_price_to_beat": 80807.0622681256,
    "chainlink_final_price": 80830.73738286489,
    "flow_score": 0.1923,
    "spot_flow_signal": 0.7812319830088901,
    "regime": "neutral",
    "btc_distance_atr": -0.731
  }
}