{
  "position_id": 6201,
  "market_id": "btc-updown-5m-1778836500",
  "side": "Up",
  "timestamp": "2026-05-15T09:27:50.880685+00:00",
  "actual": {
    "exit_reason": "scalp",
    "exit_price": 0.45,
    "pnl": -0.127472,
    "gain_pct": -0.019702
  },
  "counterfactual": {
    "resolution_price": 0.0,
    "pnl": -6.47,
    "gain_pct": -1.0
  },
  "delta_pnl": -6.342528,
  "scalp_was_optimal": true,
  "context_at_scalp": {
    "holding_edge": -0.06667910439819735,
    "model_prob": 0.38332089560180266,
    "market_price": 0.45,
    "seconds_remaining": 266.385622,
    "exit_threshold_used": -0.07,
    "strike_price": 80563.435761081,
    "btc_at_scalp": 80552.57,
    "btc_at_expiry": 80509.735148421,
    "chainlink_price_to_beat": 80563.49180824806,
    "chainlink_final_price": 80509.735148421,
    "flow_score": 0.0445,
    "spot_flow_signal": -2.0816681711721685e-12,
    "regime": "neutral",
    "btc_distance_atr": -0.595
  }
}