{
  "position_id": 6208,
  "market_id": "btc-updown-5m-1778838600",
  "side": "Down",
  "timestamp": "2026-05-15T10:01:54.151361+00:00",
  "actual": {
    "exit_reason": "scalp",
    "exit_price": 0.91,
    "pnl": 0.18813,
    "gain_pct": 0.018794
  },
  "counterfactual": {
    "resolution_price": 1.0,
    "pnl": 1.214921,
    "gain_pct": 0.121371
  },
  "delta_pnl": 1.026791,
  "scalp_was_optimal": false,
  "context_at_scalp": {
    "holding_edge": -0.16590724082362918,
    "model_prob": 0.7440927591763709,
    "market_price": 0.91,
    "seconds_remaining": 179.465248,
    "exit_threshold_used": -0.07,
    "strike_price": 80423.68704681665,
    "btc_at_scalp": 80411.68,
    "btc_at_expiry": 80388.07704585486,
    "chainlink_price_to_beat": 80420.41986483334,
    "chainlink_final_price": 80388.07704585486,
    "flow_score": -0.0495,
    "spot_flow_signal": -6.505213034913027e-14,
    "regime": "trending_down",
    "btc_distance_atr": -1.006
  }
}