{
  "position_id": 6210,
  "market_id": "btc-updown-5m-1778838900",
  "side": "Up",
  "timestamp": "2026-05-15T10:07:24.441348+00:00",
  "actual": {
    "exit_reason": "scalp",
    "exit_price": 0.51,
    "pnl": -0.134175,
    "gain_pct": -0.017562
  },
  "counterfactual": {
    "resolution_price": 1.0,
    "pnl": 7.208265,
    "gain_pct": 0.94349
  },
  "delta_pnl": 7.34244,
  "scalp_was_optimal": false,
  "context_at_scalp": {
    "holding_edge": -0.15093157713208638,
    "model_prob": 0.35906842286791363,
    "market_price": 0.51,
    "seconds_remaining": 250.438548,
    "exit_threshold_used": -0.07,
    "strike_price": 80385.14881688466,
    "btc_at_scalp": 80380.12,
    "btc_at_expiry": 80478.46717299502,
    "chainlink_price_to_beat": 80388.07704585486,
    "chainlink_final_price": 80478.46717299502,
    "flow_score": -0.1537,
    "spot_flow_signal": -0.7960438029493844,
    "regime": "trending_down",
    "btc_distance_atr": -0.426
  }
}