{
  "position_id": 6212,
  "market_id": "btc-updown-5m-1778839200",
  "side": "Down",
  "timestamp": "2026-05-15T10:12:25.042775+00:00",
  "actual": {
    "exit_reason": "scalp",
    "exit_price": 0.7199,
    "pnl": -3.779418,
    "gain_pct": -0.123591
  },
  "counterfactual": {
    "resolution_price": 1.0,
    "pnl": 6.836849,
    "gain_pct": 0.223573
  },
  "delta_pnl": 10.616267,
  "scalp_was_optimal": false,
  "context_at_scalp": {
    "holding_edge": -0.09983758590237368,
    "model_prob": 0.6201624140976263,
    "market_price": 0.72,
    "seconds_remaining": 180.616597,
    "exit_threshold_used": -0.07,
    "strike_price": 80478.98819033093,
    "btc_at_scalp": 80472.01,
    "btc_at_expiry": 80467.78330007597,
    "chainlink_price_to_beat": 80478.46717299502,
    "chainlink_final_price": 80467.78330007597,
    "flow_score": -0.0909,
    "spot_flow_signal": 0.377220154401587,
    "regime": "neutral",
    "btc_distance_atr": -0.629
  }
}