{
  "position_id": 6216,
  "market_id": "btc-updown-5m-1778839500",
  "side": "Up",
  "timestamp": "2026-05-15T10:12:33.027986+00:00",
  "actual": {
    "exit_reason": "hold",
    "exit_price": 1.0,
    "pnl": 9.383129,
    "gain_pct": 1.413122
  },
  "counterfactual": {
    "exit_reason": "hypothetical_scalp",
    "exit_price": 0.99,
    "pnl": 9.220043,
    "gain_pct": 1.388561
  },
  "delta_pnl": 0.163087,
  "hold_was_optimal": true,
  "context_at_worst_moment": {
    "holding_edge": -0.032095791924328654,
    "model_prob": 0.9579042080756713,
    "market_price": 0.99,
    "seconds_remaining": 69.220793,
    "exit_threshold_used": -0.07,
    "strike_price": 80467.60087740335,
    "btc_at_worst": 80552.53,
    "flow_score": 0.2858,
    "spot_flow_signal": -4.163336342344337e-12,
    "regime": "neutral",
    "btc_distance_atr": 4.109,
    "worst_at": 1778839730.7797883
  }
}