{
  "position_id": 6223,
  "market_id": "btc-updown-5m-1778840700",
  "side": "Up",
  "timestamp": "2026-05-15T10:37:56.218085+00:00",
  "actual": {
    "exit_reason": "scalp",
    "exit_price": 0.52,
    "pnl": -1.426758,
    "gain_pct": -0.117914
  },
  "counterfactual": {
    "resolution_price": 0.0,
    "pnl": -12.1,
    "gain_pct": -1.0
  },
  "delta_pnl": -10.673242,
  "scalp_was_optimal": true,
  "context_at_scalp": {
    "holding_edge": -0.06897563783553168,
    "model_prob": 0.45102436216446834,
    "market_price": 0.52,
    "seconds_remaining": 226.822015,
    "exit_threshold_used": -0.07,
    "strike_price": 80539.11904902883,
    "btc_at_scalp": 80535.84,
    "btc_at_expiry": 80503.46223817355,
    "chainlink_price_to_beat": 80538.59889140098,
    "chainlink_final_price": 80503.46223817355,
    "flow_score": -0.1445,
    "spot_flow_signal": 1.0408340855860843e-12,
    "regime": "neutral",
    "btc_distance_atr": -0.271
  }
}