{
  "position_id": 6237,
  "market_id": "btc-updown-5m-1778842500",
  "side": "Down",
  "timestamp": "2026-05-15T11:08:29.444681+00:00",
  "actual": {
    "exit_reason": "scalp",
    "exit_price": 0.74,
    "pnl": -0.080308,
    "gain_pct": -0.009338
  },
  "counterfactual": {
    "resolution_price": 1.0,
    "pnl": 2.967232,
    "gain_pct": 0.345027
  },
  "delta_pnl": 3.04754,
  "scalp_was_optimal": false,
  "context_at_scalp": {
    "holding_edge": -0.4048539280954503,
    "model_prob": 0.3351460719045497,
    "market_price": 0.74,
    "seconds_remaining": 145.700693,
    "exit_threshold_used": -0.07,
    "strike_price": 80733.90335,
    "btc_at_scalp": 80742.01,
    "btc_at_expiry": 80702.28,
    "chainlink_price_to_beat": 80732.48697787826,
    "chainlink_final_price": 80702.28,
    "flow_score": -0.2374,
    "spot_flow_signal": 2.7755575615628914e-10,
    "regime": "neutral",
    "btc_distance_atr": 0.544
  }
}