{
  "position_id": 6259,
  "market_id": "btc-updown-5m-1778846400",
  "side": "Up",
  "timestamp": "2026-05-15T12:14:07.778899+00:00",
  "actual": {
    "exit_reason": "scalp",
    "exit_price": 0.44,
    "pnl": -0.838023,
    "gain_pct": -0.153484
  },
  "counterfactual": {
    "resolution_price": 0.0,
    "pnl": -5.46,
    "gain_pct": -1.0
  },
  "delta_pnl": -4.621977,
  "scalp_was_optimal": true,
  "context_at_scalp": {
    "holding_edge": -0.07705685423435349,
    "model_prob": 0.3629431457656465,
    "market_price": 0.44,
    "seconds_remaining": 221.040274,
    "exit_threshold_used": -0.07,
    "strike_price": 80607.31911525482,
    "btc_at_scalp": 80600.37,
    "btc_at_expiry": 80507.291873552,
    "chainlink_price_to_beat": 80610.96423041089,
    "chainlink_final_price": 80507.291873552,
    "flow_score": -0.0461,
    "spot_flow_signal": 6.661338147750939e-11,
    "regime": "neutral",
    "btc_distance_atr": -1.292
  }
}