{
  "position_id": 6260,
  "market_id": "btc-updown-5m-1778846400",
  "side": "Down",
  "timestamp": "2026-05-15T12:14:07.805201+00:00",
  "actual": {
    "exit_reason": "scalp",
    "exit_price": 0.93,
    "pnl": 7.421633,
    "gain_pct": 0.378076
  },
  "counterfactual": {
    "resolution_price": 1.0,
    "pnl": 9.494475,
    "gain_pct": 0.483672
  },
  "delta_pnl": 2.072841,
  "scalp_was_optimal": false,
  "context_at_scalp": {
    "holding_edge": -0.8879042080756714,
    "model_prob": 0.04209579192432866,
    "market_price": 0.93,
    "seconds_remaining": 175.228303,
    "exit_threshold_used": -0.07,
    "strike_price": 80607.31911525482,
    "btc_at_scalp": 80678.73,
    "btc_at_expiry": 80507.291873552,
    "chainlink_price_to_beat": 80610.96423041089,
    "chainlink_final_price": 80507.291873552,
    "flow_score": -0.3028,
    "spot_flow_signal": 6.661338147750939e-11,
    "regime": "neutral",
    "btc_distance_atr": 15.49
  }
}