{
  "position_id": 6261,
  "market_id": "btc-updown-5m-1778846700",
  "side": "Up",
  "timestamp": "2026-05-15T12:19:39.087202+00:00",
  "actual": {
    "exit_reason": "scalp",
    "exit_price": 0.5,
    "pnl": -0.523041,
    "gain_pct": -0.055348
  },
  "counterfactual": {
    "resolution_price": 1.0,
    "pnl": 8.566062,
    "gain_pct": 0.906462
  },
  "delta_pnl": 9.089103,
  "scalp_was_optimal": false,
  "context_at_scalp": {
    "holding_edge": -0.07923459057289955,
    "model_prob": 0.42076540942710045,
    "market_price": 0.5,
    "seconds_remaining": 294.115916,
    "exit_threshold_used": -0.07,
    "strike_price": 80504.35733750425,
    "btc_at_scalp": 80496.47,
    "btc_at_expiry": 80575.80114125094,
    "chainlink_price_to_beat": 80507.291873552,
    "chainlink_final_price": 80575.80114125094,
    "flow_score": -0.0287,
    "spot_flow_signal": -0.024527892064930078,
    "regime": "volatile",
    "btc_distance_atr": -0.462
  }
}