{
  "position_id": 6263,
  "market_id": "btc-updown-5m-1778846700",
  "side": "Down",
  "timestamp": "2026-05-15T12:19:39.138270+00:00",
  "actual": {
    "exit_reason": "scalp",
    "exit_price": 0.65,
    "pnl": 0.875217,
    "gain_pct": 0.186216
  },
  "counterfactual": {
    "resolution_price": 0.0,
    "pnl": -4.7,
    "gain_pct": -1.0
  },
  "delta_pnl": -5.575217,
  "scalp_was_optimal": true,
  "context_at_scalp": {
    "holding_edge": -0.06994663885850494,
    "model_prob": 0.5800533611414951,
    "market_price": 0.65,
    "seconds_remaining": 274.916936,
    "exit_threshold_used": -0.07,
    "strike_price": 80504.35733750425,
    "btc_at_scalp": 80496.41,
    "btc_at_expiry": 80575.80114125094,
    "chainlink_price_to_beat": 80507.291873552,
    "chainlink_final_price": 80575.80114125094,
    "flow_score": 0.081,
    "spot_flow_signal": -5.421010862427522e-13,
    "regime": "volatile",
    "btc_distance_atr": -0.465
  }
}