{
  "position_id": 6276,
  "market_id": "btc-updown-5m-1778852100",
  "side": "Down",
  "timestamp": "2026-05-15T13:48:56.807635+00:00",
  "actual": {
    "exit_reason": "scalp",
    "exit_price": 0.66,
    "pnl": 1.49457,
    "gain_pct": 0.300114
  },
  "counterfactual": {
    "resolution_price": 1.0,
    "pnl": 4.89036,
    "gain_pct": 0.982
  },
  "delta_pnl": 3.39579,
  "scalp_was_optimal": false,
  "context_at_scalp": {
    "holding_edge": -0.08179527380845264,
    "model_prob": 0.5782047261915474,
    "market_price": 0.66,
    "seconds_remaining": 281.62135,
    "exit_threshold_used": -0.07,
    "strike_price": 79676.5782678916,
    "btc_at_scalp": 79638.01,
    "btc_at_expiry": 79289.50644204533,
    "chainlink_price_to_beat": 79687.12242,
    "chainlink_final_price": 79289.50644204533,
    "flow_score": -0.0378,
    "spot_flow_signal": -0.0003560007438178673,
    "regime": "volatile",
    "btc_distance_atr": -0.442
  }
}