{
  "position_id": 6277,
  "market_id": "btc-updown-5m-1778852100",
  "side": "Down",
  "timestamp": "2026-05-15T13:48:56.837634+00:00",
  "actual": {
    "exit_reason": "scalp",
    "exit_price": 0.77,
    "pnl": 1.536728,
    "gain_pct": 0.172279
  },
  "counterfactual": {
    "resolution_price": 1.0,
    "pnl": 4.716622,
    "gain_pct": 0.528769
  },
  "delta_pnl": 3.179894,
  "scalp_was_optimal": false,
  "context_at_scalp": {
    "holding_edge": -0.0916067938693742,
    "model_prob": 0.6683932061306258,
    "market_price": 0.76,
    "seconds_remaining": 231.665423,
    "exit_threshold_used": -0.07,
    "strike_price": 79676.5782678916,
    "btc_at_scalp": 79618.01,
    "btc_at_expiry": 79289.50644204533,
    "chainlink_price_to_beat": 79687.12242,
    "chainlink_final_price": 79289.50644204533,
    "flow_score": -0.0991,
    "spot_flow_signal": -0.039043410174714466,
    "regime": "volatile",
    "btc_distance_atr": -0.784
  }
}