{
  "position_id": 6278,
  "market_id": "btc-updown-5m-1778852700",
  "side": "Down",
  "timestamp": "2026-05-15T13:56:58.145135+00:00",
  "actual": {
    "exit_reason": "scalp",
    "exit_price": 0.54,
    "pnl": 0.755213,
    "gain_pct": 0.152877
  },
  "counterfactual": {
    "resolution_price": 1.0,
    "pnl": 5.694746,
    "gain_pct": 1.152783
  },
  "delta_pnl": 4.939533,
  "scalp_was_optimal": false,
  "context_at_scalp": {
    "holding_edge": -0.06481608438277597,
    "model_prob": 0.47518391561722406,
    "market_price": 0.54,
    "seconds_remaining": 265.60048,
    "exit_threshold_used": -0.07,
    "strike_price": 79113.62950404447,
    "btc_at_scalp": 79116.58,
    "btc_at_expiry": 79085.12917511856,
    "chainlink_price_to_beat": 79108.24914344412,
    "chainlink_final_price": 79085.12917511856,
    "flow_score": -0.0335,
    "spot_flow_signal": 0.004101255240591776,
    "regime": "volatile",
    "btc_distance_atr": 0.027
  }
}