{
  "position_id": 628,
  "market_id": "btc-updown-5m-1780144800",
  "side": "Up",
  "timestamp": "2026-05-30T12:47:34.416171+00:00",
  "actual": {
    "exit_reason": "hold",
    "exit_price": 0.0,
    "pnl": -1.0,
    "gain_pct": -1.0
  },
  "counterfactual": {
    "exit_reason": "hypothetical_scalp",
    "exit_price": 0.49,
    "pnl": 0.077762,
    "gain_pct": 0.068212
  },
  "delta_pnl": -1.077762,
  "hold_was_optimal": false,
  "context_at_worst_moment": {
    "holding_edge": -0.04410232529007513,
    "model_prob": 0.44589767470992486,
    "market_price": 0.49,
    "seconds_remaining": 278.902459,
    "exit_threshold_used": -0.1,
    "strike_price": 73567.78260755088,
    "btc_at_worst": 73563.66,
    "flow_score": -0.1761,
    "spot_flow_signal": 0.358550149617191,
    "regime": "neutral",
    "btc_distance_atr": -0.553,
    "worst_at": 1780144821.0978382,
    "coinbase_cvd_60s": 8.5715,
    "coinbase_taker_60s": 0.84,
    "coinbase_taker_n": 571
  }
}