{
  "position_id": 6375,
  "market_id": "btc-updown-5m-1782102900",
  "side": "Down",
  "timestamp": "2026-06-22T04:47:48.111122+00:00",
  "actual": {
    "exit_reason": "scalp",
    "exit_price": 0.74,
    "pnl": 3.822046,
    "gain_pct": 0.323902
  },
  "counterfactual": {
    "resolution_price": 0.0,
    "pnl": -11.8,
    "gain_pct": -1.0
  },
  "delta_pnl": -15.622046,
  "scalp_was_optimal": true,
  "context_at_scalp": {
    "holding_edge": -0.17949917417055272,
    "model_prob": 0.6005008258294473,
    "market_price": 0.78,
    "seconds_remaining": 1.483263,
    "exit_threshold_used": -0.1,
    "effective_exit_threshold": -0.09175362099084433,
    "loss_cut": false,
    "entry_price": 0.52,
    "fee_rate": 0.07,
    "strike_price": 63928.934868975586,
    "btc_at_scalp": 63928.31,
    "btc_at_expiry": 63929.3717395983,
    "chainlink_price_to_beat": 63928.96261627264,
    "chainlink_final_price": 63929.3717395983,
    "flow_score": 0.2453,
    "spot_flow_signal": -0.11064359301526051,
    "regime": "unknown",
    "btc_distance_atr": -0.022,
    "coinbase_cvd_60s": -0.5402,
    "coinbase_taker_60s": 0.2739,
    "coinbase_taker_n": 276,
    "cross_venue_gap": -79.01,
    "fast_realized_vol_60s": 6e-05
  }
}