{
  "position_id": 6400,
  "market_id": "btc-updown-5m-1782106500",
  "side": "Up",
  "timestamp": "2026-06-22T05:45:56.293278+00:00",
  "actual": {
    "exit_reason": "hold",
    "exit_price": 1.0,
    "pnl": 22.369735,
    "gain_pct": 1.091739
  },
  "counterfactual": {
    "exit_reason": "hypothetical_scalp",
    "exit_price": 0.88,
    "pnl": 16.909747,
    "gain_pct": 0.825268
  },
  "delta_pnl": 5.459987,
  "hold_was_optimal": true,
  "context_at_worst_moment": {
    "holding_edge": 0.11992398858756015,
    "model_prob": 0.9999239885875602,
    "market_price": 0.88,
    "seconds_remaining": 0.00393,
    "exit_threshold_used": -0.1,
    "strike_price": 64147.47931,
    "btc_at_worst": 64165.95,
    "flow_score": -0.3732,
    "spot_flow_signal": -0.4074204329584587,
    "regime": "unknown",
    "btc_distance_atr": 0.584,
    "worst_at": 1782106799.9971433,
    "coinbase_cvd_60s": -9.7294,
    "coinbase_taker_60s": 0.1536,
    "coinbase_taker_n": 645,
    "cross_venue_gap": -72.05,
    "fast_realized_vol_60s": 8.5e-05
  }
}