{
  "position_id": 6401,
  "market_id": "btc-updown-5m-1782106800",
  "side": "Up",
  "timestamp": "2026-06-22T05:50:58.677613+00:00",
  "actual": {
    "exit_reason": "hold",
    "exit_price": 1.0,
    "pnl": 23.075957,
    "gain_pct": 0.730714
  },
  "counterfactual": {
    "exit_reason": "hypothetical_scalp",
    "exit_price": 0.94,
    "pnl": 19.580818,
    "gain_pct": 0.620039
  },
  "delta_pnl": 3.495139,
  "hold_was_optimal": true,
  "context_at_worst_moment": {
    "holding_edge": 0.004299156538336124,
    "model_prob": 0.9442991565383361,
    "market_price": 0.94,
    "seconds_remaining": 193.739585,
    "exit_threshold_used": -0.1,
    "strike_price": 64164.96394,
    "btc_at_worst": 64241.1,
    "flow_score": -0.4023,
    "spot_flow_signal": 0.21361535060525533,
    "regime": "unknown",
    "btc_distance_atr": 2.096,
    "worst_at": 1782106906.2623594,
    "coinbase_cvd_60s": 2.9311,
    "coinbase_taker_60s": 0.8512,
    "coinbase_taker_n": 1146,
    "cross_venue_gap": -86.91,
    "fast_realized_vol_60s": 5.4e-05
  }
}