{
  "position_id": 6406,
  "market_id": "btc-updown-5m-1782107700",
  "side": "Down",
  "timestamp": "2026-06-22T06:05:41.486373+00:00",
  "actual": {
    "exit_reason": "scalp",
    "exit_price": 0.19,
    "pnl": -20.038855,
    "gain_pct": -0.568156
  },
  "counterfactual": {
    "resolution_price": 0.0,
    "pnl": -35.27,
    "gain_pct": -1.0
  },
  "delta_pnl": -15.231145,
  "scalp_was_optimal": true,
  "context_at_scalp": {
    "holding_edge": -0.053922420817435424,
    "model_prob": 0.13607757918256458,
    "market_price": 0.19,
    "seconds_remaining": 116.293695,
    "exit_threshold_used": -0.1,
    "effective_exit_threshold": -0.02421946865053793,
    "loss_cut": false,
    "entry_price": 0.42,
    "fee_rate": 0.07,
    "strike_price": 64128.29012653507,
    "btc_at_scalp": 64141.3,
    "btc_at_expiry": 64165.809642782006,
    "chainlink_price_to_beat": 64127.50623633542,
    "chainlink_final_price": 64165.809642782006,
    "flow_score": -0.2616,
    "spot_flow_signal": 0.26775520596780467,
    "regime": "unknown",
    "btc_distance_atr": 0.895,
    "coinbase_cvd_60s": 1.4008,
    "coinbase_taker_60s": 0.9897,
    "coinbase_taker_n": 802,
    "cross_venue_gap": -84.69,
    "fast_realized_vol_60s": 2.8e-05
  }
}