{
  "position_id": 6427,
  "market_id": "btc-updown-5m-1782110700",
  "side": "Up",
  "timestamp": "2026-06-22T06:55:41.863530+00:00",
  "actual": {
    "exit_reason": "scalp",
    "exit_price": 0.26961273152362153,
    "pnl": -47.115085,
    "gain_pct": -0.679479
  },
  "counterfactual": {
    "resolution_price": 0.0,
    "pnl": -69.34,
    "gain_pct": -1.0
  },
  "delta_pnl": -22.224915,
  "scalp_was_optimal": true,
  "context_at_scalp": {
    "holding_edge": -0.18215888268138836,
    "model_prob": 0.09784111731861168,
    "market_price": 0.28,
    "seconds_remaining": 89.997864,
    "exit_threshold_used": -0.1,
    "effective_exit_threshold": 0.011661149377379415,
    "loss_cut": true,
    "entry_price": 0.77,
    "fee_rate": 0.07,
    "strike_price": 63944.13766736889,
    "btc_at_scalp": 63917.96,
    "btc_at_expiry": 63928.08877540293,
    "chainlink_price_to_beat": 63936.81056759308,
    "chainlink_final_price": 63928.08877540293,
    "flow_score": -0.1157,
    "spot_flow_signal": 0.08500941045429321,
    "regime": "unknown",
    "btc_distance_atr": -1.1,
    "coinbase_cvd_60s": 0.2248,
    "coinbase_taker_60s": 0.6954,
    "coinbase_taker_n": 194,
    "cross_venue_gap": -91.07,
    "fast_realized_vol_60s": 5.4e-05
  }
}