{
  "position_id": 6432,
  "market_id": "btc-updown-5m-1782111300",
  "side": "Up",
  "timestamp": "2026-06-22T07:08:44.609352+00:00",
  "actual": {
    "exit_reason": "scalp",
    "exit_price": 0.8419494313014961,
    "pnl": 0.596411,
    "gain_pct": 0.006211
  },
  "counterfactual": {
    "resolution_price": 0.0,
    "pnl": -96.03,
    "gain_pct": -1.0
  },
  "delta_pnl": -96.626411,
  "scalp_was_optimal": true,
  "context_at_scalp": {
    "holding_edge": -0.18361908955201378,
    "model_prob": 0.6763809104479862,
    "market_price": 0.86,
    "seconds_remaining": 3.820624,
    "exit_threshold_used": -0.1,
    "effective_exit_threshold": -0.11651796345952388,
    "loss_cut": false,
    "entry_price": 0.8,
    "fee_rate": 0.07,
    "strike_price": 63923.14234003761,
    "btc_at_scalp": 63924.55,
    "btc_at_expiry": 63914.44699752947,
    "chainlink_price_to_beat": 63923.951310037606,
    "chainlink_final_price": 63914.44699752947,
    "flow_score": -0.3576,
    "spot_flow_signal": -0.44502809571238444,
    "regime": "unknown",
    "btc_distance_atr": 0.07,
    "coinbase_cvd_60s": -9.1568,
    "coinbase_taker_60s": 0.0101,
    "coinbase_taker_n": 222,
    "cross_venue_gap": -84.56,
    "fast_realized_vol_60s": 2.5e-05
  }
}