{
  "position_id": 6463,
  "market_id": "btc-updown-5m-1782115800",
  "side": "Down",
  "timestamp": "2026-06-22T08:20:48.741976+00:00",
  "actual": {
    "exit_reason": "scalp",
    "exit_price": 0.87,
    "pnl": 28.382035,
    "gain_pct": 0.524331
  },
  "counterfactual": {
    "resolution_price": 0.0,
    "pnl": -54.13,
    "gain_pct": -1.0
  },
  "delta_pnl": -82.512035,
  "scalp_was_optimal": true,
  "context_at_scalp": {
    "holding_edge": -0.1312941292798172,
    "model_prob": 0.7387058707201828,
    "market_price": 0.87,
    "seconds_remaining": 20.03185,
    "exit_threshold_used": -0.1,
    "effective_exit_threshold": -0.11628474251611834,
    "loss_cut": false,
    "entry_price": 0.55,
    "fee_rate": 0.07,
    "strike_price": 64197.05516955944,
    "btc_at_scalp": 64191.06,
    "btc_at_expiry": 64241.58368206848,
    "chainlink_price_to_beat": 64196.143333468106,
    "chainlink_final_price": 64241.58368206848,
    "flow_score": -0.1653,
    "spot_flow_signal": 0.22602335023009723,
    "regime": "unknown",
    "btc_distance_atr": -0.184,
    "coinbase_cvd_60s": 1.865,
    "coinbase_taker_60s": 0.9703,
    "coinbase_taker_n": 159,
    "cross_venue_gap": -81.34,
    "fast_realized_vol_60s": 6e-05
  }
}