{
  "position_id": 6483,
  "market_id": "btc-updown-5m-1782118800",
  "side": "Down",
  "timestamp": "2026-06-22T09:10:24.345599+00:00",
  "actual": {
    "exit_reason": "scalp",
    "exit_price": 0.3,
    "pnl": -54.142159,
    "gain_pct": -0.55202
  },
  "counterfactual": {
    "resolution_price": 0.0,
    "pnl": -98.08,
    "gain_pct": -1.0
  },
  "delta_pnl": -43.937841,
  "scalp_was_optimal": true,
  "context_at_scalp": {
    "holding_edge": -0.06586845500778865,
    "model_prob": 0.22413154499221133,
    "market_price": 0.29,
    "seconds_remaining": 112.337657,
    "exit_threshold_used": -0.1,
    "effective_exit_threshold": -0.029393720968456667,
    "loss_cut": false,
    "entry_price": 0.65,
    "fee_rate": 0.07,
    "strike_price": 64093.801050910995,
    "btc_at_scalp": 64114.44,
    "btc_at_expiry": 64177.61148305541,
    "chainlink_price_to_beat": 64093.04066188361,
    "chainlink_final_price": 64177.61148305541,
    "flow_score": 0.6321,
    "spot_flow_signal": 0.007184844872938025,
    "regime": "unknown",
    "btc_distance_atr": 0.945,
    "coinbase_cvd_60s": 0.0168,
    "coinbase_taker_60s": 0.5163,
    "coinbase_taker_n": 161,
    "cross_venue_gap": -79.56,
    "fast_realized_vol_60s": 8.3e-05
  }
}