{
  "position_id": 6519,
  "market_id": "btc-updown-5m-1782124500",
  "side": "Down",
  "timestamp": "2026-06-22T10:44:41.741424+00:00",
  "actual": {
    "exit_reason": "hold",
    "exit_price": 1.0,
    "pnl": 68.39488,
    "gain_pct": 0.646271
  },
  "counterfactual": {
    "exit_reason": "hypothetical_scalp",
    "exit_price": 0.99,
    "pnl": 66.531893,
    "gain_pct": 0.628668
  },
  "delta_pnl": 1.862987,
  "hold_was_optimal": true,
  "context_at_worst_moment": {
    "holding_edge": 0.009269313168533855,
    "model_prob": 0.9992693131685338,
    "market_price": 0.99,
    "seconds_remaining": 45.832382,
    "exit_threshold_used": -0.1,
    "strike_price": 64105.19629578143,
    "btc_at_worst": 64058.01,
    "flow_score": -0.2155,
    "spot_flow_signal": 0.07703829721755892,
    "regime": "unknown",
    "btc_distance_atr": -3.158,
    "worst_at": 1782124754.1699677,
    "coinbase_cvd_60s": 0.2056,
    "coinbase_taker_60s": 0.6666,
    "coinbase_taker_n": 99,
    "cross_venue_gap": -66.57,
    "fast_realized_vol_60s": 4.1e-05
  }
}