{
  "position_id": 6537,
  "market_id": "btc-updown-5m-1782128100",
  "side": "Up",
  "timestamp": "2026-06-22T11:50:21.071069+00:00",
  "actual": {
    "exit_reason": "scalp",
    "exit_price": 0.81,
    "pnl": 30.155356,
    "gain_pct": 0.444442
  },
  "counterfactual": {
    "resolution_price": 1.0,
    "pnl": 53.752278,
    "gain_pct": 0.792222
  },
  "delta_pnl": 23.596922,
  "scalp_was_optimal": false,
  "context_at_scalp": {
    "holding_edge": -0.1046290759016637,
    "model_prob": 0.6953709240983363,
    "market_price": 0.8,
    "seconds_remaining": 23.166143,
    "exit_threshold_used": -0.1,
    "effective_exit_threshold": -0.10062366055299957,
    "loss_cut": false,
    "entry_price": 0.54,
    "fee_rate": 0.07,
    "strike_price": 64534.03591886138,
    "btc_at_scalp": 64547.39,
    "btc_at_expiry": 64575.91089460574,
    "chainlink_price_to_beat": 64534.21465179322,
    "chainlink_final_price": 64575.91089460574,
    "flow_score": -0.0088,
    "spot_flow_signal": -0.16559994950645252,
    "regime": "unknown",
    "btc_distance_atr": 0.196,
    "coinbase_cvd_60s": -3.2929,
    "coinbase_taker_60s": 0.1849,
    "coinbase_taker_n": 389,
    "cross_venue_gap": -75.16,
    "fast_realized_vol_60s": 7.9e-05
  }
}