{
  "position_id": 6575,
  "market_id": "btc-updown-5m-1782135300",
  "side": "Up",
  "timestamp": "2026-06-22T13:44:43.873128+00:00",
  "actual": {
    "exit_reason": "hold",
    "exit_price": 1.0,
    "pnl": 73.6312,
    "gain_pct": 0.31
  },
  "counterfactual": {
    "exit_reason": "hypothetical_scalp",
    "exit_price": 0.999,
    "pnl": 73.29829,
    "gain_pct": 0.308598
  },
  "delta_pnl": 0.33291,
  "hold_was_optimal": true,
  "context_at_worst_moment": {
    "holding_edge": 0.0009989999999999721,
    "model_prob": 0.999999,
    "market_price": 0.999,
    "seconds_remaining": 0.00902,
    "exit_threshold_used": -0.1,
    "strike_price": 65041.652948605515,
    "btc_at_worst": 65220.0,
    "flow_score": 0.416,
    "spot_flow_signal": -0.3736542015720493,
    "regime": "unknown",
    "btc_distance_atr": 1.986,
    "worst_at": 1782135599.9918532,
    "coinbase_cvd_60s": -17.2534,
    "coinbase_taker_60s": 0.1126,
    "coinbase_taker_n": 1121,
    "cross_venue_gap": -77.99,
    "fast_realized_vol_60s": 0.000111
  }
}