{
  "position_id": 6583,
  "market_id": "btc-updown-5m-1782138300",
  "side": "Down",
  "timestamp": "2026-06-22T14:35:53.653337+00:00",
  "actual": {
    "exit_reason": "hold",
    "exit_price": 1.0,
    "pnl": 97.117754,
    "gain_pct": 0.858462
  },
  "counterfactual": {
    "exit_reason": "hypothetical_scalp",
    "exit_price": 0.46,
    "pnl": -20.071821,
    "gain_pct": -0.177423
  },
  "delta_pnl": 117.189575,
  "hold_was_optimal": true,
  "context_at_worst_moment": {
    "holding_edge": -0.10017586884141777,
    "model_prob": 0.35982413115858225,
    "market_price": 0.46,
    "seconds_remaining": 291.264992,
    "exit_threshold_used": -0.1,
    "strike_price": 64982.58548302829,
    "btc_at_worst": 65006.99,
    "flow_score": 0.6042,
    "spot_flow_signal": -0.1410683916654674,
    "regime": "unknown",
    "btc_distance_atr": 0.436,
    "worst_at": 1782138308.7366254,
    "coinbase_cvd_60s": -3.9299,
    "coinbase_taker_60s": 0.4064,
    "coinbase_taker_n": 1505,
    "cross_venue_gap": -76.72,
    "fast_realized_vol_60s": 0.000128
  }
}