{
  "position_id": 6593,
  "market_id": "btc-updown-5m-1782141900",
  "side": "Up",
  "timestamp": "2026-06-22T15:35:09.584439+00:00",
  "actual": {
    "exit_reason": "scalp",
    "exit_price": 0.62,
    "pnl": -18.328481,
    "gain_pct": -0.191861
  },
  "counterfactual": {
    "resolution_price": 1.0,
    "pnl": 29.6143,
    "gain_pct": 0.31
  },
  "delta_pnl": 47.942781,
  "scalp_was_optimal": false,
  "context_at_scalp": {
    "holding_edge": -0.08874851939511308,
    "model_prob": 0.5312514806048869,
    "market_price": 0.62,
    "seconds_remaining": 45.959437,
    "exit_threshold_used": -0.1,
    "effective_exit_threshold": -0.05887338687633513,
    "loss_cut": false,
    "entry_price": 0.75,
    "fee_rate": 0.07,
    "strike_price": 64951.40517027469,
    "btc_at_scalp": 64953.6,
    "btc_at_expiry": 64972.784,
    "chainlink_price_to_beat": 64951.6748139037,
    "chainlink_final_price": 64972.784,
    "flow_score": -0.1333,
    "spot_flow_signal": 0.11141476745414698,
    "regime": "unknown",
    "btc_distance_atr": 0.049,
    "coinbase_cvd_60s": 1.2234,
    "coinbase_taker_60s": 0.6733,
    "coinbase_taker_n": 358,
    "cross_venue_gap": -78.41,
    "fast_realized_vol_60s": 7.6e-05
  }
}