{
  "position_id": 6607,
  "market_id": "btc-updown-5m-1782190800",
  "side": "Down",
  "timestamp": "2026-06-23T05:07:01.749565+00:00",
  "actual": {
    "exit_reason": "hold",
    "exit_price": 0.0,
    "pnl": -7.68,
    "gain_pct": -1.0
  },
  "counterfactual": {
    "exit_reason": "hypothetical_scalp",
    "exit_price": 0.52,
    "pnl": 0.067776,
    "gain_pct": 0.008825
  },
  "delta_pnl": -7.747776,
  "hold_was_optimal": false,
  "context_at_worst_moment": {
    "holding_edge": -0.023857952155096562,
    "model_prob": 0.49614204784490346,
    "market_price": 0.52,
    "seconds_remaining": 98.183472,
    "exit_threshold_used": -0.1,
    "strike_price": 63544.21659959147,
    "btc_at_worst": 63545.1,
    "flow_score": 0.4727,
    "spot_flow_signal": -0.12129893166118497,
    "regime": "unknown",
    "btc_distance_atr": 0.023,
    "worst_at": 1782191001.8175285,
    "coinbase_cvd_60s": -1.5406,
    "coinbase_taker_60s": 0.2612,
    "coinbase_taker_n": 1170,
    "cross_venue_gap": -74.8,
    "fast_realized_vol_60s": 7.5e-05
  }
}