{
  "position_id": 660,
  "market_id": "btc-updown-5m-1780154100",
  "side": "Down",
  "timestamp": "2026-05-30T15:21:55.739812+00:00",
  "actual": {
    "exit_reason": "hold",
    "exit_price": 1.0,
    "pnl": 0.831427,
    "gain_pct": 0.654667
  },
  "counterfactual": {
    "exit_reason": "hypothetical_scalp",
    "exit_price": 0.44,
    "pnl": -0.354693,
    "gain_pct": -0.279285
  },
  "delta_pnl": 1.186119,
  "hold_was_optimal": true,
  "context_at_worst_moment": {
    "holding_edge": -0.031219807605712357,
    "model_prob": 0.40878019239428764,
    "market_price": 0.44,
    "seconds_remaining": 235.672469,
    "exit_threshold_used": -0.1,
    "strike_price": 73918.69967426847,
    "btc_at_worst": 73925.63,
    "flow_score": 0.3837,
    "spot_flow_signal": 0.1429042283474309,
    "regime": "neutral",
    "btc_distance_atr": 0.297,
    "worst_at": 1780154164.3280416,
    "coinbase_cvd_60s": 1.2316,
    "coinbase_taker_60s": 0.7752,
    "coinbase_taker_n": 598
  }
}