{
  "position_id": 6628,
  "market_id": "btc-updown-5m-1782228900",
  "side": "Up",
  "timestamp": "2026-06-23T15:47:44.194189+00:00",
  "actual": {
    "exit_reason": "scalp",
    "exit_price": 0.4,
    "pnl": -3.20981,
    "gain_pct": -0.450816
  },
  "counterfactual": {
    "resolution_price": 0.0,
    "pnl": -7.12,
    "gain_pct": -1.0
  },
  "delta_pnl": -3.91019,
  "scalp_was_optimal": true,
  "context_at_scalp": {
    "holding_edge": -0.08293013857916987,
    "model_prob": 0.31706986142083016,
    "market_price": 0.4,
    "seconds_remaining": 206.476477,
    "exit_threshold_used": -0.1,
    "effective_exit_threshold": -0.06874188386520716,
    "loss_cut": false,
    "entry_price": 0.71,
    "fee_rate": 0.07,
    "strike_price": 62358.18932034068,
    "btc_at_scalp": 62331.79,
    "btc_at_expiry": 62282.85505654668,
    "chainlink_price_to_beat": 62359.66846880808,
    "chainlink_final_price": 62282.85505654668,
    "flow_score": 0.081,
    "spot_flow_signal": -0.11729195003900181,
    "regime": "unknown",
    "btc_distance_atr": -0.507,
    "coinbase_cvd_60s": -1.8332,
    "coinbase_taker_60s": 0.3643,
    "coinbase_taker_n": 427,
    "cross_venue_gap": -88.25,
    "fast_realized_vol_60s": 7.2e-05
  }
}