{
  "position_id": 6644,
  "market_id": "btc-updown-5m-1782234600",
  "side": "Down",
  "timestamp": "2026-06-23T17:19:02.891413+00:00",
  "actual": {
    "exit_reason": "hold",
    "exit_price": 1.0,
    "pnl": 7.485785,
    "gain_pct": 0.858462
  },
  "counterfactual": {
    "exit_reason": "hypothetical_scalp",
    "exit_price": 0.3,
    "pnl": -4.09649,
    "gain_pct": -0.469781
  },
  "delta_pnl": 11.582274,
  "hold_was_optimal": true,
  "context_at_worst_moment": {
    "holding_edge": -0.21128228510126562,
    "model_prob": 0.08871771489873437,
    "market_price": 0.3,
    "seconds_remaining": 250.983913,
    "exit_threshold_used": -0.1,
    "strike_price": 62379.961580796,
    "btc_at_worst": 62443.68,
    "flow_score": -0.0662,
    "spot_flow_signal": 0.016611774473850996,
    "regime": "unknown",
    "btc_distance_atr": 1.876,
    "worst_at": 1782234649.0176523,
    "coinbase_cvd_60s": 0.2852,
    "coinbase_taker_60s": 0.5114,
    "coinbase_taker_n": 490,
    "cross_venue_gap": -75.25,
    "fast_realized_vol_60s": 7e-05
  }
}