{
  "position_id": 666,
  "market_id": "btc-updown-5m-1780156200",
  "side": "Down",
  "timestamp": "2026-05-30T15:57:46.911147+00:00",
  "actual": {
    "exit_reason": "hold",
    "exit_price": 0.0,
    "pnl": -1.01,
    "gain_pct": -1.0
  },
  "counterfactual": {
    "exit_reason": "hypothetical_scalp",
    "exit_price": 0.57,
    "pnl": 0.079055,
    "gain_pct": 0.078273
  },
  "delta_pnl": -1.089055,
  "hold_was_optimal": false,
  "context_at_worst_moment": {
    "holding_edge": -0.22786509679591593,
    "model_prob": 0.342134903204084,
    "market_price": 0.57,
    "seconds_remaining": 165.381003,
    "exit_threshold_used": -0.1,
    "strike_price": 73800.78654015595,
    "btc_at_worst": 73805.44,
    "flow_score": 0.5891,
    "spot_flow_signal": -0.011002654190539423,
    "regime": "neutral",
    "btc_distance_atr": 0.427,
    "worst_at": 1780156334.6200912,
    "coinbase_cvd_60s": -0.1081,
    "coinbase_taker_60s": 0.4797,
    "coinbase_taker_n": 535
  }
}