{
  "position_id": 6690,
  "market_id": "btc-updown-5m-1782246300",
  "side": "Up",
  "timestamp": "2026-06-23T20:36:31.367146+00:00",
  "actual": {
    "exit_reason": "hold",
    "exit_price": 1.0,
    "pnl": 11.567388,
    "gain_pct": 0.278665
  },
  "counterfactual": {
    "exit_reason": "hypothetical_scalp",
    "exit_price": 0.6,
    "pnl": -10.555267,
    "gain_pct": -0.254283
  },
  "delta_pnl": 22.122655,
  "hold_was_optimal": true,
  "context_at_worst_moment": {
    "holding_edge": -0.0646464371927783,
    "model_prob": 0.5353535628072217,
    "market_price": 0.6,
    "seconds_remaining": 154.132237,
    "exit_threshold_used": -0.1,
    "strike_price": 62372.11764888162,
    "btc_at_worst": 62374.44,
    "flow_score": 0.0593,
    "spot_flow_signal": -0.035084874968403464,
    "regime": "unknown",
    "btc_distance_atr": 0.075,
    "worst_at": 1782246445.8686378,
    "coinbase_cvd_60s": -0.1752,
    "coinbase_taker_60s": 0.4257,
    "coinbase_taker_n": 259,
    "cross_venue_gap": -87.85,
    "fast_realized_vol_60s": 3.6e-05
  }
}