{
  "position_id": 6695,
  "market_id": "btc-updown-5m-1782248400",
  "side": "Down",
  "timestamp": "2026-06-23T21:13:02.689012+00:00",
  "actual": {
    "exit_reason": "scalp",
    "exit_price": 0.31,
    "pnl": -5.332779,
    "gain_pct": -0.392983
  },
  "counterfactual": {
    "resolution_price": 0.0,
    "pnl": -13.57,
    "gain_pct": -1.0
  },
  "delta_pnl": -8.237221,
  "scalp_was_optimal": true,
  "context_at_scalp": {
    "holding_edge": -0.07377125197530088,
    "model_prob": 0.20622874802469915,
    "market_price": 0.28,
    "seconds_remaining": 287.012932,
    "exit_threshold_used": -0.1,
    "effective_exit_threshold": -0.05648988062277507,
    "loss_cut": false,
    "entry_price": 0.49,
    "fee_rate": 0.07,
    "strike_price": 62392.56166495263,
    "btc_at_scalp": 62417.19,
    "btc_at_expiry": 62487.86890390406,
    "chainlink_price_to_beat": 62391.332263626275,
    "chainlink_final_price": 62487.86890390406,
    "flow_score": 0.3961,
    "spot_flow_signal": 0.44126517426961154,
    "regime": "unknown",
    "btc_distance_atr": 1.174,
    "coinbase_cvd_60s": 7.1611,
    "coinbase_taker_60s": 0.8664,
    "coinbase_taker_n": 397,
    "cross_venue_gap": -72.31,
    "fast_realized_vol_60s": 4.5e-05
  }
}