{
  "position_id": 66,
  "market_id": "btc-updown-5m-1784610300",
  "side": "Down",
  "timestamp": "2026-07-21T05:19:48.721427+00:00",
  "actual": {
    "exit_reason": "scalp",
    "exit_price": 0.7268,
    "pnl": -0.139016,
    "gain_pct": -0.123023
  },
  "counterfactual": {
    "resolution_price": 1.0,
    "pnl": 0.279353,
    "gain_pct": 0.247215
  },
  "delta_pnl": 0.418369,
  "scalp_was_optimal": false,
  "context_at_scalp": {
    "holding_edge": -0.16710495558848182,
    "model_prob": 0.6228950444115182,
    "market_price": 0.79,
    "seconds_remaining": 15.31595,
    "exit_threshold_used": -0.1,
    "effective_exit_threshold": -0.09656740493854626,
    "loss_cut": false,
    "entry_price": 0.79,
    "fee_rate": 0.07,
    "strike_price": 65498.09063700913,
    "btc_at_scalp": 65496.33,
    "btc_at_expiry": 65492.484385,
    "chainlink_price_to_beat": 65498.09063700913,
    "chainlink_final_price": 65492.484385,
    "flow_score": 0.292,
    "spot_flow_signal": 0.05095776083026205,
    "regime": "unknown",
    "btc_distance_atr": -0.067,
    "coinbase_cvd_60s": 0.015,
    "coinbase_taker_60s": 0.5115,
    "coinbase_taker_n": 260,
    "cross_venue_gap": -46.25,
    "fast_realized_vol_60s": 2.6e-05,
    "n_ticks_1s": 11,
    "n_ticks_30s": 134
  }
}