{
  "position_id": 6709,
  "market_id": "btc-updown-5m-1782252000",
  "side": "Down",
  "timestamp": "2026-06-23T22:13:42.326545+00:00",
  "actual": {
    "exit_reason": "scalp",
    "exit_price": 0.38,
    "pnl": -1.81429,
    "gain_pct": -0.225378
  },
  "counterfactual": {
    "resolution_price": 0.0,
    "pnl": -8.05,
    "gain_pct": -1.0
  },
  "delta_pnl": -6.23571,
  "scalp_was_optimal": true,
  "context_at_scalp": {
    "holding_edge": -0.06750966620698229,
    "model_prob": 0.3024903337930177,
    "market_price": 0.37,
    "seconds_remaining": 161.776332,
    "exit_threshold_used": -0.1,
    "effective_exit_threshold": -0.06229392252424036,
    "loss_cut": false,
    "entry_price": 0.47,
    "fee_rate": 0.07,
    "strike_price": 62521.89529547869,
    "btc_at_scalp": 62533.99,
    "btc_at_expiry": 62578.01996969263,
    "chainlink_price_to_beat": 62521.89275748349,
    "chainlink_final_price": 62578.01996969263,
    "flow_score": 0.1052,
    "spot_flow_signal": 0.035219758134187845,
    "regime": "unknown",
    "btc_distance_atr": 0.545,
    "coinbase_cvd_60s": 0.3192,
    "coinbase_taker_60s": 0.5636,
    "coinbase_taker_n": 323,
    "cross_venue_gap": -84.0,
    "fast_realized_vol_60s": 4e-05
  }
}