{
  "position_id": 6722,
  "market_id": "btc-updown-5m-1782255300",
  "side": "Down",
  "timestamp": "2026-06-23T23:08:18.833953+00:00",
  "actual": {
    "exit_reason": "scalp",
    "exit_price": 0.15,
    "pnl": -8.389158,
    "gain_pct": -0.737184
  },
  "counterfactual": {
    "resolution_price": 0.0,
    "pnl": -11.38,
    "gain_pct": -1.0
  },
  "delta_pnl": -2.990842,
  "scalp_was_optimal": true,
  "context_at_scalp": {
    "holding_edge": -0.04237886255655629,
    "model_prob": 0.1076211374434437,
    "market_price": 0.15,
    "seconds_remaining": 171.444011,
    "exit_threshold_used": -0.1,
    "effective_exit_threshold": -0.03306369245723638,
    "loss_cut": false,
    "entry_price": 0.55,
    "fee_rate": 0.07,
    "strike_price": 62486.29753969757,
    "btc_at_scalp": 62516.56,
    "btc_at_expiry": 62512.903313038514,
    "chainlink_price_to_beat": 62486.29835969757,
    "chainlink_final_price": 62512.903313038514,
    "flow_score": -0.2238,
    "spot_flow_signal": 0.06355028567421833,
    "regime": "unknown",
    "btc_distance_atr": 1.544,
    "coinbase_cvd_60s": 0.3371,
    "coinbase_taker_60s": 0.6238,
    "coinbase_taker_n": 341,
    "cross_venue_gap": -83.59,
    "fast_realized_vol_60s": 4.2e-05
  }
}