{
  "position_id": 6730,
  "market_id": "btc-updown-5m-1782256500",
  "side": "Up",
  "timestamp": "2026-06-23T23:22:36.937377+00:00",
  "actual": {
    "exit_reason": "hold",
    "exit_price": 1.0,
    "pnl": 5.932493,
    "gain_pct": 0.204146
  },
  "counterfactual": {
    "exit_reason": "hypothetical_scalp",
    "exit_price": 0.92,
    "pnl": 2.952812,
    "gain_pct": 0.101611
  },
  "delta_pnl": 2.979681,
  "hold_was_optimal": true,
  "context_at_worst_moment": {
    "holding_edge": -0.02773705725249398,
    "model_prob": 0.8922629427475061,
    "market_price": 0.92,
    "seconds_remaining": 146.246368,
    "exit_threshold_used": -0.1,
    "strike_price": 62445.75137166102,
    "btc_at_worst": 62470.81,
    "flow_score": -0.3728,
    "spot_flow_signal": -0.10720061596826166,
    "regime": "unknown",
    "btc_distance_atr": 0.992,
    "worst_at": 1782256653.75516,
    "coinbase_cvd_60s": -0.749,
    "coinbase_taker_60s": 0.2899,
    "coinbase_taker_n": 250,
    "cross_venue_gap": -85.18,
    "fast_realized_vol_60s": 1.5e-05
  }
}