{
  "position_id": 6740,
  "market_id": "btc-updown-5m-1782258300",
  "side": "Up",
  "timestamp": "2026-06-23T23:54:49.508282+00:00",
  "actual": {
    "exit_reason": "hold",
    "exit_price": 1.0,
    "pnl": 5.937829,
    "gain_pct": 0.177143
  },
  "counterfactual": {
    "exit_reason": "hypothetical_scalp",
    "exit_price": 0.99,
    "pnl": 5.515906,
    "gain_pct": 0.164556
  },
  "delta_pnl": 0.421923,
  "hold_was_optimal": true,
  "context_at_worst_moment": {
    "holding_edge": -0.002869924795911194,
    "model_prob": 0.9871300752040888,
    "market_price": 0.99,
    "seconds_remaining": 162.204944,
    "exit_threshold_used": -0.1,
    "strike_price": 62538.07754740588,
    "btc_at_worst": 62641.66,
    "flow_score": 0.487,
    "spot_flow_signal": 0.05731815858005412,
    "regime": "unknown",
    "btc_distance_atr": 2.663,
    "worst_at": 1782258437.7956777,
    "coinbase_cvd_60s": 0.7805,
    "coinbase_taker_60s": 0.6061,
    "coinbase_taker_n": 431,
    "cross_venue_gap": -94.34,
    "fast_realized_vol_60s": 0.000107
  }
}