{
  "position_id": 6755,
  "market_id": "btc-updown-5m-1782260700",
  "side": "Down",
  "timestamp": "2026-06-24T00:36:08.880477+00:00",
  "actual": {
    "exit_reason": "hold",
    "exit_price": 0.0,
    "pnl": -18.04,
    "gain_pct": -1.0
  },
  "counterfactual": {
    "exit_reason": "hypothetical_scalp",
    "exit_price": 0.18,
    "pnl": -13.639634,
    "gain_pct": -0.756077
  },
  "delta_pnl": -4.400366,
  "hold_was_optimal": false,
  "context_at_worst_moment": {
    "holding_edge": -0.06426542873521451,
    "model_prob": 0.11573457126478548,
    "market_price": 0.18,
    "seconds_remaining": 4.352051,
    "exit_threshold_used": -0.1,
    "strike_price": 62765.67637373069,
    "btc_at_worst": 62771.98,
    "flow_score": 0.3131,
    "spot_flow_signal": 0.007622981248115597,
    "regime": "unknown",
    "btc_distance_atr": 0.19,
    "worst_at": 1782260995.6485674,
    "coinbase_cvd_60s": 0.0553,
    "coinbase_taker_60s": 0.5159,
    "coinbase_taker_n": 290,
    "cross_venue_gap": -78.01,
    "fast_realized_vol_60s": 4.4e-05
  }
}