{
  "position_id": 6757,
  "market_id": "btc-updown-5m-1782261300",
  "side": "Up",
  "timestamp": "2026-06-24T00:45:33.057908+00:00",
  "actual": {
    "exit_reason": "hold",
    "exit_price": 1.0,
    "pnl": 6.764018,
    "gain_pct": 0.893529
  },
  "counterfactual": {
    "exit_reason": "hypothetical_scalp",
    "exit_price": 0.99,
    "pnl": 6.610744,
    "gain_pct": 0.873282
  },
  "delta_pnl": 0.153274,
  "hold_was_optimal": true,
  "context_at_worst_moment": {
    "holding_edge": 0.008317375663009274,
    "model_prob": 0.9983173756630093,
    "market_price": 0.99,
    "seconds_remaining": 70.523214,
    "exit_threshold_used": -0.1,
    "strike_price": 62777.050195981436,
    "btc_at_worst": 62904.01,
    "flow_score": 0.6874,
    "spot_flow_signal": 0.04250522847509387,
    "regime": "unknown",
    "btc_distance_atr": 2.769,
    "worst_at": 1782261529.4778469,
    "coinbase_cvd_60s": 1.5338,
    "coinbase_taker_60s": 0.5421,
    "coinbase_taker_n": 519,
    "cross_venue_gap": -86.51,
    "fast_realized_vol_60s": 8.5e-05
  }
}