{
  "position_id": 6759,
  "market_id": "btc-updown-5m-1782261900",
  "side": "Down",
  "timestamp": "2026-06-24T00:56:29.768830+00:00",
  "actual": {
    "exit_reason": "scalp",
    "exit_price": 0.28,
    "pnl": -8.332603,
    "gain_pct": -0.581886
  },
  "counterfactual": {
    "resolution_price": 0.0,
    "pnl": -14.32,
    "gain_pct": -1.0
  },
  "delta_pnl": -5.987397,
  "scalp_was_optimal": true,
  "context_at_scalp": {
    "holding_edge": -0.06319287641560967,
    "model_prob": 0.21680712358439036,
    "market_price": 0.28,
    "seconds_remaining": 179.64995,
    "exit_threshold_used": -0.1,
    "effective_exit_threshold": -0.04763956791729537,
    "loss_cut": false,
    "entry_price": 0.65,
    "fee_rate": 0.07,
    "strike_price": 62878.44458986895,
    "btc_at_scalp": 62912.02,
    "btc_at_expiry": 62908.07454,
    "chainlink_price_to_beat": 62878.39356488731,
    "chainlink_final_price": 62908.07454,
    "flow_score": -0.3938,
    "spot_flow_signal": 0.12971761938036053,
    "regime": "unknown",
    "btc_distance_atr": 0.76,
    "coinbase_cvd_60s": 0.9369,
    "coinbase_taker_60s": 0.7825,
    "coinbase_taker_n": 320,
    "cross_venue_gap": -82.77,
    "fast_realized_vol_60s": 6.2e-05
  }
}