{
  "position_id": 6762,
  "market_id": "btc-updown-5m-1782262200",
  "side": "Up",
  "timestamp": "2026-06-24T01:02:29.844362+00:00",
  "actual": {
    "exit_reason": "scalp",
    "exit_price": 0.37,
    "pnl": -3.616234,
    "gain_pct": -0.393925
  },
  "counterfactual": {
    "resolution_price": 0.0,
    "pnl": -9.18,
    "gain_pct": -1.0
  },
  "delta_pnl": -5.563766,
  "scalp_was_optimal": true,
  "context_at_scalp": {
    "holding_edge": -0.09448705562408721,
    "model_prob": 0.2755129443759128,
    "market_price": 0.37,
    "seconds_remaining": 199.072657,
    "exit_threshold_used": -0.1,
    "effective_exit_threshold": -0.06731911810764987,
    "loss_cut": false,
    "entry_price": 0.59,
    "fee_rate": 0.07,
    "strike_price": 62908.07133199198,
    "btc_at_scalp": 62886.2,
    "btc_at_expiry": 62899.820315000004,
    "chainlink_price_to_beat": 62908.07454,
    "chainlink_final_price": 62899.820315000004,
    "flow_score": 0.216,
    "spot_flow_signal": 0.10075978333837872,
    "regime": "unknown",
    "btc_distance_atr": -0.576,
    "coinbase_cvd_60s": 0.4492,
    "coinbase_taker_60s": 0.715,
    "coinbase_taker_n": 265,
    "cross_venue_gap": -86.96,
    "fast_realized_vol_60s": 5.6e-05
  }
}