{
  "position_id": 677,
  "market_id": "btc-updown-5m-1780158300",
  "side": "Down",
  "timestamp": "2026-05-30T16:39:43.030584+00:00",
  "actual": {
    "exit_reason": "scalp",
    "exit_price": 0.3,
    "pnl": -0.847522,
    "gain_pct": -0.428041
  },
  "counterfactual": {
    "resolution_price": 1.0,
    "pnl": 1.86811,
    "gain_pct": 0.94349
  },
  "delta_pnl": 2.715632,
  "scalp_was_optimal": false,
  "context_at_scalp": {
    "holding_edge": -0.04506236853250617,
    "model_prob": 0.2549376314674938,
    "market_price": 0.3,
    "seconds_remaining": 170.165364,
    "exit_threshold_used": -0.1,
    "strike_price": 73803.83048618928,
    "btc_at_scalp": 73810.94,
    "btc_at_expiry": 73800.82675492487,
    "chainlink_price_to_beat": 73803.83946622907,
    "chainlink_final_price": 73800.82675492487,
    "flow_score": -0.0112,
    "spot_flow_signal": 0.2202951279720497,
    "regime": "neutral",
    "btc_distance_atr": 0.689,
    "coinbase_cvd_60s": 1.3158,
    "coinbase_taker_60s": 0.9635,
    "coinbase_taker_n": 160
  }
}