{
  "position_id": 6782,
  "market_id": "btc-updown-5m-1782266400",
  "side": "Up",
  "timestamp": "2026-06-24T02:14:10.632276+00:00",
  "actual": {
    "exit_reason": "scalp",
    "exit_price": 0.37,
    "pnl": -6.136656,
    "gain_pct": -0.566635
  },
  "counterfactual": {
    "resolution_price": 0.0,
    "pnl": -10.83,
    "gain_pct": -1.0
  },
  "delta_pnl": -4.693344,
  "scalp_was_optimal": true,
  "context_at_scalp": {
    "holding_edge": -0.09057678008262632,
    "model_prob": 0.26942321991737367,
    "market_price": 0.36,
    "seconds_remaining": 206.075829,
    "exit_threshold_used": -0.1,
    "effective_exit_threshold": -0.0680194652481504,
    "loss_cut": false,
    "entry_price": 0.84,
    "fee_rate": 0.07,
    "strike_price": 62857.414406711585,
    "btc_at_scalp": 62830.79,
    "btc_at_expiry": 62794.4883755344,
    "chainlink_price_to_beat": 62857.383166052554,
    "chainlink_final_price": 62794.4883755344,
    "flow_score": 0.2607,
    "spot_flow_signal": 0.021944419831345555,
    "regime": "unknown",
    "btc_distance_atr": -0.732,
    "coinbase_cvd_60s": 0.1246,
    "coinbase_taker_60s": 0.5473,
    "coinbase_taker_n": 319,
    "cross_venue_gap": -82.86,
    "fast_realized_vol_60s": 5.8e-05
  }
}