{
  "position_id": 6793,
  "market_id": "btc-updown-5m-1782268800",
  "side": "Down",
  "timestamp": "2026-06-24T02:49:37.155398+00:00",
  "actual": {
    "exit_reason": "hold",
    "exit_price": 0.0,
    "pnl": -7.54,
    "gain_pct": -1.0
  },
  "counterfactual": {
    "exit_reason": "hypothetical_scalp",
    "exit_price": 0.21,
    "pnl": -4.596252,
    "gain_pct": -0.609582
  },
  "delta_pnl": -2.943748,
  "hold_was_optimal": false,
  "context_at_worst_moment": {
    "holding_edge": -0.11603509834074102,
    "model_prob": 0.09396490165925897,
    "market_price": 0.21,
    "seconds_remaining": 253.175546,
    "exit_threshold_used": -0.1,
    "strike_price": 62585.291285803556,
    "btc_at_worst": 62638.29,
    "flow_score": 0.512,
    "spot_flow_signal": 0.056824364255536025,
    "regime": "unknown",
    "btc_distance_atr": 1.537,
    "worst_at": 1782268846.8250525,
    "coinbase_cvd_60s": 0.7166,
    "coinbase_taker_60s": 0.5949,
    "coinbase_taker_n": 1232,
    "cross_venue_gap": -68.69,
    "fast_realized_vol_60s": 7.1e-05
  }
}