{
  "position_id": 6803,
  "market_id": "btc-updown-5m-1782270900",
  "side": "Down",
  "timestamp": "2026-06-24T03:24:57.859168+00:00",
  "actual": {
    "exit_reason": "hold",
    "exit_price": 1.0,
    "pnl": 4.0238,
    "gain_pct": 0.62
  },
  "counterfactual": {
    "exit_reason": "hypothetical_scalp",
    "exit_price": 0.999,
    "pnl": 4.012551,
    "gain_pct": 0.618267
  },
  "delta_pnl": 0.011249,
  "hold_was_optimal": true,
  "context_at_worst_moment": {
    "holding_edge": 0.0009987228803985948,
    "model_prob": 0.9999987228803986,
    "market_price": 0.999,
    "seconds_remaining": 5.101573,
    "exit_threshold_used": -0.1,
    "strike_price": 62512.88944973462,
    "btc_at_worst": 62379.95,
    "flow_score": -0.6811,
    "spot_flow_signal": -0.14873841597768278,
    "regime": "unknown",
    "btc_distance_atr": -3.133,
    "worst_at": 1782271195.0613828,
    "coinbase_cvd_60s": -1.3263,
    "coinbase_taker_60s": 0.2038,
    "coinbase_taker_n": 1104,
    "cross_venue_gap": -82.94,
    "fast_realized_vol_60s": 4e-05
  }
}