{
  "position_id": 693,
  "market_id": "btc-updown-5m-1780163700",
  "side": "Up",
  "timestamp": "2026-05-30T18:05:56.623473+00:00",
  "actual": {
    "exit_reason": "scalp",
    "exit_price": 0.63,
    "pnl": -0.047058,
    "gain_pct": -0.019689
  },
  "counterfactual": {
    "resolution_price": 1.0,
    "pnl": 1.378386,
    "gain_pct": 0.57673
  },
  "delta_pnl": 1.425443,
  "scalp_was_optimal": false,
  "context_at_scalp": {
    "holding_edge": -0.08017047857466841,
    "model_prob": 0.5498295214253316,
    "market_price": 0.63,
    "seconds_remaining": 146.382764,
    "exit_threshold_used": -0.1,
    "strike_price": 73901.42642747614,
    "btc_at_scalp": 73902.1,
    "btc_at_expiry": 73911.78697279234,
    "chainlink_price_to_beat": 73901.54270666375,
    "chainlink_final_price": 73911.78697279234,
    "flow_score": 0.1464,
    "spot_flow_signal": 0.014767997121642961,
    "regime": "trending_up",
    "btc_distance_atr": 0.086,
    "coinbase_cvd_60s": 0.0663,
    "coinbase_taker_60s": 0.5325,
    "coinbase_taker_n": 194
  }
}