{
  "position_id": 696,
  "market_id": "btc-updown-5m-1776279000",
  "side": "Up",
  "weight_version": "weights_v001",
  "timestamp": "2026-04-15T18:58:29.462334+00:00",
  "actual": {
    "exit_reason": "hold",
    "exit_price": 1.0,
    "pnl": 6.887478,
    "gain_pct": 0.94349
  },
  "counterfactual": {
    "exit_reason": "hypothetical_scalp",
    "exit_price": 0.8,
    "pnl": 4.009123,
    "gain_pct": 0.549195
  },
  "delta_pnl": 2.878356,
  "hold_was_optimal": true,
  "context_at_worst_moment": {
    "holding_edge": -0.16644944767237535,
    "model_prob": 0.6335505523276247,
    "market_price": 0.8,
    "seconds_remaining": 105.931361,
    "exit_threshold_used": -0.05,
    "strike_price": 74343.01,
    "btc_at_worst": 74366.22,
    "worst_at": 1776279194.2288077
  }
}