{
  "position_id": 699,
  "market_id": "btc-updown-5m-1780166100",
  "side": "Down",
  "timestamp": "2026-05-30T18:47:03.726570+00:00",
  "actual": {
    "exit_reason": "scalp",
    "exit_price": 0.71,
    "pnl": 0.363753,
    "gain_pct": 0.363753
  },
  "counterfactual": {
    "resolution_price": 0.0,
    "pnl": -1.0,
    "gain_pct": -1.0
  },
  "delta_pnl": -1.363753,
  "scalp_was_optimal": true,
  "context_at_scalp": {
    "holding_edge": -0.16624469714950196,
    "model_prob": 0.593755302850498,
    "market_price": 0.76,
    "seconds_remaining": 136.991445,
    "exit_threshold_used": -0.1,
    "strike_price": 73926.510838615,
    "btc_at_scalp": 73923.44,
    "btc_at_expiry": 73945.2983479914,
    "chainlink_price_to_beat": 73927.2266384206,
    "chainlink_final_price": 73945.2983479914,
    "flow_score": 0.5755,
    "spot_flow_signal": 0.057119091052318965,
    "regime": "neutral",
    "btc_distance_atr": -0.253,
    "coinbase_cvd_60s": 0.4107,
    "coinbase_taker_60s": 0.6046,
    "coinbase_taker_n": 187
  }
}