{
  "position_id": 700,
  "market_id": "btc-updown-5m-1776279900",
  "side": "Down",
  "weight_version": "weights_v001",
  "timestamp": "2026-04-15T19:14:39.322641+00:00",
  "actual": {
    "exit_reason": "hold",
    "exit_price": 0.0,
    "pnl": -8.06,
    "gain_pct": -1.0
  },
  "counterfactual": {
    "exit_reason": "hypothetical_scalp",
    "exit_price": 0.01,
    "pnl": -7.705217,
    "gain_pct": -0.955982
  },
  "delta_pnl": -0.354783,
  "hold_was_optimal": false,
  "context_at_worst_moment": {
    "holding_edge": 0.12512253851983557,
    "model_prob": 0.13512253851983558,
    "market_price": 0.01,
    "seconds_remaining": 53.493058,
    "exit_threshold_used": -0.05,
    "strike_price": 74469.82075792833,
    "btc_at_worst": 74683.54,
    "worst_at": 1776280146.6679354
  }
}