{
  "position_id": 7020,
  "market_id": "btc-updown-5m-1782371400",
  "side": "Down",
  "timestamp": "2026-06-25T07:22:06.296560+00:00",
  "actual": {
    "exit_reason": "scalp",
    "exit_price": 0.21,
    "pnl": -2.513704,
    "gain_pct": -0.661501
  },
  "counterfactual": {
    "resolution_price": 1.0,
    "pnl": 2.356,
    "gain_pct": 0.62
  },
  "delta_pnl": 4.869704,
  "scalp_was_optimal": false,
  "context_at_scalp": {
    "holding_edge": -0.01944385314965097,
    "model_prob": 0.18055614685034904,
    "market_price": 0.2,
    "seconds_remaining": 112.288242,
    "exit_threshold_used": -0.1,
    "effective_exit_threshold": -0.016065141694177144,
    "loss_cut": false,
    "entry_price": 0.6,
    "fee_rate": 0.07,
    "strike_price": 61655.56533979809,
    "btc_at_scalp": 61676.63,
    "btc_at_expiry": 61652.31515762807,
    "chainlink_price_to_beat": 61656.02202235821,
    "chainlink_final_price": 61652.31515762807,
    "flow_score": -0.3481,
    "spot_flow_signal": 0.1116852722153289,
    "regime": "unknown",
    "btc_distance_atr": 0.548,
    "coinbase_cvd_60s": 1.2023,
    "coinbase_taker_60s": 0.6996,
    "coinbase_taker_n": 282,
    "cross_venue_gap": -107.62,
    "fast_realized_vol_60s": 7.6e-05
  }
}