{
  "position_id": 7021,
  "market_id": "btc-updown-5m-1782371400",
  "side": "Up",
  "timestamp": "2026-06-25T07:22:06.301209+00:00",
  "actual": {
    "exit_reason": "scalp",
    "exit_price": 0.9300000000000002,
    "pnl": 0.820801,
    "gain_pct": 0.18869
  },
  "counterfactual": {
    "resolution_price": 0.0,
    "pnl": -4.35,
    "gain_pct": -1.0
  },
  "delta_pnl": -5.170801,
  "scalp_was_optimal": true,
  "context_at_scalp": {
    "holding_edge": -0.3147312668341774,
    "model_prob": 0.6152687331658226,
    "market_price": 0.93,
    "seconds_remaining": 4.978723,
    "exit_threshold_used": -0.1,
    "effective_exit_threshold": -0.1315323072340105,
    "loss_cut": false,
    "entry_price": 0.75,
    "fee_rate": 0.07,
    "strike_price": 61655.56533979809,
    "btc_at_scalp": 61657.15,
    "btc_at_expiry": 61652.31515762807,
    "chainlink_price_to_beat": 61656.02202235821,
    "chainlink_final_price": 61652.31515762807,
    "flow_score": -0.5841,
    "spot_flow_signal": -0.08699317630036109,
    "regime": "unknown",
    "btc_distance_atr": 0.035,
    "coinbase_cvd_60s": -0.8604,
    "coinbase_taker_60s": 0.3309,
    "coinbase_taker_n": 288,
    "cross_venue_gap": -106.12,
    "fast_realized_vol_60s": 9.1e-05
  }
}