{
  "position_id": 7028,
  "market_id": "btc-updown-5m-1782372900",
  "side": "Up",
  "timestamp": "2026-06-25T07:42:05.408379+00:00",
  "actual": {
    "exit_reason": "hold",
    "exit_price": 1.0,
    "pnl": 6.826565,
    "gain_pct": 0.893529
  },
  "counterfactual": {
    "exit_reason": "hypothetical_scalp",
    "exit_price": 0.99,
    "pnl": 6.671874,
    "gain_pct": 0.873282
  },
  "delta_pnl": 0.154691,
  "hold_was_optimal": true,
  "context_at_worst_moment": {
    "holding_edge": 0.009934888271996956,
    "model_prob": 0.999934888271997,
    "market_price": 0.99,
    "seconds_remaining": 19.466776,
    "exit_threshold_used": -0.1,
    "strike_price": 61754.6479904542,
    "btc_at_worst": 61816.79,
    "flow_score": 0.654,
    "spot_flow_signal": -0.15373780364795953,
    "regime": "unknown",
    "btc_distance_atr": 2.303,
    "worst_at": 1782373180.533869,
    "coinbase_cvd_60s": -1.8581,
    "coinbase_taker_60s": 0.2931,
    "coinbase_taker_n": 271,
    "cross_venue_gap": -94.92,
    "fast_realized_vol_60s": 4e-05
  }
}