{
  "position_id": 7031,
  "market_id": "btc-updown-5m-1782373200",
  "side": "Down",
  "timestamp": "2026-06-25T07:52:08.720639+00:00",
  "actual": {
    "exit_reason": "scalp",
    "exit_price": 0.09,
    "pnl": -5.571059,
    "gain_pct": -0.853148
  },
  "counterfactual": {
    "resolution_price": 0.0,
    "pnl": -6.53,
    "gain_pct": -1.0
  },
  "delta_pnl": -0.958941,
  "scalp_was_optimal": true,
  "context_at_scalp": {
    "holding_edge": -0.019285487431405374,
    "model_prob": 0.07071451256859462,
    "market_price": 0.09,
    "seconds_remaining": 37.447919,
    "exit_threshold_used": -0.1,
    "effective_exit_threshold": 0.23869128762416933,
    "loss_cut": true,
    "entry_price": 0.5447031167058467,
    "fee_rate": 0.07,
    "strike_price": 61825.379824518895,
    "btc_at_scalp": 61840.88,
    "btc_at_expiry": 61819.89813047395,
    "chainlink_price_to_beat": 61818.89707834337,
    "chainlink_final_price": 61819.89813047395,
    "flow_score": 0.142,
    "spot_flow_signal": 0.21442283752393176,
    "regime": "unknown",
    "btc_distance_atr": 0.534,
    "coinbase_cvd_60s": 2.0858,
    "coinbase_taker_60s": 0.8608,
    "coinbase_taker_n": 276,
    "cross_venue_gap": -95.69,
    "fast_realized_vol_60s": 6.1e-05
  }
}