{
  "position_id": 7041,
  "market_id": "btc-updown-5m-1782375300",
  "side": "Down",
  "timestamp": "2026-06-25T08:26:18.953458+00:00",
  "actual": {
    "exit_reason": "hold",
    "exit_price": 1.0,
    "pnl": 7.257822,
    "gain_pct": 0.343973
  },
  "counterfactual": {
    "exit_reason": "hypothetical_scalp",
    "exit_price": 0.99,
    "pnl": 6.954592,
    "gain_pct": 0.329602
  },
  "delta_pnl": 0.30323,
  "hold_was_optimal": true,
  "context_at_worst_moment": {
    "holding_edge": 0.009202516048253284,
    "model_prob": 0.9992025160482533,
    "market_price": 0.99,
    "seconds_remaining": 38.18747,
    "exit_threshold_used": -0.1,
    "strike_price": 61702.85638023445,
    "btc_at_worst": 61648.92,
    "flow_score": -0.7627,
    "spot_flow_signal": -0.09888691124909749,
    "regime": "unknown",
    "btc_distance_atr": -2.954,
    "worst_at": 1782375561.9682798,
    "coinbase_cvd_60s": -0.5199,
    "coinbase_taker_60s": 0.3199,
    "coinbase_taker_n": 175,
    "cross_venue_gap": -97.28,
    "fast_realized_vol_60s": 1.9e-05
  }
}