{
  "position_id": 7052,
  "market_id": "btc-updown-5m-1782378600",
  "side": "Up",
  "timestamp": "2026-06-25T09:22:27.671933+00:00",
  "actual": {
    "exit_reason": "scalp",
    "exit_price": 0.61,
    "pnl": -2.677984,
    "gain_pct": -0.204895
  },
  "counterfactual": {
    "resolution_price": 0.0,
    "pnl": -13.07,
    "gain_pct": -1.0
  },
  "delta_pnl": -10.392016,
  "scalp_was_optimal": true,
  "context_at_scalp": {
    "holding_edge": -0.06890539110156613,
    "model_prob": 0.5410946088984339,
    "market_price": 0.61,
    "seconds_remaining": 57.03391,
    "exit_threshold_used": -0.1,
    "effective_exit_threshold": -0.06190458422247436,
    "loss_cut": false,
    "entry_price": 0.75,
    "fee_rate": 0.07,
    "strike_price": 61658.56484390519,
    "btc_at_scalp": 61660.04,
    "btc_at_expiry": 61651.49219832219,
    "chainlink_price_to_beat": 61658.67434873618,
    "chainlink_final_price": 61651.49219832219,
    "flow_score": -0.1787,
    "spot_flow_signal": -0.29747435279055673,
    "regime": "unknown",
    "btc_distance_atr": 0.066,
    "coinbase_cvd_60s": -4.3969,
    "coinbase_taker_60s": 0.1652,
    "coinbase_taker_n": 346,
    "cross_venue_gap": -99.95,
    "fast_realized_vol_60s": 6.9e-05
  }
}