{
  "position_id": 7076,
  "market_id": "btc-updown-5m-1782383700",
  "side": "Down",
  "timestamp": "2026-06-25T10:48:05.146594+00:00",
  "actual": {
    "exit_reason": "scalp",
    "exit_price": 0.28,
    "pnl": -2.866272,
    "gain_pct": -0.462302
  },
  "counterfactual": {
    "resolution_price": 1.0,
    "pnl": 5.766,
    "gain_pct": 0.93
  },
  "delta_pnl": 8.632272,
  "scalp_was_optimal": false,
  "context_at_scalp": {
    "holding_edge": -0.061084605699392724,
    "model_prob": 0.22891539430060726,
    "market_price": 0.29,
    "seconds_remaining": 93.684034,
    "exit_threshold_used": -0.1,
    "effective_exit_threshold": 0.002333341419048701,
    "loss_cut": false,
    "entry_price": 0.5,
    "fee_rate": 0.07,
    "strike_price": 61461.25322481696,
    "btc_at_scalp": 61474.74,
    "btc_at_expiry": 61433.69767794056,
    "chainlink_price_to_beat": 61460.91694526579,
    "chainlink_final_price": 61433.69767794056,
    "flow_score": -0.4632,
    "spot_flow_signal": 0.4372674514449088,
    "regime": "unknown",
    "btc_distance_atr": 0.579,
    "coinbase_cvd_60s": 9.0673,
    "coinbase_taker_60s": 0.9255,
    "coinbase_taker_n": 273,
    "cross_venue_gap": -94.69,
    "fast_realized_vol_60s": 7.4e-05
  }
}