{
  "position_id": 7083,
  "market_id": "btc-updown-5m-1782385200",
  "side": "Down",
  "timestamp": "2026-06-25T11:07:01.878719+00:00",
  "actual": {
    "exit_reason": "hold",
    "exit_price": 1.0,
    "pnl": 3.824446,
    "gain_pct": 0.262308
  },
  "counterfactual": {
    "exit_reason": "hypothetical_scalp",
    "exit_price": 0.98,
    "pnl": 3.431106,
    "gain_pct": 0.23533
  },
  "delta_pnl": 0.39334,
  "hold_was_optimal": true,
  "context_at_worst_moment": {
    "holding_edge": -0.017875743345206807,
    "model_prob": 0.9621242566547932,
    "market_price": 0.98,
    "seconds_remaining": 75.302226,
    "exit_threshold_used": -0.1,
    "strike_price": 61181.053005147965,
    "btc_at_worst": 61111.59,
    "flow_score": 0.181,
    "spot_flow_signal": -0.23685624991943785,
    "regime": "unknown",
    "btc_distance_atr": -1.557,
    "worst_at": 1782385424.699136,
    "coinbase_cvd_60s": -6.9043,
    "coinbase_taker_60s": 0.1652,
    "coinbase_taker_n": 429,
    "cross_venue_gap": -88.4,
    "fast_realized_vol_60s": 8.7e-05
  }
}