{
  "position_id": 7088,
  "market_id": "btc-updown-5m-1782386700",
  "side": "Up",
  "timestamp": "2026-06-25T11:37:41.621273+00:00",
  "actual": {
    "exit_reason": "scalp",
    "exit_price": 0.23,
    "pnl": -8.922196,
    "gain_pct": -0.580117
  },
  "counterfactual": {
    "resolution_price": 0.0,
    "pnl": -15.38,
    "gain_pct": -1.0
  },
  "delta_pnl": -6.457804,
  "scalp_was_optimal": true,
  "context_at_scalp": {
    "holding_edge": -0.020799834905476766,
    "model_prob": 0.20920016509452324,
    "market_price": 0.23,
    "seconds_remaining": 89.997637,
    "exit_threshold_used": -0.1,
    "effective_exit_threshold": 0.027027908414238994,
    "loss_cut": true,
    "entry_price": 0.49,
    "fee_rate": 0.07,
    "strike_price": 61189.13539580121,
    "btc_at_scalp": 61161.76,
    "btc_at_expiry": 61152.24342405366,
    "chainlink_price_to_beat": 61189.13539580122,
    "chainlink_final_price": 61152.24342405366,
    "flow_score": 0.3971,
    "spot_flow_signal": -0.0503114095517538,
    "regime": "unknown",
    "btc_distance_atr": -0.723,
    "coinbase_cvd_60s": -0.6689,
    "coinbase_taker_60s": 0.407,
    "coinbase_taker_n": 329,
    "cross_venue_gap": -98.25,
    "fast_realized_vol_60s": 7.7e-05
  }
}