{
  "position_id": 7091,
  "market_id": "btc-updown-5m-1782387300",
  "side": "Down",
  "timestamp": "2026-06-25T11:47:14.714514+00:00",
  "actual": {
    "exit_reason": "scalp",
    "exit_price": 0.34,
    "pnl": -2.950188,
    "gain_pct": -0.347081
  },
  "counterfactual": {
    "resolution_price": 0.0,
    "pnl": -8.5,
    "gain_pct": -1.0
  },
  "delta_pnl": -5.549812,
  "scalp_was_optimal": true,
  "context_at_scalp": {
    "holding_edge": -0.07265751234034923,
    "model_prob": 0.2073424876596508,
    "market_price": 0.28,
    "seconds_remaining": 171.909195,
    "exit_threshold_used": -0.1,
    "effective_exit_threshold": -0.04690929709582594,
    "loss_cut": false,
    "entry_price": 0.5,
    "fee_rate": 0.07,
    "strike_price": 61168.76116043936,
    "btc_at_scalp": 61197.58,
    "btc_at_expiry": 61240.99807842562,
    "chainlink_price_to_beat": 61168.506613237696,
    "chainlink_final_price": 61240.99807842562,
    "flow_score": 0.1174,
    "spot_flow_signal": 0.004853845907087063,
    "regime": "unknown",
    "btc_distance_atr": 0.927,
    "coinbase_cvd_60s": 0.1039,
    "coinbase_taker_60s": 0.5059,
    "coinbase_taker_n": 391,
    "cross_venue_gap": -102.42,
    "fast_realized_vol_60s": 8.4e-05
  }
}