{
  "position_id": 7102,
  "market_id": "btc-updown-5m-1782389400",
  "side": "Down",
  "timestamp": "2026-06-25T12:17:24.597212+00:00",
  "actual": {
    "exit_reason": "hold",
    "exit_price": 1.0,
    "pnl": 5.533851,
    "gain_pct": 0.824717
  },
  "counterfactual": {
    "exit_reason": "hypothetical_scalp",
    "exit_price": 0.99,
    "pnl": 5.402927,
    "gain_pct": 0.805205
  },
  "delta_pnl": 0.130923,
  "hold_was_optimal": true,
  "context_at_worst_moment": {
    "holding_edge": 0.009812911910096589,
    "model_prob": 0.9998129119100966,
    "market_price": 0.99,
    "seconds_remaining": 1.918401,
    "exit_threshold_used": -0.1,
    "strike_price": 61147.226974316836,
    "btc_at_worst": 61118.01,
    "flow_score": -0.6392,
    "spot_flow_signal": 0.04164094151073865,
    "regime": "unknown",
    "btc_distance_atr": -0.826,
    "worst_at": 1782389698.0828412,
    "coinbase_cvd_60s": 0.7257,
    "coinbase_taker_60s": 0.5621,
    "coinbase_taker_n": 242,
    "cross_venue_gap": -103.59,
    "fast_realized_vol_60s": 6.6e-05
  }
}