{
  "position_id": 7108,
  "market_id": "btc-updown-5m-1782391200",
  "side": "Down",
  "timestamp": "2026-06-25T12:49:20.989962+00:00",
  "actual": {
    "exit_reason": "hold",
    "exit_price": 1.0,
    "pnl": 5.693746,
    "gain_pct": 0.500769
  },
  "counterfactual": {
    "exit_reason": "hypothetical_scalp",
    "exit_price": 0.54,
    "pnl": -2.452281,
    "gain_pct": -0.21568
  },
  "delta_pnl": 8.146028,
  "hold_was_optimal": true,
  "context_at_worst_moment": {
    "holding_edge": -0.08922212888708558,
    "model_prob": 0.45077787111291445,
    "market_price": 0.54,
    "seconds_remaining": 130.225114,
    "exit_threshold_used": -0.1,
    "strike_price": 61321.2572328507,
    "btc_at_worst": 61328.31,
    "flow_score": 0.3362,
    "spot_flow_signal": -0.002158959533906742,
    "regime": "unknown",
    "btc_distance_atr": 0.087,
    "worst_at": 1782391369.776902,
    "coinbase_cvd_60s": -0.0391,
    "coinbase_taker_60s": 0.4958,
    "coinbase_taker_n": 378,
    "cross_venue_gap": -97.68,
    "fast_realized_vol_60s": 9.2e-05
  }
}