{
  "position_id": 7115,
  "market_id": "btc-updown-5m-1782392700",
  "side": "Down",
  "timestamp": "2026-06-25T13:14:22.362820+00:00",
  "actual": {
    "exit_reason": "hold",
    "exit_price": 1.0,
    "pnl": 9.1791,
    "gain_pct": 0.824717
  },
  "counterfactual": {
    "exit_reason": "hypothetical_scalp",
    "exit_price": 0.98,
    "pnl": 8.745054,
    "gain_pct": 0.785719
  },
  "delta_pnl": 0.434046,
  "hold_was_optimal": true,
  "context_at_worst_moment": {
    "holding_edge": -0.025820808829598252,
    "model_prob": 0.9541791911704017,
    "market_price": 0.98,
    "seconds_remaining": 32.646244,
    "exit_threshold_used": -0.1,
    "strike_price": 61157.15490908844,
    "btc_at_worst": 61121.14,
    "flow_score": 0.2101,
    "spot_flow_signal": 0.05849812146965898,
    "regime": "unknown",
    "btc_distance_atr": -0.743,
    "worst_at": 1782392967.3551347,
    "coinbase_cvd_60s": 0.9961,
    "coinbase_taker_60s": 0.589,
    "coinbase_taker_n": 389,
    "cross_venue_gap": -96.86,
    "fast_realized_vol_60s": 6.3e-05
  }
}