{
  "position_id": 711,
  "market_id": "btc-updown-5m-1780168800",
  "side": "Down",
  "timestamp": "2026-05-30T19:27:49.435756+00:00",
  "actual": {
    "exit_reason": "hold",
    "exit_price": 1.0,
    "pnl": 1.726586,
    "gain_pct": 0.94349
  },
  "counterfactual": {
    "exit_reason": "hypothetical_scalp",
    "exit_price": 0.61,
    "pnl": 0.324288,
    "gain_pct": 0.177206
  },
  "delta_pnl": 1.402299,
  "hold_was_optimal": true,
  "context_at_worst_moment": {
    "holding_edge": -0.06238141228388161,
    "model_prob": 0.5476185877161184,
    "market_price": 0.61,
    "seconds_remaining": 257.554728,
    "exit_threshold_used": -0.1,
    "strike_price": 73942.7924516727,
    "btc_at_worst": 73941.85,
    "flow_score": -0.2912,
    "spot_flow_signal": 0.09039311339518116,
    "regime": "neutral",
    "btc_distance_atr": -0.08,
    "worst_at": 1780168842.445713,
    "coinbase_cvd_60s": 0.5398,
    "coinbase_taker_60s": 0.69,
    "coinbase_taker_n": 845
  }
}