{
  "position_id": 7149,
  "market_id": "btc-updown-5m-1782405300",
  "side": "Up",
  "timestamp": "2026-06-25T16:48:47.245024+00:00",
  "actual": {
    "exit_reason": "scalp",
    "exit_price": 0.38,
    "pnl": -6.365099,
    "gain_pct": -0.53309
  },
  "counterfactual": {
    "resolution_price": 0.0,
    "pnl": -11.94,
    "gain_pct": -1.0
  },
  "delta_pnl": -5.574901,
  "scalp_was_optimal": true,
  "context_at_scalp": {
    "holding_edge": -0.21792123756805706,
    "model_prob": 0.1920787624319429,
    "market_price": 0.41,
    "seconds_remaining": 75.106886,
    "exit_threshold_used": -0.1,
    "effective_exit_threshold": -0.048260250816714416,
    "loss_cut": true,
    "entry_price": 0.75,
    "fee_rate": 0.07,
    "strike_price": 59306.11993254251,
    "btc_at_scalp": 59263.02,
    "btc_at_expiry": 59257.232907943784,
    "chainlink_price_to_beat": 59304.44343386467,
    "chainlink_final_price": 59257.232907943784,
    "flow_score": -0.059,
    "spot_flow_signal": -0.5787478518436981,
    "regime": "unknown",
    "btc_distance_atr": -0.502,
    "coinbase_cvd_60s": -11.1856,
    "coinbase_taker_60s": 0.2007,
    "coinbase_taker_n": 759,
    "cross_venue_gap": -107.26,
    "fast_realized_vol_60s": 0.000187
  }
}