{
  "position_id": 7173,
  "market_id": "btc-updown-5m-1782413400",
  "side": "Down",
  "timestamp": "2026-06-25T19:03:56.702731+00:00",
  "actual": {
    "exit_reason": "scalp",
    "exit_price": 0.27,
    "pnl": -8.428362,
    "gain_pct": -0.634188
  },
  "counterfactual": {
    "resolution_price": 0.0,
    "pnl": -13.29,
    "gain_pct": -1.0
  },
  "delta_pnl": -4.861638,
  "scalp_was_optimal": true,
  "context_at_scalp": {
    "holding_edge": -0.06216235987271346,
    "model_prob": 0.19783764012728655,
    "market_price": 0.26,
    "seconds_remaining": 134.750626,
    "exit_threshold_used": -0.1,
    "effective_exit_threshold": -0.04133023053068511,
    "loss_cut": false,
    "entry_price": 0.72,
    "fee_rate": 0.07,
    "strike_price": 59385.82901539961,
    "btc_at_scalp": 59426.02,
    "btc_at_expiry": 59425.16944038423,
    "chainlink_price_to_beat": 59393.29022611865,
    "chainlink_final_price": 59425.16944038423,
    "flow_score": 0.2687,
    "spot_flow_signal": 0.07430102639802622,
    "regime": "unknown",
    "btc_distance_atr": 0.733,
    "coinbase_cvd_60s": 1.6745,
    "coinbase_taker_60s": 0.5812,
    "coinbase_taker_n": 606,
    "cross_venue_gap": -98.58,
    "fast_realized_vol_60s": 9.3e-05
  }
}