{
  "position_id": 7178,
  "market_id": "btc-updown-5m-1782414300",
  "side": "Down",
  "timestamp": "2026-06-25T19:13:50.398264+00:00",
  "actual": {
    "exit_reason": "hold",
    "exit_price": 1.0,
    "pnl": 7.5051,
    "gain_pct": 0.93
  },
  "counterfactual": {
    "exit_reason": "hypothetical_scalp",
    "exit_price": 0.71,
    "pnl": 2.763837,
    "gain_pct": 0.342483
  },
  "delta_pnl": 4.741263,
  "hold_was_optimal": true,
  "context_at_worst_moment": {
    "holding_edge": -0.040958288999862646,
    "model_prob": 0.6690417110001373,
    "market_price": 0.71,
    "seconds_remaining": 246.079228,
    "exit_threshold_used": -0.1,
    "strike_price": 59297.028052190864,
    "btc_at_worst": 59265.99,
    "flow_score": -0.2609,
    "spot_flow_signal": -0.1718956246244593,
    "regime": "unknown",
    "btc_distance_atr": -0.531,
    "worst_at": 1782414353.922196,
    "coinbase_cvd_60s": -4.5923,
    "coinbase_taker_60s": 0.3624,
    "coinbase_taker_n": 909,
    "cross_venue_gap": -91.86,
    "fast_realized_vol_60s": 0.000126
  }
}