{
  "position_id": 7188,
  "market_id": "btc-updown-5m-1782417300",
  "side": "Down",
  "timestamp": "2026-06-25T20:04:05.624131+00:00",
  "actual": {
    "exit_reason": "hold",
    "exit_price": 1.0,
    "pnl": 8.879766,
    "gain_pct": 0.646271
  },
  "counterfactual": {
    "exit_reason": "hypothetical_scalp",
    "exit_price": 0.55,
    "pnl": -1.691016,
    "gain_pct": -0.123072
  },
  "delta_pnl": 10.570782,
  "hold_was_optimal": true,
  "context_at_worst_moment": {
    "holding_edge": -0.15119558810962563,
    "model_prob": 0.3988044118903744,
    "market_price": 0.55,
    "seconds_remaining": 57.754119,
    "exit_threshold_used": -0.1,
    "strike_price": 59249.223575248085,
    "btc_at_worst": 59254.93,
    "flow_score": 0.5665,
    "spot_flow_signal": 0.08681376066824374,
    "regime": "unknown",
    "btc_distance_atr": 0.143,
    "worst_at": 1782417542.247949,
    "coinbase_cvd_60s": 1.4666,
    "coinbase_taker_60s": 0.5867,
    "coinbase_taker_n": 639,
    "cross_venue_gap": -91.06,
    "fast_realized_vol_60s": 5e-05
  }
}