{
  "position_id": 7189,
  "market_id": "btc-updown-5m-1782417600",
  "side": "Up",
  "timestamp": "2026-06-25T20:09:06.262061+00:00",
  "actual": {
    "exit_reason": "hold",
    "exit_price": 1.0,
    "pnl": 20.925,
    "gain_pct": 0.93
  },
  "counterfactual": {
    "exit_reason": "hypothetical_scalp",
    "exit_price": 0.99,
    "pnl": 20.460656,
    "gain_pct": 0.909363
  },
  "delta_pnl": 0.464344,
  "hold_was_optimal": true,
  "context_at_worst_moment": {
    "holding_edge": -0.003138908545893382,
    "model_prob": 0.9868610914541066,
    "market_price": 0.99,
    "seconds_remaining": 211.996666,
    "exit_threshold_used": -0.1,
    "strike_price": 59202.270703720314,
    "btc_at_worst": 59524.45,
    "flow_score": 0.7466,
    "spot_flow_signal": 0.11667861770247265,
    "regime": "unknown",
    "btc_distance_atr": 4.092,
    "worst_at": 1782417688.004241,
    "coinbase_cvd_60s": 4.3616,
    "coinbase_taker_60s": 0.5943,
    "coinbase_taker_n": 1162,
    "cross_venue_gap": -101.53,
    "fast_realized_vol_60s": 0.000233
  }
}