{
  "position_id": 7194,
  "market_id": "btc-updown-5m-1782419100",
  "side": "Up",
  "timestamp": "2026-06-25T20:39:11.986250+00:00",
  "actual": {
    "exit_reason": "scalp",
    "exit_price": 0.97,
    "pnl": 1.674628,
    "gain_pct": 0.080978
  },
  "counterfactual": {
    "resolution_price": 0.0,
    "pnl": -20.68,
    "gain_pct": -1.0
  },
  "delta_pnl": -22.354628,
  "scalp_was_optimal": true,
  "context_at_scalp": {
    "holding_edge": -0.17427530676967884,
    "model_prob": 0.7957246932303211,
    "market_price": 0.97,
    "seconds_remaining": 7.78654,
    "exit_threshold_used": -0.1,
    "effective_exit_threshold": -0.14278315640962164,
    "loss_cut": false,
    "entry_price": 0.87,
    "fee_rate": 0.07,
    "strike_price": 59521.222329125354,
    "btc_at_scalp": 59529.42,
    "btc_at_expiry": 59524.74747063007,
    "chainlink_price_to_beat": 59526.385132502204,
    "chainlink_final_price": 59524.74747063007,
    "flow_score": -0.2175,
    "spot_flow_signal": -0.23979325219817907,
    "regime": "unknown",
    "btc_distance_atr": 0.189,
    "coinbase_cvd_60s": -2.4184,
    "coinbase_taker_60s": 0.0847,
    "coinbase_taker_n": 315,
    "cross_venue_gap": -112.11,
    "fast_realized_vol_60s": 4.4e-05
  }
}