{
  "position_id": 7203,
  "market_id": "btc-updown-5m-1782423000",
  "side": "Up",
  "timestamp": "2026-06-25T21:39:52.990293+00:00",
  "actual": {
    "exit_reason": "hold",
    "exit_price": 1.0,
    "pnl": 4.736025,
    "gain_pct": 0.2325
  },
  "counterfactual": {
    "exit_reason": "hypothetical_scalp",
    "exit_price": 0.98,
    "pnl": 4.199459,
    "gain_pct": 0.206159
  },
  "delta_pnl": 0.536566,
  "hold_was_optimal": true,
  "context_at_worst_moment": {
    "holding_edge": -0.015885957857976418,
    "model_prob": 0.9641140421420236,
    "market_price": 0.98,
    "seconds_remaining": 140.278542,
    "exit_threshold_used": -0.1,
    "strike_price": 59615.793575,
    "btc_at_worst": 59714.57,
    "flow_score": 0.2021,
    "spot_flow_signal": 0.4307140449171387,
    "regime": "unknown",
    "btc_distance_atr": 2.065,
    "worst_at": 1782423159.7236962,
    "coinbase_cvd_60s": 11.3719,
    "coinbase_taker_60s": 0.8212,
    "coinbase_taker_n": 632,
    "cross_venue_gap": -105.19,
    "fast_realized_vol_60s": 0.000148
  }
}