{
  "position_id": 7231,
  "market_id": "btc-updown-5m-1782429600",
  "side": "Down",
  "timestamp": "2026-06-25T23:30:14.948958+00:00",
  "actual": {
    "exit_reason": "scalp",
    "exit_price": 0.27,
    "pnl": -8.089859,
    "gain_pct": -0.535044
  },
  "counterfactual": {
    "resolution_price": 0.0,
    "pnl": -15.12,
    "gain_pct": -1.0
  },
  "delta_pnl": -7.030141,
  "scalp_was_optimal": true,
  "context_at_scalp": {
    "holding_edge": -0.09511803785719775,
    "model_prob": 0.17488196214280227,
    "market_price": 0.27,
    "seconds_remaining": 170.699729,
    "exit_threshold_used": -0.1,
    "effective_exit_threshold": -0.04581752998543764,
    "loss_cut": false,
    "entry_price": 0.56,
    "fee_rate": 0.07,
    "strike_price": 59990.40099214705,
    "btc_at_scalp": 60030.01,
    "btc_at_expiry": 60062.88915547376,
    "chainlink_price_to_beat": 59990.45392890731,
    "chainlink_final_price": 60062.88915547376,
    "flow_score": -0.0392,
    "spot_flow_signal": 0.2804539778135484,
    "regime": "unknown",
    "btc_distance_atr": 0.994,
    "coinbase_cvd_60s": 6.0784,
    "coinbase_taker_60s": 0.7358,
    "coinbase_taker_n": 625,
    "cross_venue_gap": -92.05,
    "fast_realized_vol_60s": 9.9e-05
  }
}