{
  "position_id": 7239,
  "market_id": "btc-updown-5m-1782431400",
  "side": "Down",
  "timestamp": "2026-06-26T00:00:52.226962+00:00",
  "actual": {
    "exit_reason": "hold",
    "exit_price": 1.0,
    "pnl": 13.376218,
    "gain_pct": 0.479091
  },
  "counterfactual": {
    "exit_reason": "hypothetical_scalp",
    "exit_price": 0.99,
    "pnl": 12.934638,
    "gain_pct": 0.463275
  },
  "delta_pnl": 0.44158,
  "hold_was_optimal": true,
  "context_at_worst_moment": {
    "holding_edge": 0.007006705834267879,
    "model_prob": 0.9970067058342679,
    "market_price": 0.99,
    "seconds_remaining": 39.687803,
    "exit_threshold_used": -0.1,
    "strike_price": 59799.703793497654,
    "btc_at_worst": 59727.99,
    "flow_score": -0.6954,
    "spot_flow_signal": -0.09037416436300769,
    "regime": "unknown",
    "btc_distance_atr": -2.485,
    "worst_at": 1782431660.3127942,
    "coinbase_cvd_60s": -0.7603,
    "coinbase_taker_60s": 0.3493,
    "coinbase_taker_n": 355,
    "cross_venue_gap": -98.02,
    "fast_realized_vol_60s": 4.8e-05
  }
}