{
  "position_id": 7244,
  "market_id": "btc-updown-5m-1782432600",
  "side": "Down",
  "timestamp": "2026-06-26T00:20:52.212101+00:00",
  "actual": {
    "exit_reason": "scalp",
    "exit_price": 0.11,
    "pnl": -13.779801,
    "gain_pct": -0.858555
  },
  "counterfactual": {
    "resolution_price": 0.0,
    "pnl": -16.05,
    "gain_pct": -1.0
  },
  "delta_pnl": -2.270199,
  "scalp_was_optimal": true,
  "context_at_scalp": {
    "holding_edge": -0.023118243715226208,
    "model_prob": 0.08688175628477379,
    "market_price": 0.11,
    "seconds_remaining": 31.059606,
    "exit_threshold_used": -0.1,
    "effective_exit_threshold": 0.24415154645506784,
    "loss_cut": true,
    "entry_price": 0.7,
    "fee_rate": 0.07,
    "strike_price": 59775.863435,
    "btc_at_scalp": 59800.0,
    "btc_at_expiry": 59793.77238767792,
    "chainlink_price_to_beat": 59777.04628743324,
    "chainlink_final_price": 59793.77238767792,
    "flow_score": -0.0521,
    "spot_flow_signal": -0.015366324253451623,
    "regime": "unknown",
    "btc_distance_atr": 0.564,
    "coinbase_cvd_60s": -0.128,
    "coinbase_taker_60s": 0.47,
    "coinbase_taker_n": 371,
    "cross_venue_gap": -87.99,
    "fast_realized_vol_60s": 4.7e-05
  }
}