{
  "position_id": 7257,
  "market_id": "btc-updown-5m-1782434700",
  "side": "Down",
  "timestamp": "2026-06-26T00:56:19.058321+00:00",
  "actual": {
    "exit_reason": "hold",
    "exit_price": 1.0,
    "pnl": 10.323,
    "gain_pct": 0.93
  },
  "counterfactual": {
    "exit_reason": "hypothetical_scalp",
    "exit_price": 0.34,
    "pnl": -4.152692,
    "gain_pct": -0.374116
  },
  "delta_pnl": 14.475692,
  "hold_was_optimal": true,
  "context_at_worst_moment": {
    "holding_edge": -0.06209562716251188,
    "model_prob": 0.27790437283748815,
    "market_price": 0.34,
    "seconds_remaining": 232.069337,
    "exit_threshold_used": -0.1,
    "strike_price": 59704.810442317525,
    "btc_at_worst": 59723.07,
    "flow_score": -0.2186,
    "spot_flow_signal": -0.3831353384690356,
    "regime": "unknown",
    "btc_distance_atr": 0.512,
    "worst_at": 1782434767.9318643,
    "coinbase_cvd_60s": -8.144,
    "coinbase_taker_60s": 0.184,
    "coinbase_taker_n": 634,
    "cross_venue_gap": -94.92,
    "fast_realized_vol_60s": 8.4e-05
  }
}