{
  "position_id": 7262,
  "market_id": "btc-updown-5m-1782435600",
  "side": "Up",
  "timestamp": "2026-06-26T01:11:26.426312+00:00",
  "actual": {
    "exit_reason": "scalp",
    "exit_price": 0.68,
    "pnl": -4.239294,
    "gain_pct": -0.113654
  },
  "counterfactual": {
    "resolution_price": 0.0,
    "pnl": -37.3,
    "gain_pct": -1.0
  },
  "delta_pnl": -33.060706,
  "scalp_was_optimal": true,
  "context_at_scalp": {
    "holding_edge": -0.09861460215293327,
    "model_prob": 0.5913853978470667,
    "market_price": 0.69,
    "seconds_remaining": 74.009767,
    "exit_threshold_used": -0.1,
    "effective_exit_threshold": -0.07470806825292399,
    "loss_cut": false,
    "entry_price": 0.75,
    "fee_rate": 0.07,
    "strike_price": 59582.10497094995,
    "btc_at_scalp": 59588.0,
    "btc_at_expiry": 59476.811425,
    "chainlink_price_to_beat": 59581.09882732691,
    "chainlink_final_price": 59476.811425,
    "flow_score": 0.4779,
    "spot_flow_signal": 0.013931248689439426,
    "regime": "unknown",
    "btc_distance_atr": 0.122,
    "coinbase_cvd_60s": 0.1566,
    "coinbase_taker_60s": 0.5252,
    "coinbase_taker_n": 436,
    "cross_venue_gap": -100.01,
    "fast_realized_vol_60s": 6.8e-05
  }
}