{
  "position_id": 7290,
  "market_id": "btc-updown-5m-1782443100",
  "side": "Down",
  "timestamp": "2026-06-26T03:17:11.826732+00:00",
  "actual": {
    "exit_reason": "scalp",
    "exit_price": 0.22999999999999998,
    "pnl": -7.314167,
    "gain_pct": -0.603479
  },
  "counterfactual": {
    "resolution_price": 0.0,
    "pnl": -12.12,
    "gain_pct": -1.0
  },
  "delta_pnl": -4.805833,
  "scalp_was_optimal": true,
  "context_at_scalp": {
    "holding_edge": -0.010183630894853551,
    "model_prob": 0.21981636910514646,
    "market_price": 0.23,
    "seconds_remaining": 85.071053,
    "exit_threshold_used": -0.1,
    "effective_exit_threshold": 0.037596269286614414,
    "loss_cut": true,
    "entry_price": 0.52,
    "fee_rate": 0.07,
    "strike_price": 58579.26369546878,
    "btc_at_scalp": 58660.76,
    "btc_at_expiry": 58650.68906199579,
    "chainlink_price_to_beat": 58588.076909251155,
    "chainlink_final_price": 58650.68906199579,
    "flow_score": -0.407,
    "spot_flow_signal": 0.07706772338772339,
    "regime": "unknown",
    "btc_distance_atr": 0.686,
    "coinbase_cvd_60s": 2.0362,
    "coinbase_taker_60s": 0.5682,
    "coinbase_taker_n": 666,
    "cross_venue_gap": -92.11,
    "fast_realized_vol_60s": 0.00016
  }
}