{
  "position_id": 7320,
  "market_id": "btc-updown-5m-1782454800",
  "side": "Up",
  "timestamp": "2026-06-26T06:29:37.401617+00:00",
  "actual": {
    "exit_reason": "hold",
    "exit_price": 1.0,
    "pnl": 3.917814,
    "gain_pct": 0.326757
  },
  "counterfactual": {
    "exit_reason": "hypothetical_scalp",
    "exit_price": 0.83,
    "pnl": 1.056364,
    "gain_pct": 0.088104
  },
  "delta_pnl": 2.86145,
  "hold_was_optimal": true,
  "context_at_worst_moment": {
    "holding_edge": -0.015934340185782103,
    "model_prob": 0.8140656598142179,
    "market_price": 0.83,
    "seconds_remaining": 238.641261,
    "exit_threshold_used": -0.1,
    "strike_price": 59726.47832373767,
    "btc_at_worst": 59775.13,
    "flow_score": 0.1266,
    "spot_flow_signal": 0.020824649568642356,
    "regime": "unknown",
    "btc_distance_atr": 1.123,
    "worst_at": 1782454861.3603115,
    "coinbase_cvd_60s": 0.1168,
    "coinbase_taker_60s": 0.5442,
    "coinbase_taker_n": 191,
    "cross_venue_gap": -95.81,
    "fast_realized_vol_60s": 8e-05
  }
}