{
  "position_id": 7321,
  "market_id": "btc-updown-5m-1782455100",
  "side": "Up",
  "timestamp": "2026-06-26T06:39:36.645712+00:00",
  "actual": {
    "exit_reason": "scalp",
    "exit_price": 0.1,
    "pnl": -10.302615,
    "gain_pct": -0.843785
  },
  "counterfactual": {
    "resolution_price": 1.0,
    "pnl": 6.9597,
    "gain_pct": 0.57
  },
  "delta_pnl": 17.262315,
  "scalp_was_optimal": false,
  "context_at_scalp": {
    "holding_edge": 0.014378477406664536,
    "model_prob": 0.13437847740666453,
    "market_price": 0.12,
    "seconds_remaining": 96.167457,
    "exit_threshold_used": -0.1,
    "effective_exit_threshold": 0.043940902672313084,
    "loss_cut": false,
    "entry_price": 0.62,
    "fee_rate": 0.07,
    "strike_price": 59925.795971653315,
    "btc_at_scalp": 59875.01,
    "btc_at_expiry": 59954.361784146284,
    "chainlink_price_to_beat": 59929.01587,
    "chainlink_final_price": 59954.361784146284,
    "flow_score": -0.0359,
    "spot_flow_signal": -0.08497371071209113,
    "regime": "unknown",
    "btc_distance_atr": -1.009,
    "coinbase_cvd_60s": -0.2373,
    "coinbase_taker_60s": 0.2568,
    "coinbase_taker_n": 258,
    "cross_venue_gap": -84.98,
    "fast_realized_vol_60s": 6.4e-05
  }
}