{
  "position_id": 7334,
  "market_id": "btc-updown-5m-1782458400",
  "side": "Down",
  "timestamp": "2026-06-26T07:30:31.741148+00:00",
  "actual": {
    "exit_reason": "hold",
    "exit_price": 1.0,
    "pnl": 6.054955,
    "gain_pct": 0.379859
  },
  "counterfactual": {
    "exit_reason": "hypothetical_scalp",
    "exit_price": 0.99,
    "pnl": 5.819763,
    "gain_pct": 0.365104
  },
  "delta_pnl": 0.235192,
  "hold_was_optimal": true,
  "context_at_worst_moment": {
    "holding_edge": -0.0996442110125616,
    "model_prob": 0.8903557889874384,
    "market_price": 0.99,
    "seconds_remaining": 22.263019,
    "exit_threshold_used": -0.1,
    "strike_price": 60509.57882857256,
    "btc_at_worst": 60484.36,
    "flow_score": -0.6827,
    "spot_flow_signal": 0.27759872858354995,
    "regime": "unknown",
    "btc_distance_atr": -0.503,
    "worst_at": 1782458677.7378035,
    "coinbase_cvd_60s": 6.0407,
    "coinbase_taker_60s": 0.7693,
    "coinbase_taker_n": 595,
    "cross_venue_gap": -59.64,
    "fast_realized_vol_60s": 8.9e-05
  }
}