{
  "position_id": 7345,
  "market_id": "btc-updown-5m-1782461400",
  "side": "Down",
  "timestamp": "2026-06-26T08:21:56.967627+00:00",
  "actual": {
    "exit_reason": "scalp",
    "exit_price": 0.89,
    "pnl": 7.362437,
    "gain_pct": 0.639656
  },
  "counterfactual": {
    "resolution_price": 0.0,
    "pnl": -11.51,
    "gain_pct": -1.0
  },
  "delta_pnl": -18.872437,
  "scalp_was_optimal": true,
  "context_at_scalp": {
    "holding_edge": -0.12848502386186134,
    "model_prob": 0.7615149761381387,
    "market_price": 0.89,
    "seconds_remaining": 4.703862,
    "exit_threshold_used": -0.1,
    "effective_exit_threshold": -0.12071000383579196,
    "loss_cut": false,
    "entry_price": 0.51,
    "fee_rate": 0.07,
    "strike_price": 60170.84798521339,
    "btc_at_scalp": 60163.93,
    "btc_at_expiry": 60179.94699999999,
    "chainlink_price_to_beat": 60170.7635666234,
    "chainlink_final_price": 60179.94699999999,
    "flow_score": 0.3737,
    "spot_flow_signal": -0.24785327277601668,
    "regime": "unknown",
    "btc_distance_atr": -0.15,
    "coinbase_cvd_60s": -2.3618,
    "coinbase_taker_60s": 0.196,
    "coinbase_taker_n": 95,
    "cross_venue_gap": -94.67,
    "fast_realized_vol_60s": 4.4e-05
  }
}