{
  "position_id": 7346,
  "market_id": "btc-updown-5m-1782462300",
  "side": "Up",
  "timestamp": "2026-06-26T08:37:01.641122+00:00",
  "actual": {
    "exit_reason": "scalp",
    "exit_price": 0.52,
    "pnl": -0.24386,
    "gain_pct": -0.020288
  },
  "counterfactual": {
    "resolution_price": 0.0,
    "pnl": -12.02,
    "gain_pct": -1.0
  },
  "delta_pnl": -11.77614,
  "scalp_was_optimal": true,
  "context_at_scalp": {
    "holding_edge": -0.21272726444768758,
    "model_prob": 0.30727273555231244,
    "market_price": 0.52,
    "seconds_remaining": 157.926576,
    "exit_threshold_used": -0.1,
    "effective_exit_threshold": -0.06530466267448937,
    "loss_cut": false,
    "entry_price": 0.51,
    "fee_rate": 0.07,
    "strike_price": 60242.17348212646,
    "btc_at_scalp": 60217.74,
    "btc_at_expiry": 60222.17515523045,
    "chainlink_price_to_beat": 60243.45858379196,
    "chainlink_final_price": 60222.17515523045,
    "flow_score": 0.3274,
    "spot_flow_signal": 0.047409659947656724,
    "regime": "unknown",
    "btc_distance_atr": -0.547,
    "coinbase_cvd_60s": 0.3877,
    "coinbase_taker_60s": 0.5877,
    "coinbase_taker_n": 225,
    "cross_venue_gap": -95.29,
    "fast_realized_vol_60s": 9.8e-05
  }
}