{
  "position_id": 7359,
  "market_id": "btc-updown-5m-1782466500",
  "side": "Down",
  "timestamp": "2026-06-26T09:44:26.323747+00:00",
  "actual": {
    "exit_reason": "hold",
    "exit_price": 1.0,
    "pnl": 5.858568,
    "gain_pct": 0.163465
  },
  "counterfactual": {
    "exit_reason": "hypothetical_scalp",
    "exit_price": 0.99,
    "pnl": 5.412685,
    "gain_pct": 0.151024
  },
  "delta_pnl": 0.445883,
  "hold_was_optimal": true,
  "context_at_worst_moment": {
    "holding_edge": -0.005255088457613799,
    "model_prob": 0.9847449115423862,
    "market_price": 0.99,
    "seconds_remaining": 18.286658,
    "exit_threshold_used": -0.1,
    "strike_price": 59989.1952882714,
    "btc_at_worst": 59959.42,
    "flow_score": -0.7175,
    "spot_flow_signal": -0.21466680205844874,
    "regime": "unknown",
    "btc_distance_atr": -0.873,
    "worst_at": 1782466781.714452,
    "coinbase_cvd_60s": -1.7361,
    "coinbase_taker_60s": 0.1365,
    "coinbase_taker_n": 198,
    "cross_venue_gap": -89.59,
    "fast_realized_vol_60s": 7.1e-05
  }
}