{
  "position_id": 7382,
  "market_id": "btc-updown-5m-1782471900",
  "side": "Up",
  "timestamp": "2026-06-26T11:20:13.220777+00:00",
  "actual": {
    "exit_reason": "scalp",
    "exit_price": 0.36,
    "pnl": -5.053527,
    "gain_pct": -0.493991
  },
  "counterfactual": {
    "resolution_price": 0.0,
    "pnl": -10.23,
    "gain_pct": -1.0
  },
  "delta_pnl": -5.176473,
  "scalp_was_optimal": true,
  "context_at_scalp": {
    "holding_edge": -0.1952356852547073,
    "model_prob": 0.16476431474529268,
    "market_price": 0.36,
    "seconds_remaining": 27.222782,
    "exit_threshold_used": -0.1,
    "effective_exit_threshold": -0.03498830270524133,
    "loss_cut": true,
    "entry_price": 0.65,
    "fee_rate": 0.07,
    "strike_price": 59400.58433206552,
    "btc_at_scalp": 59367.06,
    "btc_at_expiry": 59336.92529954208,
    "chainlink_price_to_beat": 59412.34061631622,
    "chainlink_final_price": 59336.92529954208,
    "flow_score": 0.3313,
    "spot_flow_signal": -0.2167106653020392,
    "regime": "unknown",
    "btc_distance_atr": -0.544,
    "coinbase_cvd_60s": -6.4527,
    "coinbase_taker_60s": 0.1361,
    "coinbase_taker_n": 449,
    "cross_venue_gap": -93.3,
    "fast_realized_vol_60s": 0.000143
  }
}