{
  "position_id": 7385,
  "market_id": "btc-updown-5m-1782473400",
  "side": "Up",
  "timestamp": "2026-06-26T11:40:02.414688+00:00",
  "actual": {
    "exit_reason": "hold",
    "exit_price": 1.0,
    "pnl": 6.289383,
    "gain_pct": 0.361667
  },
  "counterfactual": {
    "exit_reason": "hypothetical_scalp",
    "exit_price": 0.63,
    "pnl": -2.858365,
    "gain_pct": -0.164368
  },
  "delta_pnl": 9.147748,
  "hold_was_optimal": true,
  "context_at_worst_moment": {
    "holding_edge": -0.10421166942937676,
    "model_prob": 0.5257883305706232,
    "market_price": 0.63,
    "seconds_remaining": 186.395783,
    "exit_threshold_used": -0.1,
    "strike_price": 59334.93939473669,
    "btc_at_worst": 59338.64,
    "flow_score": -0.0046,
    "spot_flow_signal": -0.10602810081606748,
    "regime": "unknown",
    "btc_distance_atr": 0.078,
    "worst_at": 1782473513.6051984,
    "coinbase_cvd_60s": -0.5657,
    "coinbase_taker_60s": 0.276,
    "coinbase_taker_n": 299,
    "cross_venue_gap": -109.19,
    "fast_realized_vol_60s": 8.4e-05
  }
}