{
  "position_id": 7404,
  "market_id": "btc-updown-5m-1782478500",
  "side": "Down",
  "timestamp": "2026-06-26T13:05:16.609485+00:00",
  "actual": {
    "exit_reason": "hold",
    "exit_price": 1.0,
    "pnl": 9.503755,
    "gain_pct": 0.760909
  },
  "counterfactual": {
    "exit_reason": "hypothetical_scalp",
    "exit_price": 0.95,
    "pnl": 8.330938,
    "gain_pct": 0.667009
  },
  "delta_pnl": 1.172817,
  "hold_was_optimal": true,
  "context_at_worst_moment": {
    "holding_edge": -0.041571243634025645,
    "model_prob": 0.9084287563659743,
    "market_price": 0.95,
    "seconds_remaining": 38.426808,
    "exit_threshold_used": -0.1,
    "strike_price": 59203.04066701974,
    "btc_at_worst": 59127.09,
    "flow_score": 0.4539,
    "spot_flow_signal": -0.1803016460859018,
    "regime": "unknown",
    "btc_distance_atr": -0.908,
    "worst_at": 1782478761.5740874,
    "coinbase_cvd_60s": -3.3887,
    "coinbase_taker_60s": 0.2258,
    "coinbase_taker_n": 517,
    "cross_venue_gap": -96.87,
    "fast_realized_vol_60s": 0.000102
  }
}