{
  "position_id": 740,
  "market_id": "btc-updown-5m-1776289200",
  "side": "Down",
  "weight_version": "weights_v001",
  "timestamp": "2026-04-15T21:49:53.935116+00:00",
  "actual": {
    "exit_reason": "hold",
    "exit_price": 0.0,
    "pnl": -7.64,
    "gain_pct": -1.0
  },
  "counterfactual": {
    "exit_reason": "hypothetical_scalp",
    "exit_price": 0.84,
    "pnl": 3.499628,
    "gain_pct": 0.458066
  },
  "delta_pnl": -11.139628,
  "hold_was_optimal": false,
  "context_at_worst_moment": {
    "holding_edge": -0.10290113815705071,
    "model_prob": 0.7370988618429493,
    "market_price": 0.84,
    "seconds_remaining": 231.009272,
    "exit_threshold_used": -0.05,
    "strike_price": 74738.20496797358,
    "btc_at_worst": 74684.51,
    "worst_at": 1776289269.1449316
  }
}