{
  "position_id": 7411,
  "market_id": "btc-updown-5m-1782480600",
  "side": "Down",
  "timestamp": "2026-06-26T13:41:21.933627+00:00",
  "actual": {
    "exit_reason": "scalp",
    "exit_price": 0.62,
    "pnl": -0.59217,
    "gain_pct": -0.046155
  },
  "counterfactual": {
    "resolution_price": 0.0,
    "pnl": -12.83,
    "gain_pct": -1.0
  },
  "delta_pnl": -12.23783,
  "scalp_was_optimal": true,
  "context_at_scalp": {
    "holding_edge": -0.05845535805328683,
    "model_prob": 0.5515446419467132,
    "market_price": 0.61,
    "seconds_remaining": 36.989116,
    "exit_threshold_used": -0.1,
    "effective_exit_threshold": -0.057103230906378255,
    "loss_cut": false,
    "entry_price": 0.63,
    "fee_rate": 0.07,
    "strike_price": 58818.25943727576,
    "btc_at_scalp": 58810.14,
    "btc_at_expiry": 58957.81610333955,
    "chainlink_price_to_beat": 58818.257269999995,
    "chainlink_final_price": 58957.81610333955,
    "flow_score": 0.5336,
    "spot_flow_signal": 0.34961059080419,
    "regime": "unknown",
    "btc_distance_atr": -0.056,
    "coinbase_cvd_60s": 20.9173,
    "coinbase_taker_60s": 0.6807,
    "coinbase_taker_n": 1696,
    "cross_venue_gap": -96.04,
    "fast_realized_vol_60s": 0.000188
  }
}