{
  "position_id": 7412,
  "market_id": "btc-updown-5m-1782480900",
  "side": "Up",
  "timestamp": "2026-06-26T13:46:37.663644+00:00",
  "actual": {
    "exit_reason": "hold",
    "exit_price": 1.0,
    "pnl": 11.22355,
    "gain_pct": 1.0075
  },
  "counterfactual": {
    "exit_reason": "hypothetical_scalp",
    "exit_price": 0.72,
    "pnl": 4.646162,
    "gain_pct": 0.41707
  },
  "delta_pnl": 6.577388,
  "hold_was_optimal": true,
  "context_at_worst_moment": {
    "holding_edge": -0.09004836190866627,
    "model_prob": 0.6299516380913337,
    "market_price": 0.72,
    "seconds_remaining": 246.286561,
    "exit_threshold_used": -0.1,
    "strike_price": 58939.27593599523,
    "btc_at_worst": 59006.0,
    "flow_score": -0.3899,
    "spot_flow_signal": 0.13500113662746047,
    "regime": "unknown",
    "btc_distance_atr": 0.353,
    "worst_at": 1782480953.715037,
    "coinbase_cvd_60s": 10.2237,
    "coinbase_taker_60s": 0.5613,
    "coinbase_taker_n": 2609,
    "cross_venue_gap": -129.68,
    "fast_realized_vol_60s": 0.000362
  }
}