{
  "position_id": 7427,
  "market_id": "btc-updown-5m-1782484800",
  "side": "Down",
  "timestamp": "2026-06-26T14:47:06.649951+00:00",
  "actual": {
    "exit_reason": "hold",
    "exit_price": 1.0,
    "pnl": 8.401387,
    "gain_pct": 0.523125
  },
  "counterfactual": {
    "exit_reason": "hypothetical_scalp",
    "exit_price": 0.55,
    "pnl": -3.03003,
    "gain_pct": -0.188669
  },
  "delta_pnl": 11.431418,
  "hold_was_optimal": true,
  "context_at_worst_moment": {
    "holding_edge": -0.13105525879313928,
    "model_prob": 0.41894474120686076,
    "market_price": 0.55,
    "seconds_remaining": 231.695925,
    "exit_threshold_used": -0.1,
    "strike_price": 59530.03701813496,
    "btc_at_worst": 59553.69,
    "flow_score": 0.4053,
    "spot_flow_signal": -0.24900785910792073,
    "regime": "unknown",
    "btc_distance_atr": 0.248,
    "worst_at": 1782484868.304665,
    "coinbase_cvd_60s": -6.9349,
    "coinbase_taker_60s": 0.3562,
    "coinbase_taker_n": 1131,
    "cross_venue_gap": -90.31,
    "fast_realized_vol_60s": 0.000158
  }
}