{
  "position_id": 7433,
  "market_id": "btc-updown-5m-1782487500",
  "side": "Down",
  "timestamp": "2026-06-26T15:33:40.585538+00:00",
  "actual": {
    "exit_reason": "hold",
    "exit_price": 1.0,
    "pnl": 4.844753,
    "gain_pct": 0.437647
  },
  "counterfactual": {
    "exit_reason": "hypothetical_scalp",
    "exit_price": 0.36,
    "pnl": -5.597362,
    "gain_pct": -0.505633
  },
  "delta_pnl": 10.442115,
  "hold_was_optimal": true,
  "context_at_worst_moment": {
    "holding_edge": -0.08246264242801071,
    "model_prob": 0.2775373575719893,
    "market_price": 0.36,
    "seconds_remaining": 50.937932,
    "exit_threshold_used": -0.1,
    "strike_price": 60106.84557,
    "btc_at_worst": 60138.0,
    "flow_score": 0.4442,
    "spot_flow_signal": -0.4653795419592186,
    "regime": "unknown",
    "btc_distance_atr": 0.32,
    "worst_at": 1782487749.0628505,
    "coinbase_cvd_60s": -14.4967,
    "coinbase_taker_60s": 0.3294,
    "coinbase_taker_n": 1127,
    "cross_venue_gap": -85.65,
    "fast_realized_vol_60s": 0.000124
  }
}