{
  "position_id": 7438,
  "market_id": "btc-updown-5m-1782488700",
  "side": "Down",
  "timestamp": "2026-06-26T15:54:03.345320+00:00",
  "actual": {
    "exit_reason": "hold",
    "exit_price": 1.0,
    "pnl": 3.215286,
    "gain_pct": 0.326757
  },
  "counterfactual": {
    "exit_reason": "hypothetical_scalp",
    "exit_price": 0.97,
    "pnl": 2.797034,
    "gain_pct": 0.284251
  },
  "delta_pnl": 0.418252,
  "hold_was_optimal": true,
  "context_at_worst_moment": {
    "holding_edge": -0.11320702275526517,
    "model_prob": 0.8567929772447348,
    "market_price": 0.97,
    "seconds_remaining": 80.181494,
    "exit_threshold_used": -0.1,
    "strike_price": 60337.32186343256,
    "btc_at_worst": 60290.0,
    "flow_score": 0.312,
    "spot_flow_signal": 0.6116129105836663,
    "regime": "unknown",
    "btc_distance_atr": -0.695,
    "worst_at": 1782488919.820176,
    "coinbase_cvd_60s": 13.5071,
    "coinbase_taker_60s": 0.7674,
    "coinbase_taker_n": 810,
    "cross_venue_gap": -71.34,
    "fast_realized_vol_60s": 0.000128
  }
}