{
  "position_id": 7439,
  "market_id": "btc-updown-5m-1782489000",
  "side": "Down",
  "timestamp": "2026-06-26T15:59:34.431153+00:00",
  "actual": {
    "exit_reason": "hold",
    "exit_price": 1.0,
    "pnl": 3.682016,
    "gain_pct": 0.190482
  },
  "counterfactual": {
    "exit_reason": "hypothetical_scalp",
    "exit_price": 0.99,
    "pnl": 3.435948,
    "gain_pct": 0.177752
  },
  "delta_pnl": 0.246067,
  "hold_was_optimal": true,
  "context_at_worst_moment": {
    "holding_edge": -0.021720664630305975,
    "model_prob": 0.968279335369694,
    "market_price": 0.99,
    "seconds_remaining": 46.928654,
    "exit_threshold_used": -0.1,
    "strike_price": 60263.37875140279,
    "btc_at_worst": 60164.13,
    "flow_score": -0.5315,
    "spot_flow_signal": 0.323711236886541,
    "regime": "unknown",
    "btc_distance_atr": -0.987,
    "worst_at": 1782489253.0722811,
    "coinbase_cvd_60s": 8.3664,
    "coinbase_taker_60s": 0.7011,
    "coinbase_taker_n": 856,
    "cross_venue_gap": -89.86,
    "fast_realized_vol_60s": 0.000164
  }
}