{
  "position_id": 7444,
  "market_id": "btc-updown-5m-1782490800",
  "side": "Down",
  "timestamp": "2026-06-26T16:30:45.061949+00:00",
  "actual": {
    "exit_reason": "hold",
    "exit_price": 1.0,
    "pnl": 13.528532,
    "gain_pct": 1.048723
  },
  "counterfactual": {
    "exit_reason": "hypothetical_scalp",
    "exit_price": 0.74,
    "pnl": 6.301174,
    "gain_pct": 0.488463
  },
  "delta_pnl": 7.227358,
  "hold_was_optimal": true,
  "context_at_worst_moment": {
    "holding_edge": -0.2772903092455038,
    "model_prob": 0.4627096907544962,
    "market_price": 0.74,
    "seconds_remaining": 41.657857,
    "exit_threshold_used": -0.1,
    "strike_price": 59994.81804500902,
    "btc_at_worst": 59997.42,
    "flow_score": 0.4829,
    "spot_flow_signal": -0.8395220481176604,
    "regime": "unknown",
    "btc_distance_atr": 0.038,
    "worst_at": 1782491058.3440728,
    "coinbase_cvd_60s": -23.1476,
    "coinbase_taker_60s": 0.0879,
    "coinbase_taker_n": 937,
    "cross_venue_gap": -95.26,
    "fast_realized_vol_60s": 0.000107
  }
}