{
  "position_id": 7452,
  "market_id": "btc-updown-5m-1782493800",
  "side": "Up",
  "timestamp": "2026-06-26T17:25:00.535400+00:00",
  "actual": {
    "exit_reason": "scalp",
    "exit_price": 0.16,
    "pnl": -17.061142,
    "gain_pct": -0.729109
  },
  "counterfactual": {
    "resolution_price": 0.0,
    "pnl": -23.4,
    "gain_pct": -1.0
  },
  "delta_pnl": -6.338858,
  "scalp_was_optimal": true,
  "context_at_scalp": {
    "holding_edge": -0.0053720047522199665,
    "model_prob": 0.15462799524778004,
    "market_price": 0.16,
    "seconds_remaining": 97.707741,
    "exit_threshold_used": -0.1,
    "effective_exit_threshold": 0.02871414223428971,
    "loss_cut": false,
    "entry_price": 0.57,
    "fee_rate": 0.07,
    "strike_price": 60143.44061414227,
    "btc_at_scalp": 60096.77,
    "btc_at_expiry": 60120.35472463669,
    "chainlink_price_to_beat": 60154.010796849805,
    "chainlink_final_price": 60120.35472463669,
    "flow_score": -0.1051,
    "spot_flow_signal": -0.2216124280650018,
    "regime": "unknown",
    "btc_distance_atr": -0.869,
    "coinbase_cvd_60s": -1.8897,
    "coinbase_taker_60s": 0.2579,
    "coinbase_taker_n": 527,
    "cross_venue_gap": -104.02,
    "fast_realized_vol_60s": 9.8e-05
  }
}