{
  "position_id": 7456,
  "market_id": "btc-updown-5m-1782495000",
  "side": "Down",
  "timestamp": "2026-06-26T17:36:53.846418+00:00",
  "actual": {
    "exit_reason": "hold",
    "exit_price": 1.0,
    "pnl": 9.440829,
    "gain_pct": 0.730714
  },
  "counterfactual": {
    "exit_reason": "hypothetical_scalp",
    "exit_price": 0.48,
    "pnl": -2.577491,
    "gain_pct": -0.199496
  },
  "delta_pnl": 12.018319,
  "hold_was_optimal": true,
  "context_at_worst_moment": {
    "holding_edge": -0.25521091473760604,
    "model_prob": 0.22478908526239394,
    "market_price": 0.48,
    "seconds_remaining": 51.911317,
    "exit_threshold_used": -0.1,
    "strike_price": 60089.192704779285,
    "btc_at_worst": 60108.81,
    "flow_score": 0.2375,
    "spot_flow_signal": 0.6376103793854819,
    "regime": "unknown",
    "btc_distance_atr": 0.434,
    "worst_at": 1782495248.0901783,
    "coinbase_cvd_60s": 10.6904,
    "coinbase_taker_60s": 0.8693,
    "coinbase_taker_n": 545,
    "cross_venue_gap": -79.2,
    "fast_realized_vol_60s": 8.4e-05
  }
}