{
  "position_id": 7482,
  "market_id": "btc-updown-5m-1782502200",
  "side": "Down",
  "timestamp": "2026-06-26T19:44:41.671811+00:00",
  "actual": {
    "exit_reason": "scalp",
    "exit_price": 0.32,
    "pnl": -4.745348,
    "gain_pct": -0.3971
  },
  "counterfactual": {
    "resolution_price": 0.0,
    "pnl": -11.95,
    "gain_pct": -1.0
  },
  "delta_pnl": -7.204652,
  "scalp_was_optimal": true,
  "context_at_scalp": {
    "holding_edge": -0.09004919603407807,
    "model_prob": 0.21995080396592193,
    "market_price": 0.31,
    "seconds_remaining": 229.711601,
    "exit_threshold_used": -0.1,
    "effective_exit_threshold": -0.06975953958531543,
    "loss_cut": false,
    "entry_price": 0.51,
    "fee_rate": 0.07,
    "strike_price": 59834.590023761084,
    "btc_at_scalp": 59860.3,
    "btc_at_expiry": 59954.82678524745,
    "chainlink_price_to_beat": 59835.40651709735,
    "chainlink_final_price": 59954.82678524745,
    "flow_score": 0.054,
    "spot_flow_signal": 0.1584761968571264,
    "regime": "unknown",
    "btc_distance_atr": 0.718,
    "coinbase_cvd_60s": 2.3909,
    "coinbase_taker_60s": 0.5868,
    "coinbase_taker_n": 645,
    "cross_venue_gap": -98.98,
    "fast_realized_vol_60s": 9.7e-05
  }
}