{
  "position_id": 74,
  "market_id": "btc-updown-5m-1784625600",
  "side": "Up",
  "timestamp": "2026-07-21T09:31:26.136164+00:00",
  "actual": {
    "exit_reason": "hold",
    "exit_price": 1.0,
    "pnl": 0.297089,
    "gain_pct": 0.091978
  },
  "counterfactual": {
    "exit_reason": "hypothetical_scalp",
    "exit_price": 0.99,
    "pnl": 0.259374,
    "gain_pct": 0.080302
  },
  "delta_pnl": 0.037715,
  "hold_was_optimal": true,
  "context_at_worst_moment": {
    "holding_edge": 0.009971891340553651,
    "model_prob": 0.9999718913405536,
    "market_price": 0.99,
    "seconds_remaining": 1.505478,
    "exit_threshold_used": -0.1,
    "strike_price": 66177.34298887273,
    "btc_at_worst": 66193.81,
    "flow_score": 0.6471,
    "spot_flow_signal": 0.23201852196275677,
    "regime": "unknown",
    "btc_distance_atr": 0.841,
    "worst_at": 1784625898.4969528,
    "coinbase_cvd_60s": 1.2954,
    "coinbase_taker_60s": 0.9303,
    "coinbase_taker_n": 297,
    "cross_venue_gap": -42.19,
    "fast_realized_vol_60s": 4.1e-05,
    "n_ticks_1s": 3,
    "n_ticks_30s": 149
  }
}