{
  "position_id": 7525,
  "market_id": "btc-updown-5m-1782514500",
  "side": "Down",
  "timestamp": "2026-06-26T23:09:08.876313+00:00",
  "actual": {
    "exit_reason": "scalp",
    "exit_price": 0.3,
    "pnl": -5.83693,
    "gain_pct": -0.538462
  },
  "counterfactual": {
    "resolution_price": 0.0,
    "pnl": -10.84,
    "gain_pct": -1.0
  },
  "delta_pnl": -5.00307,
  "scalp_was_optimal": true,
  "context_at_scalp": {
    "holding_edge": -0.07681024071956727,
    "model_prob": 0.22318975928043272,
    "market_price": 0.3,
    "seconds_remaining": 183.13316,
    "exit_threshold_used": -0.1,
    "effective_exit_threshold": -0.04992073357954942,
    "loss_cut": false,
    "entry_price": 0.63,
    "fee_rate": 0.07,
    "strike_price": 59950.8429524302,
    "btc_at_scalp": 59972.94,
    "btc_at_expiry": 59958.794408613234,
    "chainlink_price_to_beat": 59953.099639546075,
    "chainlink_final_price": 59958.794408613234,
    "flow_score": -0.2381,
    "spot_flow_signal": 0.2288236163980515,
    "regime": "unknown",
    "btc_distance_atr": 0.772,
    "coinbase_cvd_60s": 3.6331,
    "coinbase_taker_60s": 0.744,
    "coinbase_taker_n": 449,
    "cross_venue_gap": -97.44,
    "fast_realized_vol_60s": 6.2e-05
  }
}