{
  "position_id": 7529,
  "market_id": "btc-updown-5m-1782515100",
  "side": "Down",
  "timestamp": "2026-06-26T23:12:35.651985+00:00",
  "actual": {
    "exit_reason": "hold",
    "exit_price": 1.0,
    "pnl": 10.033681,
    "gain_pct": 0.343973
  },
  "counterfactual": {
    "exit_reason": "hypothetical_scalp",
    "exit_price": 0.6,
    "pnl": -6.306413,
    "gain_pct": -0.216195
  },
  "delta_pnl": 16.340094,
  "hold_was_optimal": true,
  "context_at_worst_moment": {
    "holding_edge": -0.10534046417360265,
    "model_prob": 0.4946595358263973,
    "market_price": 0.6,
    "seconds_remaining": 53.58651,
    "exit_threshold_used": -0.1,
    "strike_price": 59999.641006928796,
    "btc_at_worst": 59999.77,
    "flow_score": -0.2386,
    "spot_flow_signal": 0.04637232136463702,
    "regime": "unknown",
    "btc_distance_atr": 0.006,
    "worst_at": 1782515346.414769,
    "coinbase_cvd_60s": 0.2834,
    "coinbase_taker_60s": 0.5813,
    "coinbase_taker_n": 348,
    "cross_venue_gap": -90.23,
    "fast_realized_vol_60s": 2.5e-05
  }
}