{
  "position_id": 7537,
  "market_id": "btc-updown-5m-1782517500",
  "side": "Down",
  "timestamp": "2026-06-26T23:58:18.676519+00:00",
  "actual": {
    "exit_reason": "scalp",
    "exit_price": 0.3,
    "pnl": -7.096231,
    "gain_pct": -0.465022
  },
  "counterfactual": {
    "resolution_price": 0.0,
    "pnl": -15.26,
    "gain_pct": -1.0
  },
  "delta_pnl": -8.163769,
  "scalp_was_optimal": true,
  "context_at_scalp": {
    "holding_edge": -0.07669445381822354,
    "model_prob": 0.22330554618177645,
    "market_price": 0.3,
    "seconds_remaining": 247.914134,
    "exit_threshold_used": -0.1,
    "effective_exit_threshold": -0.05567939536308266,
    "loss_cut": false,
    "entry_price": 0.54,
    "fee_rate": 0.07,
    "strike_price": 59981.723603598344,
    "btc_at_scalp": 60001.36,
    "btc_at_expiry": 59994.02965637775,
    "chainlink_price_to_beat": 59980.88749312147,
    "chainlink_final_price": 59994.02965637775,
    "flow_score": -0.0787,
    "spot_flow_signal": 0.2464604068639759,
    "regime": "unknown",
    "btc_distance_atr": 0.947,
    "coinbase_cvd_60s": 2.4388,
    "coinbase_taker_60s": 0.8561,
    "coinbase_taker_n": 277,
    "cross_venue_gap": -98.19,
    "fast_realized_vol_60s": 4.4e-05
  }
}