{
  "position_id": 7544,
  "market_id": "btc-updown-5m-1782518700",
  "side": "Down",
  "timestamp": "2026-06-27T00:18:53.171186+00:00",
  "actual": {
    "exit_reason": "scalp",
    "exit_price": 0.24,
    "pnl": -12.403246,
    "gain_pct": -0.556199
  },
  "counterfactual": {
    "resolution_price": 0.0,
    "pnl": -22.3,
    "gain_pct": -1.0
  },
  "delta_pnl": -9.896754,
  "scalp_was_optimal": true,
  "context_at_scalp": {
    "holding_edge": -0.0916186619943341,
    "model_prob": 0.14838133800566589,
    "market_price": 0.24,
    "seconds_remaining": 98.589808,
    "exit_threshold_used": -0.1,
    "effective_exit_threshold": 0.006154522584766682,
    "loss_cut": false,
    "entry_price": 0.52,
    "fee_rate": 0.07,
    "strike_price": 60022.82263662402,
    "btc_at_scalp": 60037.3,
    "btc_at_expiry": 60049.61198310971,
    "chainlink_price_to_beat": 60022.46314343176,
    "chainlink_final_price": 60049.61198310971,
    "flow_score": 0.1412,
    "spot_flow_signal": 0.01674253843239757,
    "regime": "unknown",
    "btc_distance_atr": 0.721,
    "coinbase_cvd_60s": 0.1896,
    "coinbase_taker_60s": 0.5233,
    "coinbase_taker_n": 375,
    "cross_venue_gap": -96.2,
    "fast_realized_vol_60s": 4.8e-05
  }
}