{
  "position_id": 7552,
  "market_id": "btc-updown-5m-1782520200",
  "side": "Down",
  "timestamp": "2026-06-27T00:39:24.085809+00:00",
  "actual": {
    "exit_reason": "hold",
    "exit_price": 1.0,
    "pnl": 24.6543,
    "gain_pct": 0.93
  },
  "counterfactual": {
    "exit_reason": "hypothetical_scalp",
    "exit_price": 0.999,
    "pnl": 24.599558,
    "gain_pct": 0.927935
  },
  "delta_pnl": 0.054742,
  "hold_was_optimal": true,
  "context_at_worst_moment": {
    "holding_edge": 0.0009732974366559732,
    "model_prob": 0.999973297436656,
    "market_price": 0.999,
    "seconds_remaining": 37.576506,
    "exit_threshold_used": -0.1,
    "strike_price": 59961.122398613574,
    "btc_at_worst": 59811.9,
    "flow_score": -0.5803,
    "spot_flow_signal": -0.1313500042173854,
    "regime": "unknown",
    "btc_distance_atr": -5.192,
    "worst_at": 1782520462.4250596,
    "coinbase_cvd_60s": -1.5989,
    "coinbase_taker_60s": 0.2708,
    "coinbase_taker_n": 530,
    "cross_venue_gap": -87.92,
    "fast_realized_vol_60s": 6.3e-05
  }
}