{
  "position_id": 7553,
  "market_id": "btc-updown-5m-1782520500",
  "side": "Up",
  "timestamp": "2026-06-27T00:42:11.557099+00:00",
  "actual": {
    "exit_reason": "hold",
    "exit_price": 1.0,
    "pnl": 12.107324,
    "gain_pct": 0.893529
  },
  "counterfactual": {
    "exit_reason": "hypothetical_scalp",
    "exit_price": 0.99,
    "pnl": 11.83297,
    "gain_pct": 0.873282
  },
  "delta_pnl": 0.274354,
  "hold_was_optimal": true,
  "context_at_worst_moment": {
    "holding_edge": 0.009180709712078405,
    "model_prob": 0.9991807097120784,
    "market_price": 0.99,
    "seconds_remaining": 24.555849,
    "exit_threshold_used": -0.1,
    "strike_price": 59818.027427945446,
    "btc_at_worst": 59862.77,
    "flow_score": 0.6341,
    "spot_flow_signal": 0.20879715803274948,
    "regime": "unknown",
    "btc_distance_atr": 2.087,
    "worst_at": 1782520775.4456503,
    "coinbase_cvd_60s": 0.9489,
    "coinbase_taker_60s": 0.9445,
    "coinbase_taker_n": 434,
    "cross_venue_gap": -85.23,
    "fast_realized_vol_60s": 4.3e-05
  }
}