{
  "position_id": 7567,
  "market_id": "btc-updown-5m-1782522900",
  "side": "Down",
  "timestamp": "2026-06-27T01:28:33.750058+00:00",
  "actual": {
    "exit_reason": "scalp",
    "exit_price": 0.18,
    "pnl": -15.952736,
    "gain_pct": -0.654337
  },
  "counterfactual": {
    "resolution_price": 0.0,
    "pnl": -24.38,
    "gain_pct": -1.0
  },
  "delta_pnl": -8.427264,
  "scalp_was_optimal": true,
  "context_at_scalp": {
    "holding_edge": -0.03718027872239121,
    "model_prob": 0.14281972127760878,
    "market_price": 0.18,
    "seconds_remaining": 101.98106,
    "exit_threshold_used": -0.1,
    "effective_exit_threshold": 0.01276316860151518,
    "loss_cut": false,
    "entry_price": 0.5,
    "fee_rate": 0.07,
    "strike_price": 59878.90731722827,
    "btc_at_scalp": 59893.89,
    "btc_at_expiry": 59904.03629411759,
    "chainlink_price_to_beat": 59876.09591662663,
    "chainlink_final_price": 59904.03629411759,
    "flow_score": 0.2246,
    "spot_flow_signal": 0.05582573841748836,
    "regime": "unknown",
    "btc_distance_atr": 0.945,
    "coinbase_cvd_60s": 0.5665,
    "coinbase_taker_60s": 0.5821,
    "coinbase_taker_n": 356,
    "cross_venue_gap": -99.17,
    "fast_realized_vol_60s": 2.9e-05
  }
}