{
  "position_id": 7578,
  "market_id": "btc-updown-5m-1782526200",
  "side": "Down",
  "timestamp": "2026-06-27T02:21:17.681125+00:00",
  "actual": {
    "exit_reason": "scalp",
    "exit_price": 0.14,
    "pnl": -12.42531,
    "gain_pct": -0.745817
  },
  "counterfactual": {
    "resolution_price": 0.0,
    "pnl": -16.66,
    "gain_pct": -1.0
  },
  "delta_pnl": -4.23469,
  "scalp_was_optimal": true,
  "context_at_scalp": {
    "holding_edge": -0.09449829487282313,
    "model_prob": 0.035501705127176875,
    "market_price": 0.13,
    "seconds_remaining": 120.111585,
    "exit_threshold_used": -0.1,
    "effective_exit_threshold": -0.027012098078152313,
    "loss_cut": false,
    "entry_price": 0.53,
    "fee_rate": 0.07,
    "strike_price": 59949.85984988114,
    "btc_at_scalp": 59990.38,
    "btc_at_expiry": 60022.5777472237,
    "chainlink_price_to_beat": 59950.210156465866,
    "chainlink_final_price": 60022.5777472237,
    "flow_score": -0.2139,
    "spot_flow_signal": 0.026436682022254077,
    "regime": "unknown",
    "btc_distance_atr": 1.885,
    "coinbase_cvd_60s": 0.4089,
    "coinbase_taker_60s": 0.54,
    "coinbase_taker_n": 357,
    "cross_venue_gap": -93.61,
    "fast_realized_vol_60s": 5e-05
  }
}