{
  "position_id": 7580,
  "market_id": "btc-updown-5m-1782526500",
  "side": "Up",
  "timestamp": "2026-06-27T02:28:18.740498+00:00",
  "actual": {
    "exit_reason": "scalp",
    "exit_price": 0.27,
    "pnl": -12.380061,
    "gain_pct": -0.676506
  },
  "counterfactual": {
    "resolution_price": 1.0,
    "pnl": 3.735878,
    "gain_pct": 0.204146
  },
  "delta_pnl": 16.115939,
  "scalp_was_optimal": false,
  "context_at_scalp": {
    "holding_edge": -0.024027384517119,
    "model_prob": 0.24597261548288102,
    "market_price": 0.27,
    "seconds_remaining": 106.125836,
    "exit_threshold_used": -0.1,
    "effective_exit_threshold": -0.015111815995009117,
    "loss_cut": false,
    "entry_price": 0.82,
    "fee_rate": 0.07,
    "strike_price": 60022.75891783551,
    "btc_at_scalp": 60002.95,
    "btc_at_expiry": 60056.28789000001,
    "chainlink_price_to_beat": 60022.5777472237,
    "chainlink_final_price": 60056.28789000001,
    "flow_score": 0.3523,
    "spot_flow_signal": -0.9512518030148821,
    "regime": "unknown",
    "btc_distance_atr": -0.618,
    "coinbase_cvd_60s": -124.315,
    "coinbase_taker_60s": 0.1029,
    "coinbase_taker_n": 828,
    "cross_venue_gap": -89.05,
    "fast_realized_vol_60s": 6.2e-05
  }
}