{
  "position_id": 7587,
  "market_id": "btc-updown-5m-1782528300",
  "side": "Up",
  "timestamp": "2026-06-27T02:55:54.523063+00:00",
  "actual": {
    "exit_reason": "scalp",
    "exit_price": 0.28,
    "pnl": -8.518201,
    "gain_pct": -0.442964
  },
  "counterfactual": {
    "resolution_price": 0.0,
    "pnl": -19.23,
    "gain_pct": -1.0
  },
  "delta_pnl": -10.711799,
  "scalp_was_optimal": true,
  "context_at_scalp": {
    "holding_edge": -0.09852625799551282,
    "model_prob": 0.19147374200448716,
    "market_price": 0.29,
    "seconds_remaining": 54.620651,
    "exit_threshold_used": -0.1,
    "effective_exit_threshold": 0.06969843870988601,
    "loss_cut": true,
    "entry_price": 0.45,
    "fee_rate": 0.07,
    "strike_price": 60193.92063401862,
    "btc_at_scalp": 60178.11,
    "btc_at_expiry": 60181.42563750454,
    "chainlink_price_to_beat": 60194.11749327397,
    "chainlink_final_price": 60181.42563750454,
    "flow_score": -0.4944,
    "spot_flow_signal": -0.08271168381552065,
    "regime": "unknown",
    "btc_distance_atr": -0.593,
    "coinbase_cvd_60s": -0.3025,
    "coinbase_taker_60s": 0.3095,
    "coinbase_taker_n": 307,
    "cross_venue_gap": -101.9,
    "fast_realized_vol_60s": 3.8e-05
  }
}