{
  "position_id": 7590,
  "market_id": "btc-updown-5m-1782528900",
  "side": "Down",
  "timestamp": "2026-06-27T03:06:12.921720+00:00",
  "actual": {
    "exit_reason": "hold",
    "exit_price": 1.0,
    "pnl": 10.135007,
    "gain_pct": 0.730714
  },
  "counterfactual": {
    "exit_reason": "hypothetical_scalp",
    "exit_price": 0.54,
    "pnl": -1.324695,
    "gain_pct": -0.095508
  },
  "delta_pnl": 11.459702,
  "hold_was_optimal": true,
  "context_at_worst_moment": {
    "holding_edge": 0.0029757578994589196,
    "model_prob": 0.542975757899459,
    "market_price": 0.54,
    "seconds_remaining": 272.779087,
    "exit_threshold_used": -0.1,
    "strike_price": 60258.19297,
    "btc_at_worst": 60254.44,
    "flow_score": -0.295,
    "spot_flow_signal": 0.3302953275590804,
    "regime": "unknown",
    "btc_distance_atr": -0.156,
    "worst_at": 1782528927.2220688,
    "coinbase_cvd_60s": 7.8842,
    "coinbase_taker_60s": 0.841,
    "coinbase_taker_n": 449,
    "cross_venue_gap": -89.1,
    "fast_realized_vol_60s": 4.1e-05
  }
}