{
  "position_id": 75,
  "market_id": "btc-updown-5m-1784628900",
  "side": "Up",
  "timestamp": "2026-07-21T10:26:33.932612+00:00",
  "actual": {
    "exit_reason": "hold",
    "exit_price": 1.0,
    "pnl": 0.367846,
    "gain_pct": 0.21638
  },
  "counterfactual": {
    "exit_reason": "hypothetical_scalp",
    "exit_price": 0.86,
    "pnl": 0.06092,
    "gain_pct": 0.035835
  },
  "delta_pnl": 0.306926,
  "hold_was_optimal": true,
  "context_at_worst_moment": {
    "holding_edge": -0.019099593859727038,
    "model_prob": 0.840900406140273,
    "market_price": 0.86,
    "seconds_remaining": 13.482777,
    "exit_threshold_used": -0.1,
    "strike_price": 66320.78314617161,
    "btc_at_worst": 66329.44,
    "flow_score": -0.5358,
    "spot_flow_signal": 0.18370125886807967,
    "regime": "unknown",
    "btc_distance_atr": 0.275,
    "worst_at": 1784629186.5198526,
    "coinbase_cvd_60s": 2.5134,
    "coinbase_taker_60s": 0.7909,
    "coinbase_taker_n": 376,
    "cross_venue_gap": -47.64,
    "fast_realized_vol_60s": 7.5e-05,
    "n_ticks_1s": 7,
    "n_ticks_30s": 193
  }
}