{
  "position_id": 7600,
  "market_id": "btc-updown-5m-1782533100",
  "side": "Up",
  "timestamp": "2026-06-27T04:12:47.954369+00:00",
  "actual": {
    "exit_reason": "hold",
    "exit_price": 1.0,
    "pnl": 13.344676,
    "gain_pct": 0.247215
  },
  "counterfactual": {
    "exit_reason": "hypothetical_scalp",
    "exit_price": 0.9,
    "pnl": 6.188063,
    "gain_pct": 0.114636
  },
  "delta_pnl": 7.156613,
  "hold_was_optimal": true,
  "context_at_worst_moment": {
    "holding_edge": -0.0354049056231055,
    "model_prob": 0.8645950943768945,
    "market_price": 0.9,
    "seconds_remaining": 180.751785,
    "exit_threshold_used": -0.1,
    "strike_price": 60262.7313608697,
    "btc_at_worst": 60297.3,
    "flow_score": -0.3491,
    "spot_flow_signal": -0.040813927361560795,
    "regime": "unknown",
    "btc_distance_atr": 1.09,
    "worst_at": 1782533219.250106,
    "coinbase_cvd_60s": -0.5914,
    "coinbase_taker_60s": 0.4336,
    "coinbase_taker_n": 412,
    "cross_venue_gap": -102.68,
    "fast_realized_vol_60s": 6.2e-05
  }
}