{
  "position_id": 7640,
  "market_id": "btc-updown-5m-1782540000",
  "side": "Down",
  "timestamp": "2026-06-27T06:10:11.039387+00:00",
  "actual": {
    "exit_reason": "hold",
    "exit_price": 1.0,
    "pnl": 15.4413,
    "gain_pct": 0.57
  },
  "counterfactual": {
    "exit_reason": "hypothetical_scalp",
    "exit_price": 0.998,
    "pnl": 15.350295,
    "gain_pct": 0.566641
  },
  "delta_pnl": 0.091005,
  "hold_was_optimal": true,
  "context_at_worst_moment": {
    "holding_edge": -0.010428723710716792,
    "model_prob": 0.9875712762892832,
    "market_price": 0.998,
    "seconds_remaining": 58.87998,
    "exit_threshold_used": -0.1,
    "strike_price": 60146.71022609531,
    "btc_at_worst": 60109.67,
    "flow_score": 0.3326,
    "spot_flow_signal": 0.1347974212481522,
    "regime": "unknown",
    "btc_distance_atr": -1.617,
    "worst_at": 1782540241.1212316,
    "coinbase_cvd_60s": 0.6536,
    "coinbase_taker_60s": 0.7994,
    "coinbase_taker_n": 256,
    "cross_venue_gap": -87.49,
    "fast_realized_vol_60s": 4.4e-05
  }
}