{
  "position_id": 7652,
  "market_id": "btc-updown-5m-1782541800",
  "side": "Up",
  "timestamp": "2026-06-27T06:37:36.047615+00:00",
  "actual": {
    "exit_reason": "hold",
    "exit_price": 1.0,
    "pnl": 6.779153,
    "gain_pct": 0.437647
  },
  "counterfactual": {
    "exit_reason": "hypothetical_scalp",
    "exit_price": 0.999,
    "pnl": 6.755327,
    "gain_pct": 0.436109
  },
  "delta_pnl": 0.023826,
  "hold_was_optimal": true,
  "context_at_worst_moment": {
    "holding_edge": 0.0009779049546340124,
    "model_prob": 0.999977904954634,
    "market_price": 0.999,
    "seconds_remaining": 16.78849,
    "exit_threshold_used": -0.1,
    "strike_price": 60112.002518257075,
    "btc_at_worst": 60216.48,
    "flow_score": 0.2531,
    "spot_flow_signal": -0.2021095569652362,
    "regime": "unknown",
    "btc_distance_atr": 3.608,
    "worst_at": 1782542083.213074,
    "coinbase_cvd_60s": -1.2075,
    "coinbase_taker_60s": 0.0499,
    "coinbase_taker_n": 225,
    "cross_venue_gap": -94.48,
    "fast_realized_vol_60s": 3.4e-05
  }
}