{
  "position_id": 7664,
  "market_id": "btc-updown-5m-1782574500",
  "side": "Down",
  "timestamp": "2026-06-27T15:46:36.248309+00:00",
  "actual": {
    "exit_reason": "scalp",
    "exit_price": 0.21,
    "pnl": -5.896004,
    "gain_pct": -0.676923
  },
  "counterfactual": {
    "resolution_price": 0.0,
    "pnl": -8.71,
    "gain_pct": -1.0
  },
  "delta_pnl": -2.813996,
  "scalp_was_optimal": true,
  "context_at_scalp": {
    "holding_edge": -0.04067473021984874,
    "model_prob": 0.15932526978015127,
    "market_price": 0.2,
    "seconds_remaining": 156.701865,
    "exit_threshold_used": -0.1,
    "effective_exit_threshold": -0.03744505470579935,
    "loss_cut": false,
    "entry_price": 0.63,
    "fee_rate": 0.07,
    "strike_price": 60704.925735,
    "btc_at_scalp": 60747.48,
    "btc_at_expiry": 60744.77438658958,
    "chainlink_price_to_beat": 60707.969240000006,
    "chainlink_final_price": 60744.77438658958,
    "flow_score": -0.2421,
    "spot_flow_signal": -0.09330303672580845,
    "regime": "unknown",
    "btc_distance_atr": 1.01,
    "coinbase_cvd_60s": -1.2109,
    "coinbase_taker_60s": 0.3231,
    "coinbase_taker_n": 384,
    "cross_venue_gap": -102.51,
    "fast_realized_vol_60s": 8.7e-05
  }
}