{
  "position_id": 7668,
  "market_id": "btc-updown-5m-1779208200",
  "side": "Up",
  "timestamp": "2026-05-19T16:45:10.694076+00:00",
  "actual": {
    "exit_reason": "scalp",
    "exit_price": 0.7697,
    "pnl": 30.009059,
    "gain_pct": 0.724507
  },
  "counterfactual": {
    "resolution_price": 1.0,
    "pnl": 51.767468,
    "gain_pct": 1.249818
  },
  "delta_pnl": 21.758409,
  "scalp_was_optimal": false,
  "context_at_scalp": {
    "holding_edge": -0.08641120043355444,
    "model_prob": 0.6835887995664456,
    "market_price": 0.77,
    "seconds_remaining": 205.672874,
    "exit_threshold_used": -0.07,
    "strike_price": 76546.80218822608,
    "btc_at_scalp": 76593.82,
    "btc_at_expiry": 76693.0579603394,
    "chainlink_price_to_beat": 76547.01995279895,
    "chainlink_final_price": 76693.0579603394,
    "flow_score": -0.1582,
    "spot_flow_signal": 1.3877787807814457e-10,
    "regime": "neutral",
    "btc_distance_atr": 1.795
  }
}