{
  "position_id": 7668,
  "market_id": "btc-updown-5m-1782575400",
  "side": "Down",
  "timestamp": "2026-06-27T15:58:58.572219+00:00",
  "actual": {
    "exit_reason": "hold",
    "exit_price": 1.0,
    "pnl": 24.594071,
    "gain_pct": 1.284286
  },
  "counterfactual": {
    "exit_reason": "hypothetical_scalp",
    "exit_price": 0.98,
    "pnl": 23.659173,
    "gain_pct": 1.235466
  },
  "delta_pnl": 0.934898,
  "hold_was_optimal": true,
  "context_at_worst_moment": {
    "holding_edge": 0.019958453763565864,
    "model_prob": 0.9999584537635658,
    "market_price": 0.98,
    "seconds_remaining": 0.293802,
    "exit_threshold_used": -0.1,
    "strike_price": 60691.02506847808,
    "btc_at_worst": 60677.97,
    "flow_score": 0.3497,
    "spot_flow_signal": 0.01896661290565768,
    "regime": "unknown",
    "btc_distance_atr": -0.651,
    "worst_at": 1782575699.7066445,
    "coinbase_cvd_60s": 0.0302,
    "coinbase_taker_60s": 0.5451,
    "coinbase_taker_n": 220,
    "cross_venue_gap": -103.84,
    "fast_realized_vol_60s": 3.2e-05
  }
}