{
  "position_id": 7672,
  "market_id": "btc-updown-5m-1779208800",
  "side": "Up",
  "timestamp": "2026-05-19T16:53:11.688045+00:00",
  "actual": {
    "exit_reason": "scalp",
    "exit_price": 0.761670108913978,
    "pnl": 8.068531,
    "gain_pct": 0.39282
  },
  "counterfactual": {
    "resolution_price": 1.0,
    "pnl": 17.182091,
    "gain_pct": 0.836519
  },
  "delta_pnl": 9.11356,
  "scalp_was_optimal": false,
  "context_at_scalp": {
    "holding_edge": -0.07641120043355443,
    "model_prob": 0.6835887995664456,
    "market_price": 0.76,
    "seconds_remaining": 254.358322,
    "exit_threshold_used": -0.07,
    "strike_price": 76632.2013793219,
    "btc_at_scalp": 76676.53,
    "btc_at_expiry": 76728.2026605778,
    "chainlink_price_to_beat": 76630.07111128834,
    "chainlink_final_price": 76728.2026605778,
    "flow_score": 0.0869,
    "spot_flow_signal": 0.5211849190872675,
    "regime": "neutral",
    "btc_distance_atr": 1.21
  }
}