{
  "position_id": 7676,
  "market_id": "btc-updown-5m-1779209100",
  "side": "Up",
  "timestamp": "2026-05-19T17:00:12.566399+00:00",
  "actual": {
    "exit_reason": "scalp",
    "exit_price": 0.1696,
    "pnl": -22.485349,
    "gain_pct": -0.663089
  },
  "counterfactual": {
    "resolution_price": 0.0,
    "pnl": -33.91,
    "gain_pct": -1.0
  },
  "delta_pnl": -11.424651,
  "scalp_was_optimal": true,
  "context_at_scalp": {
    "holding_edge": 0.27756293207791627,
    "model_prob": 0.44756293207791625,
    "market_price": 0.17,
    "seconds_remaining": 0.988079,
    "exit_threshold_used": -0.07,
    "strike_price": 76721.61542887724,
    "btc_at_scalp": 76717.56,
    "btc_at_expiry": 76724.4470852887,
    "chainlink_price_to_beat": 76728.2026605778,
    "chainlink_final_price": 76724.4470852887,
    "flow_score": 0.1504,
    "spot_flow_signal": -2.7755575615628914e-10,
    "regime": "neutral",
    "btc_distance_atr": -0.143
  }
}