{
  "position_id": 7681,
  "market_id": "btc-updown-5m-1779210300",
  "side": "Down",
  "timestamp": "2026-05-19T17:15:13.146595+00:00",
  "actual": {
    "exit_reason": "scalp",
    "exit_price": 0.8699999999999999,
    "pnl": -5.027775,
    "gain_pct": -0.037331
  },
  "counterfactual": {
    "resolution_price": 1.0,
    "pnl": 14.695084,
    "gain_pct": 0.109111
  },
  "delta_pnl": 19.722859,
  "scalp_was_optimal": false,
  "context_at_scalp": {
    "holding_edge": -0.08443254320769644,
    "model_prob": 0.7855674567923036,
    "market_price": 0.87,
    "seconds_remaining": 118.492569,
    "exit_threshold_used": -0.07,
    "strike_price": 76900.73269,
    "btc_at_scalp": 76858.0,
    "btc_at_expiry": 76831.7877696697,
    "chainlink_price_to_beat": 76905.63384,
    "chainlink_final_price": 76831.7877696697,
    "flow_score": -0.0867,
    "spot_flow_signal": -5.551115123125783e-10,
    "regime": "neutral",
    "btc_distance_atr": -1.645
  }
}