{
  "position_id": 7688,
  "market_id": "btc-updown-5m-1782579000",
  "side": "Down",
  "timestamp": "2026-06-27T17:05:15.604280+00:00",
  "actual": {
    "exit_reason": "scalp",
    "exit_price": 0.26,
    "pnl": -5.918208,
    "gain_pct": -0.602056
  },
  "counterfactual": {
    "resolution_price": 1.0,
    "pnl": 6.352846,
    "gain_pct": 0.646271
  },
  "delta_pnl": 12.271054,
  "scalp_was_optimal": false,
  "context_at_scalp": {
    "holding_edge": -0.13320636700514354,
    "model_prob": 0.12679363299485646,
    "market_price": 0.26,
    "seconds_remaining": 47.320061,
    "exit_threshold_used": -0.1,
    "effective_exit_threshold": 0.1008448994756924,
    "loss_cut": true,
    "entry_price": 0.59,
    "fee_rate": 0.07,
    "strike_price": 60711.72045736851,
    "btc_at_scalp": 60720.0,
    "btc_at_expiry": 60712.471220676714,
    "chainlink_price_to_beat": 60715.18248679367,
    "chainlink_final_price": 60712.471220676714,
    "flow_score": -0.5803,
    "spot_flow_signal": 0.16837271973587695,
    "regime": "unknown",
    "btc_distance_atr": 0.573,
    "coinbase_cvd_60s": 0.7707,
    "coinbase_taker_60s": 0.8369,
    "coinbase_taker_n": 222,
    "cross_venue_gap": -102.76,
    "fast_realized_vol_60s": 1.6e-05
  }
}