{
  "position_id": 7691,
  "market_id": "btc-updown-5m-1779211500",
  "side": "Up",
  "timestamp": "2026-05-19T17:35:46.785322+00:00",
  "actual": {
    "exit_reason": "scalp",
    "exit_price": 0.3798,
    "pnl": -2.489124,
    "gain_pct": -0.07124
  },
  "counterfactual": {
    "resolution_price": 0.0,
    "pnl": -34.94,
    "gain_pct": -1.0
  },
  "delta_pnl": -32.450876,
  "scalp_was_optimal": true,
  "context_at_scalp": {
    "holding_edge": -0.3626845289590976,
    "model_prob": 0.017315471040902437,
    "market_price": 0.38,
    "seconds_remaining": 195.8917,
    "exit_threshold_used": -0.07,
    "strike_price": 76894.5652677048,
    "btc_at_scalp": 76860.77,
    "btc_at_expiry": 76813.2714690351,
    "chainlink_price_to_beat": 76892.81105967928,
    "chainlink_final_price": 76813.2714690351,
    "flow_score": 0.0052,
    "spot_flow_signal": -0.20000000852651284,
    "regime": "neutral",
    "btc_distance_atr": -2.068
  }
}