{
  "position_id": 7695,
  "market_id": "btc-updown-5m-1782580800",
  "side": "Down",
  "timestamp": "2026-06-27T17:33:55.046216+00:00",
  "actual": {
    "exit_reason": "scalp",
    "exit_price": 0.67,
    "pnl": 4.253656,
    "gain_pct": 0.286635
  },
  "counterfactual": {
    "resolution_price": 1.0,
    "pnl": 13.8012,
    "gain_pct": 0.93
  },
  "delta_pnl": 9.547544,
  "scalp_was_optimal": false,
  "context_at_scalp": {
    "holding_edge": -0.08256953620710383,
    "model_prob": 0.5974304637928962,
    "market_price": 0.68,
    "seconds_remaining": 16.118163,
    "exit_threshold_used": -0.1,
    "effective_exit_threshold": -0.06258399173989768,
    "loss_cut": false,
    "entry_price": 0.5,
    "fee_rate": 0.07,
    "strike_price": 60507.77634013511,
    "btc_at_scalp": 60504.84,
    "btc_at_expiry": 60506.98869949738,
    "chainlink_price_to_beat": 60507.98171180709,
    "chainlink_final_price": 60506.98869949738,
    "flow_score": -0.0206,
    "spot_flow_signal": 0.07799780701033335,
    "regime": "unknown",
    "btc_distance_atr": -0.087,
    "coinbase_cvd_60s": 0.1884,
    "coinbase_taker_60s": 0.6851,
    "coinbase_taker_n": 204,
    "cross_venue_gap": -98.81,
    "fast_realized_vol_60s": 2.2e-05
  }
}