{
  "position_id": 7696,
  "market_id": "btc-updown-5m-1782581100",
  "side": "Down",
  "timestamp": "2026-06-27T17:37:15.572000+00:00",
  "actual": {
    "exit_reason": "hold",
    "exit_price": 1.0,
    "pnl": 5.029496,
    "gain_pct": 0.45806
  },
  "counterfactual": {
    "exit_reason": "hypothetical_scalp",
    "exit_price": 0.93,
    "pnl": 3.835876,
    "gain_pct": 0.349351
  },
  "delta_pnl": 1.19362,
  "hold_was_optimal": true,
  "context_at_worst_moment": {
    "holding_edge": -0.1313984249515363,
    "model_prob": 0.7986015750484637,
    "market_price": 0.93,
    "seconds_remaining": 98.795321,
    "exit_threshold_used": -0.1,
    "strike_price": 60506.920146078446,
    "btc_at_worst": 60482.44,
    "flow_score": 0.6238,
    "spot_flow_signal": 0.30039855763570655,
    "regime": "unknown",
    "btc_distance_atr": -0.752,
    "worst_at": 1782581301.2053714,
    "coinbase_cvd_60s": 5.3283,
    "coinbase_taker_60s": 0.9513,
    "coinbase_taker_n": 337,
    "cross_venue_gap": -99.38,
    "fast_realized_vol_60s": 2e-05
  }
}