{
  "position_id": 7709,
  "market_id": "btc-updown-5m-1782584100",
  "side": "Up",
  "timestamp": "2026-06-27T18:30:07.735773+00:00",
  "actual": {
    "exit_reason": "scalp",
    "exit_price": 0.79,
    "pnl": 3.103291,
    "gain_pct": 0.130062
  },
  "counterfactual": {
    "resolution_price": 0.0,
    "pnl": -23.86,
    "gain_pct": -1.0
  },
  "delta_pnl": -26.963291,
  "scalp_was_optimal": true,
  "context_at_scalp": {
    "holding_edge": -0.13693386944319386,
    "model_prob": 0.6830661305568061,
    "market_price": 0.82,
    "seconds_remaining": 39.7111,
    "exit_threshold_used": -0.1,
    "effective_exit_threshold": -0.10488010058168606,
    "loss_cut": false,
    "entry_price": 0.68,
    "fee_rate": 0.07,
    "strike_price": 60428.42699721983,
    "btc_at_scalp": 60431.94,
    "btc_at_expiry": 60415.47709522085,
    "chainlink_price_to_beat": 60428.31843931233,
    "chainlink_final_price": 60415.47709522085,
    "flow_score": -0.0418,
    "spot_flow_signal": -0.0015263939758515975,
    "regime": "unknown",
    "btc_distance_atr": 0.212,
    "coinbase_cvd_60s": -0.0005,
    "coinbase_taker_60s": 0.4981,
    "coinbase_taker_n": 223,
    "cross_venue_gap": -102.64,
    "fast_realized_vol_60s": 3.3e-05
  }
}