{
  "position_id": 7713,
  "market_id": "btc-updown-5m-1779219300",
  "side": "Up",
  "timestamp": "2026-05-19T19:46:33.230114+00:00",
  "actual": {
    "exit_reason": "scalp",
    "exit_price": 0.3599,
    "pnl": -6.060328,
    "gain_pct": -0.369758
  },
  "counterfactual": {
    "resolution_price": 1.0,
    "pnl": 12.646055,
    "gain_pct": 0.771571
  },
  "delta_pnl": 18.706383,
  "scalp_was_optimal": false,
  "context_at_scalp": {
    "holding_edge": 0.141827868784835,
    "model_prob": 0.501827868784835,
    "market_price": 0.36,
    "seconds_remaining": 87.152082,
    "exit_threshold_used": -0.07,
    "strike_price": 76811.02289330107,
    "btc_at_scalp": 76793.25,
    "btc_at_expiry": 76831.99999999999,
    "chainlink_price_to_beat": 76811.02368842573,
    "chainlink_final_price": 76831.99999999999,
    "flow_score": -0.4811,
    "spot_flow_signal": -2.7544640862848892e-05,
    "regime": "neutral",
    "btc_distance_atr": -0.801
  }
}