{
  "position_id": 7725,
  "market_id": "btc-updown-5m-1779222000",
  "side": "Down",
  "timestamp": "2026-05-19T20:31:08.654098+00:00",
  "actual": {
    "exit_reason": "scalp",
    "exit_price": 0.7194,
    "pnl": -31.509088,
    "gain_pct": -0.150351
  },
  "counterfactual": {
    "resolution_price": 1.0,
    "pnl": 39.199569,
    "gain_pct": 0.187048
  },
  "delta_pnl": 70.708657,
  "scalp_was_optimal": false,
  "context_at_scalp": {
    "holding_edge": -0.09493978816000659,
    "model_prob": 0.6250602118399934,
    "market_price": 0.72,
    "seconds_remaining": 204.97936,
    "exit_threshold_used": -0.07,
    "strike_price": 76871.56795444721,
    "btc_at_scalp": 76847.96,
    "btc_at_expiry": 76857.43528401031,
    "chainlink_price_to_beat": 76872.153,
    "chainlink_final_price": 76857.43528401031,
    "flow_score": 0.1297,
    "spot_flow_signal": -3.469446951953614e-11,
    "regime": "neutral",
    "btc_distance_atr": -2.714
  }
}