{
  "position_id": 7730,
  "market_id": "btc-updown-5m-1782589500",
  "side": "Down",
  "timestamp": "2026-06-27T19:57:51.081297+00:00",
  "actual": {
    "exit_reason": "scalp",
    "exit_price": 0.16,
    "pnl": -8.678033,
    "gain_pct": -0.725588
  },
  "counterfactual": {
    "resolution_price": 0.0,
    "pnl": -11.96,
    "gain_pct": -1.0
  },
  "delta_pnl": -3.281967,
  "scalp_was_optimal": true,
  "context_at_scalp": {
    "holding_edge": -1.547883121985616e-05,
    "model_prob": 0.15998452116878015,
    "market_price": 0.16,
    "seconds_remaining": 26.971681,
    "exit_threshold_used": -0.1,
    "effective_exit_threshold": 0.21797709953950034,
    "loss_cut": true,
    "entry_price": 0.52,
    "fee_rate": 0.07,
    "strike_price": 60100.394434309965,
    "btc_at_scalp": 60116.74,
    "btc_at_expiry": 60118.01742458225,
    "chainlink_price_to_beat": 60100.05463704182,
    "chainlink_final_price": 60118.01742458225,
    "flow_score": -0.3737,
    "spot_flow_signal": 0.0020239453659431812,
    "regime": "unknown",
    "btc_distance_atr": 0.523,
    "coinbase_cvd_60s": 0.0604,
    "coinbase_taker_60s": 0.5363,
    "coinbase_taker_n": 298,
    "cross_venue_gap": -92.57,
    "fast_realized_vol_60s": 4.2e-05
  }
}