{
  "position_id": 7732,
  "market_id": "btc-updown-5m-1779236400",
  "side": "Up",
  "timestamp": "2026-05-20T00:33:53.173415+00:00",
  "actual": {
    "exit_reason": "scalp",
    "exit_price": 0.7099,
    "pnl": 6.876846,
    "gain_pct": 0.251071
  },
  "counterfactual": {
    "resolution_price": 0.0,
    "pnl": -27.39,
    "gain_pct": -1.0
  },
  "delta_pnl": -34.266846,
  "scalp_was_optimal": true,
  "context_at_scalp": {
    "holding_edge": -0.091053031928084,
    "model_prob": 0.618946968071916,
    "market_price": 0.71,
    "seconds_remaining": 277.287997,
    "exit_threshold_used": -0.07,
    "strike_price": 76504.15956644126,
    "btc_at_scalp": 76517.05,
    "btc_at_expiry": 76500.24865746363,
    "chainlink_price_to_beat": 76504.6746847928,
    "chainlink_final_price": 76500.24865746363,
    "flow_score": -0.3112,
    "spot_flow_signal": 0.19090948237403305,
    "regime": "volatile",
    "btc_distance_atr": 0.444
  }
}