{
  "position_id": 7742,
  "market_id": "btc-updown-5m-1782591900",
  "side": "Down",
  "timestamp": "2026-06-27T20:39:26.850638+00:00",
  "actual": {
    "exit_reason": "scalp",
    "exit_price": 0.8799999999999999,
    "pnl": 9.355707,
    "gain_pct": 0.364319
  },
  "counterfactual": {
    "resolution_price": 1.0,
    "pnl": 15.269075,
    "gain_pct": 0.59459
  },
  "delta_pnl": 5.913368,
  "scalp_was_optimal": false,
  "context_at_scalp": {
    "holding_edge": -0.13804246068020876,
    "model_prob": 0.7419575393197912,
    "market_price": 0.88,
    "seconds_remaining": 11.591533,
    "exit_threshold_used": -0.1,
    "effective_exit_threshold": -0.11850244080575174,
    "loss_cut": false,
    "entry_price": 0.61,
    "fee_rate": 0.07,
    "strike_price": 60185.48909050586,
    "btc_at_scalp": 60183.53,
    "btc_at_expiry": 60178.233335,
    "chainlink_price_to_beat": 60185.46515550586,
    "chainlink_final_price": 60178.233335,
    "flow_score": 0.2599,
    "spot_flow_signal": 0.5940114924325752,
    "regime": "unknown",
    "btc_distance_atr": -0.136,
    "coinbase_cvd_60s": 8.5143,
    "coinbase_taker_60s": 0.9981,
    "coinbase_taker_n": 350,
    "cross_venue_gap": -99.45,
    "fast_realized_vol_60s": 1.8e-05
  }
}