{
  "position_id": 7769,
  "market_id": "btc-updown-5m-1779244500",
  "side": "Up",
  "timestamp": "2026-05-20T02:50:09.284163+00:00",
  "actual": {
    "exit_reason": "scalp",
    "exit_price": 0.1599,
    "pnl": -17.822754,
    "gain_pct": -0.681558
  },
  "counterfactual": {
    "resolution_price": 0.0,
    "pnl": -26.15,
    "gain_pct": -1.0
  },
  "delta_pnl": -8.327246,
  "scalp_was_optimal": true,
  "context_at_scalp": {
    "holding_edge": -0.159999,
    "model_prob": 1e-06,
    "market_price": 0.16,
    "seconds_remaining": 219.730529,
    "exit_threshold_used": -0.07,
    "strike_price": 76645.60881416887,
    "btc_at_scalp": 76584.26,
    "btc_at_expiry": 76584.03199999999,
    "chainlink_price_to_beat": 76644.28632011752,
    "chainlink_final_price": 76584.03199999999,
    "flow_score": -0.1219,
    "spot_flow_signal": -6.505213034913027e-14,
    "regime": "neutral",
    "btc_distance_atr": -2.435
  }
}