{
  "position_id": 7775,
  "market_id": "btc-updown-5m-1779246000",
  "side": "Down",
  "timestamp": "2026-05-20T03:10:12.949840+00:00",
  "actual": {
    "exit_reason": "scalp",
    "exit_price": 0.65,
    "pnl": -1.722758,
    "gain_pct": -0.027345
  },
  "counterfactual": {
    "resolution_price": 1.0,
    "pnl": 31.870364,
    "gain_pct": 0.505879
  },
  "delta_pnl": 33.593121,
  "scalp_was_optimal": false,
  "context_at_scalp": {
    "holding_edge": -0.06885651435564644,
    "model_prob": 0.5811434856443536,
    "market_price": 0.65,
    "seconds_remaining": 266.146582,
    "exit_threshold_used": -0.07,
    "strike_price": 76609.08374161542,
    "btc_at_scalp": 76583.7,
    "btc_at_expiry": 76552.23355354923,
    "chainlink_price_to_beat": 76610.40807647479,
    "chainlink_final_price": 76552.23355354923,
    "flow_score": -0.1473,
    "spot_flow_signal": -0.3387734020966115,
    "regime": "neutral",
    "btc_distance_atr": -2.067
  }
}