{
  "position_id": 7784,
  "market_id": "btc-updown-5m-1782609000",
  "side": "Down",
  "timestamp": "2026-06-28T01:21:19.553068+00:00",
  "actual": {
    "exit_reason": "scalp",
    "exit_price": 0.39,
    "pnl": -2.148325,
    "gain_pct": -0.204993
  },
  "counterfactual": {
    "resolution_price": 0.0,
    "pnl": -10.48,
    "gain_pct": -1.0
  },
  "delta_pnl": -8.331675,
  "scalp_was_optimal": true,
  "context_at_scalp": {
    "holding_edge": -0.09651853191732718,
    "model_prob": 0.2834814680826728,
    "market_price": 0.38,
    "seconds_remaining": 107.569168,
    "exit_threshold_used": -0.1,
    "effective_exit_threshold": -0.05398293839672018,
    "loss_cut": false,
    "entry_price": 0.47,
    "fee_rate": 0.07,
    "strike_price": 59939.80763245739,
    "btc_at_scalp": 59951.51,
    "btc_at_expiry": 59993.124339999995,
    "chainlink_price_to_beat": 59939.86263802827,
    "chainlink_final_price": 59993.124339999995,
    "flow_score": 0.2537,
    "spot_flow_signal": 0.10638140561685809,
    "regime": "unknown",
    "btc_distance_atr": 0.542,
    "coinbase_cvd_60s": 0.3899,
    "coinbase_taker_60s": 0.732,
    "coinbase_taker_n": 357,
    "cross_venue_gap": -85.99,
    "fast_realized_vol_60s": 4.9e-05
  }
}