{
  "position_id": 7798,
  "market_id": "btc-updown-5m-1782612000",
  "side": "Up",
  "timestamp": "2026-06-28T02:11:22.616327+00:00",
  "actual": {
    "exit_reason": "hold",
    "exit_price": 1.0,
    "pnl": 6.065291,
    "gain_pct": 0.479091
  },
  "counterfactual": {
    "exit_reason": "hypothetical_scalp",
    "exit_price": 0.99,
    "pnl": 5.865061,
    "gain_pct": 0.463275
  },
  "delta_pnl": 0.20023,
  "hold_was_optimal": true,
  "context_at_worst_moment": {
    "holding_edge": 0.00976174631894755,
    "model_prob": 0.9997617463189475,
    "market_price": 0.99,
    "seconds_remaining": 48.850188,
    "exit_threshold_used": -0.1,
    "strike_price": 60130.37639139284,
    "btc_at_worst": 60181.01,
    "flow_score": 0.6987,
    "spot_flow_signal": 0.1061832655428629,
    "regime": "unknown",
    "btc_distance_atr": 3.759,
    "worst_at": 1782612251.1504126,
    "coinbase_cvd_60s": 0.4414,
    "coinbase_taker_60s": 0.7213,
    "coinbase_taker_n": 275,
    "cross_venue_gap": -86.99,
    "fast_realized_vol_60s": 3.5e-05
  }
}