{
  "position_id": 7800,
  "market_id": "btc-updown-5m-1782612900",
  "side": "Down",
  "timestamp": "2026-06-28T02:26:28.267970+00:00",
  "actual": {
    "exit_reason": "hold",
    "exit_price": 1.0,
    "pnl": 4.0207,
    "gain_pct": 0.103333
  },
  "counterfactual": {
    "exit_reason": "hypothetical_scalp",
    "exit_price": 0.99,
    "pnl": 3.561642,
    "gain_pct": 0.091535
  },
  "delta_pnl": 0.459058,
  "hold_was_optimal": true,
  "context_at_worst_moment": {
    "holding_edge": 0.008380482513417942,
    "model_prob": 0.9983804825134179,
    "market_price": 0.99,
    "seconds_remaining": 20.875007,
    "exit_threshold_used": -0.1,
    "strike_price": 60197.09458134483,
    "btc_at_worst": 60158.88,
    "flow_score": -0.6574,
    "spot_flow_signal": -0.030786974116852335,
    "regime": "unknown",
    "btc_distance_atr": -1.727,
    "worst_at": 1782613179.1257875,
    "coinbase_cvd_60s": -0.0701,
    "coinbase_taker_60s": 0.4273,
    "coinbase_taker_n": 257,
    "cross_venue_gap": -87.12,
    "fast_realized_vol_60s": 3.8e-05
  }
}