{
  "position_id": 790,
  "market_id": "btc-updown-5m-1776303300",
  "side": "Down",
  "weight_version": "weights_v001",
  "timestamp": "2026-04-16T01:42:19.597764+00:00",
  "actual": {
    "exit_reason": "hold",
    "exit_price": 1.0,
    "pnl": 12.454071,
    "gain_pct": 0.94349
  },
  "counterfactual": {
    "exit_reason": "hypothetical_scalp",
    "exit_price": 0.88,
    "pnl": 9.326819,
    "gain_pct": 0.706577
  },
  "delta_pnl": 3.127252,
  "hold_was_optimal": true,
  "context_at_worst_moment": {
    "holding_edge": -0.10781606127806376,
    "model_prob": 0.7721839387219362,
    "market_price": 0.88,
    "seconds_remaining": 128.469377,
    "exit_threshold_used": -0.05,
    "strike_price": 74693.46058577902,
    "btc_at_worst": 74634.01,
    "worst_at": 1776303471.6958814
  }
}