{
  "position_id": 8176,
  "market_id": "btc-updown-5m-1782744000",
  "side": "Down",
  "timestamp": "2026-06-29T14:50:06.125612+00:00",
  "actual": {
    "exit_reason": "hold",
    "exit_price": 1.0,
    "pnl": 7.151119,
    "gain_pct": 0.523125
  },
  "counterfactual": {
    "exit_reason": "hypothetical_scalp",
    "exit_price": 0.71,
    "pnl": 0.8129,
    "gain_pct": 0.059466
  },
  "delta_pnl": 6.338219,
  "hold_was_optimal": true,
  "context_at_worst_moment": {
    "holding_edge": -0.085647838078863,
    "model_prob": 0.624352161921137,
    "market_price": 0.71,
    "seconds_remaining": 173.787426,
    "exit_threshold_used": -0.1,
    "strike_price": 59453.39563281815,
    "btc_at_worst": 59430.58,
    "flow_score": 0.0164,
    "spot_flow_signal": -0.14907224052031381,
    "regime": "unknown",
    "btc_distance_atr": -0.255,
    "worst_at": 1782744126.2138474,
    "coinbase_cvd_60s": -2.7441,
    "coinbase_taker_60s": 0.2948,
    "coinbase_taker_n": 726,
    "cross_venue_gap": -105.25,
    "fast_realized_vol_60s": 0.000148
  }
}