{
  "position_id": 8194,
  "market_id": "btc-updown-5m-1782750600",
  "side": "Up",
  "timestamp": "2026-06-29T16:39:53.115162+00:00",
  "actual": {
    "exit_reason": "hold",
    "exit_price": 1.0,
    "pnl": 4.024663,
    "gain_pct": 0.247215
  },
  "counterfactual": {
    "exit_reason": "hypothetical_scalp",
    "exit_price": 0.95,
    "pnl": 2.941917,
    "gain_pct": 0.180707
  },
  "delta_pnl": 1.082746,
  "hold_was_optimal": true,
  "context_at_worst_moment": {
    "holding_edge": -0.13137276421035637,
    "model_prob": 0.8186272357896436,
    "market_price": 0.95,
    "seconds_remaining": 63.334762,
    "exit_threshold_used": -0.1,
    "strike_price": 59514.4370788686,
    "btc_at_worst": 59541.0,
    "flow_score": -0.4673,
    "spot_flow_signal": -0.38438209322960015,
    "regime": "unknown",
    "btc_distance_atr": 0.548,
    "worst_at": 1782750836.6670344,
    "coinbase_cvd_60s": -5.483,
    "coinbase_taker_60s": 0.0484,
    "coinbase_taker_n": 517,
    "cross_venue_gap": -117.2,
    "fast_realized_vol_60s": 7.8e-05
  }
}