{
  "position_id": 8207,
  "market_id": "btc-updown-5m-1782753300",
  "side": "Up",
  "timestamp": "2026-06-29T17:24:17.617967+00:00",
  "actual": {
    "exit_reason": "hold",
    "exit_price": 1.0,
    "pnl": 12.779944,
    "gain_pct": 0.523125
  },
  "counterfactual": {
    "exit_reason": "hypothetical_scalp",
    "exit_price": 0.89,
    "pnl": 8.43185,
    "gain_pct": 0.345143
  },
  "delta_pnl": 4.348094,
  "hold_was_optimal": true,
  "context_at_worst_moment": {
    "holding_edge": -0.06654431714525788,
    "model_prob": 0.8234556828547421,
    "market_price": 0.89,
    "seconds_remaining": 88.411347,
    "exit_threshold_used": -0.1,
    "strike_price": 60363.35317509604,
    "btc_at_worst": 60422.0,
    "flow_score": -0.3256,
    "spot_flow_signal": 0.17138714799090538,
    "regime": "unknown",
    "btc_distance_atr": 0.628,
    "worst_at": 1782753511.5907407,
    "coinbase_cvd_60s": 6.8151,
    "coinbase_taker_60s": 0.6217,
    "coinbase_taker_n": 1523,
    "cross_venue_gap": -108.01,
    "fast_realized_vol_60s": 0.000243
  }
}