{
  "position_id": 8229,
  "market_id": "btc-updown-5m-1782758100",
  "side": "Down",
  "timestamp": "2026-06-29T18:44:13.741039+00:00",
  "actual": {
    "exit_reason": "hold",
    "exit_price": 0.0,
    "pnl": -32.33,
    "gain_pct": -1.0
  },
  "counterfactual": {
    "exit_reason": "hypothetical_scalp",
    "exit_price": 0.33,
    "pnl": -17.069385,
    "gain_pct": -0.527974
  },
  "delta_pnl": -15.260615,
  "hold_was_optimal": false,
  "context_at_worst_moment": {
    "holding_edge": -0.11749068080251929,
    "model_prob": 0.21250931919748073,
    "market_price": 0.33,
    "seconds_remaining": 17.04198,
    "exit_threshold_used": -0.1,
    "strike_price": 60155.35956039187,
    "btc_at_worst": 60167.19,
    "flow_score": -0.0962,
    "spot_flow_signal": -0.35656482832637976,
    "regime": "unknown",
    "btc_distance_atr": 0.231,
    "worst_at": 1782758382.9598176,
    "coinbase_cvd_60s": -7.5209,
    "coinbase_taker_60s": 0.1909,
    "coinbase_taker_n": 788,
    "cross_venue_gap": -101.4,
    "fast_realized_vol_60s": 0.000108
  }
}