{
  "position_id": 8241,
  "market_id": "btc-updown-5m-1782760800",
  "side": "Up",
  "timestamp": "2026-06-29T19:29:08.974221+00:00",
  "actual": {
    "exit_reason": "hold",
    "exit_price": 1.0,
    "pnl": 15.922948,
    "gain_pct": 0.423033
  },
  "counterfactual": {
    "exit_reason": "hypothetical_scalp",
    "exit_price": 0.79,
    "pnl": 4.052702,
    "gain_pct": 0.10767
  },
  "delta_pnl": 11.870245,
  "hold_was_optimal": true,
  "context_at_worst_moment": {
    "holding_edge": -0.06273480683703425,
    "model_prob": 0.7272651931629658,
    "market_price": 0.79,
    "seconds_remaining": 174.378518,
    "exit_threshold_used": -0.1,
    "strike_price": 60190.36969295536,
    "btc_at_worst": 60210.0,
    "flow_score": -0.084,
    "spot_flow_signal": 0.2494576869919335,
    "regime": "unknown",
    "btc_distance_atr": 0.588,
    "worst_at": 1782760925.6220844,
    "coinbase_cvd_60s": 3.7286,
    "coinbase_taker_60s": 0.7088,
    "coinbase_taker_n": 636,
    "cross_venue_gap": -119.01,
    "fast_realized_vol_60s": 6.6e-05
  }
}