{
  "position_id": 8265,
  "market_id": "btc-updown-5m-1782767700",
  "side": "Down",
  "timestamp": "2026-06-29T21:24:36.467461+00:00",
  "actual": {
    "exit_reason": "hold",
    "exit_price": 1.0,
    "pnl": 10.138431,
    "gain_pct": 0.858462
  },
  "counterfactual": {
    "exit_reason": "hypothetical_scalp",
    "exit_price": 0.999,
    "pnl": 10.114947,
    "gain_pct": 0.856473
  },
  "delta_pnl": 0.023483,
  "hold_was_optimal": true,
  "context_at_worst_moment": {
    "holding_edge": 0.0009858695579186838,
    "model_prob": 0.9999858695579187,
    "market_price": 0.999,
    "seconds_remaining": 13.463224,
    "exit_threshold_used": -0.1,
    "strike_price": 60321.214854883256,
    "btc_at_worst": 60230.01,
    "flow_score": -0.6387,
    "spot_flow_signal": 0.2438435347500429,
    "regime": "unknown",
    "btc_distance_atr": -4.036,
    "worst_at": 1782767986.5378041,
    "coinbase_cvd_60s": 2.5041,
    "coinbase_taker_60s": 0.9101,
    "coinbase_taker_n": 409,
    "cross_venue_gap": -97.99,
    "fast_realized_vol_60s": 3.1e-05
  }
}