{
  "position_id": 8273,
  "market_id": "btc-updown-5m-1782769800",
  "side": "Down",
  "timestamp": "2026-06-29T22:04:47.131027+00:00",
  "actual": {
    "exit_reason": "scalp",
    "exit_price": 0.41,
    "pnl": -6.829897,
    "gain_pct": -0.339121
  },
  "counterfactual": {
    "resolution_price": 0.0,
    "pnl": -20.14,
    "gain_pct": -1.0
  },
  "delta_pnl": -13.310103,
  "scalp_was_optimal": true,
  "context_at_scalp": {
    "holding_edge": -0.07703640042375876,
    "model_prob": 0.3329635995762412,
    "market_price": 0.41,
    "seconds_remaining": 192.377217,
    "exit_threshold_used": -0.1,
    "effective_exit_threshold": -0.06707010171918598,
    "loss_cut": false,
    "entry_price": 0.6,
    "fee_rate": 0.07,
    "strike_price": 60417.660948747565,
    "btc_at_scalp": 60429.61,
    "btc_at_expiry": 60480.55349772933,
    "chainlink_price_to_beat": 60417.66085583878,
    "chainlink_final_price": 60480.55349772933,
    "flow_score": -0.5031,
    "spot_flow_signal": 0.22804813536118618,
    "regime": "unknown",
    "btc_distance_atr": 0.557,
    "coinbase_cvd_60s": 3.6183,
    "coinbase_taker_60s": 0.7984,
    "coinbase_taker_n": 395,
    "cross_venue_gap": -90.38,
    "fast_realized_vol_60s": 3.6e-05
  }
}