{
  "position_id": 8287,
  "market_id": "btc-updown-5m-1782772500",
  "side": "Down",
  "timestamp": "2026-06-29T22:43:12.301781+00:00",
  "actual": {
    "exit_reason": "hold",
    "exit_price": 1.0,
    "pnl": 29.5833,
    "gain_pct": 0.93
  },
  "counterfactual": {
    "exit_reason": "hypothetical_scalp",
    "exit_price": 0.99,
    "pnl": 28.926821,
    "gain_pct": 0.909363
  },
  "delta_pnl": 0.656479,
  "hold_was_optimal": true,
  "context_at_worst_moment": {
    "holding_edge": 0.009619550729128568,
    "model_prob": 0.9996195507291286,
    "market_price": 0.99,
    "seconds_remaining": 13.145195,
    "exit_threshold_used": -0.1,
    "strike_price": 60314.73484351844,
    "btc_at_worst": 60279.2,
    "flow_score": -0.7767,
    "spot_flow_signal": 0.17715416047799798,
    "regime": "unknown",
    "btc_distance_atr": -2.045,
    "worst_at": 1782772786.8573008,
    "coinbase_cvd_60s": 0.995,
    "coinbase_taker_60s": 0.8503,
    "coinbase_taker_n": 389,
    "cross_venue_gap": -95.32,
    "fast_realized_vol_60s": 2.5e-05
  }
}