{
  "position_id": 8288,
  "market_id": "btc-updown-5m-1782772800",
  "side": "Down",
  "timestamp": "2026-06-29T22:54:26.877343+00:00",
  "actual": {
    "exit_reason": "scalp",
    "exit_price": 0.06,
    "pnl": -22.504572,
    "gain_pct": -0.887404
  },
  "counterfactual": {
    "resolution_price": 0.0,
    "pnl": -25.36,
    "gain_pct": -1.0
  },
  "delta_pnl": -2.855428,
  "scalp_was_optimal": true,
  "context_at_scalp": {
    "holding_edge": -0.014851056872231927,
    "model_prob": 0.04514894312776807,
    "market_price": 0.06,
    "seconds_remaining": 90.115149,
    "exit_threshold_used": -0.1,
    "effective_exit_threshold": 0.08149513005426207,
    "loss_cut": false,
    "entry_price": 0.47,
    "fee_rate": 0.07,
    "strike_price": 60276.52701464555,
    "btc_at_scalp": 60299.99,
    "btc_at_expiry": 60302.377504061165,
    "chainlink_price_to_beat": 60276.2496193276,
    "chainlink_final_price": 60302.377504061165,
    "flow_score": -0.2117,
    "spot_flow_signal": 0.10105440979577163,
    "regime": "unknown",
    "btc_distance_atr": 1.487,
    "coinbase_cvd_60s": 0.8426,
    "coinbase_taker_60s": 0.6709,
    "coinbase_taker_n": 379,
    "cross_venue_gap": -89.71,
    "fast_realized_vol_60s": 4.7e-05
  }
}