{
  "position_id": 8294,
  "market_id": "btc-updown-5m-1782774600",
  "side": "Down",
  "timestamp": "2026-06-29T23:22:34.685651+00:00",
  "actual": {
    "exit_reason": "scalp",
    "exit_price": 0.23,
    "pnl": -14.06416,
    "gain_pct": -0.553707
  },
  "counterfactual": {
    "resolution_price": 1.0,
    "pnl": 27.730174,
    "gain_pct": 1.091739
  },
  "delta_pnl": 41.794334,
  "scalp_was_optimal": false,
  "context_at_scalp": {
    "holding_edge": -0.06827809982273783,
    "model_prob": 0.16172190017726218,
    "market_price": 0.23,
    "seconds_remaining": 77.851308,
    "exit_threshold_used": -0.1,
    "effective_exit_threshold": 0.053115742182577495,
    "loss_cut": true,
    "entry_price": 0.46,
    "fee_rate": 0.07,
    "strike_price": 60266.5161824769,
    "btc_at_scalp": 60275.0,
    "btc_at_expiry": 60257.51028898574,
    "chainlink_price_to_beat": 60265.84197893159,
    "chainlink_final_price": 60257.51028898574,
    "flow_score": 0.3772,
    "spot_flow_signal": 0.14209036644581258,
    "regime": "unknown",
    "btc_distance_atr": 0.584,
    "coinbase_cvd_60s": 1.1612,
    "coinbase_taker_60s": 0.7349,
    "coinbase_taker_n": 437,
    "cross_venue_gap": -85.72,
    "fast_realized_vol_60s": 5.1e-05
  }
}