{
  "position_id": 8302,
  "market_id": "btc-updown-5m-1782776100",
  "side": "Down",
  "timestamp": "2026-06-29T23:49:11.267774+00:00",
  "actual": {
    "exit_reason": "scalp",
    "exit_price": 0.16,
    "pnl": -26.695999,
    "gain_pct": -0.744451
  },
  "counterfactual": {
    "resolution_price": 0.0,
    "pnl": -35.86,
    "gain_pct": -1.0
  },
  "delta_pnl": -9.164001,
  "scalp_was_optimal": true,
  "context_at_scalp": {
    "holding_edge": -0.07791175175889428,
    "model_prob": 0.08208824824110572,
    "market_price": 0.16,
    "seconds_remaining": 130.348509,
    "exit_threshold_used": -0.1,
    "effective_exit_threshold": -0.031033528359800548,
    "loss_cut": false,
    "entry_price": 0.56,
    "fee_rate": 0.07,
    "strike_price": 60173.97101162216,
    "btc_at_scalp": 60194.63,
    "btc_at_expiry": 60191.185399463815,
    "chainlink_price_to_beat": 60173.429296599264,
    "chainlink_final_price": 60191.185399463815,
    "flow_score": -0.0152,
    "spot_flow_signal": 0.02395980258437746,
    "regime": "unknown",
    "btc_distance_atr": 1.084,
    "coinbase_cvd_60s": 0.1008,
    "coinbase_taker_60s": 0.552,
    "coinbase_taker_n": 335,
    "cross_venue_gap": -89.37,
    "fast_realized_vol_60s": 2.8e-05
  }
}