{
  "position_id": 8304,
  "market_id": "btc-updown-5m-1782776400",
  "side": "Down",
  "timestamp": "2026-06-29T23:49:53.991102+00:00",
  "actual": {
    "exit_reason": "hold",
    "exit_price": 1.0,
    "pnl": 26.8983,
    "gain_pct": 0.57
  },
  "counterfactual": {
    "exit_reason": "hypothetical_scalp",
    "exit_price": 0.99,
    "pnl": 26.106074,
    "gain_pct": 0.553212
  },
  "delta_pnl": 0.792226,
  "hold_was_optimal": true,
  "context_at_worst_moment": {
    "holding_edge": 0.009890563206498282,
    "model_prob": 0.9998905632064983,
    "market_price": 0.99,
    "seconds_remaining": 12.183022,
    "exit_threshold_used": -0.1,
    "strike_price": 60191.18676360306,
    "btc_at_worst": 60165.27,
    "flow_score": -0.6841,
    "spot_flow_signal": 0.2378899437373191,
    "regime": "unknown",
    "btc_distance_atr": -2.023,
    "worst_at": 1782776687.8189683,
    "coinbase_cvd_60s": 2.3876,
    "coinbase_taker_60s": 0.8251,
    "coinbase_taker_n": 467,
    "cross_venue_gap": -93.43,
    "fast_realized_vol_60s": 3.5e-05
  }
}