{
  "position_id": 8311,
  "market_id": "btc-updown-5m-1782778200",
  "side": "Down",
  "timestamp": "2026-06-30T00:23:47.026298+00:00",
  "actual": {
    "exit_reason": "scalp",
    "exit_price": 0.28,
    "pnl": -49.526712,
    "gain_pct": -0.652526
  },
  "counterfactual": {
    "resolution_price": 0.0,
    "pnl": -75.9,
    "gain_pct": -1.0
  },
  "delta_pnl": -26.373288,
  "scalp_was_optimal": true,
  "context_at_scalp": {
    "holding_edge": -0.055076023800450624,
    "model_prob": 0.20492397619954938,
    "market_price": 0.26,
    "seconds_remaining": 210.366978,
    "exit_threshold_used": -0.1,
    "effective_exit_threshold": -0.04828082521325386,
    "loss_cut": false,
    "entry_price": 0.79,
    "fee_rate": 0.07,
    "strike_price": 60122.33696045751,
    "btc_at_scalp": 60152.35,
    "btc_at_expiry": 60111.949547728786,
    "chainlink_price_to_beat": 60110.09647484376,
    "chainlink_final_price": 60111.949547728786,
    "flow_score": -0.2245,
    "spot_flow_signal": 0.15592372823024175,
    "regime": "unknown",
    "btc_distance_atr": 0.81,
    "coinbase_cvd_60s": 3.1487,
    "coinbase_taker_60s": 0.7683,
    "coinbase_taker_n": 496,
    "cross_venue_gap": -87.99,
    "fast_realized_vol_60s": 8.1e-05
  }
}