{
  "position_id": 8325,
  "market_id": "btc-updown-5m-1782781500",
  "side": "Down",
  "timestamp": "2026-06-30T01:12:19.264066+00:00",
  "actual": {
    "exit_reason": "hold",
    "exit_price": 1.0,
    "pnl": 14.795423,
    "gain_pct": 0.824717
  },
  "counterfactual": {
    "exit_reason": "hypothetical_scalp",
    "exit_price": 0.57,
    "pnl": 0.157549,
    "gain_pct": 0.008782
  },
  "delta_pnl": 14.637873,
  "hold_was_optimal": true,
  "context_at_worst_moment": {
    "holding_edge": -0.010589495551842298,
    "model_prob": 0.5594105044481577,
    "market_price": 0.57,
    "seconds_remaining": 74.886583,
    "exit_threshold_used": -0.1,
    "strike_price": 59771.10437026888,
    "btc_at_worst": 59765.79,
    "flow_score": 0.2545,
    "spot_flow_signal": 0.01054365288120851,
    "regime": "unknown",
    "btc_distance_atr": -0.116,
    "worst_at": 1782781725.1161058,
    "coinbase_cvd_60s": 0.1553,
    "coinbase_taker_60s": 0.52,
    "coinbase_taker_n": 474,
    "cross_venue_gap": -89.21,
    "fast_realized_vol_60s": 9.7e-05
  }
}