{
  "position_id": 8332,
  "market_id": "btc-updown-5m-1782783000",
  "side": "Down",
  "timestamp": "2026-06-30T01:39:52.532107+00:00",
  "actual": {
    "exit_reason": "hold",
    "exit_price": 1.0,
    "pnl": 13.348157,
    "gain_pct": 0.967959
  },
  "counterfactual": {
    "exit_reason": "hypothetical_scalp",
    "exit_price": 0.49,
    "pnl": -0.967031,
    "gain_pct": -0.070126
  },
  "delta_pnl": 14.315188,
  "hold_was_optimal": true,
  "context_at_worst_moment": {
    "holding_edge": -0.09371564824145884,
    "model_prob": 0.39628435175854115,
    "market_price": 0.49,
    "seconds_remaining": 223.114532,
    "exit_threshold_used": -0.1,
    "strike_price": 59951.108987305015,
    "btc_at_worst": 59960.0,
    "flow_score": 0.1794,
    "spot_flow_signal": 0.19493050914255097,
    "regime": "unknown",
    "btc_distance_atr": 0.285,
    "worst_at": 1782783076.8865883,
    "coinbase_cvd_60s": 2.7334,
    "coinbase_taker_60s": 0.8119,
    "coinbase_taker_n": 433,
    "cross_venue_gap": -84.59,
    "fast_realized_vol_60s": 6.7e-05
  }
}