{
  "position_id": 8351,
  "market_id": "btc-updown-5m-1782789000",
  "side": "Down",
  "timestamp": "2026-06-30T03:23:44.160560+00:00",
  "actual": {
    "exit_reason": "scalp",
    "exit_price": 0.2404488703486689,
    "pnl": -28.046728,
    "gain_pct": -0.674524
  },
  "counterfactual": {
    "resolution_price": 1.0,
    "pnl": 19.046122,
    "gain_pct": 0.45806
  },
  "delta_pnl": 47.092851,
  "scalp_was_optimal": false,
  "context_at_scalp": {
    "holding_edge": -0.07739596953615424,
    "model_prob": 0.17260403046384576,
    "market_price": 0.25,
    "seconds_remaining": 54.480251,
    "exit_threshold_used": -0.1,
    "effective_exit_threshold": 0.09238188523728749,
    "loss_cut": true,
    "entry_price": 0.67,
    "fee_rate": 0.07,
    "strike_price": 59821.489310492245,
    "btc_at_scalp": 59832.24,
    "btc_at_expiry": 59811.919970917945,
    "chainlink_price_to_beat": 59822.0565031597,
    "chainlink_final_price": 59811.919970917945,
    "flow_score": -0.2863,
    "spot_flow_signal": 0.1826489372588143,
    "regime": "unknown",
    "btc_distance_atr": 0.532,
    "coinbase_cvd_60s": 0.9806,
    "coinbase_taker_60s": 0.8572,
    "coinbase_taker_n": 244,
    "cross_venue_gap": -102.75,
    "fast_realized_vol_60s": 3.9e-05
  }
}