{
  "position_id": 8360,
  "market_id": "btc-updown-5m-1782792900",
  "side": "Down",
  "timestamp": "2026-06-30T04:26:17.722607+00:00",
  "actual": {
    "exit_reason": "hold",
    "exit_price": 1.0,
    "pnl": 16.189194,
    "gain_pct": 0.824717
  },
  "counterfactual": {
    "exit_reason": "hypothetical_scalp",
    "exit_price": 0.95,
    "pnl": 14.279136,
    "gain_pct": 0.727414
  },
  "delta_pnl": 1.910059,
  "hold_was_optimal": true,
  "context_at_worst_moment": {
    "holding_edge": -0.0058266671239074475,
    "model_prob": 0.9441733328760925,
    "market_price": 0.95,
    "seconds_remaining": 184.299013,
    "exit_threshold_used": -0.1,
    "strike_price": 59454.54723612641,
    "btc_at_worst": 59379.23,
    "flow_score": 0.4703,
    "spot_flow_signal": -0.24242208484868932,
    "regime": "unknown",
    "btc_distance_atr": -2.092,
    "worst_at": 1782793015.70298,
    "coinbase_cvd_60s": -2.7839,
    "coinbase_taker_60s": 0.0567,
    "coinbase_taker_n": 221,
    "cross_venue_gap": -112.78,
    "fast_realized_vol_60s": 5.3e-05
  }
}