{
  "position_id": 8369,
  "market_id": "btc-updown-5m-1782795600",
  "side": "Up",
  "timestamp": "2026-06-30T05:14:53.071464+00:00",
  "actual": {
    "exit_reason": "scalp",
    "exit_price": 0.67,
    "pnl": -3.900599,
    "gain_pct": -0.178354
  },
  "counterfactual": {
    "resolution_price": 1.0,
    "pnl": 5.084775,
    "gain_pct": 0.2325
  },
  "delta_pnl": 8.985374,
  "scalp_was_optimal": false,
  "context_at_scalp": {
    "holding_edge": -0.08108666085696814,
    "model_prob": 0.5689133391430319,
    "market_price": 0.65,
    "seconds_remaining": 172.828123,
    "exit_threshold_used": -0.1,
    "effective_exit_threshold": -0.07958304515501616,
    "loss_cut": false,
    "entry_price": 0.8,
    "fee_rate": 0.07,
    "strike_price": 59387.86137380007,
    "btc_at_scalp": 59392.02,
    "btc_at_expiry": 59410.653559629485,
    "chainlink_price_to_beat": 59388.027270708895,
    "chainlink_final_price": 59410.653559629485,
    "flow_score": -0.041,
    "spot_flow_signal": 0.024573683283287365,
    "regime": "unknown",
    "btc_distance_atr": 0.179,
    "coinbase_cvd_60s": 0.2431,
    "coinbase_taker_60s": 0.541,
    "coinbase_taker_n": 348,
    "cross_venue_gap": -107.98,
    "fast_realized_vol_60s": 3.5e-05
  }
}