{
  "position_id": 8377,
  "market_id": "btc-updown-5m-1782797400",
  "side": "Down",
  "timestamp": "2026-06-30T05:43:57.920891+00:00",
  "actual": {
    "exit_reason": "scalp",
    "exit_price": 0.23,
    "pnl": -9.848779,
    "gain_pct": -0.603479
  },
  "counterfactual": {
    "resolution_price": 1.0,
    "pnl": 14.010092,
    "gain_pct": 0.858462
  },
  "delta_pnl": 23.858872,
  "scalp_was_optimal": false,
  "context_at_scalp": {
    "holding_edge": -0.02106356239764129,
    "model_prob": 0.2289364376023587,
    "market_price": 0.25,
    "seconds_remaining": 86.602135,
    "exit_threshold_used": -0.1,
    "effective_exit_threshold": 0.027630464181816708,
    "loss_cut": true,
    "entry_price": 0.52,
    "fee_rate": 0.07,
    "strike_price": 59289.66906667707,
    "btc_at_scalp": 59304.0,
    "btc_at_expiry": 59285.49313597935,
    "chainlink_price_to_beat": 59289.69640570191,
    "chainlink_final_price": 59285.49313597935,
    "flow_score": 0.2488,
    "spot_flow_signal": -0.11985722171358149,
    "regime": "unknown",
    "btc_distance_atr": 0.601,
    "coinbase_cvd_60s": -1.1627,
    "coinbase_taker_60s": 0.2911,
    "coinbase_taker_n": 362,
    "cross_venue_gap": -98.0,
    "fast_realized_vol_60s": 5.7e-05
  }
}