{
  "position_id": 8400,
  "market_id": "btc-updown-5m-1782802800",
  "side": "Up",
  "timestamp": "2026-06-30T07:14:10.608443+00:00",
  "actual": {
    "exit_reason": "scalp",
    "exit_price": 0.03231924014402345,
    "pnl": -57.081956,
    "gain_pct": -0.961299
  },
  "counterfactual": {
    "resolution_price": 0.0,
    "pnl": -59.38,
    "gain_pct": -1.0
  },
  "delta_pnl": -2.298044,
  "scalp_was_optimal": true,
  "context_at_scalp": {
    "holding_edge": -0.01788568413785476,
    "model_prob": 0.002114315862145239,
    "market_price": 0.02,
    "seconds_remaining": 4.994327,
    "exit_threshold_used": -0.1,
    "effective_exit_threshold": 0.3,
    "loss_cut": true,
    "entry_price": 0.75,
    "fee_rate": 0.07,
    "strike_price": 59496.54660289192,
    "btc_at_scalp": 59481.81,
    "btc_at_expiry": 59489.51707801457,
    "chainlink_price_to_beat": 59496.52611185469,
    "chainlink_final_price": 59489.51707801457,
    "flow_score": 0.4641,
    "spot_flow_signal": -0.09810295651101231,
    "regime": "unknown",
    "btc_distance_atr": -0.642,
    "coinbase_cvd_60s": -1.6414,
    "coinbase_taker_60s": 0.3841,
    "coinbase_taker_n": 412,
    "cross_venue_gap": -100.18,
    "fast_realized_vol_60s": 7.3e-05
  }
}