{
  "position_id": 8419,
  "market_id": "btc-updown-5m-1782806400",
  "side": "Up",
  "timestamp": "2026-06-30T08:15:13.817916+00:00",
  "actual": {
    "exit_reason": "scalp",
    "exit_price": 0.23,
    "pnl": -9.578329,
    "gain_pct": -0.679796
  },
  "counterfactual": {
    "resolution_price": 0.0,
    "pnl": -14.09,
    "gain_pct": -1.0
  },
  "delta_pnl": -4.511671,
  "scalp_was_optimal": true,
  "context_at_scalp": {
    "holding_edge": -0.18479315381127304,
    "model_prob": 0.025206846188726966,
    "market_price": 0.21,
    "seconds_remaining": 89.995133,
    "exit_threshold_used": -0.1,
    "effective_exit_threshold": 0.03327817981245748,
    "loss_cut": true,
    "entry_price": 0.65,
    "fee_rate": 0.07,
    "strike_price": 59433.21270229833,
    "btc_at_scalp": 59407.11,
    "btc_at_expiry": 59431.2708097581,
    "chainlink_price_to_beat": 59432.899398963214,
    "chainlink_final_price": 59431.2708097581,
    "flow_score": -0.1361,
    "spot_flow_signal": -0.2856031735917828,
    "regime": "unknown",
    "btc_distance_atr": -1.334,
    "coinbase_cvd_60s": -3.011,
    "coinbase_taker_60s": 0.1228,
    "coinbase_taker_n": 381,
    "cross_venue_gap": -95.57,
    "fast_realized_vol_60s": 4e-05
  }
}