{
  "position_id": 8424,
  "market_id": "btc-updown-5m-1782807000",
  "side": "Down",
  "timestamp": "2026-06-30T08:19:09.883510+00:00",
  "actual": {
    "exit_reason": "hold",
    "exit_price": 1.0,
    "pnl": 14.475324,
    "gain_pct": 0.326757
  },
  "counterfactual": {
    "exit_reason": "hypothetical_scalp",
    "exit_price": 0.95,
    "pnl": 11.34113,
    "gain_pct": 0.256007
  },
  "delta_pnl": 3.134194,
  "hold_was_optimal": true,
  "context_at_worst_moment": {
    "holding_edge": -0.07122691936438641,
    "model_prob": 0.8787730806356135,
    "market_price": 0.95,
    "seconds_remaining": 54.530466,
    "exit_threshold_used": -0.1,
    "strike_price": 59383.636114083376,
    "btc_at_worst": 59369.49,
    "flow_score": 0.5454,
    "spot_flow_signal": 0.10103419444900263,
    "regime": "unknown",
    "btc_distance_atr": -0.542,
    "worst_at": 1782807245.471044,
    "coinbase_cvd_60s": 1.8738,
    "coinbase_taker_60s": 0.6229,
    "coinbase_taker_n": 445,
    "cross_venue_gap": -77.38,
    "fast_realized_vol_60s": 4e-05
  }
}