{
  "position_id": 8431,
  "market_id": "btc-updown-5m-1782820500",
  "side": "Down",
  "timestamp": "2026-06-30T12:05:01.709708+00:00",
  "actual": {
    "exit_reason": "hold",
    "exit_price": 1.0,
    "pnl": 10.6113,
    "gain_pct": 0.93
  },
  "counterfactual": {
    "exit_reason": "hypothetical_scalp",
    "exit_price": 0.99,
    "pnl": 10.375826,
    "gain_pct": 0.909363
  },
  "delta_pnl": 0.235474,
  "hold_was_optimal": true,
  "context_at_worst_moment": {
    "holding_edge": 0.009159342091716538,
    "model_prob": 0.9991593420917165,
    "market_price": 0.99,
    "seconds_remaining": 10.604621,
    "exit_threshold_used": -0.1,
    "strike_price": 59125.47898344659,
    "btc_at_worst": 59082.45,
    "flow_score": -0.1588,
    "spot_flow_signal": 0.26779556674865657,
    "regime": "unknown",
    "btc_distance_atr": -1.27,
    "worst_at": 1782820789.3969786,
    "coinbase_cvd_60s": 7.5259,
    "coinbase_taker_60s": 0.7503,
    "coinbase_taker_n": 544,
    "cross_venue_gap": -110.26,
    "fast_realized_vol_60s": 7e-05
  }
}