{
  "position_id": 8446,
  "market_id": "btc-updown-5m-1782826200",
  "side": "Down",
  "timestamp": "2026-06-30T13:45:14.277610+00:00",
  "actual": {
    "exit_reason": "scalp",
    "exit_price": 0.18,
    "pnl": -8.99431,
    "gain_pct": -0.647539
  },
  "counterfactual": {
    "resolution_price": 1.0,
    "pnl": 13.444953,
    "gain_pct": 0.967959
  },
  "delta_pnl": 22.439263,
  "scalp_was_optimal": false,
  "context_at_scalp": {
    "holding_edge": -0.08646922656859274,
    "model_prob": 0.09353077343140725,
    "market_price": 0.18,
    "seconds_remaining": 290.877628,
    "exit_threshold_used": -0.1,
    "effective_exit_threshold": -0.04436315145997263,
    "loss_cut": false,
    "entry_price": 0.49,
    "fee_rate": 0.07,
    "strike_price": 58418.42438924902,
    "btc_at_scalp": 58514.28,
    "btc_at_expiry": 58274.556140257955,
    "chainlink_price_to_beat": 58417.05115848225,
    "chainlink_final_price": 58274.556140257955,
    "flow_score": 0.4182,
    "spot_flow_signal": -0.04914756651278381,
    "regime": "unknown",
    "btc_distance_atr": 1.788,
    "coinbase_cvd_60s": -2.3651,
    "coinbase_taker_60s": 0.4137,
    "coinbase_taker_n": 776,
    "cross_venue_gap": -114.85,
    "fast_realized_vol_60s": 0.000169
  }
}