{
  "position_id": 8453,
  "market_id": "btc-updown-5m-1782826800",
  "side": "Up",
  "timestamp": "2026-06-30T13:54:15.008945+00:00",
  "actual": {
    "exit_reason": "scalp",
    "exit_price": 0.83,
    "pnl": 2.603999,
    "gain_pct": 0.10992
  },
  "counterfactual": {
    "resolution_price": 1.0,
    "pnl": 8.148711,
    "gain_pct": 0.343973
  },
  "delta_pnl": 5.544712,
  "scalp_was_optimal": false,
  "context_at_scalp": {
    "holding_edge": -0.11497137913936395,
    "model_prob": 0.705028620860636,
    "market_price": 0.82,
    "seconds_remaining": 215.420549,
    "exit_threshold_used": -0.1,
    "effective_exit_threshold": -0.10662660091197837,
    "loss_cut": false,
    "entry_price": 0.73,
    "fee_rate": 0.07,
    "strike_price": 58270.226687612296,
    "btc_at_scalp": 58340.88,
    "btc_at_expiry": 58477.442699666666,
    "chainlink_price_to_beat": 58259.071481596846,
    "chainlink_final_price": 58477.442699666666,
    "flow_score": -0.2688,
    "spot_flow_signal": -0.15298040575788835,
    "regime": "unknown",
    "btc_distance_atr": 0.632,
    "coinbase_cvd_60s": -6.5764,
    "coinbase_taker_60s": 0.3158,
    "coinbase_taker_n": 1185,
    "cross_venue_gap": -110.61,
    "fast_realized_vol_60s": 0.000216
  }
}