{
  "position_id": 8509,
  "market_id": "btc-updown-5m-1782860100",
  "side": "Up",
  "timestamp": "2026-06-30T23:02:22.311574+00:00",
  "actual": {
    "exit_reason": "hold",
    "exit_price": 1.0,
    "pnl": 7.948365,
    "gain_pct": 0.114944
  },
  "counterfactual": {
    "exit_reason": "hypothetical_scalp",
    "exit_price": 0.99,
    "pnl": 7.123952,
    "gain_pct": 0.103022
  },
  "delta_pnl": 0.824413,
  "hold_was_optimal": true,
  "context_at_worst_moment": {
    "holding_edge": 0.009296076817575938,
    "model_prob": 0.9992960768175759,
    "market_price": 0.99,
    "seconds_remaining": 26.46438,
    "exit_threshold_used": -0.1,
    "strike_price": 58463.78778037726,
    "btc_at_worst": 58511.25,
    "flow_score": 0.7861,
    "spot_flow_signal": -0.08671566932003069,
    "regime": "unknown",
    "btc_distance_atr": 2.75,
    "worst_at": 1782860373.8660424,
    "coinbase_cvd_60s": -0.6462,
    "coinbase_taker_60s": 0.3531,
    "coinbase_taker_n": 1100,
    "cross_venue_gap": -96.75,
    "fast_realized_vol_60s": 3e-05
  }
}