{
  "position_id": 8513,
  "market_id": "btc-updown-5m-1782861000",
  "side": "Down",
  "timestamp": "2026-06-30T23:18:27.857876+00:00",
  "actual": {
    "exit_reason": "hold",
    "exit_price": 1.0,
    "pnl": 8.908488,
    "gain_pct": 0.893529
  },
  "counterfactual": {
    "exit_reason": "hypothetical_scalp",
    "exit_price": 0.99,
    "pnl": 8.706621,
    "gain_pct": 0.873282
  },
  "delta_pnl": 0.201868,
  "hold_was_optimal": true,
  "context_at_worst_moment": {
    "holding_edge": 0.009881124704449684,
    "model_prob": 0.9998811247044497,
    "market_price": 0.99,
    "seconds_remaining": 2.070546,
    "exit_threshold_used": -0.1,
    "strike_price": 58532.69995709945,
    "btc_at_worst": 58511.58,
    "flow_score": -0.726,
    "spot_flow_signal": 0.06579120972677006,
    "regime": "unknown",
    "btc_distance_atr": -1.105,
    "worst_at": 1782861297.929991,
    "coinbase_cvd_60s": 0.377,
    "coinbase_taker_60s": 0.6279,
    "coinbase_taker_n": 349,
    "cross_venue_gap": -98.42,
    "fast_realized_vol_60s": 3.1e-05
  }
}