{
  "position_id": 8523,
  "market_id": "btc-updown-5m-1782864000",
  "side": "Up",
  "timestamp": "2026-07-01T00:09:28.810665+00:00",
  "actual": {
    "exit_reason": "hold",
    "exit_price": 1.0,
    "pnl": 4.024088,
    "gain_pct": 0.151395
  },
  "counterfactual": {
    "exit_reason": "hypothetical_scalp",
    "exit_price": 0.8,
    "pnl": -2.439495,
    "gain_pct": -0.091779
  },
  "delta_pnl": 6.463583,
  "hold_was_optimal": true,
  "context_at_worst_moment": {
    "holding_edge": -0.3053436817133092,
    "model_prob": 0.4946563182866908,
    "market_price": 0.8,
    "seconds_remaining": 121.664648,
    "exit_threshold_used": -0.1,
    "strike_price": 58536.29684856477,
    "btc_at_worst": 58536.04,
    "flow_score": -0.1919,
    "spot_flow_signal": -0.16081930371674516,
    "regime": "unknown",
    "btc_distance_atr": -0.008,
    "worst_at": 1782864178.3359208,
    "coinbase_cvd_60s": -1.8565,
    "coinbase_taker_60s": 0.1989,
    "coinbase_taker_n": 378,
    "cross_venue_gap": -117.97,
    "fast_realized_vol_60s": 6e-05
  }
}