{
  "position_id": 8537,
  "market_id": "btc-updown-5m-1782866700",
  "side": "Up",
  "timestamp": "2026-07-01T00:54:47.937541+00:00",
  "actual": {
    "exit_reason": "hold",
    "exit_price": 1.0,
    "pnl": 7.24093,
    "gain_pct": 0.326757
  },
  "counterfactual": {
    "exit_reason": "hypothetical_scalp",
    "exit_price": 0.6,
    "pnl": -5.013378,
    "gain_pct": -0.226235
  },
  "delta_pnl": 12.254308,
  "hold_was_optimal": true,
  "context_at_worst_moment": {
    "holding_edge": -0.26200637665159177,
    "model_prob": 0.3379936233484082,
    "market_price": 0.6,
    "seconds_remaining": 211.01434,
    "exit_threshold_used": -0.1,
    "strike_price": 58390.02971762063,
    "btc_at_worst": 58378.32,
    "flow_score": -0.197,
    "spot_flow_signal": 0.1695415426130234,
    "regime": "unknown",
    "btc_distance_atr": -0.397,
    "worst_at": 1782866788.9865503,
    "coinbase_cvd_60s": 2.2024,
    "coinbase_taker_60s": 0.7765,
    "coinbase_taker_n": 502,
    "cross_venue_gap": -99.69,
    "fast_realized_vol_60s": 8.1e-05
  }
}