{
  "position_id": 8541,
  "market_id": "btc-updown-5m-1782867900",
  "side": "Down",
  "timestamp": "2026-07-01T01:16:12.022249+00:00",
  "actual": {
    "exit_reason": "hold",
    "exit_price": 1.0,
    "pnl": 16.202777,
    "gain_pct": 1.048723
  },
  "counterfactual": {
    "exit_reason": "hypothetical_scalp",
    "exit_price": 0.99,
    "pnl": 15.864313,
    "gain_pct": 1.026816
  },
  "delta_pnl": 0.338463,
  "hold_was_optimal": true,
  "context_at_worst_moment": {
    "holding_edge": -0.007731392689594663,
    "model_prob": 0.9822686073104053,
    "market_price": 0.99,
    "seconds_remaining": 78.167802,
    "exit_threshold_used": -0.1,
    "strike_price": 58307.25742809676,
    "btc_at_worst": 58205.41,
    "flow_score": -0.7035,
    "spot_flow_signal": -0.028030707450283406,
    "regime": "unknown",
    "btc_distance_atr": -1.996,
    "worst_at": 1782868121.832982,
    "coinbase_cvd_60s": -0.641,
    "coinbase_taker_60s": 0.4553,
    "coinbase_taker_n": 503,
    "cross_venue_gap": -96.85,
    "fast_realized_vol_60s": 8.4e-05
  }
}