{
  "position_id": 8542,
  "market_id": "btc-updown-5m-1782868200",
  "side": "Down",
  "timestamp": "2026-07-01T01:21:45.615990+00:00",
  "actual": {
    "exit_reason": "hold",
    "exit_price": 1.0,
    "pnl": 15.1404,
    "gain_pct": 0.730714
  },
  "counterfactual": {
    "exit_reason": "hypothetical_scalp",
    "exit_price": 0.98,
    "pnl": 14.373992,
    "gain_pct": 0.693725
  },
  "delta_pnl": 0.766408,
  "hold_was_optimal": true,
  "context_at_worst_moment": {
    "holding_edge": -0.09632159365217008,
    "model_prob": 0.8836784063478299,
    "market_price": 0.98,
    "seconds_remaining": 52.128945,
    "exit_threshold_used": -0.1,
    "strike_price": 58202.23443969791,
    "btc_at_worst": 58122.67,
    "flow_score": 0.4901,
    "spot_flow_signal": 0.21877125144824047,
    "regime": "unknown",
    "btc_distance_atr": -0.601,
    "worst_at": 1782868447.872832,
    "coinbase_cvd_60s": 17.8398,
    "coinbase_taker_60s": 0.6556,
    "coinbase_taker_n": 2094,
    "cross_venue_gap": -93.08,
    "fast_realized_vol_60s": 0.000288
  }
}