{
  "position_id": 8560,
  "market_id": "btc-updown-5m-1782873000",
  "side": "Up",
  "timestamp": "2026-07-01T02:38:50.225481+00:00",
  "actual": {
    "exit_reason": "hold",
    "exit_price": 1.0,
    "pnl": 7.461462,
    "gain_pct": 0.500769
  },
  "counterfactual": {
    "exit_reason": "hypothetical_scalp",
    "exit_price": 0.97,
    "pnl": 6.745067,
    "gain_pct": 0.452689
  },
  "delta_pnl": 0.716394,
  "hold_was_optimal": true,
  "context_at_worst_moment": {
    "holding_edge": -0.0849145762906911,
    "model_prob": 0.8850854237093089,
    "market_price": 0.97,
    "seconds_remaining": 14.821836,
    "exit_threshold_used": -0.1,
    "strike_price": 58849.02087420474,
    "btc_at_worst": 58871.13,
    "flow_score": -0.4124,
    "spot_flow_signal": 0.23475097731393585,
    "regime": "unknown",
    "btc_distance_atr": 0.399,
    "worst_at": 1782873285.1819787,
    "coinbase_cvd_60s": 2.9247,
    "coinbase_taker_60s": 0.9,
    "coinbase_taker_n": 503,
    "cross_venue_gap": -100.88,
    "fast_realized_vol_60s": 9.7e-05
  }
}