{
  "position_id": 8561,
  "market_id": "btc-updown-5m-1782873300",
  "side": "Up",
  "timestamp": "2026-07-01T02:44:56.621854+00:00",
  "actual": {
    "exit_reason": "hold",
    "exit_price": 1.0,
    "pnl": 19.050848,
    "gain_pct": 1.091739
  },
  "counterfactual": {
    "exit_reason": "hypothetical_scalp",
    "exit_price": 0.77,
    "pnl": 10.203152,
    "gain_pct": 0.584708
  },
  "delta_pnl": 8.847696,
  "hold_was_optimal": true,
  "context_at_worst_moment": {
    "holding_edge": -0.08586481270429691,
    "model_prob": 0.6841351872957031,
    "market_price": 0.77,
    "seconds_remaining": 154.639179,
    "exit_threshold_used": -0.1,
    "strike_price": 58896.9617010447,
    "btc_at_worst": 58920.45,
    "flow_score": -0.391,
    "spot_flow_signal": -0.07601974750335494,
    "regime": "unknown",
    "btc_distance_atr": 0.479,
    "worst_at": 1782873445.3627067,
    "coinbase_cvd_60s": -1.1464,
    "coinbase_taker_60s": 0.3936,
    "coinbase_taker_n": 530,
    "cross_venue_gap": -98.35,
    "fast_realized_vol_60s": 7.7e-05
  }
}