{
  "position_id": 8580,
  "market_id": "btc-updown-5m-1782885000",
  "side": "Down",
  "timestamp": "2026-07-01T06:01:32.817386+00:00",
  "actual": {
    "exit_reason": "scalp",
    "exit_price": 0.26,
    "pnl": -8.330983,
    "gain_pct": -0.527946
  },
  "counterfactual": {
    "resolution_price": 1.0,
    "pnl": 13.014034,
    "gain_pct": 0.824717
  },
  "delta_pnl": 21.345017,
  "scalp_was_optimal": false,
  "context_at_scalp": {
    "holding_edge": -0.06563861876991395,
    "model_prob": 0.19436138123008606,
    "market_price": 0.26,
    "seconds_remaining": 261.749822,
    "exit_threshold_used": -0.1,
    "effective_exit_threshold": -0.052300350865414916,
    "loss_cut": false,
    "entry_price": 0.53,
    "fee_rate": 0.07,
    "strike_price": 59062.1413330819,
    "btc_at_scalp": 59089.76,
    "btc_at_expiry": 59054.2210246806,
    "chainlink_price_to_beat": 59063.79667172854,
    "chainlink_final_price": 59054.2210246806,
    "flow_score": 0.1129,
    "spot_flow_signal": 0.14397138279257027,
    "regime": "unknown",
    "btc_distance_atr": 1.174,
    "coinbase_cvd_60s": 2.0622,
    "coinbase_taker_60s": 0.7203,
    "coinbase_taker_n": 296,
    "cross_venue_gap": -89.56,
    "fast_realized_vol_60s": 6.9e-05
  }
}