{
  "position_id": 8587,
  "market_id": "btc-updown-5m-1782886800",
  "side": "Down",
  "timestamp": "2026-07-01T06:31:21.943612+00:00",
  "actual": {
    "exit_reason": "hold",
    "exit_price": 1.0,
    "pnl": 17.2608,
    "gain_pct": 0.93
  },
  "counterfactual": {
    "exit_reason": "hypothetical_scalp",
    "exit_price": 0.99,
    "pnl": 16.877768,
    "gain_pct": 0.909363
  },
  "delta_pnl": 0.383032,
  "hold_was_optimal": true,
  "context_at_worst_moment": {
    "holding_edge": -0.009282843389556428,
    "model_prob": 0.9807171566104436,
    "market_price": 0.99,
    "seconds_remaining": 155.900231,
    "exit_threshold_used": -0.1,
    "strike_price": 58782.1142,
    "btc_at_worst": 58657.02,
    "flow_score": -0.5984,
    "spot_flow_signal": -0.2654036371558903,
    "regime": "unknown",
    "btc_distance_atr": -2.631,
    "worst_at": 1782886944.1003966,
    "coinbase_cvd_60s": -8.5581,
    "coinbase_taker_60s": 0.1709,
    "coinbase_taker_n": 670,
    "cross_venue_gap": -86.97,
    "fast_realized_vol_60s": 0.00014
  }
}