{
  "position_id": 8595,
  "market_id": "btc-updown-5m-1782888900",
  "side": "Down",
  "timestamp": "2026-07-01T07:05:42.673991+00:00",
  "actual": {
    "exit_reason": "scalp",
    "exit_price": 0.28,
    "pnl": -14.145132,
    "gain_pct": -0.515493
  },
  "counterfactual": {
    "resolution_price": 0.0,
    "pnl": -27.44,
    "gain_pct": -1.0
  },
  "delta_pnl": -13.294868,
  "scalp_was_optimal": true,
  "context_at_scalp": {
    "holding_edge": -0.08940783788293816,
    "model_prob": 0.19059216211706187,
    "market_price": 0.28,
    "seconds_remaining": 155.144955,
    "exit_threshold_used": -0.1,
    "effective_exit_threshold": -0.0452691216164133,
    "loss_cut": false,
    "entry_price": 0.52,
    "fee_rate": 0.07,
    "strike_price": 58649.15764541681,
    "btc_at_scalp": 58673.78,
    "btc_at_expiry": 58667.91899539374,
    "chainlink_price_to_beat": 58648.28380968897,
    "chainlink_final_price": 58667.91899539374,
    "flow_score": 0.0797,
    "spot_flow_signal": 0.29263200509736087,
    "regime": "unknown",
    "btc_distance_atr": 0.903,
    "coinbase_cvd_60s": 4.3629,
    "coinbase_taker_60s": 0.8404,
    "coinbase_taker_n": 384,
    "cross_venue_gap": -85.28,
    "fast_realized_vol_60s": 5.8e-05
  }
}