{
  "position_id": 8604,
  "market_id": "btc-updown-5m-1782890700",
  "side": "Down",
  "timestamp": "2026-07-01T07:34:28.253856+00:00",
  "actual": {
    "exit_reason": "hold",
    "exit_price": 1.0,
    "pnl": 11.486215,
    "gain_pct": 0.858462
  },
  "counterfactual": {
    "exit_reason": "hypothetical_scalp",
    "exit_price": 0.46,
    "pnl": -2.373915,
    "gain_pct": -0.177423
  },
  "delta_pnl": 13.86013,
  "hold_was_optimal": true,
  "context_at_worst_moment": {
    "holding_edge": -0.025038403657453412,
    "model_prob": 0.4349615963425466,
    "market_price": 0.46,
    "seconds_remaining": 239.257626,
    "exit_threshold_used": -0.1,
    "strike_price": 58721.15383451857,
    "btc_at_worst": 58729.22,
    "flow_score": 0.3198,
    "spot_flow_signal": -0.06205319588795537,
    "regime": "unknown",
    "btc_distance_atr": 0.198,
    "worst_at": 1782890760.74311,
    "coinbase_cvd_60s": -0.3824,
    "coinbase_taker_60s": 0.3679,
    "coinbase_taker_n": 298,
    "cross_venue_gap": -87.89,
    "fast_realized_vol_60s": 5.8e-05
  }
}