{
  "position_id": 8635,
  "market_id": "btc-updown-5m-1782898800",
  "side": "Up",
  "timestamp": "2026-07-01T09:50:48.630538+00:00",
  "actual": {
    "exit_reason": "hold",
    "exit_price": 1.0,
    "pnl": 7.508335,
    "gain_pct": 0.417826
  },
  "counterfactual": {
    "exit_reason": "hypothetical_scalp",
    "exit_price": 0.87,
    "pnl": 3.994439,
    "gain_pct": 0.222284
  },
  "delta_pnl": 3.513895,
  "hold_was_optimal": true,
  "context_at_worst_moment": {
    "holding_edge": -0.08992817284849386,
    "model_prob": 0.7800718271515061,
    "market_price": 0.87,
    "seconds_remaining": 74.362432,
    "exit_threshold_used": -0.1,
    "strike_price": 58790.335333648414,
    "btc_at_worst": 58804.2,
    "flow_score": 0.0489,
    "spot_flow_signal": 0.06278674239269076,
    "regime": "unknown",
    "btc_distance_atr": 0.669,
    "worst_at": 1782899025.6380885,
    "coinbase_cvd_60s": 0.5218,
    "coinbase_taker_60s": 0.5958,
    "coinbase_taker_n": 266,
    "cross_venue_gap": -81.75,
    "fast_realized_vol_60s": 4.9e-05
  }
}