{
  "position_id": 8637,
  "market_id": "btc-updown-5m-1782899100",
  "side": "Down",
  "timestamp": "2026-07-01T09:58:47.766842+00:00",
  "actual": {
    "exit_reason": "scalp",
    "exit_price": 0.3043853647012537,
    "pnl": -11.549811,
    "gain_pct": -0.567558
  },
  "counterfactual": {
    "resolution_price": 0.0,
    "pnl": -20.35,
    "gain_pct": -1.0
  },
  "delta_pnl": -8.800189,
  "scalp_was_optimal": true,
  "context_at_scalp": {
    "holding_edge": -0.2317275872320244,
    "model_prob": 0.0982724127679756,
    "market_price": 0.33,
    "seconds_remaining": 33.982418,
    "exit_threshold_used": -0.1,
    "effective_exit_threshold": -0.03654918376280288,
    "loss_cut": true,
    "entry_price": 0.64,
    "fee_rate": 0.07,
    "strike_price": 58809.42182207632,
    "btc_at_scalp": 58829.39,
    "btc_at_expiry": 58828.53120829951,
    "chainlink_price_to_beat": 58809.41336575743,
    "chainlink_final_price": 58828.53120829951,
    "flow_score": 0.1136,
    "spot_flow_signal": 0.25266148315503795,
    "regime": "unknown",
    "btc_distance_atr": 0.615,
    "coinbase_cvd_60s": 5.7646,
    "coinbase_taker_60s": 0.7071,
    "coinbase_taker_n": 520,
    "cross_venue_gap": -78.58,
    "fast_realized_vol_60s": 0.000102
  }
}