{
  "position_id": 8650,
  "market_id": "btc-updown-5m-1782901800",
  "side": "Down",
  "timestamp": "2026-07-01T10:41:25.244339+00:00",
  "actual": {
    "exit_reason": "hold",
    "exit_price": 1.0,
    "pnl": 15.066,
    "gain_pct": 0.93
  },
  "counterfactual": {
    "exit_reason": "hypothetical_scalp",
    "exit_price": 0.42,
    "pnl": -3.601428,
    "gain_pct": -0.22231
  },
  "delta_pnl": 18.667428,
  "hold_was_optimal": true,
  "context_at_worst_moment": {
    "holding_edge": -0.05091498750209916,
    "model_prob": 0.3690850124979008,
    "market_price": 0.42,
    "seconds_remaining": 72.397911,
    "exit_threshold_used": -0.1,
    "strike_price": 58669.55419754805,
    "btc_at_worst": 58674.0,
    "flow_score": 0.6086,
    "spot_flow_signal": -0.038422912749524335,
    "regime": "unknown",
    "btc_distance_atr": 0.199,
    "worst_at": 1782902027.6027925,
    "coinbase_cvd_60s": -0.0844,
    "coinbase_taker_60s": 0.4122,
    "coinbase_taker_n": 120,
    "cross_venue_gap": -80.0,
    "fast_realized_vol_60s": 3.5e-05
  }
}