{
  "position_id": 8658,
  "market_id": "btc-updown-5m-1782903900",
  "side": "Down",
  "timestamp": "2026-07-01T11:12:29.553837+00:00",
  "actual": {
    "exit_reason": "hold",
    "exit_price": 0.0,
    "pnl": -18.87,
    "gain_pct": -1.0
  },
  "counterfactual": {
    "exit_reason": "hypothetical_scalp",
    "exit_price": 0.38,
    "pnl": -5.370989,
    "gain_pct": -0.284631
  },
  "delta_pnl": -13.499011,
  "hold_was_optimal": false,
  "context_at_worst_moment": {
    "holding_edge": 0.0064413509232260635,
    "model_prob": 0.38644135092322607,
    "market_price": 0.38,
    "seconds_remaining": 48.211319,
    "exit_threshold_used": -0.1,
    "strike_price": 58581.68519668411,
    "btc_at_worst": 58586.78,
    "flow_score": 0.2728,
    "spot_flow_signal": -0.09116340806777534,
    "regime": "unknown",
    "btc_distance_atr": 0.165,
    "worst_at": 1782904151.7894404,
    "coinbase_cvd_60s": -0.4202,
    "coinbase_taker_60s": 0.2998,
    "coinbase_taker_n": 336,
    "cross_venue_gap": -72.87,
    "fast_realized_vol_60s": 4.9e-05
  }
}