{
  "position_id": 8663,
  "market_id": "btc-updown-5m-1782905100",
  "side": "Up",
  "timestamp": "2026-07-01T11:39:06.383969+00:00",
  "actual": {
    "exit_reason": "scalp",
    "exit_price": 0.4,
    "pnl": -14.874515,
    "gain_pct": -0.501501
  },
  "counterfactual": {
    "resolution_price": 0.0,
    "pnl": -29.66,
    "gain_pct": -1.0
  },
  "delta_pnl": -14.785485,
  "scalp_was_optimal": true,
  "context_at_scalp": {
    "holding_edge": -0.19107246557672752,
    "model_prob": 0.2089275344232725,
    "market_price": 0.4,
    "seconds_remaining": 89.998942,
    "exit_threshold_used": -0.1,
    "effective_exit_threshold": -0.05109265483258284,
    "loss_cut": true,
    "entry_price": 0.74,
    "fee_rate": 0.07,
    "strike_price": 58640.51072907696,
    "btc_at_scalp": 58627.81,
    "btc_at_expiry": 58623.50182533956,
    "chainlink_price_to_beat": 58640.4745122809,
    "chainlink_final_price": 58623.50182533956,
    "flow_score": -0.3362,
    "spot_flow_signal": -0.12243169964911317,
    "regime": "unknown",
    "btc_distance_atr": -0.577,
    "coinbase_cvd_60s": -0.301,
    "coinbase_taker_60s": 0.2233,
    "coinbase_taker_n": 1988,
    "cross_venue_gap": -80.21,
    "fast_realized_vol_60s": 1.5e-05
  }
}