{
  "position_id": 8678,
  "market_id": "btc-updown-5m-1782907200",
  "side": "Down",
  "timestamp": "2026-07-01T12:09:45.217202+00:00",
  "actual": {
    "exit_reason": "hold",
    "exit_price": 1.0,
    "pnl": 21.233309,
    "gain_pct": 0.479091
  },
  "counterfactual": {
    "exit_reason": "hypothetical_scalp",
    "exit_price": 0.65,
    "pnl": -2.754286,
    "gain_pct": -0.062145
  },
  "delta_pnl": 23.987595,
  "hold_was_optimal": true,
  "context_at_worst_moment": {
    "holding_edge": -0.0003475633493207342,
    "model_prob": 0.6496524366506793,
    "market_price": 0.65,
    "seconds_remaining": 162.782571,
    "exit_threshold_used": -0.1,
    "strike_price": 58544.27188469093,
    "btc_at_worst": 58535.0,
    "flow_score": 0.1476,
    "spot_flow_signal": -0.10044334381853616,
    "regime": "unknown",
    "btc_distance_atr": -0.369,
    "worst_at": 1782907337.2184026,
    "coinbase_cvd_60s": -0.9298,
    "coinbase_taker_60s": 0.3227,
    "coinbase_taker_n": 2065,
    "cross_venue_gap": -75.0,
    "fast_realized_vol_60s": 6.8e-05
  }
}