{
  "position_id": 8702,
  "market_id": "btc-updown-5m-1782913500",
  "side": "Down",
  "timestamp": "2026-07-01T13:59:46.803937+00:00",
  "actual": {
    "exit_reason": "scalp",
    "exit_price": 0.3,
    "pnl": -15.892605,
    "gain_pct": -0.564769
  },
  "counterfactual": {
    "resolution_price": 0.0,
    "pnl": -28.14,
    "gain_pct": -1.0
  },
  "delta_pnl": -12.247395,
  "scalp_was_optimal": true,
  "context_at_scalp": {
    "holding_edge": -0.0984293777160376,
    "model_prob": 0.19157062228396238,
    "market_price": 0.29,
    "seconds_remaining": 232.347453,
    "exit_threshold_used": -0.1,
    "effective_exit_threshold": -0.05331357898143897,
    "loss_cut": false,
    "entry_price": 0.67,
    "fee_rate": 0.07,
    "strike_price": 58951.86466204342,
    "btc_at_scalp": 59043.61,
    "btc_at_expiry": 59255.49663866516,
    "chainlink_price_to_beat": 58947.649657058195,
    "chainlink_final_price": 59255.49663866516,
    "flow_score": 0.0264,
    "spot_flow_signal": 0.19421562752100938,
    "regime": "unknown",
    "btc_distance_atr": 0.963,
    "coinbase_cvd_60s": 9.7534,
    "coinbase_taker_60s": 0.7211,
    "coinbase_taker_n": 2895,
    "cross_venue_gap": -72.99,
    "fast_realized_vol_60s": 0.000176
  }
}