{
  "position_id": 8710,
  "market_id": "btc-updown-5m-1782915300",
  "side": "Down",
  "timestamp": "2026-07-01T14:29:22.156769+00:00",
  "actual": {
    "exit_reason": "scalp",
    "exit_price": 0.3,
    "pnl": -9.910826,
    "gain_pct": -0.400761
  },
  "counterfactual": {
    "resolution_price": 0.0,
    "pnl": -24.73,
    "gain_pct": -1.0
  },
  "delta_pnl": -14.819174,
  "scalp_was_optimal": true,
  "context_at_scalp": {
    "holding_edge": -0.09270985445332602,
    "model_prob": 0.187290145546674,
    "market_price": 0.28,
    "seconds_remaining": 118.283939,
    "exit_threshold_used": -0.1,
    "effective_exit_threshold": -0.03848566595783147,
    "loss_cut": false,
    "entry_price": 0.48,
    "fee_rate": 0.07,
    "strike_price": 59909.710315,
    "btc_at_scalp": 59991.82,
    "btc_at_expiry": 59957.63385684591,
    "chainlink_price_to_beat": 59907.043124508906,
    "chainlink_final_price": 59957.63385684591,
    "flow_score": -0.4039,
    "spot_flow_signal": 0.0704970871966496,
    "regime": "unknown",
    "btc_distance_atr": 0.76,
    "coinbase_cvd_60s": 28.5402,
    "coinbase_taker_60s": 0.7298,
    "coinbase_taker_n": 3527,
    "cross_venue_gap": -68.83,
    "fast_realized_vol_60s": 0.000189
  }
}