{
  "position_id": 8719,
  "market_id": "btc-updown-5m-1782918300",
  "side": "Up",
  "timestamp": "2026-07-01T15:13:21.760018+00:00",
  "actual": {
    "exit_reason": "hold",
    "exit_price": 1.0,
    "pnl": 8.317687,
    "gain_pct": 0.523125
  },
  "counterfactual": {
    "exit_reason": "hypothetical_scalp",
    "exit_price": 0.83,
    "pnl": 3.961483,
    "gain_pct": 0.24915
  },
  "delta_pnl": 4.356205,
  "hold_was_optimal": true,
  "context_at_worst_moment": {
    "holding_edge": -0.0932634413588066,
    "model_prob": 0.7367365586411934,
    "market_price": 0.83,
    "seconds_remaining": 24.651,
    "exit_threshold_used": -0.1,
    "strike_price": 59697.842637210735,
    "btc_at_worst": 59723.8,
    "flow_score": -0.155,
    "spot_flow_signal": -0.2251330109545605,
    "regime": "unknown",
    "btc_distance_atr": 0.274,
    "worst_at": 1782918575.350616,
    "coinbase_cvd_60s": -6.8873,
    "coinbase_taker_60s": 0.2612,
    "coinbase_taker_n": 1163,
    "cross_venue_gap": -64.54,
    "fast_realized_vol_60s": 0.000119
  }
}