{
  "position_id": 8721,
  "market_id": "btc-updown-5m-1782919800",
  "side": "Up",
  "timestamp": "2026-07-01T15:40:16.422960+00:00",
  "actual": {
    "exit_reason": "hold",
    "exit_price": 0.0,
    "pnl": -27.66,
    "gain_pct": -1.0
  },
  "counterfactual": {
    "exit_reason": "hypothetical_scalp",
    "exit_price": 0.61,
    "pnl": 4.015118,
    "gain_pct": 0.14516
  },
  "delta_pnl": -31.675118,
  "hold_was_optimal": false,
  "context_at_worst_moment": {
    "holding_edge": -0.07335196626210161,
    "model_prob": 0.5366480337378984,
    "market_price": 0.61,
    "seconds_remaining": 168.943424,
    "exit_threshold_used": -0.1,
    "strike_price": 60249.1177187264,
    "btc_at_worst": 60258.95,
    "flow_score": -0.5183,
    "spot_flow_signal": 0.09801360967987256,
    "regime": "unknown",
    "btc_distance_atr": 0.117,
    "worst_at": 1782919931.0574028,
    "coinbase_cvd_60s": 2.6277,
    "coinbase_taker_60s": 0.5919,
    "coinbase_taker_n": 847,
    "cross_venue_gap": -61.06,
    "fast_realized_vol_60s": 0.00017
  }
}