{
  "position_id": 8734,
  "market_id": "btc-updown-5m-1782923100",
  "side": "Up",
  "timestamp": "2026-07-01T16:32:58.362376+00:00",
  "actual": {
    "exit_reason": "hold",
    "exit_price": 1.0,
    "pnl": 11.904315,
    "gain_pct": 0.646271
  },
  "counterfactual": {
    "exit_reason": "hypothetical_scalp",
    "exit_price": 0.91,
    "pnl": 9.001278,
    "gain_pct": 0.488669
  },
  "delta_pnl": 2.903038,
  "hold_was_optimal": true,
  "context_at_worst_moment": {
    "holding_edge": -0.10716817206246798,
    "model_prob": 0.802831827937532,
    "market_price": 0.91,
    "seconds_remaining": 213.796276,
    "exit_threshold_used": -0.1,
    "strike_price": 59938.49364110239,
    "btc_at_worst": 59993.75,
    "flow_score": -0.534,
    "spot_flow_signal": 0.12617680741072615,
    "regime": "unknown",
    "btc_distance_atr": 1.136,
    "worst_at": 1782923186.205974,
    "coinbase_cvd_60s": 2.1185,
    "coinbase_taker_60s": 0.595,
    "coinbase_taker_n": 820,
    "cross_venue_gap": -66.61,
    "fast_realized_vol_60s": 0.000132
  }
}