{
  "position_id": 8738,
  "market_id": "btc-updown-5m-1782925200",
  "side": "Down",
  "timestamp": "2026-07-01T17:08:15.313235+00:00",
  "actual": {
    "exit_reason": "hold",
    "exit_price": 1.0,
    "pnl": 16.134467,
    "gain_pct": 0.54619
  },
  "counterfactual": {
    "exit_reason": "hypothetical_scalp",
    "exit_price": 0.99,
    "pnl": 15.64607,
    "gain_pct": 0.529657
  },
  "delta_pnl": 0.488397,
  "hold_was_optimal": true,
  "context_at_worst_moment": {
    "holding_edge": 0.006059624008512454,
    "model_prob": 0.9960596240085124,
    "market_price": 0.99,
    "seconds_remaining": 80.479983,
    "exit_threshold_used": -0.1,
    "strike_price": 59859.13107799238,
    "btc_at_worst": 59749.88,
    "flow_score": -0.6699,
    "spot_flow_signal": -0.17537418850291875,
    "regime": "unknown",
    "btc_distance_atr": -3.044,
    "worst_at": 1782925419.520821,
    "coinbase_cvd_60s": -2.3703,
    "coinbase_taker_60s": 0.375,
    "coinbase_taker_n": 818,
    "cross_venue_gap": -68.65,
    "fast_realized_vol_60s": 6.4e-05
  }
}