{
  "position_id": 8740,
  "market_id": "btc-updown-5m-1782925800",
  "side": "Down",
  "timestamp": "2026-07-01T17:20:38.195981+00:00",
  "actual": {
    "exit_reason": "scalp",
    "exit_price": 0.26,
    "pnl": -11.275618,
    "gain_pct": -0.544453
  },
  "counterfactual": {
    "resolution_price": 0.0,
    "pnl": -20.71,
    "gain_pct": -1.0
  },
  "delta_pnl": -9.434382,
  "scalp_was_optimal": true,
  "context_at_scalp": {
    "holding_edge": -0.05038168985347047,
    "model_prob": 0.19961831014652953,
    "market_price": 0.25,
    "seconds_remaining": 115.232324,
    "exit_threshold_used": -0.1,
    "effective_exit_threshold": -0.02940780506542507,
    "loss_cut": false,
    "entry_price": 0.55,
    "fee_rate": 0.07,
    "strike_price": 59807.753677265595,
    "btc_at_scalp": 59836.05,
    "btc_at_expiry": 59838.31125529679,
    "chainlink_price_to_beat": 59807.45793328969,
    "chainlink_final_price": 59838.31125529679,
    "flow_score": -0.3118,
    "spot_flow_signal": -0.07642470782358299,
    "regime": "unknown",
    "btc_distance_atr": 0.854,
    "coinbase_cvd_60s": -0.982,
    "coinbase_taker_60s": 0.4219,
    "coinbase_taker_n": 547,
    "cross_venue_gap": -63.94,
    "fast_realized_vol_60s": 6.8e-05
  }
}