{
  "position_id": 8761,
  "market_id": "btc-updown-5m-1782930600",
  "side": "Down",
  "timestamp": "2026-07-01T18:41:28.317047+00:00",
  "actual": {
    "exit_reason": "scalp",
    "exit_price": 0.38,
    "pnl": -53.722929,
    "gain_pct": -0.559847
  },
  "counterfactual": {
    "resolution_price": 0.0,
    "pnl": -95.96,
    "gain_pct": -1.0
  },
  "delta_pnl": -42.237071,
  "scalp_was_optimal": true,
  "context_at_scalp": {
    "holding_edge": -0.08553009903283149,
    "model_prob": 0.2744699009671685,
    "market_price": 0.36,
    "seconds_remaining": 182.336877,
    "exit_threshold_used": -0.1,
    "effective_exit_threshold": -0.06493921994787674,
    "loss_cut": false,
    "entry_price": 0.85,
    "fee_rate": 0.07,
    "strike_price": 60082.269807149736,
    "btc_at_scalp": 60101.62,
    "btc_at_expiry": 60128.39163541622,
    "chainlink_price_to_beat": 60083.78463704211,
    "chainlink_final_price": 60128.39163541622,
    "flow_score": 0.2352,
    "spot_flow_signal": 0.2852936915842152,
    "regime": "unknown",
    "btc_distance_atr": 0.575,
    "coinbase_cvd_60s": 3.4004,
    "coinbase_taker_60s": 0.8632,
    "coinbase_taker_n": 625,
    "cross_venue_gap": -64.38,
    "fast_realized_vol_60s": 0.000113
  }
}