{
  "position_id": 8762,
  "market_id": "btc-updown-5m-1782930600",
  "side": "Up",
  "timestamp": "2026-07-01T18:41:18.198382+00:00",
  "actual": {
    "exit_reason": "hold",
    "exit_price": 1.0,
    "pnl": 11.5506,
    "gain_pct": 0.523125
  },
  "counterfactual": {
    "exit_reason": "hypothetical_scalp",
    "exit_price": 0.62,
    "pnl": -1.783664,
    "gain_pct": -0.080782
  },
  "delta_pnl": 13.334264,
  "hold_was_optimal": true,
  "context_at_worst_moment": {
    "holding_edge": -0.20836718284171374,
    "model_prob": 0.41163281715828626,
    "market_price": 0.62,
    "seconds_remaining": 112.03179,
    "exit_threshold_used": -0.1,
    "strike_price": 60082.269807149736,
    "btc_at_worst": 60076.86,
    "flow_score": -0.336,
    "spot_flow_signal": -0.250127085909183,
    "regime": "unknown",
    "btc_distance_atr": -0.162,
    "worst_at": 1782930787.970362,
    "coinbase_cvd_60s": -2.7758,
    "coinbase_taker_60s": 0.1594,
    "coinbase_taker_n": 599,
    "cross_venue_gap": -69.15,
    "fast_realized_vol_60s": 6.6e-05
  }
}