{
  "position_id": 8770,
  "market_id": "btc-updown-5m-1782932400",
  "side": "Up",
  "timestamp": "2026-07-01T19:07:07.936860+00:00",
  "actual": {
    "exit_reason": "hold",
    "exit_price": 1.0,
    "pnl": 10.048376,
    "gain_pct": 0.437647
  },
  "counterfactual": {
    "exit_reason": "hypothetical_scalp",
    "exit_price": 0.99,
    "pnl": 9.695418,
    "gain_pct": 0.422274
  },
  "delta_pnl": 0.352959,
  "hold_was_optimal": true,
  "context_at_worst_moment": {
    "holding_edge": -0.004693837214602703,
    "model_prob": 0.9853061627853973,
    "market_price": 0.99,
    "seconds_remaining": 78.913631,
    "exit_threshold_used": -0.1,
    "strike_price": 60113.70345094612,
    "btc_at_worst": 60183.58,
    "flow_score": 0.4783,
    "spot_flow_signal": 0.0007887720068908224,
    "regime": "unknown",
    "btc_distance_atr": 1.782,
    "worst_at": 1782932621.0891058,
    "coinbase_cvd_60s": 0.014,
    "coinbase_taker_60s": 0.5009,
    "coinbase_taker_n": 2404,
    "cross_venue_gap": -67.22,
    "fast_realized_vol_60s": 7.2e-05
  }
}