{
  "position_id": 8819,
  "market_id": "btc-updown-5m-1782947700",
  "side": "Up",
  "timestamp": "2026-07-01T23:22:34.299969+00:00",
  "actual": {
    "exit_reason": "hold",
    "exit_price": 1.0,
    "pnl": 18.398388,
    "gain_pct": 0.744271
  },
  "counterfactual": {
    "exit_reason": "hypothetical_scalp",
    "exit_price": 0.91,
    "pnl": 14.270536,
    "gain_pct": 0.577287
  },
  "delta_pnl": 4.127853,
  "hold_was_optimal": true,
  "context_at_worst_moment": {
    "holding_edge": -0.04165766663316817,
    "model_prob": 0.8683423333668319,
    "market_price": 0.91,
    "seconds_remaining": 61.188666,
    "exit_threshold_used": -0.1,
    "strike_price": 60178.42126882234,
    "btc_at_worst": 60193.98,
    "flow_score": 0.091,
    "spot_flow_signal": -0.2822930085142158,
    "regime": "unknown",
    "btc_distance_atr": 0.575,
    "worst_at": 1782947938.8128014,
    "coinbase_cvd_60s": -3.0518,
    "coinbase_taker_60s": 0.1005,
    "coinbase_taker_n": 399,
    "cross_venue_gap": -79.53,
    "fast_realized_vol_60s": 3.2e-05
  }
}