{
  "position_id": 8820,
  "market_id": "btc-updown-5m-1782948000",
  "side": "Up",
  "timestamp": "2026-07-01T23:31:07.400277+00:00",
  "actual": {
    "exit_reason": "scalp",
    "exit_price": 0.36272921017242915,
    "pnl": -7.761744,
    "gain_pct": -0.39102
  },
  "counterfactual": {
    "resolution_price": 0.0,
    "pnl": -19.85,
    "gain_pct": -1.0
  },
  "delta_pnl": -12.088256,
  "scalp_was_optimal": true,
  "context_at_scalp": {
    "holding_edge": -0.09334313791633131,
    "model_prob": 0.2766568620836687,
    "market_price": 0.37,
    "seconds_remaining": 258.98117,
    "exit_threshold_used": -0.1,
    "effective_exit_threshold": -0.07448933553273698,
    "loss_cut": false,
    "entry_price": 0.54,
    "fee_rate": 0.07,
    "strike_price": 60255.44769892223,
    "btc_at_scalp": 60233.4,
    "btc_at_expiry": 60149.171735577154,
    "chainlink_price_to_beat": 60259.16601,
    "chainlink_final_price": 60149.171735577154,
    "flow_score": -0.497,
    "spot_flow_signal": -0.23130774814132665,
    "regime": "unknown",
    "btc_distance_atr": -0.611,
    "coinbase_cvd_60s": -2.905,
    "coinbase_taker_60s": 0.1398,
    "coinbase_taker_n": 480,
    "cross_venue_gap": -75.54,
    "fast_realized_vol_60s": 5.9e-05
  }
}