{
  "position_id": 8836,
  "market_id": "btc-updown-5m-1782950400",
  "side": "Down",
  "timestamp": "2026-07-02T00:10:44.192610+00:00",
  "actual": {
    "exit_reason": "hold",
    "exit_price": 1.0,
    "pnl": 20.8971,
    "gain_pct": 0.93
  },
  "counterfactual": {
    "exit_reason": "hypothetical_scalp",
    "exit_price": 0.52,
    "pnl": -0.676818,
    "gain_pct": -0.030121
  },
  "delta_pnl": 21.573918,
  "hold_was_optimal": true,
  "context_at_worst_moment": {
    "holding_edge": -0.07048120259965185,
    "model_prob": 0.44951879740034817,
    "market_price": 0.52,
    "seconds_remaining": 271.351145,
    "exit_threshold_used": -0.1,
    "strike_price": 59957.03035738052,
    "btc_at_worst": 59962.07,
    "flow_score": 0.6474,
    "spot_flow_signal": 0.08529555799391894,
    "regime": "unknown",
    "btc_distance_atr": 0.163,
    "worst_at": 1782950428.6493134,
    "coinbase_cvd_60s": 1.0108,
    "coinbase_taker_60s": 0.6234,
    "coinbase_taker_n": 498,
    "cross_venue_gap": -64.11,
    "fast_realized_vol_60s": 5.6e-05
  }
}