{
  "position_id": 8839,
  "market_id": "btc-updown-5m-1782951000",
  "side": "Down",
  "timestamp": "2026-07-02T00:20:46.367788+00:00",
  "actual": {
    "exit_reason": "scalp",
    "exit_price": 0.29999999999999993,
    "pnl": -7.144188,
    "gain_pct": -0.48012
  },
  "counterfactual": {
    "resolution_price": 1.0,
    "pnl": 12.773908,
    "gain_pct": 0.858462
  },
  "delta_pnl": 19.918096,
  "scalp_was_optimal": false,
  "context_at_scalp": {
    "holding_edge": -0.03603176041185269,
    "model_prob": 0.2639682395881473,
    "market_price": 0.3,
    "seconds_remaining": 109.977588,
    "exit_threshold_used": -0.1,
    "effective_exit_threshold": -0.026960370101610953,
    "loss_cut": false,
    "entry_price": 0.52,
    "fee_rate": 0.07,
    "strike_price": 59887.19904410632,
    "btc_at_scalp": 59903.36,
    "btc_at_expiry": 59884.201283847586,
    "chainlink_price_to_beat": 59888.346360092415,
    "chainlink_final_price": 59884.201283847586,
    "flow_score": -0.4366,
    "spot_flow_signal": 0.05497512373661263,
    "regime": "unknown",
    "btc_distance_atr": 0.511,
    "coinbase_cvd_60s": 0.4333,
    "coinbase_taker_60s": 0.5983,
    "coinbase_taker_n": 443,
    "cross_venue_gap": -72.62,
    "fast_realized_vol_60s": 4.4e-05
  }
}