{
  "position_id": 8843,
  "market_id": "btc-updown-5m-1782951900",
  "side": "Down",
  "timestamp": "2026-07-02T00:35:51.631155+00:00",
  "actual": {
    "exit_reason": "hold",
    "exit_price": 1.0,
    "pnl": 13.9128,
    "gain_pct": 0.730714
  },
  "counterfactual": {
    "exit_reason": "hypothetical_scalp",
    "exit_price": 0.55,
    "pnl": -1.486867,
    "gain_pct": -0.078092
  },
  "delta_pnl": 15.399667,
  "hold_was_optimal": true,
  "context_at_worst_moment": {
    "holding_edge": -0.007650685571541804,
    "model_prob": 0.5423493144284582,
    "market_price": 0.55,
    "seconds_remaining": 274.000641,
    "exit_threshold_used": -0.1,
    "strike_price": 59788.82875058327,
    "btc_at_worst": 59783.38,
    "flow_score": 0.5029,
    "spot_flow_signal": -0.013065947270344073,
    "regime": "unknown",
    "btc_distance_atr": -0.138,
    "worst_at": 1782951926.00002,
    "coinbase_cvd_60s": -0.1405,
    "coinbase_taker_60s": 0.4771,
    "coinbase_taker_n": 438,
    "cross_venue_gap": -60.62,
    "fast_realized_vol_60s": 5.1e-05
  }
}