{
  "position_id": 8844,
  "market_id": "btc-updown-5m-1782952200",
  "side": "Down",
  "timestamp": "2026-07-02T00:39:14.732206+00:00",
  "actual": {
    "exit_reason": "hold",
    "exit_price": 1.0,
    "pnl": 23.025471,
    "gain_pct": 0.398571
  },
  "counterfactual": {
    "exit_reason": "hypothetical_scalp",
    "exit_price": 0.99,
    "pnl": 22.161525,
    "gain_pct": 0.383617
  },
  "delta_pnl": 0.863946,
  "hold_was_optimal": true,
  "context_at_worst_moment": {
    "holding_edge": 0.009349986423453749,
    "model_prob": 0.9993499864234537,
    "market_price": 0.99,
    "seconds_remaining": 42.807151,
    "exit_threshold_used": -0.1,
    "strike_price": 59716.26350585445,
    "btc_at_worst": 59619.45,
    "flow_score": -0.7227,
    "spot_flow_signal": 0.03485799192832889,
    "regime": "unknown",
    "btc_distance_atr": -3.117,
    "worst_at": 1782952457.5327222,
    "coinbase_cvd_60s": 0.4118,
    "coinbase_taker_60s": 0.5513,
    "coinbase_taker_n": 442,
    "cross_venue_gap": -66.34,
    "fast_realized_vol_60s": 6.5e-05
  }
}