{
  "position_id": 8850,
  "market_id": "btc-updown-5m-1782953700",
  "side": "Down",
  "timestamp": "2026-07-02T01:03:36.560599+00:00",
  "actual": {
    "exit_reason": "hold",
    "exit_price": 0.0,
    "pnl": -19.83,
    "gain_pct": -1.0
  },
  "counterfactual": {
    "exit_reason": "hypothetical_scalp",
    "exit_price": 0.01,
    "pnl": -19.51596,
    "gain_pct": -0.984163
  },
  "delta_pnl": -0.31404,
  "hold_was_optimal": false,
  "context_at_worst_moment": {
    "holding_edge": 0.009452974161812908,
    "model_prob": 0.019452974161812908,
    "market_price": 0.01,
    "seconds_remaining": 0.598666,
    "exit_threshold_used": -0.1,
    "strike_price": 59679.05012588877,
    "btc_at_worst": 59685.97,
    "flow_score": -0.1796,
    "spot_flow_signal": 0.4309958277584078,
    "regime": "unknown",
    "btc_distance_atr": 0.197,
    "worst_at": 1782953999.4018693,
    "coinbase_cvd_60s": 8.6313,
    "coinbase_taker_60s": 0.9444,
    "coinbase_taker_n": 466,
    "cross_venue_gap": -75.77,
    "fast_realized_vol_60s": 6.6e-05
  }
}