{
  "position_id": 8852,
  "market_id": "btc-updown-5m-1782954000",
  "side": "Down",
  "timestamp": "2026-07-02T01:09:53.630008+00:00",
  "actual": {
    "exit_reason": "hold",
    "exit_price": 1.0,
    "pnl": 12.661769,
    "gain_pct": 0.277792
  },
  "counterfactual": {
    "exit_reason": "hypothetical_scalp",
    "exit_price": 0.93,
    "pnl": 8.319437,
    "gain_pct": 0.182524
  },
  "delta_pnl": 4.342332,
  "hold_was_optimal": true,
  "context_at_worst_moment": {
    "holding_edge": -0.07026122674403057,
    "model_prob": 0.8597387732559695,
    "market_price": 0.93,
    "seconds_remaining": 3.949399,
    "exit_threshold_used": -0.1,
    "strike_price": 59687.870854282664,
    "btc_at_worst": 59679.0,
    "flow_score": 0.388,
    "spot_flow_signal": -0.4310659011303296,
    "regime": "unknown",
    "btc_distance_atr": -0.221,
    "worst_at": 1782954296.05136,
    "coinbase_cvd_60s": -10.5409,
    "coinbase_taker_60s": 0.0919,
    "coinbase_taker_n": 564,
    "cross_venue_gap": -65.97,
    "fast_realized_vol_60s": 8.1e-05
  }
}