{
  "position_id": 8856,
  "market_id": "btc-updown-5m-1782954900",
  "side": "Down",
  "timestamp": "2026-07-02T01:25:27.079536+00:00",
  "actual": {
    "exit_reason": "scalp",
    "exit_price": 0.19,
    "pnl": -13.957384,
    "gain_pct": -0.632414
  },
  "counterfactual": {
    "resolution_price": 0.0,
    "pnl": -22.07,
    "gain_pct": -1.0
  },
  "delta_pnl": -8.112616,
  "scalp_was_optimal": true,
  "context_at_scalp": {
    "holding_edge": -0.03360034061313949,
    "model_prob": 0.1563996593868605,
    "market_price": 0.19,
    "seconds_remaining": 55.015107,
    "exit_threshold_used": -0.1,
    "effective_exit_threshold": 0.12514148771784578,
    "loss_cut": true,
    "entry_price": 0.46,
    "fee_rate": 0.07,
    "strike_price": 59860.62000510308,
    "btc_at_scalp": 59891.89,
    "btc_at_expiry": 59910.88405317633,
    "chainlink_price_to_beat": 59860.64677314367,
    "chainlink_final_price": 59910.88405317633,
    "flow_score": -0.2483,
    "spot_flow_signal": 0.27286163877685055,
    "regime": "unknown",
    "btc_distance_atr": 0.671,
    "coinbase_cvd_60s": 5.944,
    "coinbase_taker_60s": 0.8519,
    "coinbase_taker_n": 649,
    "cross_venue_gap": -64.66,
    "fast_realized_vol_60s": 8.6e-05
  }
}