{
  "position_id": 8860,
  "market_id": "btc-updown-5m-1782955800",
  "side": "Up",
  "timestamp": "2026-07-02T01:39:33.636614+00:00",
  "actual": {
    "exit_reason": "hold",
    "exit_price": 1.0,
    "pnl": 26.636413,
    "gain_pct": 0.417826
  },
  "counterfactual": {
    "exit_reason": "hypothetical_scalp",
    "exit_price": 0.95,
    "pnl": 21.816558,
    "gain_pct": 0.342221
  },
  "delta_pnl": 4.819855,
  "hold_was_optimal": true,
  "context_at_worst_moment": {
    "holding_edge": -0.04335535637577026,
    "model_prob": 0.9066446436242297,
    "market_price": 0.95,
    "seconds_remaining": 250.941467,
    "exit_threshold_used": -0.1,
    "strike_price": 59953.46484627371,
    "btc_at_worst": 60070.79,
    "flow_score": -0.551,
    "spot_flow_signal": 0.17624025965416004,
    "regime": "unknown",
    "btc_distance_atr": 2.107,
    "worst_at": 1782955849.0594745,
    "coinbase_cvd_60s": 4.2081,
    "coinbase_taker_60s": 0.7366,
    "coinbase_taker_n": 768,
    "cross_venue_gap": -74.05,
    "fast_realized_vol_60s": 0.000132
  }
}