{
  "position_id": 886,
  "market_id": "btc-updown-5m-1776328200",
  "side": "Down",
  "weight_version": "weights_v001",
  "timestamp": "2026-04-16T08:39:45.951025+00:00",
  "actual": {
    "exit_reason": "hold",
    "exit_price": 0.0,
    "pnl": -18.0,
    "gain_pct": -1.0
  },
  "counterfactual": {
    "exit_reason": "hypothetical_scalp",
    "exit_price": 0.6,
    "pnl": 2.441538,
    "gain_pct": 0.135641
  },
  "delta_pnl": -20.441538,
  "hold_was_optimal": false,
  "context_at_worst_moment": {
    "holding_edge": -0.08699580097459236,
    "model_prob": 0.5130041990254076,
    "market_price": 0.6,
    "seconds_remaining": 162.748248,
    "exit_threshold_used": -0.05,
    "strike_price": 74700.15974346439,
    "btc_at_worst": 74708.97,
    "worst_at": 1776328337.4109085
  }
}