{
  "position_id": 8940,
  "market_id": "btc-updown-5m-1783094700",
  "side": "Down",
  "timestamp": "2026-07-03T16:15:22.878389+00:00",
  "actual": {
    "exit_reason": "hold",
    "exit_price": 0.0,
    "pnl": -52.14,
    "gain_pct": -1.0
  },
  "counterfactual": {
    "exit_reason": "hypothetical_scalp",
    "exit_price": 0.56,
    "pnl": 25.035659,
    "gain_pct": 0.480162
  },
  "delta_pnl": -77.175659,
  "hold_was_optimal": false,
  "context_at_worst_moment": {
    "holding_edge": -0.30824901578378827,
    "model_prob": 0.2517509842162118,
    "market_price": 0.56,
    "seconds_remaining": 0.602816,
    "exit_threshold_used": -0.1,
    "strike_price": 61902.45019928398,
    "btc_at_worst": 61903.39,
    "flow_score": -0.3666,
    "spot_flow_signal": -0.14697428678880814,
    "regime": "unknown",
    "btc_distance_atr": 0.043,
    "worst_at": 1783094999.3981519,
    "coinbase_cvd_60s": -1.6226,
    "coinbase_taker_60s": 0.3278,
    "coinbase_taker_n": 573,
    "cross_venue_gap": -58.6,
    "fast_realized_vol_60s": 4.7e-05
  }
}