{
  "position_id": 8944,
  "market_id": "btc-updown-5m-1783112100",
  "side": "Down",
  "timestamp": "2026-07-03T21:03:08.456525+00:00",
  "actual": {
    "exit_reason": "hold",
    "exit_price": 1.0,
    "pnl": 14.763854,
    "gain_pct": 0.12058
  },
  "counterfactual": {
    "exit_reason": "hypothetical_scalp",
    "exit_price": 0.99,
    "pnl": 13.296733,
    "gain_pct": 0.108598
  },
  "delta_pnl": 1.467121,
  "hold_was_optimal": true,
  "context_at_worst_moment": {
    "holding_edge": 0.006947124645967806,
    "model_prob": 0.9969471246459678,
    "market_price": 0.99,
    "seconds_remaining": 5.35933,
    "exit_threshold_used": -0.1,
    "strike_price": 62747.113805,
    "btc_at_worst": 62716.5,
    "flow_score": -0.6276,
    "spot_flow_signal": -0.06945744426006667,
    "regime": "unknown",
    "btc_distance_atr": -0.702,
    "worst_at": 1783112394.642018,
    "coinbase_cvd_60s": -1.0746,
    "coinbase_taker_60s": 0.4173,
    "coinbase_taker_n": 559,
    "cross_venue_gap": -60.42,
    "fast_realized_vol_60s": 5.7e-05
  }
}