{
  "position_id": 9002,
  "market_id": "btc-updown-5m-1783739700",
  "side": "Up",
  "timestamp": "2026-07-11T03:22:18.277641+00:00",
  "actual": {
    "exit_reason": "hold",
    "exit_price": 1.0,
    "pnl": 1.358165,
    "gain_pct": 0.893529
  },
  "counterfactual": {
    "exit_reason": "hypothetical_scalp",
    "exit_price": 0.13,
    "pnl": -1.168625,
    "gain_pct": -0.768832
  },
  "delta_pnl": 2.526789,
  "hold_was_optimal": true,
  "context_at_worst_moment": {
    "holding_edge": 0.06090510458268797,
    "model_prob": 0.19090510458268797,
    "market_price": 0.13,
    "seconds_remaining": 8.821774,
    "exit_threshold_used": -0.1,
    "strike_price": 64142.0301430211,
    "btc_at_worst": 64137.3,
    "flow_score": 0.3601,
    "spot_flow_signal": 0.13141598234873805,
    "regime": "unknown",
    "btc_distance_atr": -0.126,
    "worst_at": 1783739991.1801157,
    "coinbase_cvd_60s": 4.1851,
    "coinbase_taker_60s": 0.6979,
    "coinbase_taker_n": 540,
    "cross_venue_gap": -44.96,
    "fast_realized_vol_60s": 8.4e-05
  }
}