{
  "position_id": 9020,
  "market_id": "btc-updown-5m-1783824600",
  "side": "Up",
  "timestamp": "2026-07-12T03:00:42.755923+00:00",
  "actual": {
    "exit_reason": "hold",
    "exit_price": 0.0,
    "pnl": -1.86,
    "gain_pct": -1.0
  },
  "counterfactual": {
    "exit_reason": "hypothetical_scalp",
    "exit_price": 0.05,
    "pnl": -1.689151,
    "gain_pct": -0.908146
  },
  "delta_pnl": -0.170849,
  "hold_was_optimal": false,
  "context_at_worst_moment": {
    "holding_edge": 0.0038015668943779182,
    "model_prob": 0.05380156689437792,
    "market_price": 0.05,
    "seconds_remaining": 4.905043,
    "exit_threshold_used": -0.1,
    "strike_price": 64036.9506418914,
    "btc_at_worst": 64033.14,
    "flow_score": 0.3779,
    "spot_flow_signal": -0.20062898780552835,
    "regime": "unknown",
    "btc_distance_atr": -0.315,
    "worst_at": 1783824895.0955133,
    "coinbase_cvd_60s": -1.9792,
    "coinbase_taker_60s": 0.2608,
    "coinbase_taker_n": 361,
    "cross_venue_gap": -32.85,
    "fast_realized_vol_60s": 6.3e-05
  }
}