{
  "position_id": 9047,
  "market_id": "btc-updown-5m-1783947900",
  "side": "Down",
  "timestamp": "2026-07-13T13:12:14.091684+00:00",
  "actual": {
    "exit_reason": "hold",
    "exit_price": 1.0,
    "pnl": 1.968943,
    "gain_pct": 1.727143
  },
  "counterfactual": {
    "exit_reason": "hypothetical_scalp",
    "exit_price": 0.99,
    "pnl": 1.935699,
    "gain_pct": 1.697982
  },
  "delta_pnl": 0.033243,
  "hold_was_optimal": true,
  "context_at_worst_moment": {
    "holding_edge": 0.009551479970848265,
    "model_prob": 0.9995514799708483,
    "market_price": 0.99,
    "seconds_remaining": 5.106102,
    "exit_threshold_used": -0.1,
    "strike_price": 62555.016927150005,
    "btc_at_worst": 62525.0,
    "flow_score": -0.6285,
    "spot_flow_signal": -0.08679522870601242,
    "regime": "unknown",
    "btc_distance_atr": -1.243,
    "worst_at": 1783948194.8961995,
    "coinbase_cvd_60s": -1.9993,
    "coinbase_taker_60s": 0.4123,
    "coinbase_taker_n": 403,
    "cross_venue_gap": -63.01,
    "fast_realized_vol_60s": 7.8e-05
  }
}