{
  "position_id": 9058,
  "market_id": "btc-updown-5m-1783963500",
  "side": "Down",
  "timestamp": "2026-07-13T17:33:55.551527+00:00",
  "actual": {
    "exit_reason": "hold",
    "exit_price": 1.0,
    "pnl": 1.00998,
    "gain_pct": 0.319614
  },
  "counterfactual": {
    "exit_reason": "hypothetical_scalp",
    "exit_price": 0.99,
    "pnl": 0.965391,
    "gain_pct": 0.305503
  },
  "delta_pnl": 0.04459,
  "hold_was_optimal": true,
  "context_at_worst_moment": {
    "holding_edge": 0.006386021421486365,
    "model_prob": 0.9963860214214864,
    "market_price": 0.99,
    "seconds_remaining": 3.462126,
    "exit_threshold_used": -0.1,
    "strike_price": 62125.606118530195,
    "btc_at_worst": 62112.93,
    "flow_score": 0.0327,
    "spot_flow_signal": -0.2044592431972915,
    "regime": "unknown",
    "btc_distance_atr": -0.53,
    "worst_at": 1783963796.5405648,
    "coinbase_cvd_60s": -3.2592,
    "coinbase_taker_60s": 0.4167,
    "coinbase_taker_n": 1333,
    "cross_venue_gap": -69.07,
    "fast_realized_vol_60s": 5.4e-05
  }
}