{
  "position_id": 9079,
  "market_id": "btc-updown-5m-1784007000",
  "side": "Down",
  "timestamp": "2026-07-14T05:39:17.859821+00:00",
  "actual": {
    "exit_reason": "hold",
    "exit_price": 1.0,
    "pnl": 1.056214,
    "gain_pct": 0.398571
  },
  "counterfactual": {
    "exit_reason": "hypothetical_scalp",
    "exit_price": 0.97,
    "pnl": 0.937478,
    "gain_pct": 0.353765
  },
  "delta_pnl": 0.118736,
  "hold_was_optimal": true,
  "context_at_worst_moment": {
    "holding_edge": 0.001947652531639199,
    "model_prob": 0.9719476525316392,
    "market_price": 0.97,
    "seconds_remaining": 17.645195,
    "exit_threshold_used": -0.1,
    "strike_price": 62774.438425,
    "btc_at_worst": 62758.16,
    "flow_score": 0.5548,
    "spot_flow_signal": -0.1037358968079828,
    "regime": "unknown",
    "btc_distance_atr": -0.69,
    "worst_at": 1784007282.3877888,
    "coinbase_cvd_60s": -0.3593,
    "coinbase_taker_60s": 0.2616,
    "coinbase_taker_n": 279,
    "cross_venue_gap": -70.15,
    "fast_realized_vol_60s": 5e-05
  }
}