{
  "position_id": 9085,
  "market_id": "btc-updown-5m-1784025000",
  "side": "Down",
  "timestamp": "2026-07-14T10:38:00.753471+00:00",
  "actual": {
    "exit_reason": "hold",
    "exit_price": 1.0,
    "pnl": 1.093173,
    "gain_pct": 0.126818
  },
  "counterfactual": {
    "exit_reason": "hypothetical_scalp",
    "exit_price": 0.99,
    "pnl": 0.98931,
    "gain_pct": 0.114769
  },
  "delta_pnl": 0.103863,
  "hold_was_optimal": true,
  "context_at_worst_moment": {
    "holding_edge": 0.009399240791964192,
    "model_prob": 0.9993992407919642,
    "market_price": 0.99,
    "seconds_remaining": 9.063691,
    "exit_threshold_used": -0.1,
    "strike_price": 62592.691,
    "btc_at_worst": 62561.15,
    "flow_score": -0.7278,
    "spot_flow_signal": -0.04007544046118142,
    "regime": "unknown",
    "btc_distance_atr": -1.607,
    "worst_at": 1784025290.9383473,
    "coinbase_cvd_60s": -0.5673,
    "coinbase_taker_60s": 0.4381,
    "coinbase_taker_n": 353,
    "cross_venue_gap": -68.89,
    "fast_realized_vol_60s": 5.7e-05
  }
}