{
  "position_id": 9087,
  "market_id": "btc-updown-5m-1784030400",
  "side": "Down",
  "timestamp": "2026-07-14T12:09:21.178709+00:00",
  "actual": {
    "exit_reason": "hold",
    "exit_price": 1.0,
    "pnl": 1.066315,
    "gain_pct": 0.343973
  },
  "counterfactual": {
    "exit_reason": "hypothetical_scalp",
    "exit_price": 0.82,
    "pnl": 0.273332,
    "gain_pct": 0.088172
  },
  "delta_pnl": 0.792983,
  "hold_was_optimal": true,
  "context_at_worst_moment": {
    "holding_edge": -0.01916038641785056,
    "model_prob": 0.8008396135821494,
    "market_price": 0.82,
    "seconds_remaining": 38.197828,
    "exit_threshold_used": -0.1,
    "strike_price": 62771.13031432808,
    "btc_at_worst": 62762.41,
    "flow_score": -0.2813,
    "spot_flow_signal": -0.2187472425496317,
    "regime": "unknown",
    "btc_distance_atr": -0.504,
    "worst_at": 1784030661.8036208,
    "coinbase_cvd_60s": -3.1395,
    "coinbase_taker_60s": 0.2131,
    "coinbase_taker_n": 465,
    "cross_venue_gap": -74.78,
    "fast_realized_vol_60s": 7.4e-05
  }
}