{
  "position_id": 9112,
  "market_id": "btc-updown-5m-1784076900",
  "side": "Down",
  "timestamp": "2026-07-15T01:02:53.358435+00:00",
  "actual": {
    "exit_reason": "hold",
    "exit_price": 1.0,
    "pnl": 1.09275,
    "gain_pct": 0.2325
  },
  "counterfactual": {
    "exit_reason": "hypothetical_scalp",
    "exit_price": 0.98,
    "pnl": 0.968947,
    "gain_pct": 0.206159
  },
  "delta_pnl": 0.123803,
  "hold_was_optimal": true,
  "context_at_worst_moment": {
    "holding_edge": -0.13060094354481122,
    "model_prob": 0.8493990564551888,
    "market_price": 0.98,
    "seconds_remaining": 2.29663,
    "exit_threshold_used": -0.1,
    "strike_price": 64784.358066862136,
    "btc_at_worst": 64782.25,
    "flow_score": -0.0886,
    "spot_flow_signal": 0.0937204842440892,
    "regime": "unknown",
    "btc_distance_atr": -0.155,
    "worst_at": 1784077197.705758,
    "coinbase_cvd_60s": 0.3023,
    "coinbase_taker_60s": 0.694,
    "coinbase_taker_n": 327,
    "cross_venue_gap": -42.33,
    "fast_realized_vol_60s": 3.1e-05
  }
}