{
  "position_id": 9119,
  "market_id": "btc-updown-5m-1784122500",
  "side": "Down",
  "timestamp": "2026-07-15T13:46:36.590144+00:00",
  "actual": {
    "exit_reason": "scalp",
    "exit_price": 0.65,
    "pnl": -0.577919,
    "gain_pct": -0.131047
  },
  "counterfactual": {
    "resolution_price": 0.0,
    "pnl": -4.41,
    "gain_pct": -1.0
  },
  "delta_pnl": -3.832081,
  "scalp_was_optimal": true,
  "context_at_scalp": {
    "holding_edge": -0.08096179479197785,
    "model_prob": 0.6090382052080221,
    "market_price": 0.69,
    "seconds_remaining": 30.833397,
    "exit_threshold_used": -0.1,
    "effective_exit_threshold": -0.06798251893782903,
    "loss_cut": false,
    "entry_price": 0.7004697986577182,
    "fee_rate": 0.07,
    "strike_price": 65387.723769118886,
    "btc_at_scalp": 65379.93,
    "btc_at_expiry": 65388.47949,
    "chainlink_price_to_beat": 65387.723769118886,
    "chainlink_final_price": 65388.47949,
    "flow_score": -0.3406,
    "spot_flow_signal": -0.03397875161229679,
    "regime": "unknown",
    "btc_distance_atr": -0.119,
    "coinbase_cvd_60s": -0.703,
    "coinbase_taker_60s": 0.4354,
    "coinbase_taker_n": 663,
    "cross_venue_gap": -57.98,
    "fast_realized_vol_60s": 0.000117
  }
}