{
  "position_id": 9121,
  "market_id": "btc-updown-5m-1784127300",
  "side": "Down",
  "timestamp": "2026-07-15T15:03:22.792012+00:00",
  "actual": {
    "exit_reason": "hold",
    "exit_price": 1.0,
    "pnl": 1.029975,
    "gain_pct": 0.2325
  },
  "counterfactual": {
    "exit_reason": "hypothetical_scalp",
    "exit_price": 0.98,
    "pnl": 0.913285,
    "gain_pct": 0.206159
  },
  "delta_pnl": 0.11669,
  "hold_was_optimal": true,
  "context_at_worst_moment": {
    "holding_edge": 0.004462349247798869,
    "model_prob": 0.9844623492477989,
    "market_price": 0.98,
    "seconds_remaining": 8.654301,
    "exit_threshold_used": -0.1,
    "strike_price": 65360.646644247834,
    "btc_at_worst": 65342.01,
    "flow_score": 0.1933,
    "spot_flow_signal": 0.17565546674817156,
    "regime": "unknown",
    "btc_distance_atr": -0.51,
    "worst_at": 1784127591.3477118,
    "coinbase_cvd_60s": 1.5276,
    "coinbase_taker_60s": 0.7787,
    "coinbase_taker_n": 468,
    "cross_venue_gap": -57.8,
    "fast_realized_vol_60s": 5e-05
  }
}