{
  "position_id": 9124,
  "market_id": "btc-updown-5m-1784136900",
  "side": "Up",
  "timestamp": "2026-07-15T17:45:02.222821+00:00",
  "actual": {
    "exit_reason": "hold",
    "exit_price": 1.0,
    "pnl": 1.1498,
    "gain_pct": 0.074277
  },
  "counterfactual": {
    "exit_reason": "hypothetical_scalp",
    "exit_price": 0.99,
    "pnl": 0.971978,
    "gain_pct": 0.062789
  },
  "delta_pnl": 0.177822,
  "hold_was_optimal": true,
  "context_at_worst_moment": {
    "holding_edge": 0.008430024900541566,
    "model_prob": 0.9984300249005416,
    "market_price": 0.99,
    "seconds_remaining": 34.617245,
    "exit_threshold_used": -0.1,
    "strike_price": 64958.465205,
    "btc_at_worst": 65024.18,
    "flow_score": 0.7012,
    "spot_flow_signal": -0.09840746569774131,
    "regime": "unknown",
    "btc_distance_atr": 2.096,
    "worst_at": 1784137165.3852394,
    "coinbase_cvd_60s": -1.3574,
    "coinbase_taker_60s": 0.416,
    "coinbase_taker_n": 569,
    "cross_venue_gap": -59.2,
    "fast_realized_vol_60s": 0.000102
  }
}