{
  "position_id": 9161,
  "market_id": "btc-updown-5m-1784222100",
  "side": "Up",
  "timestamp": "2026-07-16T17:24:17.130289+00:00",
  "actual": {
    "exit_reason": "hold",
    "exit_price": 1.0,
    "pnl": 1.265742,
    "gain_pct": 0.247215
  },
  "counterfactual": {
    "exit_reason": "hypothetical_scalp",
    "exit_price": 0.93,
    "pnl": 0.78964,
    "gain_pct": 0.154227
  },
  "delta_pnl": 0.476102,
  "hold_was_optimal": true,
  "context_at_worst_moment": {
    "holding_edge": -0.008764317507992003,
    "model_prob": 0.921235682492008,
    "market_price": 0.93,
    "seconds_remaining": 31.501394,
    "exit_threshold_used": -0.1,
    "strike_price": 64122.66929748376,
    "btc_at_worst": 64154.99,
    "flow_score": -0.5235,
    "spot_flow_signal": 0.22883607352885615,
    "regime": "unknown",
    "btc_distance_atr": 0.628,
    "worst_at": 1784222368.5012085,
    "coinbase_cvd_60s": 4.5707,
    "coinbase_taker_60s": 0.7525,
    "coinbase_taker_n": 420,
    "cross_venue_gap": -41.76,
    "fast_realized_vol_60s": 6.5e-05
  }
}