{
  "position_id": 9168,
  "market_id": "btc-updown-5m-1784238600",
  "side": "Up",
  "timestamp": "2026-07-16T21:59:46.759744+00:00",
  "actual": {
    "exit_reason": "hold",
    "exit_price": 1.0,
    "pnl": 1.579328,
    "gain_pct": 0.114944
  },
  "counterfactual": {
    "exit_reason": "hypothetical_scalp",
    "exit_price": 0.99,
    "pnl": 1.415519,
    "gain_pct": 0.103022
  },
  "delta_pnl": 0.163809,
  "hold_was_optimal": true,
  "context_at_worst_moment": {
    "holding_edge": 0.009994073977005025,
    "model_prob": 0.999994073977005,
    "market_price": 0.99,
    "seconds_remaining": 0.492511,
    "exit_threshold_used": -0.1,
    "strike_price": 64136.7371216505,
    "btc_at_worst": 64150.07,
    "flow_score": -0.5015,
    "spot_flow_signal": 0.5625578637246818,
    "regime": "unknown",
    "btc_distance_atr": 0.867,
    "worst_at": 1784238899.5098808,
    "coinbase_cvd_60s": 10.4096,
    "coinbase_taker_60s": 0.9172,
    "coinbase_taker_n": 456,
    "cross_venue_gap": -47.04,
    "fast_realized_vol_60s": 4.6e-05
  }
}