{
  "position_id": 9190,
  "market_id": "btc-updown-5m-1784298600",
  "side": "Up",
  "timestamp": "2026-07-17T14:40:51.417584+00:00",
  "actual": {
    "exit_reason": "hold",
    "exit_price": 0.0,
    "pnl": -1.37,
    "gain_pct": -1.0
  },
  "counterfactual": {
    "exit_reason": "hypothetical_scalp",
    "exit_price": 0.36,
    "pnl": -0.241704,
    "gain_pct": -0.176426
  },
  "delta_pnl": -1.128296,
  "hold_was_optimal": false,
  "context_at_worst_moment": {
    "holding_edge": -0.029670237104802988,
    "model_prob": 0.330329762895197,
    "market_price": 0.36,
    "seconds_remaining": 18.878759,
    "exit_threshold_used": -0.1,
    "strike_price": 63185.670595588395,
    "btc_at_worst": 63174.43,
    "flow_score": -0.4149,
    "spot_flow_signal": -0.10053778590401444,
    "regime": "unknown",
    "btc_distance_atr": -0.157,
    "worst_at": 1784298881.123999,
    "coinbase_cvd_60s": -3.1635,
    "coinbase_taker_60s": 0.3735,
    "coinbase_taker_n": 719,
    "cross_venue_gap": -67.57,
    "fast_realized_vol_60s": 0.000123
  }
}