{
  "position_id": 9198,
  "market_id": "btc-updown-5m-1784314200",
  "side": "Up",
  "timestamp": "2026-07-17T19:00:37.538254+00:00",
  "actual": {
    "exit_reason": "hold",
    "exit_price": 1.0,
    "pnl": 1.905655,
    "gain_pct": 1.183636
  },
  "counterfactual": {
    "exit_reason": "hypothetical_scalp",
    "exit_price": 0.98,
    "pnl": 1.830518,
    "gain_pct": 1.136968
  },
  "delta_pnl": 0.075136,
  "hold_was_optimal": true,
  "context_at_worst_moment": {
    "holding_edge": -0.02796967466712086,
    "model_prob": 0.9520303253328791,
    "market_price": 0.98,
    "seconds_remaining": 2.604893,
    "exit_threshold_used": -0.1,
    "strike_price": 64293.160414918355,
    "btc_at_worst": 64307.99,
    "flow_score": -0.4324,
    "spot_flow_signal": -0.078813609171068,
    "regime": "unknown",
    "btc_distance_atr": 0.25,
    "worst_at": 1784314497.397795,
    "coinbase_cvd_60s": -1.6434,
    "coinbase_taker_60s": 0.3913,
    "coinbase_taker_n": 818,
    "cross_venue_gap": -32.0,
    "fast_realized_vol_60s": 9.2e-05
  }
}