{
  "position_id": 9200,
  "market_id": "btc-updown-5m-1784317800",
  "side": "Up",
  "timestamp": "2026-07-17T20:00:06.074714+00:00",
  "actual": {
    "exit_reason": "hold",
    "exit_price": 1.0,
    "pnl": 2.446933,
    "gain_pct": 1.653333
  },
  "counterfactual": {
    "exit_reason": "hypothetical_scalp",
    "exit_price": 0.35,
    "pnl": -0.168109,
    "gain_pct": -0.113587
  },
  "delta_pnl": 2.615043,
  "hold_was_optimal": true,
  "context_at_worst_moment": {
    "holding_edge": -0.07631623296555334,
    "model_prob": 0.27368376703444663,
    "market_price": 0.35,
    "seconds_remaining": 19.548423,
    "exit_threshold_used": -0.1,
    "strike_price": 64127.132723743496,
    "btc_at_worst": 64120.97,
    "flow_score": -0.5622,
    "spot_flow_signal": -0.21218719628590138,
    "regime": "unknown",
    "btc_distance_atr": -0.243,
    "worst_at": 1784318080.454166,
    "coinbase_cvd_60s": -4.0416,
    "coinbase_taker_60s": 0.4371,
    "coinbase_taker_n": 1344,
    "cross_venue_gap": -41.79,
    "fast_realized_vol_60s": 5.8e-05
  }
}