{
  "position_id": 920,
  "market_id": "btc-updown-5m-1776334500",
  "side": "Down",
  "weight_version": "weights_v001",
  "timestamp": "2026-04-16T10:24:52.395665+00:00",
  "actual": {
    "exit_reason": "hold",
    "exit_price": 1.0,
    "pnl": 8.953722,
    "gain_pct": 0.94349
  },
  "counterfactual": {
    "exit_reason": "hypothetical_scalp",
    "exit_price": 0.82,
    "pnl": 5.58485,
    "gain_pct": 0.588498
  },
  "delta_pnl": 3.368871,
  "hold_was_optimal": true,
  "context_at_worst_moment": {
    "holding_edge": -0.1607209389916301,
    "model_prob": 0.6592790610083699,
    "market_price": 0.82,
    "seconds_remaining": 162.853819,
    "exit_threshold_used": -0.05,
    "strike_price": 74437.20096,
    "btc_at_worst": 74412.54,
    "worst_at": 1776334637.3002453
  }
}