{
  "position_id": 9226,
  "market_id": "btc-updown-5m-1784424600",
  "side": "Up",
  "timestamp": "2026-07-19T01:36:40.003791+00:00",
  "actual": {
    "exit_reason": "hold",
    "exit_price": 1.0,
    "pnl": 1.375071,
    "gain_pct": 0.277792
  },
  "counterfactual": {
    "exit_reason": "hypothetical_scalp",
    "exit_price": 0.99,
    "pnl": 1.307438,
    "gain_pct": 0.264129
  },
  "delta_pnl": 0.067634,
  "hold_was_optimal": true,
  "context_at_worst_moment": {
    "holding_edge": 0.009993792401931767,
    "model_prob": 0.9999937924019318,
    "market_price": 0.99,
    "seconds_remaining": 0.068754,
    "exit_threshold_used": -0.1,
    "strike_price": 64730.054193660355,
    "btc_at_worst": 64738.15,
    "flow_score": -0.4105,
    "spot_flow_signal": 0.12296090931571174,
    "regime": "unknown",
    "btc_distance_atr": 3.475,
    "worst_at": 1784424899.9330788,
    "coinbase_cvd_60s": 0.3826,
    "coinbase_taker_60s": 0.7564,
    "coinbase_taker_n": 267,
    "cross_venue_gap": -36.08,
    "fast_realized_vol_60s": 1.8e-05
  }
}