{
  "position_id": 941,
  "market_id": "btc-updown-5m-1776338400",
  "side": "Up",
  "weight_version": "weights_v001",
  "timestamp": "2026-04-16T11:27:57.747676+00:00",
  "actual": {
    "exit_reason": "hold",
    "exit_price": 1.0,
    "pnl": 14.462182,
    "gain_pct": 0.803455
  },
  "counterfactual": {
    "exit_reason": "hypothetical_scalp",
    "exit_price": 0.98,
    "pnl": 13.801486,
    "gain_pct": 0.766749
  },
  "delta_pnl": 0.660696,
  "hold_was_optimal": true,
  "context_at_worst_moment": {
    "holding_edge": -0.18131069286453538,
    "model_prob": 0.7986893071354646,
    "market_price": 0.98,
    "seconds_remaining": 37.998706,
    "exit_threshold_used": -0.05,
    "strike_price": 74292.34833,
    "btc_at_worst": 74306.68,
    "worst_at": 1776338662.1575315
  }
}