{
  "position_id": 945,
  "market_id": "btc-updown-5m-1776339300",
  "side": "Up",
  "weight_version": "weights_v001",
  "timestamp": "2026-04-16T11:42:55.613944+00:00",
  "actual": {
    "exit_reason": "hold",
    "exit_price": 0.0,
    "pnl": -18.0,
    "gain_pct": -1.0
  },
  "counterfactual": {
    "exit_reason": "hypothetical_scalp",
    "exit_price": 0.68,
    "pnl": 5.651299,
    "gain_pct": 0.313961
  },
  "delta_pnl": -23.651299,
  "hold_was_optimal": false,
  "context_at_worst_moment": {
    "holding_edge": -0.10005064105238026,
    "model_prob": 0.5799493589476198,
    "market_price": 0.68,
    "seconds_remaining": 105.734364,
    "exit_threshold_used": -0.05,
    "strike_price": 74417.31194716592,
    "btc_at_worst": 74450.0,
    "worst_at": 1776339494.4261746
  }
}