{
  "position_id": 987,
  "market_id": "btc-updown-5m-1776349200",
  "side": "Down",
  "weight_version": "weights_v001",
  "timestamp": "2026-04-16T14:31:29.257191+00:00",
  "actual": {
    "exit_reason": "hold",
    "exit_price": 1.0,
    "pnl": 9.201704,
    "gain_pct": 0.836519
  },
  "counterfactual": {
    "exit_reason": "hypothetical_scalp",
    "exit_price": 0.93,
    "pnl": 7.763912,
    "gain_pct": 0.70581
  },
  "delta_pnl": 1.437792,
  "hold_was_optimal": true,
  "context_at_worst_moment": {
    "holding_edge": -0.19975160062342157,
    "model_prob": 0.7302483993765785,
    "market_price": 0.93,
    "seconds_remaining": 59.038349,
    "exit_threshold_used": -0.05,
    "strike_price": 73590.72,
    "btc_at_worst": 73507.15,
    "worst_at": 1776349441.1896977
  }
}