{
  "position_id": 988,
  "market_id": "btc-updown-5m-1776349500",
  "side": "Down",
  "weight_version": "weights_v001",
  "timestamp": "2026-04-16T14:34:48.770833+00:00",
  "actual": {
    "exit_reason": "hold",
    "exit_price": 0.0,
    "pnl": -17.32,
    "gain_pct": -1.0
  },
  "counterfactual": {
    "exit_reason": "hypothetical_scalp",
    "exit_price": 0.62,
    "pnl": 4.245398,
    "gain_pct": 0.245115
  },
  "delta_pnl": -21.565398,
  "hold_was_optimal": false,
  "context_at_worst_moment": {
    "holding_edge": -0.035451975354226506,
    "model_prob": 0.5845480246457735,
    "market_price": 0.62,
    "seconds_remaining": 260.131445,
    "exit_threshold_used": -0.05,
    "strike_price": 73558.31149736459,
    "btc_at_worst": 73526.89,
    "worst_at": 1776349540.099349
  }
}