{
  "market_id": "btc-updown-5m-1780568100",
  "side": "Up",
  "gate_name": "sub_threshold_prob",
  "signal_prob": 0.5091,
  "signal_edge": -0.0209,
  "seconds_remaining": 298.8,
  "indicator_snapshot": {
    "trade_context": {
      "model_probability_raw": 0.509080611616593,
      "market_price_up": 0.53,
      "market_price_down": 0.48,
      "btc_price": 62793.14,
      "strike_price": 62794.57961366923,
      "seconds_remaining": 298.838416,
      "atr": 85.31,
      "atr_rolling_20": 85.31,
      "atr_long_term_mean": 85.31,
      "flow_score": 0.0619,
      "spot_flow_signal": 0.16070553680402616,
      "prev_resolution_margin": -216.46220901402558,
      "regime_autocorr": -0.2106,
      "regime_direction": -1.0,
      "closes_tail": [
        62952.57,
        62872.58
      ],
      "entry_phase": "normal",
      "flip_count": 0,
      "is_flip": false,
      "coinbase_cvd_60s": 3.2142,
      "coinbase_taker_60s": 0.6883,
      "coinbase_taker_n": 559
    }
  },
  "recorded_at": 1780568101.575043,
  "resolved": true,
  "ghost_correct": true,
  "ghost_gain_pct": 0.9643,
  "resolved_at": 1780568959.101748,
  "timestamp": "2026-06-04T10:29:19.101758+00:00"
}