{
  "market_id": "btc-updown-5m-1781913000",
  "side": "Up",
  "gate_name": "flip_insufficient_edge",
  "signal_prob": 0.8384,
  "signal_edge": 0.0484,
  "seconds_remaining": 87.3,
  "indicator_snapshot": {
    "trade_context": {
      "model_probability": 0.8383677565899755,
      "model_probability_raw": 0.8383677565899755,
      "edge": 0.0483677565899755,
      "market_price_up": 0.79,
      "market_price_down": 0.22,
      "btc_price": 63279.36,
      "strike_price": 63270.838785,
      "seconds_remaining": 87.320892,
      "atr": 14.1,
      "atr_rolling_20": 15.864,
      "atr_long_term_mean": 17.9231,
      "flow_score": 0.2501,
      "spot_flow_signal": 0.13417634333690168,
      "prev_resolution_margin": 13.189357682662376,
      "regime_autocorr": -0.2586,
      "regime_direction": -1.0,
      "closes_tail": [
        63319.08,
        63335.31
      ],
      "entry_phase": "late",
      "flip_count": 1,
      "is_flip": true,
      "coinbase_cvd_60s": 0.2483,
      "coinbase_taker_60s": 0.8144,
      "coinbase_taker_n": 146,
      "cross_venue_gap": -60.48,
      "fast_realized_vol_60s": 2e-05,
      "clob_depth_top5_up_usd": 16853.8,
      "clob_depth_top5_down_usd": 17956.95,
      "clob_book_age_s": 0.024
    }
  },
  "recorded_at": 1781913212.9491513,
  "resolved": true,
  "ghost_correct": true,
  "ghost_gain_pct": 0.1927,
  "resolved_at": 1781913913.9067352,
  "timestamp": "2026-06-20T00:05:13.906745+00:00"
}