{
  "market_id": "btc-updown-5m-1782141900",
  "side": "Down",
  "gate_name": "pre_submit_vwap_drift",
  "signal_prob": 0.6287,
  "signal_edge": 0.1587,
  "seconds_remaining": 240.2,
  "indicator_snapshot": {
    "atr": {
      "atr": 50.18,
      "passes": true,
      "reason": "ok",
      "candle_ts": 1782141900000
    },
    "trade_context": {
      "model_probability": 0.6286875102416376,
      "model_probability_raw": 0.6286875102416376,
      "edge": 0.15868751024163763,
      "market_price_up": 0.55,
      "market_price_down": 0.47,
      "btc_price": 64927.14,
      "strike_price": 64951.40517027469,
      "seconds_remaining": 240.190872,
      "atr": 50.18,
      "atr_rolling_20": 53.686,
      "atr_long_term_mean": 58.674237,
      "flow_score": -0.4708,
      "spot_flow_signal": -0.18301365950526877,
      "prev_resolution_margin": -81.49818104808219,
      "regime_autocorr": 0.1545,
      "regime_direction": -1.0,
      "closes_tail": [
        65023.99,
        64999.2
      ],
      "entry_phase": "normal",
      "flip_count": 0,
      "is_flip": false,
      "coinbase_cvd_60s": -4.393,
      "coinbase_taker_60s": 0.3816,
      "coinbase_taker_n": 805,
      "cross_venue_gap": -72.06,
      "fast_realized_vol_60s": 0.000166,
      "clob_depth_top5_up_usd": 21500.97,
      "clob_depth_top5_down_usd": 22101.99,
      "clob_book_age_s": 0.026,
      "size": 177.96,
      "depth_usd_top20": 228773.8165199,
      "adverse_rate_at_30s": 0.4166666666666667,
      "adverse_kelly_mult": 1.0,
      "token_id_up": "110040931642653767316243922386704142844130462046531483276322906416060478159779",
      "token_id_down": "47589455699747898106754819233302773926235813755991989590576522698210223785816"
    }
  },
  "recorded_at": 1782141960.0786693,
  "resolved": true,
  "ghost_correct": false,
  "ghost_gain_pct": -1.0,
  "resolved_at": 1782142509.592742,
  "timestamp": "2026-06-22T15:35:09.592752+00:00"
}