{
  "market_id": "btc-updown-5m-1782522600",
  "side": "Down",
  "gate_name": "edge_cap",
  "signal_prob": 0.716,
  "signal_edge": 0.206,
  "seconds_remaining": 299.9,
  "indicator_snapshot": {
    "trade_context": {
      "model_probability": 0.7160062924507717,
      "model_probability_raw": 0.7160062924507717,
      "edge": 0.20600629245077173,
      "market_price_up": 0.5,
      "market_price_down": 0.51,
      "btc_price": 59866.4,
      "strike_price": 59879.707957907915,
      "seconds_remaining": 299.885267,
      "atr": 16.18,
      "atr_rolling_20": 20.583,
      "atr_long_term_mean": 24.86835,
      "flow_score": 0.3819,
      "spot_flow_signal": -0.5668928348229216,
      "prev_resolution_margin": 23.038613490869466,
      "regime_autocorr": 0.0107,
      "regime_direction": -1.0,
      "closes_tail": [
        59984.76,
        59965.12
      ],
      "entry_phase": "normal",
      "flip_count": 0,
      "is_flip": false,
      "coinbase_cvd_60s": -10.5048,
      "coinbase_taker_60s": 0.066,
      "coinbase_taker_n": 498,
      "cross_venue_gap": -98.71,
      "fast_realized_vol_60s": 3.1e-05,
      "clob_depth_top5_up_usd": 29167.2,
      "clob_depth_top5_down_usd": 29200.23,
      "clob_book_age_s": 0.59
    }
  },
  "recorded_at": 1782522600.9381475,
  "resolved": true,
  "ghost_correct": true,
  "ghost_gain_pct": 0.3966,
  "resolved_at": 1782523411.9438822,
  "timestamp": "2026-06-27T01:23:31.943917+00:00"
}