{
  "market_id": "btc-updown-5m-1782741300",
  "side": "Down",
  "gate_name": "sub_threshold_prob",
  "signal_prob": 0.5146,
  "signal_edge": 0.0346,
  "seconds_remaining": 299.9,
  "indicator_snapshot": {
    "trade_context": {
      "model_probability_raw": 0.5146019714997101,
      "market_price_up": 0.53,
      "market_price_down": 0.48,
      "btc_price": 59345.99,
      "strike_price": 59350.947475364606,
      "seconds_remaining": 299.933516,
      "atr": 128.98,
      "atr_rolling_20": 132.9135,
      "atr_long_term_mean": 71.78675,
      "flow_score": 0.3495,
      "spot_flow_signal": -0.3028083980684605,
      "prev_resolution_margin": -77.99855573735113,
      "regime_autocorr": -0.2802,
      "regime_direction": -1.0,
      "closes_tail": [
        59496.65,
        59454.0
      ],
      "entry_phase": "normal",
      "flip_count": 0,
      "is_flip": false,
      "coinbase_cvd_60s": -14.5728,
      "coinbase_taker_60s": 0.2709,
      "coinbase_taker_n": 2114,
      "cross_venue_gap": -108.01,
      "fast_realized_vol_60s": 0.000155,
      "clob_depth_top5_up_usd": 33128.57,
      "clob_depth_top5_down_usd": 33029.62,
      "clob_book_age_s": 0.282
    }
  },
  "recorded_at": 1782741300.6860332,
  "resolved": true,
  "ghost_correct": false,
  "ghost_gain_pct": -1.0,
  "resolved_at": 1782742178.1811821,
  "timestamp": "2026-06-29T14:09:38.181198+00:00"
}