{
  "market_id": "btc-updown-5m-1781662200",
  "side": "Down",
  "gate_name": "edge_cap",
  "signal_prob": 0.7186,
  "signal_edge": 0.2186,
  "seconds_remaining": 299.9,
  "indicator_snapshot": {
    "trade_context": {
      "model_probability": 0.7185532435727183,
      "model_probability_raw": 0.7185532435727183,
      "edge": 0.21855324357271833,
      "market_price_up": 0.51,
      "market_price_down": 0.5,
      "btc_price": 65785.16,
      "strike_price": 65804.14981258535,
      "seconds_remaining": 299.916462,
      "atr": 26.51,
      "atr_rolling_20": 26.51,
      "atr_long_term_mean": 24.9266,
      "flow_score": 0.3647,
      "spot_flow_signal": 0.1525554895605229,
      "prev_resolution_margin": 60.12091295224673,
      "regime_autocorr": -0.1402,
      "regime_direction": -1.0,
      "closes_tail": [
        65868.0,
        65853.3
      ],
      "entry_phase": "normal",
      "flip_count": 0,
      "is_flip": false,
      "coinbase_cvd_60s": 0.5281,
      "coinbase_taker_60s": 0.8483,
      "coinbase_taker_n": 255,
      "cross_venue_gap": -68.14,
      "fast_realized_vol_60s": 4.1e-05,
      "clob_depth_top5_up_usd": 79843.7,
      "clob_depth_top5_down_usd": 81001.61,
      "clob_book_age_s": 0.138
    }
  },
  "recorded_at": 1781662200.668159,
  "resolved": true,
  "ghost_correct": false,
  "ghost_gain_pct": -1.0,
  "resolved_at": 1781663080.122828,
  "timestamp": "2026-06-17T02:24:40.122844+00:00"
}