{
  "market_id": "btc-updown-5m-1780594200",
  "side": "Down",
  "gate_name": "sub_threshold_prob",
  "signal_prob": 0.5013,
  "signal_edge": 0.0013,
  "seconds_remaining": 299.2,
  "indicator_snapshot": {
    "trade_context": {
      "model_probability_raw": 0.5013053663217506,
      "market_price_up": 0.51,
      "market_price_down": 0.5,
      "btc_price": 63140.78,
      "strike_price": 63146.8793070909,
      "seconds_remaining": 299.173762,
      "atr": 70.95,
      "atr_rolling_20": 70.95,
      "atr_long_term_mean": 68.27655,
      "flow_score": 0.0011,
      "spot_flow_signal": 0.3542829851020223,
      "prev_resolution_margin": -98.74729954407667,
      "regime_autocorr": 0.1171,
      "regime_direction": -1.0,
      "closes_tail": [
        63248.58,
        63224.0
      ],
      "entry_phase": "normal",
      "flip_count": 0,
      "is_flip": false,
      "coinbase_cvd_60s": 11.498,
      "coinbase_taker_60s": 0.6798,
      "coinbase_taker_n": 1088
    }
  },
  "recorded_at": 1780594201.4576461,
  "resolved": true,
  "ghost_correct": true,
  "ghost_gain_pct": 0.9948,
  "resolved_at": 1780595026.083166,
  "timestamp": "2026-06-04T17:43:46.083187+00:00"
}