{
  "market_id": "btc-updown-5m-1782443100",
  "side": "Up",
  "gate_name": "sub_threshold_prob",
  "signal_prob": 0.5291,
  "signal_edge": -0.0209,
  "seconds_remaining": 299.6,
  "indicator_snapshot": {
    "trade_context": {
      "model_probability_raw": 0.5290899138138521,
      "market_price_up": 0.55,
      "market_price_down": 0.47,
      "btc_price": 58591.86,
      "strike_price": 58579.26369546878,
      "seconds_remaining": 299.586247,
      "atr": 132.63,
      "atr_rolling_20": 93.316,
      "atr_long_term_mean": 98.959444,
      "flow_score": 0.5798,
      "spot_flow_signal": 0.06110214161300383,
      "prev_resolution_margin": -178.07664645333716,
      "regime_autocorr": -0.0727,
      "regime_direction": 1.0,
      "closes_tail": [
        58483.56,
        58674.46
      ],
      "entry_phase": "normal",
      "flip_count": 0,
      "is_flip": false,
      "coinbase_cvd_60s": 1.8983,
      "coinbase_taker_60s": 0.5584,
      "coinbase_taker_n": 869,
      "cross_venue_gap": -99.04,
      "fast_realized_vol_60s": 0.000215,
      "clob_depth_top5_up_usd": 20308.57,
      "clob_depth_top5_down_usd": 20520.72,
      "clob_book_age_s": 0.014
    }
  },
  "recorded_at": 1782443101.2458878,
  "resolved": true,
  "ghost_correct": true,
  "ghost_gain_pct": 0.89,
  "resolved_at": 1782443831.8308465,
  "timestamp": "2026-06-26T03:17:11.830855+00:00"
}