{
  "market_id": "btc-updown-5m-1781426400",
  "side": "Down",
  "gate_name": "edge_cap",
  "signal_prob": 0.8071,
  "signal_edge": 0.2971,
  "seconds_remaining": 299.4,
  "indicator_snapshot": {
    "trade_context": {
      "model_probability": 0.8070504464472389,
      "model_probability_raw": 0.8070504464472389,
      "edge": 0.2970504464472389,
      "market_price_up": 0.5,
      "market_price_down": 0.51,
      "btc_price": 64415.68,
      "strike_price": 64434.27393415356,
      "seconds_remaining": 299.442883,
      "atr": 13.98,
      "atr_rolling_20": 13.98,
      "atr_long_term_mean": 13.98,
      "flow_score": -0.7804,
      "spot_flow_signal": -0.5432949322282951,
      "prev_resolution_margin": -36.45501460367814,
      "regime_autocorr": 0.0508,
      "regime_direction": -1.0,
      "closes_tail": [
        64502.0,
        64461.78
      ],
      "entry_phase": "normal",
      "flip_count": 0,
      "is_flip": false,
      "coinbase_cvd_60s": -14.4178,
      "coinbase_taker_60s": 0.0352,
      "coinbase_taker_n": 359,
      "cross_venue_gap": -37.95,
      "fast_realized_vol_60s": 8e-05,
      "clob_depth_top5_up_usd": 119757.5,
      "clob_depth_top5_down_usd": 119080.38,
      "clob_book_age_s": 0.027
    }
  },
  "recorded_at": 1781426401.3037393,
  "resolved": true,
  "ghost_correct": false,
  "ghost_gain_pct": -1.0,
  "resolved_at": 1781427202.1294847,
  "timestamp": "2026-06-14T08:53:22.129500+00:00"
}