{
  "market_id": "btc-updown-5m-1782768000",
  "side": "Down",
  "gate_name": "flip_insufficient_edge",
  "signal_prob": 0.9925,
  "signal_edge": 0.0425,
  "seconds_remaining": 11.0,
  "indicator_snapshot": {
    "trade_context": {
      "model_probability": 0.9925284736365704,
      "model_probability_raw": 0.9925284736365704,
      "edge": 0.04252847363657042,
      "market_price_up": 0.06,
      "market_price_down": 0.95,
      "btc_price": 60212.76,
      "strike_price": 60233.13188720628,
      "seconds_remaining": 11.043104,
      "atr": 21.12,
      "atr_rolling_20": 24.1995,
      "atr_long_term_mean": 26.256774,
      "flow_score": 0.4591,
      "spot_flow_signal": 0.18700522977320005,
      "prev_resolution_margin": 53.206163083748834,
      "regime_autocorr": 0.0367,
      "regime_direction": -1.0,
      "closes_tail": [
        60328.01,
        60308.31
      ],
      "entry_phase": "final",
      "flip_count": 2,
      "is_flip": true,
      "coinbase_cvd_60s": 1.4437,
      "coinbase_taker_60s": 0.848,
      "coinbase_taker_n": 392,
      "cross_venue_gap": -95.54,
      "fast_realized_vol_60s": 2e-05,
      "clob_depth_top5_up_usd": 13063.33,
      "clob_depth_top5_down_usd": 10832.49,
      "clob_book_age_s": 0.026
    }
  },
  "recorded_at": 1782768289.2671185,
  "resolved": true,
  "ghost_correct": true,
  "ghost_gain_pct": 0.0076,
  "resolved_at": 1782768669.4579248,
  "timestamp": "2026-06-29T21:31:09.457939+00:00"
}