{
  "market_id": "btc-updown-5m-1781717100",
  "side": "Up",
  "gate_name": "sub_threshold_prob",
  "signal_prob": 0.5254,
  "signal_edge": 0.0354,
  "seconds_remaining": 299.8,
  "indicator_snapshot": {
    "trade_context": {
      "model_probability_raw": 0.5253696710147138,
      "market_price_up": 0.49,
      "market_price_down": 0.52,
      "btc_price": 65915.84,
      "strike_price": 65913.03760805713,
      "seconds_remaining": 299.827489,
      "atr": 37.08,
      "atr_rolling_20": 38.948333,
      "atr_long_term_mean": 38.948333,
      "flow_score": 0.5598,
      "spot_flow_signal": 0.06426816156410313,
      "prev_resolution_margin": -27.5507759226457,
      "regime_autocorr": -0.1631,
      "regime_direction": -1.0,
      "closes_tail": [
        65932.01,
        65972.0
      ],
      "entry_phase": "normal",
      "flip_count": 0,
      "is_flip": false,
      "coinbase_cvd_60s": 0.5623,
      "coinbase_taker_60s": 0.6213,
      "coinbase_taker_n": 411,
      "cross_venue_gap": -56.16,
      "fast_realized_vol_60s": 8.5e-05,
      "clob_depth_top5_up_usd": 78089.73,
      "clob_depth_top5_down_usd": 78127.97,
      "clob_book_age_s": 0.085
    }
  },
  "recorded_at": 1781717100.8156445,
  "resolved": true,
  "ghost_correct": true,
  "ghost_gain_pct": 0.9033,
  "resolved_at": 1781717943.9278345,
  "timestamp": "2026-06-17T17:39:03.927854+00:00"
}