{
  "market_id": "btc-updown-5m-1782124200",
  "side": "Up",
  "gate_name": "pre_submit_vwap_drift",
  "signal_prob": 0.7761,
  "signal_edge": 0.0561,
  "seconds_remaining": 178.5,
  "indicator_snapshot": {
    "atr": {
      "atr": 21.0,
      "passes": true,
      "reason": "ok",
      "candle_ts": 1782124260000
    },
    "trade_context": {
      "model_probability": 0.7761310004249993,
      "model_probability_raw": 0.7761310004249993,
      "edge": 0.0561310004249993,
      "market_price_up": 0.72,
      "market_price_down": 0.29,
      "btc_price": 64123.95,
      "strike_price": 64107.15061859259,
      "seconds_remaining": 178.452026,
      "atr": 21.0,
      "atr_rolling_20": 19.2905,
      "atr_long_term_mean": 28.578,
      "flow_score": -0.1587,
      "spot_flow_signal": 0.005071600674492308,
      "prev_resolution_margin": 4.56477686335711,
      "regime_autocorr": -0.0561,
      "regime_direction": -1.0,
      "closes_tail": [
        64156.16,
        64196.54
      ],
      "entry_phase": "normal",
      "flip_count": 1,
      "is_flip": true,
      "coinbase_cvd_60s": 0.0152,
      "coinbase_taker_60s": 0.5113,
      "coinbase_taker_n": 205,
      "cross_venue_gap": -72.6,
      "fast_realized_vol_60s": 7.5e-05,
      "clob_depth_top5_up_usd": 25852.83,
      "clob_depth_top5_down_usd": 25201.87,
      "clob_book_age_s": 0.05,
      "size": 54.16,
      "depth_usd_top20": 277049.1975368,
      "adverse_rate_at_30s": 0.5625,
      "adverse_kelly_mult": 0.831,
      "token_id_up": "68638911742972538154274091632214735475828282487587299557675613303030013220219",
      "token_id_down": "51880591596481827163462040501136559123695723451174639431252972165441637016532"
    }
  },
  "recorded_at": 1782124321.891819,
  "resolved": true,
  "ghost_correct": false,
  "ghost_gain_pct": -1.0,
  "resolved_at": 1782124842.3106813,
  "timestamp": "2026-06-22T10:40:42.310692+00:00"
}