{
  "market_id": "btc-updown-5m-1782487800",
  "side": "Down",
  "gate_name": "sub_threshold_prob",
  "signal_prob": 0.5019,
  "signal_edge": -0.0181,
  "seconds_remaining": 299.9,
  "indicator_snapshot": {
    "trade_context": {
      "model_probability_raw": 0.5019325656954827,
      "market_price_up": 0.5,
      "market_price_down": 0.52,
      "btc_price": 60093.06,
      "strike_price": 60093.707036714804,
      "seconds_remaining": 299.887017,
      "atr": 102.46,
      "atr_rolling_20": 103.104,
      "atr_long_term_mean": 109.87625,
      "flow_score": -0.2227,
      "spot_flow_signal": -0.33807767580912257,
      "prev_resolution_margin": -205.10786291018303,
      "regime_autocorr": -0.0712,
      "regime_direction": -1.0,
      "closes_tail": [
        60169.94,
        60185.99
      ],
      "entry_phase": "normal",
      "flip_count": 0,
      "is_flip": false,
      "coinbase_cvd_60s": -8.7973,
      "coinbase_taker_60s": 0.2638,
      "coinbase_taker_n": 824,
      "cross_venue_gap": -92.93,
      "fast_realized_vol_60s": 0.000145,
      "clob_depth_top5_up_usd": 29958.07,
      "clob_depth_top5_down_usd": 31830.06,
      "clob_book_age_s": 0.505
    }
  },
  "recorded_at": 1782487801.0516639,
  "resolved": true,
  "ghost_correct": true,
  "ghost_gain_pct": 0.9924,
  "resolved_at": 1782488631.9602323,
  "timestamp": "2026-06-26T15:43:51.960243+00:00"
}