{
  "market_id": "btc-updown-5m-1778567400",
  "side": "Up",
  "gate_name": "pre_submit_edge_drift",
  "signal_prob": 0.6659,
  "signal_edge": 0.1559,
  "seconds_remaining": 299.0,
  "indicator_snapshot": {
    "rsi": {
      "rsi": 100.0,
      "score": -1.0,
      "norm_score": -0.8521322155406076
    },
    "macd": {
      "macd": 2.6013,
      "signal": 4.0662,
      "histogram": -1.4649,
      "score": -0.1271,
      "norm_score": -0.3048487056436861
    },
    "stochastic": {
      "k": 50.0,
      "d": 50.0,
      "score": -0.0,
      "norm_score": 0.223914057196157
    },
    "ema": {
      "trend": "chop",
      "fast_ema": 81287.91877586237,
      "slow_ema": 81288.22085422018
    },
    "obv": {
      "obv_slope": 0.0,
      "price_slope": 0.0,
      "score": 0.0,
      "norm_score": -0.0003258160850887141
    },
    "vwap": {
      "vwap": 81135.89,
      "deviation": 1.4511,
      "score": -0.4353,
      "norm_score": -0.20030633212125823
    },
    "atr": {
      "atr": 3.74,
      "passes": true,
      "reason": "ok"
    },
    "weights": {
      "rsi": 0.2,
      "macd": 0.25,
      "stochastic": 0.2,
      "obv": 0.15,
      "vwap": 0.2
    },
    "trade_context": {
      "btc_price": 81208.0,
      "strike_price": 81191.006554529,
      "seconds_remaining": 298.959603,
      "market_price_up": 0.51,
      "market_price_down": 0.5,
      "model_probability": 0.6659005596481027,
      "model_probability_raw": 0.8543328307137059,
      "edge": 0.15590055964810268,
      "atr": 3.74,
      "size": 102.3,
      "prev_resolution_margin": 43.310712040998624,
      "flow_score": 0.3686,
      "spot_flow_signal": 0.00013575283733696254,
      "liquidation_pressure": -0.0002999441867441838,
      "regime_state": "neutral",
      "regime_autocorr": -0.1868,
      "regime_direction": 0.0,
      "entry_phase": "normal",
      "flip_count": 0,
      "is_flip": false,
      "depth_usd_top20": 310855.3044275,
      "sprt_confidence": 0.0,
      "sprt_status": "ACCUMULATING",
      "adverse_selection_30s": 0.5
    }
  },
  "recorded_at": 1778567401.3513012,
  "resolved": true,
  "ghost_correct": false,
  "ghost_gain_pct": -1.0,
  "resolved_at": 1778567745.879067,
  "timestamp": "2026-05-12T06:35:45.879107+00:00"
}