{
  "market_id": "btc-updown-5m-1779894300",
  "side": "Down",
  "gate_name": "cvd_decel",
  "signal_prob": 0.5953,
  "signal_edge": 0.1053,
  "seconds_remaining": 299.8,
  "indicator_snapshot": {
    "trade_context": {
      "model_probability_raw": 0.5952616475758408,
      "market_price_up": 0.52,
      "market_price_down": 0.49,
      "btc_price": 74906.9,
      "strike_price": 74920.6638866402,
      "seconds_remaining": 299.837029,
      "atr": 56.98,
      "flow_score": -0.6123,
      "spot_flow_signal": -0.30826666223388827,
      "liquidation_pressure": 0.0,
      "prev_resolution_margin": 98.5516837601026,
      "regime_autocorr": -0.0864,
      "regime_direction": -1.0,
      "closes_tail": [
        75112.62,
        75052.02
      ]
    }
  },
  "recorded_at": 1779894300.8573666,
  "resolved": true,
  "ghost_correct": false,
  "ghost_gain_pct": -1.0,
  "resolved_at": 1779894987.4492288,
  "timestamp": "2026-05-27T15:16:27.449244+00:00"
}