{
  "market_id": "btc-updown-5m-1780581900",
  "side": "Down",
  "gate_name": "sub_threshold_prob",
  "signal_prob": 0.522,
  "signal_edge": 0.002,
  "seconds_remaining": 299.7,
  "indicator_snapshot": {
    "trade_context": {
      "model_probability_raw": 0.5220433134100391,
      "market_price_up": 0.49,
      "market_price_down": 0.52,
      "btc_price": 64008.03,
      "strike_price": 64007.0457148603,
      "seconds_remaining": 299.70282,
      "atr": 127.74,
      "atr_rolling_20": 126.089,
      "atr_long_term_mean": 118.96625,
      "flow_score": -0.0158,
      "spot_flow_signal": -0.02391141798883121,
      "prev_resolution_margin": -69.94549191074475,
      "regime_autocorr": 0.1171,
      "regime_direction": -1.0,
      "closes_tail": [
        64172.09,
        64065.68
      ],
      "entry_phase": "normal",
      "flip_count": 0,
      "is_flip": false,
      "coinbase_cvd_60s": -0.5605,
      "coinbase_taker_60s": 0.475,
      "coinbase_taker_n": 744
    }
  },
  "recorded_at": 1780581901.1971736,
  "resolved": true,
  "ghost_correct": false,
  "ghost_gain_pct": -1.0,
  "resolved_at": 1780582558.8732169,
  "timestamp": "2026-06-04T14:15:58.873225+00:00"
}