{
  "market_id": "btc-updown-5m-1782509100",
  "side": "Up",
  "gate_name": "sub_threshold_prob",
  "signal_prob": 0.5023,
  "signal_edge": -0.0477,
  "seconds_remaining": 298.4,
  "indicator_snapshot": {
    "trade_context": {
      "model_probability_raw": 0.5022528601996912,
      "market_price_up": 0.55,
      "market_price_down": 0.46,
      "btc_price": 59710.84,
      "strike_price": 59710.625622494095,
      "seconds_remaining": 298.441522,
      "atr": 26.19,
      "atr_rolling_20": 36.432,
      "atr_long_term_mean": 48.50885,
      "flow_score": -0.2764,
      "spot_flow_signal": -0.030590316897852056,
      "prev_resolution_margin": -12.597374690005381,
      "regime_autocorr": 0.0372,
      "regime_direction": -1.0,
      "closes_tail": [
        59826.01,
        59802.0
      ],
      "entry_phase": "normal",
      "flip_count": 0,
      "is_flip": false,
      "coinbase_cvd_60s": -0.3327,
      "coinbase_taker_60s": 0.4646,
      "coinbase_taker_n": 272,
      "cross_venue_gap": -91.16,
      "fast_realized_vol_60s": 3.6e-05,
      "clob_depth_top5_up_usd": 29851.23,
      "clob_depth_top5_down_usd": 29982.53,
      "clob_book_age_s": 0.002
    }
  },
  "recorded_at": 1782509101.9937613,
  "resolved": true,
  "ghost_correct": true,
  "ghost_gain_pct": 0.9908,
  "resolved_at": 1782509748.6503983,
  "timestamp": "2026-06-26T21:35:48.650416+00:00"
}