{
  "market_id": "btc-updown-5m-1782829200",
  "side": "Up",
  "gate_name": "sub_threshold_prob",
  "signal_prob": 0.9383,
  "signal_edge": -0.0217,
  "seconds_remaining": 96.5,
  "indicator_snapshot": {
    "trade_context": {
      "model_probability_raw": 0.9382964980529285,
      "market_price_up": 0.96,
      "market_price_down": 0.05,
      "btc_price": 59007.24,
      "strike_price": 58879.1677342221,
      "seconds_remaining": 96.538905,
      "atr": 81.71,
      "atr_rolling_20": 104.4105,
      "atr_long_term_mean": 57.48775,
      "flow_score": -0.3579,
      "spot_flow_signal": -0.20742953569814543,
      "prev_resolution_margin": -162.5268157981991,
      "regime_autocorr": 0.1132,
      "regime_direction": -1.0,
      "closes_tail": [
        59077.11,
        59120.0
      ],
      "entry_phase": "late",
      "flip_count": 1,
      "is_flip": true,
      "coinbase_cvd_60s": -7.8452,
      "coinbase_taker_60s": 0.3453,
      "coinbase_taker_n": 1680,
      "cross_venue_gap": -112.77,
      "fast_realized_vol_60s": 0.000152,
      "clob_depth_top5_up_usd": 8866.51,
      "clob_depth_top5_down_usd": 12366.18,
      "clob_book_age_s": 0.021
    }
  },
  "recorded_at": 1782829403.8407154,
  "resolved": true,
  "ghost_correct": true,
  "ghost_gain_pct": 0.0658,
  "resolved_at": 1782830061.631276,
  "timestamp": "2026-06-30T14:34:21.631292+00:00"
}