{
  "market_id": "btc-updown-5m-1781438400",
  "side": "Up",
  "gate_name": "edge_cap",
  "signal_prob": 0.6026,
  "signal_edge": 0.3826,
  "seconds_remaining": 6.8,
  "indicator_snapshot": {
    "trade_context": {
      "model_probability": 0.6026362770384022,
      "model_probability_raw": 0.6026362770384022,
      "edge": 0.3826362770384022,
      "market_price_up": 0.22,
      "market_price_down": 0.8,
      "btc_price": 64510.0,
      "strike_price": 64509.405207493786,
      "seconds_remaining": 6.794843,
      "atr": 11.26,
      "atr_rolling_20": 11.26,
      "atr_long_term_mean": 11.26,
      "flow_score": 0.4257,
      "spot_flow_signal": -0.3361298837179282,
      "prev_resolution_margin": -2.30270961025235,
      "regime_autocorr": -0.1042,
      "regime_direction": -1.0,
      "closes_tail": [
        64555.72,
        64548.88
      ],
      "entry_phase": "final",
      "flip_count": 1,
      "is_flip": true,
      "coinbase_cvd_60s": -5.8063,
      "coinbase_taker_60s": 0.042,
      "coinbase_taker_n": 177,
      "cross_venue_gap": -38.88,
      "fast_realized_vol_60s": 4.3e-05,
      "clob_depth_top5_up_usd": 15034.93,
      "clob_depth_top5_down_usd": 15711.9,
      "clob_book_age_s": 0.024
    }
  },
  "recorded_at": 1781438693.9124925,
  "resolved": true,
  "ghost_correct": true,
  "ghost_gain_pct": 0.6595,
  "resolved_at": 1781439121.3175738,
  "timestamp": "2026-06-14T12:12:01.317600+00:00"
}