{
  "market_id": "btc-updown-5m-1782006000",
  "side": "Up",
  "gate_name": "flip_insufficient_edge",
  "signal_prob": 0.8736,
  "signal_edge": 0.0436,
  "seconds_remaining": 78.2,
  "indicator_snapshot": {
    "trade_context": {
      "model_probability": 0.8735934404655519,
      "model_probability_raw": 0.8735934404655519,
      "edge": 0.043593440465551914,
      "market_price_up": 0.83,
      "market_price_down": 0.18,
      "btc_price": 64155.0,
      "strike_price": 64144.90576073193,
      "seconds_remaining": 78.226024,
      "atr": 12.56,
      "atr_rolling_20": 11.002,
      "atr_long_term_mean": 17.89305,
      "flow_score": -0.2885,
      "spot_flow_signal": -0.052098357280190695,
      "prev_resolution_margin": 18.27912204591121,
      "regime_autocorr": -0.0894,
      "regime_direction": -1.0,
      "closes_tail": [
        64226.7,
        64238.0
      ],
      "entry_phase": "late",
      "flip_count": 1,
      "is_flip": true,
      "coinbase_cvd_60s": -0.1142,
      "coinbase_taker_60s": 0.3806,
      "coinbase_taker_n": 120,
      "cross_venue_gap": -82.99,
      "fast_realized_vol_60s": 2e-05,
      "clob_depth_top5_up_usd": 22838.42,
      "clob_depth_top5_down_usd": 22349.95,
      "clob_book_age_s": 0.053
    }
  },
  "recorded_at": 1782006222.0688975,
  "resolved": true,
  "ghost_correct": true,
  "ghost_gain_pct": 0.1447,
  "resolved_at": 1782006896.9369571,
  "timestamp": "2026-06-21T01:54:56.936966+00:00"
}