{
  "market_id": "btc-updown-5m-1779905100",
  "side": "Up",
  "gate_name": "sub_threshold_prob",
  "signal_prob": 0.5005,
  "signal_edge": -0.0095,
  "seconds_remaining": 299.9,
  "indicator_snapshot": {
    "trade_context": {
      "model_probability_raw": 0.5004957957935948,
      "market_price_up": 0.51,
      "market_price_down": 0.5,
      "btc_price": 74716.74,
      "strike_price": 74724.95740111562,
      "seconds_remaining": 299.911155,
      "atr": 62.1,
      "flow_score": -0.4378,
      "spot_flow_signal": 0.15718661049325366,
      "liquidation_pressure": 0.0,
      "prev_resolution_margin": 98.5516837601026,
      "regime_autocorr": -0.1731,
      "regime_direction": -1.0,
      "closes_tail": [
        74926.0,
        74854.1
      ]
    }
  },
  "recorded_at": 1779905100.777568,
  "resolved": true,
  "ghost_correct": false,
  "ghost_gain_pct": -1.0,
  "resolved_at": 1779905895.2065141,
  "timestamp": "2026-05-27T18:18:15.206531+00:00"
}