{
  "market_id": "btc-updown-5m-1777888800",
  "side": "Up",
  "gate_name": "pre_submit_edge_drift",
  "signal_prob": 0.6013,
  "signal_edge": 0.1313,
  "seconds_remaining": 298.9,
  "indicator_snapshot": {
    "rsi": {
      "rsi": 0.0,
      "score": 1.0,
      "norm_score": 0.08777162739735106
    },
    "macd": {
      "macd": 1.0265,
      "signal": 11.636,
      "histogram": -10.6095,
      "score": -0.4902,
      "norm_score": 3.0
    },
    "stochastic": {
      "k": 0.0,
      "d": 0.0,
      "score": 1.0,
      "norm_score": 0.008846034909885116
    },
    "ema": {
      "trend": "bearish",
      "fast_ema": 79861.86428872525,
      "slow_ema": 79875.23909172909
    },
    "obv": {
      "obv_slope": 0.0,
      "price_slope": 0.0,
      "score": 0.0,
      "norm_score": 3.0
    },
    "vwap": {
      "vwap": 79811.49,
      "deviation": 0.4336,
      "score": -0.1301,
      "norm_score": 0.013836239431790676
    },
    "atr": {
      "atr": 17.63,
      "passes": true,
      "reason": "ok"
    },
    "weights": {
      "rsi": 0.2,
      "macd": 0.25,
      "stochastic": 0.2,
      "obv": 0.15,
      "vwap": 0.2,
      "entry_threshold": 0.6
    },
    "trade_context": {
      "btc_price": 79848.99,
      "strike_price": 79819.35466752773,
      "seconds_remaining": 298.898056,
      "market_price_up": 0.47,
      "market_price_down": 0.55,
      "model_probability": 0.6012615134442935,
      "model_probability_raw": 0.6012615134442935,
      "edge": 0.1312615134442935,
      "atr": 17.63,
      "size": 5.03,
      "iv_ratio": 2.0,
      "prev_resolution_margin": -116.80315999999584,
      "flow_score": 0.3608,
      "spot_flow_signal": -0.4533152871571794,
      "liquidation_pressure": 0.02546729386414774,
      "regime_state": "volatile",
      "regime_autocorr": -0.0458,
      "regime_direction": 0.0,
      "entry_phase": "normal",
      "flip_count": 0,
      "is_flip": false,
      "depth_usd_top20": 249954.33459270006,
      "sprt_confidence": 0.06380558884521156,
      "sprt_status": "ACCUMULATING",
      "adverse_selection_30s": 0.5
    }
  },
  "recorded_at": 1777888803.368385,
  "resolved": true,
  "ghost_correct": false,
  "ghost_gain_pct": -1.0,
  "resolved_at": 1777889130.4247637,
  "timestamp": "2026-05-04T10:05:30.424829+00:00"
}