{
  "market_id": "btc-updown-5m-1782457800",
  "side": "Down",
  "gate_name": "sub_threshold_prob",
  "signal_prob": 0.5262,
  "signal_edge": 0.0062,
  "seconds_remaining": 298.7,
  "indicator_snapshot": {
    "trade_context": {
      "model_probability_raw": 0.5262140337013035,
      "market_price_up": 0.49,
      "market_price_down": 0.52,
      "btc_price": 60312.59,
      "strike_price": 60317.175777011114,
      "seconds_remaining": 298.654871,
      "atr": 52.64,
      "atr_rolling_20": 50.8645,
      "atr_long_term_mean": 53.373846,
      "flow_score": -0.4957,
      "spot_flow_signal": 0.15517724775129924,
      "prev_resolution_margin": -38.791804516120465,
      "regime_autocorr": -0.0533,
      "regime_direction": -1.0,
      "closes_tail": [
        60337.68,
        60400.01
      ],
      "entry_phase": "normal",
      "flip_count": 0,
      "is_flip": false,
      "coinbase_cvd_60s": 2.8543,
      "coinbase_taker_60s": 0.6956,
      "coinbase_taker_n": 365,
      "cross_venue_gap": -91.16,
      "fast_realized_vol_60s": 0.000124,
      "clob_depth_top5_up_usd": 28455.46,
      "clob_depth_top5_down_usd": 28822.7,
      "clob_book_age_s": 0.568
    }
  },
  "recorded_at": 1782457801.7266252,
  "resolved": true,
  "ghost_correct": false,
  "ghost_gain_pct": -1.0,
  "resolved_at": 1782458446.3094444,
  "timestamp": "2026-06-26T07:20:46.309454+00:00"
}