{
  "market_id": "btc-updown-5m-1782372300",
  "side": "Down",
  "gate_name": "edge_cap",
  "signal_prob": 0.731,
  "signal_edge": 0.241,
  "seconds_remaining": 223.3,
  "indicator_snapshot": {
    "trade_context": {
      "model_probability": 0.731003990709606,
      "model_probability_raw": 0.731003990709606,
      "edge": 0.241003990709606,
      "market_price_up": 0.52,
      "market_price_down": 0.49,
      "btc_price": 61720.12,
      "strike_price": 61737.63756550171,
      "seconds_remaining": 223.311079,
      "atr": 35.81,
      "atr_rolling_20": 45.4635,
      "atr_long_term_mean": 40.368103,
      "flow_score": 0.4109,
      "spot_flow_signal": 0.11322432001155101,
      "prev_resolution_margin": 0.0,
      "regime_autocorr": -0.4136,
      "regime_direction": -1.0,
      "closes_tail": [
        61823.5,
        61812.52
      ],
      "entry_phase": "normal",
      "flip_count": 1,
      "is_flip": true,
      "coinbase_cvd_60s": 0.5957,
      "coinbase_taker_60s": 0.7383,
      "coinbase_taker_n": 206,
      "cross_venue_gap": -92.41,
      "fast_realized_vol_60s": 2.9e-05,
      "clob_depth_top5_up_usd": 17578.65,
      "clob_depth_top5_down_usd": 13965.79,
      "clob_book_age_s": 0.011
    }
  },
  "recorded_at": 1782372377.1612968,
  "resolved": true,
  "ghost_correct": true,
  "ghost_gain_pct": 0.368,
  "resolved_at": 1782372997.7409194,
  "timestamp": "2026-06-25T07:36:37.740930+00:00"
}