{
  "market_id": "btc-updown-5m-1782774600",
  "side": "Down",
  "gate_name": "edge_cap",
  "signal_prob": 0.6699,
  "signal_edge": 0.2099,
  "seconds_remaining": 181.5,
  "indicator_snapshot": {
    "trade_context": {
      "model_probability": 0.6698709953508184,
      "model_probability_raw": 0.6698709953508184,
      "edge": 0.20987099535081838,
      "market_price_up": 0.55,
      "market_price_down": 0.46,
      "btc_price": 60261.08,
      "strike_price": 60266.5161824769,
      "seconds_remaining": 181.460269,
      "atr": 13.63,
      "atr_rolling_20": 17.2185,
      "atr_long_term_mean": 22.74824,
      "flow_score": 0.2136,
      "spot_flow_signal": 0.1643259218677814,
      "prev_resolution_margin": -73.44747389930853,
      "regime_autocorr": -0.1906,
      "regime_direction": -1.0,
      "closes_tail": [
        60331.99,
        60351.01
      ],
      "entry_phase": "normal",
      "flip_count": 0,
      "is_flip": false,
      "coinbase_cvd_60s": 0.9677,
      "coinbase_taker_60s": 0.8029,
      "coinbase_taker_n": 335,
      "cross_venue_gap": -89.93,
      "fast_realized_vol_60s": 4.6e-05,
      "clob_depth_top5_up_usd": 21491.42,
      "clob_depth_top5_down_usd": 23656.5,
      "clob_book_age_s": 0.042
    }
  },
  "recorded_at": 1782774718.810776,
  "resolved": true,
  "ghost_correct": true,
  "ghost_gain_pct": 0.4928,
  "resolved_at": 1782775354.6923428,
  "timestamp": "2026-06-29T23:22:34.692368+00:00"
}