{
  "market_id": "btc-updown-5m-1782587400",
  "side": "Down",
  "gate_name": "edge_cap",
  "signal_prob": 0.7559,
  "signal_edge": 0.2559,
  "seconds_remaining": 299.8,
  "indicator_snapshot": {
    "trade_context": {
      "model_probability": 0.7559368457594488,
      "model_probability_raw": 0.7559368457594488,
      "edge": 0.25593684575944875,
      "market_price_up": 0.51,
      "market_price_down": 0.5,
      "btc_price": 60486.57,
      "strike_price": 60496.11311319978,
      "seconds_remaining": 299.839883,
      "atr": 11.7,
      "atr_rolling_20": 13.5145,
      "atr_long_term_mean": 25.53095,
      "flow_score": -0.1634,
      "spot_flow_signal": -0.49632836940110603,
      "prev_resolution_margin": 13.217126916671987,
      "regime_autocorr": -0.2217,
      "regime_direction": -1.0,
      "closes_tail": [
        60596.0,
        60595.93
      ],
      "entry_phase": "normal",
      "flip_count": 0,
      "is_flip": false,
      "coinbase_cvd_60s": -6.0116,
      "coinbase_taker_60s": 0.0204,
      "coinbase_taker_n": 340,
      "cross_venue_gap": -99.95,
      "fast_realized_vol_60s": 2.5e-05,
      "clob_depth_top5_up_usd": 29590.37,
      "clob_depth_top5_down_usd": 29013.47,
      "clob_book_age_s": 0.529
    }
  },
  "recorded_at": 1782587400.8045032,
  "resolved": true,
  "ghost_correct": false,
  "ghost_gain_pct": -1.0,
  "resolved_at": 1782588257.6291358,
  "timestamp": "2026-06-27T19:24:17.629157+00:00"
}