{
  "market_id": "btc-updown-5m-1781448900",
  "side": "Up",
  "gate_name": "flip_insufficient_edge",
  "signal_prob": 0.7741,
  "signal_edge": 0.0541,
  "seconds_remaining": 233.3,
  "indicator_snapshot": {
    "trade_context": {
      "model_probability": 0.7740663480996015,
      "model_probability_raw": 0.7740663480996015,
      "edge": 0.054066348099601536,
      "market_price_up": 0.72,
      "market_price_down": 0.3,
      "btc_price": 63927.28,
      "strike_price": 63896.43500560233,
      "seconds_remaining": 233.305004,
      "atr": 39.77,
      "atr_rolling_20": 38.1455,
      "atr_long_term_mean": 36.73475,
      "flow_score": 0.1663,
      "spot_flow_signal": 0.07512619509982928,
      "prev_resolution_margin": 22.37182488093822,
      "regime_autocorr": -0.2083,
      "regime_direction": -1.0,
      "closes_tail": [
        63932.0,
        63956.0
      ],
      "entry_phase": "normal",
      "flip_count": 1,
      "is_flip": true,
      "coinbase_cvd_60s": 0.3447,
      "coinbase_taker_60s": 0.6666,
      "coinbase_taker_n": 267,
      "cross_venue_gap": -28.72,
      "fast_realized_vol_60s": 8e-05,
      "clob_depth_top5_up_usd": 30125.37,
      "clob_depth_top5_down_usd": 30538.3,
      "clob_book_age_s": 0.057
    }
  },
  "recorded_at": 1781448967.1453784,
  "resolved": true,
  "ghost_correct": true,
  "ghost_gain_pct": 0.2918,
  "resolved_at": 1781449532.0022228,
  "timestamp": "2026-06-14T15:05:32.002254+00:00"
}