{
  "market_id": "btc-updown-5m-1780380300",
  "side": "Up",
  "gate_name": "sub_threshold_prob",
  "signal_prob": 0.5442,
  "signal_edge": -0.0058,
  "seconds_remaining": 299.9,
  "indicator_snapshot": {
    "trade_context": {
      "model_probability_raw": 0.5442362132554764,
      "market_price_up": 0.55,
      "market_price_down": 0.46,
      "btc_price": 70258.0,
      "strike_price": 70255.50343681824,
      "seconds_remaining": 299.925692,
      "atr": 48.52,
      "atr_rolling_20": 48.52,
      "atr_long_term_mean": 48.52,
      "flow_score": 0.9809,
      "spot_flow_signal": -0.08817958506200078,
      "prev_resolution_margin": -130.32947961630998,
      "regime_autocorr": -0.2389,
      "regime_direction": -1.0,
      "closes_tail": [
        70389.56,
        70367.83
      ],
      "entry_phase": "normal",
      "flip_count": 0,
      "is_flip": false,
      "coinbase_cvd_60s": -1.4659,
      "coinbase_taker_60s": 0.3772,
      "coinbase_taker_n": 383
    }
  },
  "recorded_at": 1780380300.646094,
  "resolved": true,
  "ghost_correct": true,
  "ghost_gain_pct": 0.8376,
  "resolved_at": 1780380926.4496248,
  "timestamp": "2026-06-02T06:15:26.449648+00:00"
}