{
  "market_id": "btc-updown-5m-1780581300",
  "side": "Down",
  "gate_name": "sub_threshold_prob",
  "signal_prob": 0.5517,
  "signal_edge": 0.0317,
  "seconds_remaining": 299.6,
  "indicator_snapshot": {
    "trade_context": {
      "model_probability_raw": 0.5517422584527114,
      "market_price_up": 0.49,
      "market_price_down": 0.52,
      "btc_price": 63763.93,
      "strike_price": 63774.94559162759,
      "seconds_remaining": 299.616882,
      "atr": 122.05,
      "atr_rolling_20": 141.373,
      "atr_long_term_mean": 138.84215,
      "flow_score": -0.0235,
      "spot_flow_signal": -0.10107766021507954,
      "prev_resolution_margin": -69.94549191074475,
      "regime_autocorr": 0.1157,
      "regime_direction": -1.0,
      "closes_tail": [
        63830.36,
        63830.36
      ],
      "entry_phase": "normal",
      "flip_count": 0,
      "is_flip": false,
      "coinbase_cvd_60s": -2.5632,
      "coinbase_taker_60s": 0.4412,
      "coinbase_taker_n": 1189
    }
  },
  "recorded_at": 1780581301.1785076,
  "resolved": true,
  "ghost_correct": false,
  "ghost_gain_pct": -1.0,
  "resolved_at": 1780581925.2419896,
  "timestamp": "2026-06-04T14:05:25.242001+00:00"
}