{
  "market_id": "btc-updown-5m-1781276400",
  "side": "Down",
  "gate_name": "sub_threshold_prob",
  "signal_prob": 0.5089,
  "signal_edge": -0.0211,
  "seconds_remaining": 299.9,
  "indicator_snapshot": {
    "trade_context": {
      "model_probability_raw": 0.5088939707582594,
      "market_price_up": 0.48,
      "market_price_down": 0.53,
      "btc_price": 63950.72,
      "strike_price": 63953.30101046268,
      "seconds_remaining": 299.940068,
      "atr": 92.14,
      "atr_rolling_20": 92.14,
      "atr_long_term_mean": 92.09185,
      "flow_score": -0.5841,
      "spot_flow_signal": 0.24613220003868375,
      "prev_resolution_margin": 12.073135779464792,
      "regime_autocorr": -0.1079,
      "regime_direction": -1.0,
      "closes_tail": [
        63974.0,
        63999.99
      ],
      "entry_phase": "normal",
      "flip_count": 0,
      "is_flip": false,
      "coinbase_cvd_60s": 5.7864,
      "coinbase_taker_60s": 0.7345,
      "coinbase_taker_n": 857,
      "cross_venue_gap": -49.27,
      "fast_realized_vol_60s": 0.000105,
      "clob_depth_top5_up_usd": 117936.76,
      "clob_depth_top5_down_usd": 120730.85,
      "clob_book_age_s": 0.112
    }
  },
  "recorded_at": 1781276400.6203654,
  "resolved": true,
  "ghost_correct": true,
  "ghost_gain_pct": 0.965,
  "resolved_at": 1781277317.0833836,
  "timestamp": "2026-06-12T15:15:17.083417+00:00"
}