{
  "market_id": "btc-updown-5m-1782003600",
  "side": "Up",
  "gate_name": "edge_cap",
  "signal_prob": 0.8236,
  "signal_edge": 0.3836,
  "seconds_remaining": 124.6,
  "indicator_snapshot": {
    "trade_context": {
      "model_probability": 0.8235746465466076,
      "model_probability_raw": 0.8235746465466076,
      "edge": 0.3835746465466076,
      "market_price_up": 0.44,
      "market_price_down": 0.57,
      "btc_price": 64228.95,
      "strike_price": 64219.01607421598,
      "seconds_remaining": 124.578455,
      "atr": 13.57,
      "atr_rolling_20": 14.8,
      "atr_long_term_mean": 18.0702,
      "flow_score": -0.2467,
      "spot_flow_signal": -0.0013037135977057705,
      "prev_resolution_margin": 18.27912204591121,
      "regime_autocorr": -0.181,
      "regime_direction": -1.0,
      "closes_tail": [
        64282.0,
        64312.01
      ],
      "entry_phase": "normal",
      "flip_count": 1,
      "is_flip": true,
      "coinbase_cvd_60s": -0.0063,
      "coinbase_taker_60s": 0.4973,
      "coinbase_taker_n": 212,
      "cross_venue_gap": -83.06,
      "fast_realized_vol_60s": 5.7e-05,
      "clob_depth_top5_up_usd": 26232.03,
      "clob_depth_top5_down_usd": 27102.0,
      "clob_book_age_s": 0.251
    }
  },
  "recorded_at": 1782003775.926222,
  "resolved": true,
  "ghost_correct": false,
  "ghost_gain_pct": -1.0,
  "resolved_at": 1782004367.2597845,
  "timestamp": "2026-06-21T01:12:47.259795+00:00"
}