{
  "market_id": "btc-updown-5m-1781936100",
  "side": "Up",
  "gate_name": "edge_cap",
  "signal_prob": 0.8208,
  "signal_edge": 0.2508,
  "seconds_remaining": 299.6,
  "indicator_snapshot": {
    "trade_context": {
      "model_probability": 0.820760323371754,
      "model_probability_raw": 0.820760323371754,
      "edge": 0.250760323371754,
      "market_price_up": 0.57,
      "market_price_down": 0.44,
      "btc_price": 63628.0,
      "strike_price": 63607.210694126654,
      "seconds_remaining": 299.563302,
      "atr": 16.97,
      "atr_rolling_20": 17.3135,
      "atr_long_term_mean": 22.687923,
      "flow_score": -0.008,
      "spot_flow_signal": 0.03884095078999881,
      "prev_resolution_margin": -9.464867177775886,
      "regime_autocorr": -0.0937,
      "regime_direction": -1.0,
      "closes_tail": [
        63654.0,
        63677.99
      ],
      "entry_phase": "normal",
      "flip_count": 0,
      "is_flip": false,
      "coinbase_cvd_60s": 0.3514,
      "coinbase_taker_60s": 0.5658,
      "coinbase_taker_n": 163,
      "cross_venue_gap": -60.0,
      "fast_realized_vol_60s": 5.2e-05,
      "clob_depth_top5_up_usd": 21023.14,
      "clob_depth_top5_down_usd": 21959.91,
      "clob_book_age_s": 0.067
    }
  },
  "recorded_at": 1781936101.5919094,
  "resolved": true,
  "ghost_correct": false,
  "ghost_gain_pct": -1.0,
  "resolved_at": 1781936908.499613,
  "timestamp": "2026-06-20T06:28:28.499621+00:00"
}