{
  "market_id": "btc-updown-5m-1781307300",
  "side": "Down",
  "gate_name": "edge_cap",
  "signal_prob": 0.6158,
  "signal_edge": 0.2558,
  "seconds_remaining": 299.8,
  "indicator_snapshot": {
    "trade_context": {
      "model_probability": 0.6157620997050095,
      "model_probability_raw": 0.6157620997050095,
      "edge": 0.2557620997050095,
      "market_price_up": 0.65,
      "market_price_down": 0.36,
      "btc_price": 63401.99,
      "strike_price": 63407.62487497426,
      "seconds_remaining": 299.831191,
      "atr": 19.67,
      "atr_rolling_20": 18.522,
      "atr_long_term_mean": 16.6032,
      "flow_score": 0.4388,
      "spot_flow_signal": -0.3003817102309092,
      "prev_resolution_margin": 19.519883917870175,
      "regime_autocorr": -0.3525,
      "regime_direction": -1.0,
      "closes_tail": [
        63465.99,
        63443.0
      ],
      "entry_phase": "normal",
      "flip_count": 0,
      "is_flip": false,
      "coinbase_cvd_60s": -6.8363,
      "coinbase_taker_60s": 0.1287,
      "coinbase_taker_n": 388,
      "cross_venue_gap": -41.01,
      "fast_realized_vol_60s": 8e-05,
      "clob_depth_top5_up_usd": 119099.57,
      "clob_depth_top5_down_usd": 119905.89,
      "clob_book_age_s": 0.417
    }
  },
  "recorded_at": 1781307300.7048056,
  "resolved": true,
  "ghost_correct": false,
  "ghost_gain_pct": -1.0,
  "resolved_at": 1781308187.7044094,
  "timestamp": "2026-06-12T23:49:47.704420+00:00"
}