{
  "market_id": "btc-updown-5m-1777219200",
  "side": "Up",
  "gate_name": "pre_submit_edge_drift",
  "signal_prob": 0.6037,
  "signal_edge": 0.0837,
  "seconds_remaining": 298.4,
  "indicator_snapshot": {
    "rsi": {
      "rsi": 0.0,
      "score": 1.0,
      "norm_score": 0.02346614271576072
    },
    "macd": {
      "macd": -13.7017,
      "signal": -12.7055,
      "histogram": -0.9962,
      "score": -0.102,
      "norm_score": 3.0
    },
    "stochastic": {
      "k": 0.0,
      "d": 0.0,
      "score": 1.0,
      "norm_score": 0.006414593581275054
    },
    "ema": {
      "trend": "bearish",
      "fast_ema": 78010.97587185955,
      "slow_ema": 78020.67019524367
    },
    "obv": {
      "obv_slope": 0.0,
      "price_slope": 0.0,
      "score": 0.0,
      "norm_score": 0.024271369873900526
    },
    "vwap": {
      "vwap": 77959.87,
      "deviation": 1.1651,
      "score": -0.3495,
      "norm_score": 0.006514009596172489
    },
    "atr": {
      "atr": 8.5,
      "passes": true,
      "reason": "ok"
    },
    "weights": {
      "rsi": 0.2,
      "macd": 0.25,
      "stochastic": 0.2,
      "obv": 0.15,
      "vwap": 0.2,
      "entry_threshold": 0.6
    },
    "trade_context": {
      "btc_price": 78082.48,
      "strike_price": 78064.73333449641,
      "seconds_remaining": 298.373728,
      "market_price_up": 0.52,
      "market_price_down": 0.47,
      "model_probability_raw": 0.6036532883686028,
      "model_probability": 0.6036532883686028,
      "edge": 0.08365328836860275,
      "momentum_score": 0.7609196546597267,
      "atr": 8.5,
      "size": 17.94,
      "flow_score": 0.13,
      "flow_book_imbalance": 0.0031,
      "flow_trade_count": 13,
      "spot_flow_signal": -0.27094421098925653,
      "wall_pressure": 0.0,
      "iv_ratio": 2.0,
      "prev_resolution_margin": 10.16199000000779,
      "bybit_perp_price": 78015.0,
      "funding_rate": 0.0001,
      "depth_usd_top20": 335505.0102763,
      "entry_phase": "normal",
      "flip_count": 0,
      "is_flip": false,
      "cvd_120s": 0.0,
      "taker_ratio_60s": 0.5,
      "volume_surge": false,
      "liquidation_pressure": -0.0003961734210452306,
      "gex_signal": 1.0,
      "gex_regime": "stabilizing",
      "cvd_acceleration": 0.0,
      "clob_velocity_up": 0.37402990238830336,
      "clob_velocity_down": -0.3740299023883029,
      "coinbase_btc": 78082.48,
      "regime_state": "volatile",
      "regime_kelly_mult": 0.7,
      "regime_autocorr": 0.0338,
      "sprt_confidence": 0.0,
      "sprt_status": "ACCUMULATING",
      "signal_consensus": 0.8,
      "adverse_selection_30s": 0.6153846153846154,
      "alpha_decay_rate": 0.08384939277298044,
      "garch_vol_ratio": 2.0,
      "crowd_bias": {
        "flb": 0.0,
        "recency_fade": 0.0,
        "round_number_dampening": 0.96,
        "composite_logit_adjustment": 0.0
      },
      "oracle_divergence": 17.23389999999199,
      "edge_realization_ratio": 3.3901124939020697
    }
  },
  "recorded_at": 1777219202.077069,
  "resolved": true,
  "ghost_correct": false,
  "ghost_gain_pct": -1.0,
  "resolved_at": 1777219533.067484,
  "timestamp": "2026-04-26T16:05:33.067509+00:00"
}