{
  "market_id": "btc-updown-5m-1782389100",
  "side": "Up",
  "gate_name": "pre_submit_vwap_drift",
  "signal_prob": 0.8657,
  "signal_edge": 0.0557,
  "seconds_remaining": 47.6,
  "indicator_snapshot": {
    "atr": {
      "atr": 37.38,
      "passes": true,
      "reason": "ok",
      "candle_ts": 1782389340000
    },
    "trade_context": {
      "model_probability": 0.8656743429882183,
      "model_probability_raw": 0.8656743429882183,
      "edge": 0.05567434298821827,
      "market_price_up": 0.81,
      "market_price_down": 0.2,
      "btc_price": 61173.28,
      "strike_price": 61148.7774541026,
      "seconds_remaining": 47.555982,
      "atr": 37.38,
      "atr_rolling_20": 40.204,
      "atr_long_term_mean": 30.2763,
      "flow_score": 0.1118,
      "spot_flow_signal": 0.08018676572897693,
      "prev_resolution_margin": -73.2384601511294,
      "regime_autocorr": -0.0067,
      "regime_direction": -1.0,
      "closes_tail": [
        61262.0,
        61267.99
      ],
      "entry_phase": "late",
      "flip_count": 1,
      "is_flip": true,
      "coinbase_cvd_60s": 1.3725,
      "coinbase_taker_60s": 0.6264,
      "coinbase_taker_n": 317,
      "cross_venue_gap": -94.71,
      "fast_realized_vol_60s": 6e-05,
      "clob_depth_top5_up_usd": 11097.15,
      "clob_depth_top5_down_usd": 15201.41,
      "clob_book_age_s": 0.052,
      "size": 11.25,
      "depth_usd_top20": 677492.2123975998,
      "adverse_rate_at_30s": 0.5789473684210527,
      "adverse_kelly_mult": 0.807,
      "token_id_up": "48598283142915712499415660043239826919536678952094593193046127517726462701715",
      "token_id_down": "17252020218750784152724631666816927686997370225171279513234691033396931150068"
    }
  },
  "recorded_at": 1782389352.9685774,
  "resolved": true,
  "ghost_correct": false,
  "ghost_gain_pct": -1.0,
  "resolved_at": 1782389865.8582945,
  "timestamp": "2026-06-25T12:17:45.858306+00:00"
}