{
  "market_id": "btc-updown-5m-1781966700",
  "side": "Up",
  "gate_name": "flip_insufficient_edge",
  "signal_prob": 0.7814,
  "signal_edge": 0.0514,
  "seconds_remaining": 265.7,
  "indicator_snapshot": {
    "trade_context": {
      "model_probability": 0.781387312654571,
      "model_probability_raw": 0.781387312654571,
      "edge": 0.05138731265457097,
      "market_price_up": 0.73,
      "market_price_down": 0.28,
      "btc_price": 63492.0,
      "strike_price": 63451.70062595532,
      "seconds_remaining": 265.698342,
      "atr": 42.05,
      "atr_rolling_20": 24.533,
      "atr_long_term_mean": 22.6947,
      "flow_score": -0.0622,
      "spot_flow_signal": 0.169309923540819,
      "prev_resolution_margin": 34.95006764957361,
      "regime_autocorr": -0.0987,
      "regime_direction": -1.0,
      "closes_tail": [
        63508.0,
        63545.76
      ],
      "entry_phase": "normal",
      "flip_count": 1,
      "is_flip": true,
      "coinbase_cvd_60s": 4.8083,
      "coinbase_taker_60s": 0.7507,
      "coinbase_taker_n": 444,
      "cross_venue_gap": -55.53,
      "fast_realized_vol_60s": 9.8e-05,
      "clob_depth_top5_up_usd": 24370.46,
      "clob_depth_top5_down_usd": 22771.36,
      "clob_book_age_s": 0.005
    }
  },
  "recorded_at": 1781966734.5638819,
  "resolved": true,
  "ghost_correct": true,
  "ghost_gain_pct": 0.2798,
  "resolved_at": 1781967383.2161887,
  "timestamp": "2026-06-20T14:56:23.216198+00:00"
}