{
  "market_id": "btc-updown-5m-1782775800",
  "side": "Down",
  "gate_name": "edge_cap",
  "signal_prob": 0.7047,
  "signal_edge": 0.2147,
  "seconds_remaining": 299.9,
  "indicator_snapshot": {
    "trade_context": {
      "model_probability": 0.7046605038134879,
      "model_probability_raw": 0.7046605038134879,
      "edge": 0.2146605038134879,
      "market_price_up": 0.52,
      "market_price_down": 0.49,
      "btc_price": 60135.31,
      "strike_price": 60146.38717987579,
      "seconds_remaining": 299.897436,
      "atr": 19.34,
      "atr_rolling_20": 17.4925,
      "atr_long_term_mean": 22.279291,
      "flow_score": -0.4297,
      "spot_flow_signal": 0.145858063427125,
      "prev_resolution_margin": -73.44747389930853,
      "regime_autocorr": -0.2815,
      "regime_direction": -1.0,
      "closes_tail": [
        60234.0,
        60232.01
      ],
      "entry_phase": "normal",
      "flip_count": 0,
      "is_flip": false,
      "coinbase_cvd_60s": 0.7978,
      "coinbase_taker_60s": 0.8034,
      "coinbase_taker_n": 304,
      "cross_venue_gap": -96.69,
      "fast_realized_vol_60s": 1.7e-05,
      "clob_depth_top5_up_usd": 31468.31,
      "clob_depth_top5_down_usd": 31840.61,
      "clob_book_age_s": 0.009
    }
  },
  "recorded_at": 1782775800.867627,
  "resolved": true,
  "ghost_correct": false,
  "ghost_gain_pct": -1.0,
  "resolved_at": 1782776708.8726804,
  "timestamp": "2026-06-29T23:45:08.872701+00:00"
}