{
  "market_id": "btc-updown-5m-1779911100",
  "side": "Up",
  "gate_name": "edge_cap",
  "signal_prob": 0.7654,
  "signal_edge": 0.2054,
  "seconds_remaining": 293.8,
  "indicator_snapshot": {
    "trade_context": {
      "model_probability_raw": 0.76544431804997,
      "market_price_up": 0.56,
      "market_price_down": 0.45,
      "btc_price": 74878.0,
      "strike_price": 74857.91312893695,
      "seconds_remaining": 293.795037,
      "atr": 30.14,
      "flow_score": 0.3224,
      "spot_flow_signal": 0.6629791340052553,
      "liquidation_pressure": 0.0,
      "prev_resolution_margin": 98.5516837601026,
      "regime_autocorr": -0.0955,
      "regime_direction": 0.0,
      "closes_tail": [
        75012.27,
        75012.27
      ]
    }
  },
  "recorded_at": 1779911106.4954345,
  "resolved": true,
  "ghost_correct": false,
  "ghost_gain_pct": -1.0,
  "resolved_at": 1779911983.5346975,
  "timestamp": "2026-05-27T19:59:43.534707+00:00"
}