{
  "market_id": "btc-updown-5m-1777198200",
  "side": "Up",
  "gate_name": "pre_submit_edge_drift",
  "signal_prob": 0.6211,
  "signal_edge": 0.0611,
  "seconds_remaining": 42.3,
  "indicator_snapshot": {
    "rsi": {
      "rsi": 100.0,
      "score": -1.0,
      "norm_score": -0.01723381742248688
    },
    "macd": {
      "macd": 15.33,
      "signal": 16.4327,
      "histogram": -1.1027,
      "score": -0.07,
      "norm_score": -0.8864952080614531
    },
    "stochastic": {
      "k": 50.0,
      "d": 50.0,
      "score": -0.0,
      "norm_score": 0.017238800761463283
    },
    "ema": {
      "trend": "bullish",
      "fast_ema": 78055.20296650552,
      "slow_ema": 78046.78108365758
    },
    "obv": {
      "obv_slope": 0.0,
      "price_slope": 0.0,
      "score": 0.0,
      "norm_score": -3.940221437030377e-11
    },
    "vwap": {
      "vwap": 78052.32,
      "deviation": 0.1094,
      "score": -0.0328,
      "norm_score": 0.016231408629706484
    },
    "atr": {
      "atr": 6.6,
      "passes": true,
      "reason": "ok"
    },
    "weights": {
      "rsi": 0.2,
      "macd": 0.25,
      "stochastic": 0.2,
      "obv": 0.15,
      "vwap": 0.2,
      "entry_threshold": 0.6
    },
    "trade_context": {
      "btc_price": 78061.49,
      "strike_price": 78053.83736,
      "seconds_remaining": 42.31087,
      "market_price_up": 0.56,
      "market_price_down": 0.43,
      "model_probability_raw": 0.6210633858766339,
      "model_probability": 0.6210633858766339,
      "edge": 0.06106338587663385,
      "momentum_score": -0.21837652362753704,
      "atr": 6.6,
      "size": 13.78,
      "flow_score": -0.0394,
      "flow_book_imbalance": 0.0617,
      "flow_trade_count": 200,
      "spot_flow_signal": -0.48859643631230737,
      "wall_pressure": 0.0,
      "iv_ratio": 2.0,
      "prev_resolution_margin": -5.432699999990291,
      "bybit_perp_price": 78000.1,
      "funding_rate": 1.089e-05,
      "depth_usd_top20": 280316.90863859997,
      "entry_phase": "late",
      "flip_count": 1,
      "is_flip": true,
      "cvd_120s": 0.0,
      "taker_ratio_60s": 0.5,
      "volume_surge": false,
      "liquidation_pressure": -0.003766803057063895,
      "gex_signal": 1.0,
      "gex_regime": "stabilizing",
      "cvd_acceleration": 0.0,
      "clob_velocity_up": 0.11956222606664173,
      "clob_velocity_down": -0.11956222606664159,
      "coinbase_btc": 78061.49,
      "regime_state": "volatile",
      "regime_kelly_mult": 0.7,
      "regime_autocorr": -0.0055,
      "sprt_confidence": 0.0,
      "sprt_status": "SKIP",
      "signal_consensus": 0.6,
      "adverse_selection_30s": 0.5294117647058824,
      "alpha_decay_rate": 0.0017902667028421699,
      "garch_vol_ratio": 2.0,
      "crowd_bias": {
        "flb": 0.0,
        "recency_fade": 0.0,
        "round_number_dampening": 0.96,
        "composite_logit_adjustment": 0.0
      },
      "oracle_divergence": 4.271471435480635,
      "edge_realization_ratio": 1.0
    }
  },
  "recorded_at": 1777198458.0972202,
  "resolved": true,
  "ghost_correct": true,
  "ghost_gain_pct": 0.61,
  "resolved_at": 1777198530.2408512,
  "timestamp": "2026-04-26T10:15:30.240896+00:00"
}